t_ms,PWM,Presion_kPa
10,0,-0.019
20,0,-0.012
30,0,-0.006
40,0,-0.019
50,0,-0.019
60,0,0.000
70,0,-0.012
80,0,-0.006
90,0,-0.019
100,0,-0.006
110,0,-0.006
120,0,-0.012
130,0,0.000
140,0,-0.006
150,0,-0.012
160,0,0.013
170,0,-0.006
180,0,-0.006
190,0,-0.012
200,0,-0.006
210,0,-0.006
220,0,-0.006
230,0,-0.012
240,0,-0.006
250,0,0.000
260,0,-0.006
270,0,-0.006
280,0,-0.012
290,0,-0.006
300,0,-0.012
310,0,-0.019
320,0,-0.006
330,0,-0.012
340,0,-0.012
350,0,-0.006
360,0,-0.006
370,0,0.000
380,0,-0.006
390,0,-0.006
400,0,-0.006
410,0,-0.006
420,0,0.006
430,0,-0.012
440,0,-0.006
450,0,-0.006
460,0,-0.012
470,0,-0.012
480,0,-0.006
490,0,0.013
500,0,-0.012
510,0,-0.006
520,0,-0.006
530,0,-0.012
540,0,-0.006
550,0,-0.006
560,0,-0.006
570,0,-0.012
580,0,0.000
590,0,-0.006
600,0,-0.006
610,0,-0.012
620,0,-0.012
630,0,-0.006
640,0,-0.006
650,0,-0.012
660,0,-0.012
670,0,-0.012
680,0,-0.012
690,0,-0.006
700,0,-0.012
710,0,-0.012
720,0,-0.012
730,0,-0.012
740,0,-0.012
750,0,-0.012
760,0,-0.012
770,0,-0.012
780,0,-0.012
790,0,-0.012
800,0,-0.006
810,0,-0.012
820,0,0.000
830,0,-0.006
840,0,-0.006
850,0,-0.006
860,0,-0.012
870,0,-0.012
880,0,-0.019
890,0,-0.012
900,0,-0.012
910,0,-0.012
920,0,-0.006
930,0,-0.012
940,0,-0.006
950,0,-0.012
960,0,-0.006
970,0,-0.012
980,0,-0.006
990,0,-0.006
1000,0,-0.012
1010,0,0.000
1020,0,-0.006
1030,0,-0.006
1040,0,-0.012
1050,0,-0.012
1060,0,0.000
1070,0,-0.012
1080,0,-0.012
1090,0,-0.019
1100,0,-0.019
1110,0,-0.006
1120,0,-0.012
1130,0,-0.006
1140,0,-0.012
1150,0,-0.019
1160,0,0.000
1170,0,-0.012
1180,0,-0.006
1190,0,-0.012
1200,0,-0.006
1210,0,-0.006
1220,0,-0.012
1230,0,-0.006
1240,0,-0.006
1250,0,-0.012
1260,0,-0.012
1270,0,-0.012
1280,0,-0.012
1290,0,-0.006
1300,0,-0.019
1310,0,-0.012
1320,0,-0.012
1330,0,-0.012
1340,0,-0.006
1350,0,-0.012
1360,0,-0.012
1370,0,-0.019
1380,0,-0.006
1390,0,-0.006
1400,0,-0.012
1410,0,-0.019
1420,0,-0.012
1430,0,-0.025
1440,0,-0.012
1450,0,-0.012
1460,0,-0.012
1470,0,-0.006
1480,0,-0.006
1490,0,-0.006
1500,0,-0.006
1510,0,-0.012
1520,0,-0.006
1530,0,-0.012
1540,0,-0.012
1550,0,-0.012
1560,0,-0.006
1570,0,0.000
1580,0,-0.012
1590,0,-0.012
1600,0,-0.012
1610,0,-0.019
1620,0,0.000
1630,0,-0.012
1640,0,-0.006
1650,0,-0.019
1660,0,-0.006
1670,0,-0.012
1680,0,-0.012
1690,0,-0.012
1700,0,-0.012
1710,0,-0.012
1720,0,-0.006
1730,0,-0.012
1740,0,-0.019
1750,0,-0.012
1760,0,-0.019
1770,0,-0.012
1780,0,-0.006
1790,0,-0.012
1800,0,-0.019
1810,0,-0.012
1820,0,-0.012
1830,0,-0.012
1840,0,-0.025
1850,0,-0.025
1860,0,-0.019
1870,0,-0.025
1880,0,-0.019
1890,0,-0.012
1900,0,-0.019
1910,0,-0.019
1920,0,-0.012
1930,0,-0.019
1940,0,-0.019
1950,0,-0.031
1960,0,-0.019
1970,0,-0.025
1980,0,-0.019
1990,0,-0.012
2000,0,-0.019
2010,0,-0.019
2020,0,-0.025
2030,0,-0.019
2040,0,-0.025
2050,0,-0.025
2060,0,-0.025
2070,0,-0.031
2080,0,-0.019
2090,0,-0.019
2100,0,-0.025
2110,0,-0.019
2120,0,-0.025
2130,0,-0.019
2140,0,-0.019
2150,0,-0.025
2160,0,-0.006
2170,0,-0.019
2180,0,-0.019
2190,0,-0.019
2200,0,-0.019
2210,0,-0.025
2220,0,-0.025
2230,0,-0.019
2240,0,-0.019
2250,0,-0.025
2260,0,-0.019
2270,0,-0.019
2280,0,-0.019
2290,0,-0.019
2300,0,-0.019
2310,0,-0.019
2320,0,-0.019
2330,0,-0.025
2340,0,-0.025
2350,0,-0.019
2360,0,-0.012
2370,0,-0.019
2380,0,-0.019
2390,0,-0.019
2400,0,-0.025
2410,0,-0.019
2420,0,-0.019
2430,0,-0.025
2440,0,-0.019
2450,0,-0.019
2460,0,-0.019
2470,0,-0.019
2480,0,-0.019
2490,0,-0.012
2500,0,-0.025
2510,0,-0.019
2520,0,-0.019
2530,0,-0.019
2540,0,-0.019
2550,0,-0.019
2560,0,-0.019
2570,0,-0.025
2580,0,-0.025
2590,0,-0.019
2600,0,-0.025
2610,0,-0.012
2620,0,-0.019
2630,0,-0.025
2640,0,-0.019
2650,0,-0.019
2660,0,-0.019
2670,0,-0.019
2680,0,-0.025
2690,0,-0.019
2700,0,-0.019
2710,0,-0.019
2720,0,-0.019
2730,0,-0.019
2740,0,-0.019
2750,0,-0.019
2760,0,-0.019
2770,0,-0.019
2780,0,-0.019
2790,0,-0.019
2800,0,-0.019
2810,0,-0.019
2820,0,-0.025
2830,0,-0.025
2840,0,-0.019
2850,0,-0.025
2860,0,-0.019
2870,0,-0.019
2880,0,-0.012
2890,0,-0.012
2900,0,-0.012
2910,0,-0.012
2920,0,-0.019
2930,0,-0.025
2940,0,-0.025
2950,0,-0.019
2960,0,-0.025
2970,0,-0.025
2980,0,-0.019
2990,0,-0.019
3000,0,-0.019
3010,0,-0.012
3020,0,-0.019
3030,0,-0.019
3040,0,-0.019
3050,0,-0.019
3060,0,-0.019
3070,0,-0.019
3080,0,-0.012
3090,0,-0.012
3100,0,-0.012
3110,0,-0.012
3120,0,-0.012
3130,0,-0.012
3140,0,-0.012
3150,0,-0.019
3160,0,0.000
3170,0,-0.012
3180,0,-0.012
3190,0,-0.019
3200,0,-0.019
3210,0,-0.012
3220,0,-0.019
3230,0,-0.019
3240,0,-0.019
3250,0,-0.019
3260,0,-0.019
3270,0,-0.019
3280,0,-0.019
3290,0,-0.019
3300,0,-0.019
3310,0,-0.025
3320,0,-0.019
3330,0,-0.012
3340,0,-0.025
3350,0,-0.019
3360,0,-0.012
3370,0,-0.019
3380,0,-0.019
3390,0,-0.019
3400,0,-0.019
3410,0,-0.019
3420,0,-0.012
3430,0,-0.019
3440,0,-0.012
3450,0,-0.019
3460,0,-0.019
3470,0,-0.019
3480,0,-0.012
3490,0,-0.006
3500,0,-0.025
3510,0,-0.019
3520,0,-0.025
3530,0,-0.019
3540,0,-0.019
3550,0,-0.019
3560,0,-0.019
3570,0,-0.019
3580,0,-0.019
3590,0,-0.019
3600,0,-0.019
3610,0,-0.019
3620,0,-0.019
3630,0,-0.019
3640,0,-0.019
3650,0,-0.019
3660,0,-0.019
3670,0,-0.012
3680,0,-0.019
3690,0,-0.019
3700,0,-0.019
3710,0,-0.019
3720,0,-0.019
3730,0,-0.019
3740,0,-0.019
3750,0,-0.019
3760,0,-0.019
3770,0,-0.019
3780,0,-0.019
3790,0,-0.012
3800,0,-0.012
3810,0,-0.019
3820,0,-0.025
3830,0,-0.019
3840,0,-0.019
3850,0,-0.019
3860,0,-0.025
3870,0,-0.019
3880,0,-0.019
3890,0,-0.019
3900,0,-0.019
3910,0,-0.019
3920,0,-0.019
3930,0,-0.025
3940,0,-0.019
3950,0,-0.019
3960,0,-0.025
3970,0,-0.025
3980,0,-0.019
3990,0,-0.019
4000,0,-0.019
4010,0,-0.019
4020,0,-0.019
4030,0,-0.019
4040,0,-0.019
4050,0,-0.025
4060,0,-0.019
4070,0,-0.019
4080,0,-0.019
4090,0,-0.031
4100,0,-0.025
4110,0,-0.019
4120,0,-0.025
4130,0,-0.019
4140,0,-0.025
4150,0,-0.019
4160,0,-0.006
4170,0,-0.019
4180,0,-0.025
4190,0,-0.031
4200,0,-0.025
4210,0,-0.025
4220,0,-0.025
4230,0,-0.025
4240,0,-0.025
4250,0,-0.025
4260,0,-0.025
4270,0,-0.025
4280,0,-0.031
4290,0,-0.031
4300,0,-0.031
4310,0,-0.031
4320,0,-0.025
4330,0,-0.025
4340,0,-0.025
4350,0,-0.031
4360,0,-0.031
4370,0,-0.025
4380,0,-0.031
4390,0,-0.025
4400,0,-0.031
4410,0,-0.031
4420,0,-0.025
4430,0,-0.025
4440,0,-0.025
4450,0,-0.019
4460,0,-0.025
4470,0,-0.025
4480,0,-0.025
4490,0,-0.012
4500,0,-0.025
4510,0,-0.025
4520,0,-0.019
4530,0,-0.025
4540,0,-0.025
4550,0,-0.025
4560,0,-0.025
4570,0,-0.025
4580,0,-0.025
4590,0,-0.025
4600,0,-0.025
4610,0,-0.019
4620,0,-0.019
4630,0,-0.025
4640,0,-0.025
4650,0,-0.019
4660,0,-0.019
4670,0,-0.031
4680,0,-0.025
4690,0,-0.019
4700,0,-0.025
4710,0,-0.019
4720,0,-0.019
4730,0,-0.019
4740,0,-0.019
4750,0,-0.019
4760,0,-0.025
4770,0,-0.019
4780,0,-0.019
4790,0,-0.019
4800,0,-0.025
4810,0,-0.019
4820,0,-0.019
4830,0,-0.019
4840,0,-0.025
4850,0,-0.019
4860,0,-0.019
4870,0,-0.019
4880,0,-0.019
4890,0,-0.019
4900,0,-0.019
4910,0,-0.025
4920,0,-0.019
4930,0,-0.019
4940,0,-0.025
4950,0,-0.025
4960,0,-0.025
4970,0,-0.019
4980,0,-0.019
4990,0,-0.025
5000,0,-0.019
5010,0,-0.025
5020,0,-0.025
5030,0,-0.025
5040,0,-0.025
5050,0,-0.019
5060,0,-0.019
5070,0,-0.019
5080,0,-0.019
5090,0,-0.012
5100,0,-0.019
5110,0,-0.019
5120,0,-0.019
5130,0,-0.025
5140,0,-0.019
5150,0,-0.019
5160,0,-0.012
5170,0,-0.019
5180,0,-0.019
5190,0,-0.025
5200,0,-0.019
5210,0,-0.019
5220,0,-0.025
5230,0,-0.025
5240,0,-0.019
5250,0,-0.019
5260,0,-0.019
5270,0,-0.012
5280,0,-0.012
5290,0,-0.019
5300,0,-0.019
5310,0,-0.031
5320,0,-0.025
5330,0,-0.019
5340,0,-0.012
5350,0,-0.019
5360,0,-0.019
5370,0,-0.025
5380,0,-0.019
5390,0,-0.019
5400,0,-0.025
5410,0,-0.031
5420,0,-0.025
5430,0,-0.025
5440,0,-0.019
5450,0,-0.025
5460,0,-0.019
5470,0,-0.025
5480,0,-0.025
5490,0,-0.012
5500,0,-0.025
5510,0,-0.025
5520,0,-0.019
5530,0,-0.025
5540,0,-0.025
5550,0,-0.031
5560,0,-0.031
5570,0,-0.025
5580,0,-0.025
5590,0,-0.025
5600,0,-0.025
5610,0,-0.025
5620,0,-0.025
5630,0,-0.025
5640,0,-0.025
5650,0,-0.025
5660,0,-0.031
5670,0,-0.025
5680,0,-0.025
5690,0,-0.025
5700,0,-0.025
5710,0,-0.025
5720,0,-0.025
5730,0,-0.019
5740,0,-0.019
5750,0,-0.019
5760,0,-0.031
5770,0,-0.025
5780,0,-0.025
5790,0,-0.025
5800,0,-0.025
5810,0,-0.025
5820,0,-0.025
5830,0,-0.025
5840,0,-0.019
5850,0,-0.025
5860,0,-0.025
5870,0,-0.025
5880,0,-0.025
5890,0,-0.019
5900,0,-0.025
5910,0,-0.025
5920,0,-0.025
5930,0,-0.025
5940,0,-0.019
5950,0,-0.019
5960,0,-0.025
5970,0,-0.025
5980,0,-0.025
5990,0,-0.019
6000,0,-0.025
6010,0,-0.019
6020,0,-0.025
6030,0,-0.025
6040,0,-0.031
6050,0,-0.025
6060,0,-0.025
6070,0,-0.031
6080,0,-0.031
6090,0,-0.025
6100,0,-0.025
6110,0,-0.025
6120,0,-0.025
6130,0,-0.025
6140,0,-0.025
6150,0,-0.031
6160,0,-0.006
6170,0,-0.025
6180,0,-0.031
6190,0,-0.025
6200,0,-0.031
6210,0,-0.031
6220,0,-0.031
6230,0,-0.025
6240,0,-0.025
6250,0,-0.031
6260,0,-0.025
6270,0,-0.025
6280,0,-0.025
6290,0,-0.019
6300,0,-0.031
6310,0,-0.025
6320,0,-0.025
6330,0,-0.019
6340,0,-0.025
6350,0,-0.025
6360,0,-0.025
6370,0,-0.025
6380,0,-0.025
6390,0,-0.025
6400,0,-0.025
6410,0,-0.025
6420,0,-0.025
6430,0,-0.025
6440,0,-0.025
6450,0,-0.025
6460,0,-0.025
6470,0,-0.019
6480,0,-0.025
6490,0,-0.012
6500,0,-0.037
6510,0,-0.044
6520,0,-0.037
6530,0,-0.044
6540,0,-0.050
6550,0,-0.037
6560,0,-0.044
6570,0,-0.044
6580,0,-0.044
6590,0,-0.044
6600,0,-0.037
6610,0,-0.037
6620,0,-0.037
6630,0,-0.037
6640,0,-0.031
6650,0,-0.031
6660,0,-0.044
6670,0,-0.037
6680,0,-0.044
6690,0,-0.044
6700,0,-0.037
6710,0,-0.037
6720,0,-0.044
6730,0,-0.037
6740,0,-0.044
6750,0,-0.050
6760,0,-0.050
6770,0,-0.056
6780,0,-0.050
6790,0,-0.062
6800,0,-0.062
6810,0,-0.050
6820,0,-0.050
6830,0,-0.044
6840,0,-0.025
6850,0,0.038
6860,0,0.006
6870,0,0.044
6880,0,0.006
6890,0,-0.056
6900,0,-0.081
6910,0,0.013
6920,0,0.006
6930,0,0.000
6940,0,-0.006
6950,0,0.000
6960,0,0.000
6970,0,0.000
6980,0,0.000
6990,0,0.000
7000,0,0.000
7010,5,-0.006
7020,5,0.000
7030,5,0.000
7040,5,-0.006
7050,5,-0.006
7060,5,-0.006
7070,5,-0.006
7080,5,-0.006
7090,5,-0.006
7100,5,-0.012
7110,5,-0.012
7120,5,-0.019
7130,5,-0.012
7140,5,-0.012
7150,5,-0.019
7160,5,0.000
7170,5,-0.019
7180,5,-0.019
7190,5,-0.019
7200,5,-0.012
7210,5,-0.019
7220,5,-0.019
7230,5,-0.019
7240,5,-0.012
7250,5,-0.012
7260,5,-0.012
7270,5,-0.012
7280,5,-0.012
7290,5,-0.006
7300,5,0.006
7310,5,0.000
7320,5,0.006
7330,5,0.019
7340,5,0.031
7350,5,0.044
7360,5,0.056
7370,5,0.050
7380,5,0.050
7390,5,0.050
7400,5,0.038
7410,5,0.038
7420,5,0.038
7430,5,0.038
7440,5,0.031
7450,5,0.025
7460,5,0.031
7470,5,0.031
7480,5,0.031
7490,5,0.050
7500,5,0.031
7510,5,0.031
7520,5,0.031
7530,5,0.025
7540,5,0.019
7550,5,0.013
7560,5,0.013
7570,5,0.013
7580,5,0.019
7590,5,0.013
7600,5,0.013
7610,5,0.019
7620,5,0.000
7630,5,0.006
7640,5,0.013
7650,5,0.019
7660,5,0.013
7670,5,0.013
7680,5,0.006
7690,5,0.013
7700,5,0.006
7710,5,0.000
7720,5,0.006
7730,5,0.006
7740,5,0.006
7750,5,0.013
7760,5,0.006
7770,5,0.000
7780,5,0.000
7790,5,0.000
7800,5,0.006
7810,5,0.006
7820,5,0.000
7830,5,0.000
7840,5,0.000
7850,5,0.000
7860,5,0.000
7870,5,0.006
7880,5,0.000
7890,5,0.000
7900,5,-0.006
7910,5,-0.006
7920,5,-0.006
7930,5,-0.006
7940,5,-0.006
7950,5,-0.006
7960,5,0.000
7970,5,0.013
7980,5,-0.006
7990,5,-0.012
8000,5,-0.006
8010,5,-0.012
8020,5,-0.006
8030,5,-0.012
8040,5,-0.006
8050,5,-0.006
8060,5,0.000
8070,5,0.000
8080,5,-0.012
8090,5,-0.012
8100,5,-0.019
8110,5,-0.012
8120,5,-0.012
8130,5,-0.019
8140,5,-0.019
8150,5,-0.025
8160,5,-0.019
8170,5,-0.031
8180,5,-0.025
8190,5,-0.031
8200,5,-0.031
8210,5,-0.025
8220,5,-0.025
8230,5,-0.031
8240,5,-0.031
8250,5,-0.025
8260,5,-0.025
8270,5,0.000
8280,5,0.019
8290,5,0.031
8300,5,0.031
8310,5,0.019
8320,5,0.019
8330,5,0.013
8340,5,0.006
8350,5,0.013
8360,5,0.013
8370,5,0.019
8380,5,0.019
8390,5,-0.012
8400,5,-0.019
8410,5,0.006
8420,5,0.025
8430,5,0.038
8440,5,0.106
8450,5,0.194
8460,5,0.100
8470,5,-0.131
8480,5,-0.094
8490,5,-0.087
8500,5,-0.119
8510,5,-0.006
8520,5,-0.025
8530,5,0.056
8540,5,0.125
8550,5,0.044
8560,5,0.038
8570,5,0.013
8580,5,-0.069
8590,5,-0.069
8600,5,-0.056
8610,5,-0.056
8620,5,-0.050
8630,5,-0.044
8640,5,-0.012
8650,5,-0.031
8660,5,-0.037
8670,5,-0.031
8680,5,-0.037
8690,5,-0.037
8700,5,-0.044
8710,5,-0.075
8720,5,-0.087
8730,5,-0.087
8740,5,-0.069
8750,5,-0.031
8760,5,-0.012
8770,5,-0.012
8780,5,-0.025
8790,5,-0.031
8800,5,-0.037
8810,5,-0.019
8820,5,0.025
8830,5,0.056
8840,5,0.063
8850,5,0.031
8860,5,-0.025
8870,5,-0.044
8880,5,-0.081
8890,5,-0.087
8900,5,-0.100
8910,5,0.031
8920,5,-0.050
8930,5,0.006
8940,5,0.231
8950,5,0.319
8960,5,0.219
8970,5,0.194
8980,5,0.181
8990,5,0.163
9000,5,0.163
9010,5,0.156
9020,5,0.156
9030,5,0.144
9040,5,0.188
9050,5,0.244
9060,5,0.113
9070,5,0.094
9080,5,0.069
9090,5,0.069
9100,5,0.094
9110,5,0.050
9120,5,-0.019
9130,5,0.131
9140,5,-0.037
9150,5,-0.044
9160,5,0.013
9170,5,0.175
9180,5,-0.019
9190,5,-0.100
9200,5,0.050
9210,5,-0.050
9220,5,0.013
9230,5,-0.031
9240,5,0.044
9250,5,0.188
9260,5,0.250
9270,5,0.094
9280,5,0.081
9290,5,0.081
9300,5,0.131
9310,5,-0.031
9320,5,-0.069
9330,5,-0.044
9340,5,-0.081
9350,5,-0.087
9360,5,-0.075
9370,5,-0.056
9380,5,-0.050
9390,5,-0.050
9400,5,-0.050
9410,5,-0.050
9420,5,-0.037
9430,5,-0.037
9440,5,-0.044
9450,5,-0.031
9460,5,-0.025
9470,5,-0.025
9480,5,-0.031
9490,5,-0.031
9500,5,-0.044
9510,5,-0.056
9520,5,-0.050
9530,5,-0.050
9540,5,-0.050
9550,5,-0.056
9560,5,-0.056
9570,5,-0.056
9580,5,-0.062
9590,5,-0.069
9600,5,-0.062
9610,5,-0.069
9620,5,-0.062
9630,5,-0.062
9640,5,-0.056
9650,5,-0.062
9660,5,-0.062
9670,5,-0.069
9680,5,-0.062
9690,5,-0.062
9700,5,-0.062
9710,5,-0.056
9720,5,-0.062
9730,5,-0.056
9740,5,-0.056
9750,5,-0.056
9760,5,-0.056
9770,5,-0.056
9780,5,-0.056
9790,5,-0.050
9800,5,-0.044
9810,5,-0.044
9820,5,-0.050
9830,5,-0.044
9840,5,-0.044
9850,5,-0.044
9860,5,-0.044
9870,5,-0.044
9880,5,-0.037
9890,5,-0.044
9900,5,-0.037
9910,5,-0.037
9920,5,-0.031
9930,5,-0.037
9940,5,-0.031
9950,5,-0.037
9960,5,-0.044
9970,5,-0.037
9980,5,-0.037
9990,5,-0.031
10000,5,-0.037
10010,5,-0.037
10020,5,-0.031
10030,5,-0.031
10040,5,-0.031
10050,5,-0.031
10060,5,-0.025
10070,5,-0.025
10080,5,-0.025
10090,5,-0.025
10100,5,-0.025
10110,5,-0.019
10120,5,-0.025
10130,5,-0.025
10140,5,-0.019
10150,5,-0.025
10160,5,0.000
10170,5,-0.019
10180,5,-0.019
10190,5,-0.019
10200,5,-0.019
10210,5,-0.025
10220,5,-0.019
10230,5,-0.012
10240,5,-0.025
10250,5,-0.025
10260,5,-0.025
10270,5,-0.019
10280,5,-0.019
10290,5,-0.019
10300,5,-0.025
10310,5,-0.025
10320,5,-0.031
10330,5,-0.019
10340,5,-0.025
10350,5,-0.025
10360,5,-0.025
10370,5,-0.019
10380,5,-0.025
10390,5,-0.025
10400,5,-0.031
10410,5,-0.025
10420,5,-0.019
10430,5,-0.031
10440,5,-0.031
10450,5,-0.019
10460,5,-0.025
10470,5,-0.025
10480,5,-0.031
10490,5,-0.012
10500,5,-0.025
10510,5,-0.025
10520,5,-0.025
10530,5,-0.025
10540,5,-0.025
10550,5,-0.031
10560,5,-0.025
10570,5,-0.019
10580,5,-0.031
10590,5,-0.025
10600,5,-0.019
10610,5,-0.019
10620,5,-0.031
10630,5,-0.025
10640,5,-0.025
10650,5,-0.031
10660,5,-0.037
10670,5,-0.031
10680,5,-0.031
10690,5,-0.031
10700,5,-0.031
10710,5,-0.025
10720,5,-0.025
10730,5,-0.025
10740,5,-0.031
10750,5,-0.031
10760,5,-0.031
10770,5,-0.031
10780,5,-0.031
10790,5,-0.031
10800,5,-0.031
10810,5,-0.031
10820,5,-0.031
10830,5,-0.025
10840,5,-0.025
10850,5,-0.025
10860,5,-0.025
10870,5,-0.031
10880,5,-0.025
10890,5,-0.031
10900,5,-0.031
10910,5,-0.031
10920,5,-0.031
10930,5,-0.031
10940,5,-0.031
10950,5,-0.031
10960,5,-0.031
10970,5,-0.037
10980,5,-0.025
10990,5,-0.025
11000,5,-0.031
11010,5,-0.025
11020,5,-0.025
11030,5,-0.025
11040,5,-0.025
11050,5,-0.031
11060,5,-0.025
11070,5,-0.025
11080,5,-0.025
11090,5,-0.025
11100,5,-0.031
11110,5,-0.019
11120,5,-0.025
11130,5,-0.031
11140,5,-0.037
11150,5,-0.031
11160,5,-0.019
11170,5,-0.025
11180,5,-0.025
11190,5,-0.025
11200,5,-0.031
11210,5,-0.025
11220,5,-0.031
11230,5,-0.031
11240,5,-0.031
11250,5,-0.031
11260,5,-0.031
11270,5,-0.031
11280,5,-0.031
11290,5,-0.031
11300,5,-0.037
11310,5,-0.037
11320,5,-0.037
11330,5,-0.037
11340,5,-0.037
11350,5,-0.037
11360,5,-0.037
11370,5,-0.037
11380,5,-0.037
11390,5,-0.031
11400,5,-0.031
11410,5,-0.031
11420,5,-0.037
11430,5,-0.031
11440,5,-0.037
11450,5,-0.031
11460,5,-0.037
11470,5,-0.031
11480,5,-0.037
11490,5,-0.025
11500,5,-0.037
11510,5,-0.037
11520,5,-0.031
11530,5,-0.031
11540,5,-0.031
11550,5,-0.031
11560,5,-0.037
11570,5,-0.037
11580,5,-0.037
11590,5,-0.037
11600,5,-0.031
11610,5,-0.031
11620,5,-0.031
11630,5,-0.037
11640,5,-0.037
11650,5,-0.037
11660,5,-0.037
11670,5,-0.037
11680,5,-0.037
11690,5,-0.037
11700,5,-0.037
11710,5,-0.031
11720,5,-0.037
11730,5,-0.031
11740,5,-0.037
11750,5,-0.031
11760,5,-0.037
11770,5,-0.037
11780,5,-0.037
11790,5,-0.031
11800,5,-0.031
11810,5,-0.025
11820,5,-0.025
11830,5,-0.037
11840,5,-0.031
11850,5,-0.031
11860,5,-0.031
11870,5,-0.031
11880,5,-0.031
11890,5,-0.031
11900,5,-0.031
11910,5,-0.031
11920,5,-0.031
11930,5,-0.037
11940,5,-0.031
11950,5,-0.031
11960,5,-0.031
11970,5,-0.025
11980,5,-0.025
11990,5,-0.031
12000,5,-0.031
12010,10,-0.031
12020,10,-0.037
12030,10,-0.031
12040,10,-0.037
12050,10,-0.044
12060,10,-0.037
12070,10,-0.037
12080,10,-0.037
12090,10,-0.031
12100,10,-0.037
12110,10,-0.031
12120,10,-0.037
12130,10,-0.037
12140,10,-0.037
12150,10,-0.037
12160,10,-0.025
12170,10,-0.044
12180,10,-0.044
12190,10,-0.037
12200,10,-0.037
12210,10,-0.037
12220,10,-0.044
12230,10,-0.044
12240,10,-0.037
12250,10,-0.037
12260,10,-0.037
12270,10,-0.037
12280,10,-0.037
12290,10,-0.031
12300,10,-0.037
12310,10,-0.037
12320,10,-0.037
12330,10,-0.037
12340,10,-0.031
12350,10,-0.037
12360,10,-0.037
12370,10,-0.031
12380,10,-0.037
12390,10,-0.037
12400,10,-0.037
12410,10,-0.037
12420,10,-0.037
12430,10,-0.037
12440,10,-0.037
12450,10,-0.037
12460,10,-0.037
12470,10,-0.037
12480,10,-0.037
12490,10,-0.025
12500,10,-0.031
12510,10,-0.031
12520,10,-0.031
12530,10,-0.031
12540,10,-0.037
12550,10,-0.031
12560,10,-0.031
12570,10,-0.031
12580,10,-0.031
12590,10,-0.037
12600,10,-0.037
12610,10,-0.025
12620,10,-0.031
12630,10,-0.031
12640,10,-0.031
12650,10,-0.037
12660,10,-0.037
12670,10,-0.031
12680,10,-0.031
12690,10,-0.031
12700,10,-0.037
12710,10,-0.031
12720,10,-0.031
12730,10,-0.025
12740,10,-0.031
12750,10,-0.031
12760,10,-0.025
12770,10,-0.025
12780,10,-0.031
12790,10,-0.031
12800,10,-0.031
12810,10,-0.025
12820,10,-0.031
12830,10,-0.031
12840,10,-0.025
12850,10,-0.025
12860,10,-0.025
12870,10,-0.031
12880,10,-0.031
12890,10,-0.025
12900,10,-0.031
12910,10,-0.025
12920,10,-0.031
12930,10,-0.031
12940,10,-0.025
12950,10,-0.012
12960,10,-0.019
12970,10,-0.019
12980,10,-0.019
12990,10,-0.019
13000,10,-0.019
13010,10,-0.019
13020,10,-0.019
13030,10,-0.019
13040,10,-0.019
13050,10,-0.025
13060,10,-0.012
13070,10,-0.019
13080,10,-0.019
13090,10,-0.019
13100,10,-0.012
13110,10,-0.019
13120,10,-0.012
13130,10,-0.025
13140,10,-0.019
13150,10,-0.019
13160,10,0.000
13170,10,-0.019
13180,10,-0.012
13190,10,-0.012
13200,10,-0.019
13210,10,-0.019
13220,10,-0.019
13230,10,-0.012
13240,10,-0.012
13250,10,-0.012
13260,10,-0.006
13270,10,-0.019
13280,10,-0.012
13290,10,-0.012
13300,10,-0.019
13310,10,-0.012
13320,10,-0.012
13330,10,-0.019
13340,10,-0.012
13350,10,-0.012
13360,10,-0.012
13370,10,-0.019
13380,10,-0.019
13390,10,-0.012
13400,10,-0.019
13410,10,-0.019
13420,10,-0.019
13430,10,-0.019
13440,10,-0.019
13450,10,-0.012
13460,10,-0.019
13470,10,-0.019
13480,10,-0.012
13490,10,-0.006
13500,10,-0.025
13510,10,-0.019
13520,10,-0.025
13530,10,-0.019
13540,10,-0.019
13550,10,-0.019
13560,10,-0.019
13570,10,-0.019
13580,10,-0.012
13590,10,-0.012
13600,10,-0.019
13610,10,-0.012
13620,10,-0.012
13630,10,-0.012
13640,10,-0.019
13650,10,-0.012
13660,10,-0.025
13670,10,-0.019
13680,10,-0.019
13690,10,-0.019
13700,10,-0.019
13710,10,-0.019
13720,10,-0.019
13730,10,-0.012
13740,10,-0.012
13750,10,-0.012
13760,10,-0.019
13770,10,-0.025
13780,10,-0.019
13790,10,-0.019
13800,10,-0.025
13810,10,-0.019
13820,10,-0.025
13830,10,-0.025
13840,10,-0.025
13850,10,-0.025
13860,10,-0.019
13870,10,-0.019
13880,10,-0.025
13890,10,-0.019
13900,10,-0.019
13910,10,-0.025
13920,10,-0.019
13930,10,-0.025
13940,10,-0.025
13950,10,-0.025
13960,10,-0.025
13970,10,-0.031
13980,10,-0.025
13990,10,-0.025
14000,10,-0.025
14010,10,-0.025
14020,10,-0.019
14030,10,-0.019
14040,10,-0.025
14050,10,-0.019
14060,10,-0.019
14070,10,-0.019
14080,10,-0.012
14090,10,-0.012
14100,10,-0.019
14110,10,-0.019
14120,10,-0.019
14130,10,-0.019
14140,10,-0.025
14150,10,-0.031
14160,10,-0.006
14170,10,-0.025
14180,10,-0.019
14190,10,-0.019
14200,10,-0.025
14210,10,-0.025
14220,10,-0.025
14230,10,-0.025
14240,10,-0.031
14250,10,-0.025
14260,10,-0.031
14270,10,-0.025
14280,10,-0.031
14290,10,-0.031
14300,10,-0.025
14310,10,-0.025
14320,10,-0.025
14330,10,-0.025
14340,10,-0.031
14350,10,-0.019
14360,10,-0.025
14370,10,-0.019
14380,10,-0.025
14390,10,-0.025
14400,10,-0.031
14410,10,-0.031
14420,10,-0.025
14430,10,-0.025
14440,10,-0.031
14450,10,-0.025
14460,10,-0.025
14470,10,-0.025
14480,10,-0.019
14490,10,-0.012
14500,10,-0.025
14510,10,-0.025
14520,10,-0.025
14530,10,-0.025
14540,10,-0.025
14550,10,-0.025
14560,10,-0.031
14570,10,-0.031
14580,10,-0.025
14590,10,-0.031
14600,10,-0.031
14610,10,-0.031
14620,10,-0.025
14630,10,-0.025
14640,10,-0.025
14650,10,-0.025
14660,10,-0.025
14670,10,-0.031
14680,10,-0.037
14690,10,-0.031
14700,10,-0.025
14710,10,-0.025
14720,10,-0.031
14730,10,-0.025
14740,10,-0.025
14750,10,-0.025
14760,10,-0.031
14770,10,-0.031
14780,10,-0.025
14790,10,-0.025
14800,10,-0.025
14810,10,-0.031
14820,10,-0.031
14830,10,-0.031
14840,10,-0.031
14850,10,-0.031
14860,10,-0.037
14870,10,-0.031
14880,10,-0.031
14890,10,-0.031
14900,10,-0.037
14910,10,-0.037
14920,10,-0.031
14930,10,-0.031
14940,10,-0.037
14950,10,-0.037
14960,10,-0.031
14970,10,-0.031
14980,10,-0.031
14990,10,-0.031
15000,10,-0.031
15010,10,-0.031
15020,10,-0.037
15030,10,-0.037
15040,10,-0.031
15050,10,-0.031
15060,10,-0.037
15070,10,-0.037
15080,10,-0.037
15090,10,-0.031
15100,10,-0.031
15110,10,-0.037
15120,10,-0.037
15130,10,-0.037
15140,10,-0.037
15150,10,-0.037
15160,10,-0.025
15170,10,-0.037
15180,10,-0.044
15190,10,-0.037
15200,10,-0.037
15210,10,-0.044
15220,10,-0.044
15230,10,-0.044
15240,10,-0.044
15250,10,-0.037
15260,10,-0.044
15270,10,-0.044
15280,10,-0.037
15290,10,-0.037
15300,10,-0.050
15310,10,-0.044
15320,10,-0.044
15330,10,-0.044
15340,10,-0.044
15350,10,-0.037
15360,10,-0.037
15370,10,-0.037
15380,10,-0.037
15390,10,-0.037
15400,10,-0.037
15410,10,-0.037
15420,10,-0.037
15430,10,-0.044
15440,10,-0.044
15450,10,-0.044
15460,10,-0.044
15470,10,-0.050
15480,10,-0.050
15490,10,-0.031
15500,10,-0.044
15510,10,-0.050
15520,10,-0.050
15530,10,-0.044
15540,10,-0.050
15550,10,-0.044
15560,10,-0.044
15570,10,-0.050
15580,10,-0.050
15590,10,-0.050
15600,10,-0.056
15610,10,-0.044
15620,10,-0.050
15630,10,-0.050
15640,10,-0.050
15650,10,-0.050
15660,10,-0.050
15670,10,-0.044
15680,10,-0.050
15690,10,-0.056
15700,10,-0.044
15710,10,-0.050
15720,10,-0.050
15730,10,-0.050
15740,10,-0.050
15750,10,-0.050
15760,10,-0.050
15770,10,-0.056
15780,10,-0.050
15790,10,-0.050
15800,10,-0.050
15810,10,-0.050
15820,10,-0.050
15830,10,-0.056
15840,10,-0.056
15850,10,-0.062
15860,10,-0.056
15870,10,-0.050
15880,10,-0.056
15890,10,-0.056
15900,10,-0.056
15910,10,-0.050
15920,10,-0.056
15930,10,-0.056
15940,10,-0.062
15950,10,-0.056
15960,10,-0.062
15970,10,-0.062
15980,10,-0.062
15990,10,-0.062
16000,10,-0.056
16010,10,-0.062
16020,10,-0.056
16030,10,-0.056
16040,10,-0.062
16050,10,-0.062
16060,10,-0.062
16070,10,-0.056
16080,10,-0.062
16090,10,-0.056
16100,10,-0.056
16110,10,-0.056
16120,10,-0.062
16130,10,-0.062
16140,10,-0.062
16150,10,-0.062
16160,10,-0.050
16170,10,-0.069
16180,10,-0.062
16190,10,-0.062
16200,10,-0.062
16210,10,-0.062
16220,10,-0.069
16230,10,-0.069
16240,10,-0.069
16250,10,-0.062
16260,10,-0.069
16270,10,-0.062
16280,10,-0.062
16290,10,-0.069
16300,10,-0.062
16310,10,-0.069
16320,10,-0.069
16330,10,-0.069
16340,10,-0.069
16350,10,-0.069
16360,10,-0.069
16370,10,-0.069
16380,10,-0.075
16390,10,-0.069
16400,10,-0.075
16410,10,-0.075
16420,10,-0.075
16430,10,-0.069
16440,10,-0.075
16450,10,-0.069
16460,10,-0.075
16470,10,-0.069
16480,10,-0.075
16490,10,-0.056
16500,10,-0.069
16510,10,-0.062
16520,10,-0.075
16530,10,-0.062
16540,10,-0.069
16550,10,-0.069
16560,10,-0.069
16570,10,-0.069
16580,10,-0.069
16590,10,-0.075
16600,10,-0.075
16610,10,-0.069
16620,10,-0.075
16630,10,-0.075
16640,10,-0.075
16650,10,-0.069
16660,10,-0.069
16670,10,-0.069
16680,10,-0.075
16690,10,-0.069
16700,10,-0.069
16710,10,-0.069
16720,10,-0.069
16730,10,-0.075
16740,10,-0.069
16750,10,-0.075
16760,10,-0.081
16770,10,-0.075
16780,10,-0.075
16790,10,-0.075
16800,10,-0.075
16810,10,-0.081
16820,10,-0.075
16830,10,-0.075
16840,10,-0.081
16850,10,-0.081
16860,10,-0.075
16870,10,-0.075
16880,10,-0.069
16890,10,-0.069
16900,10,-0.075
16910,10,-0.075
16920,10,-0.075
16930,10,-0.081
16940,10,-0.081
16950,10,-0.075
16960,10,-0.069
16970,10,-0.075
16980,10,-0.075
16990,10,-0.081
17000,10,-0.075
17010,15,-0.075
17020,15,-0.075
17030,15,-0.075
17040,15,-0.081
17050,15,-0.081
17060,15,-0.081
17070,15,-0.075
17080,15,-0.075
17090,15,-0.075
17100,15,-0.081
17110,15,-0.075
17120,15,-0.075
17130,15,-0.081
17140,15,-0.075
17150,15,-0.075
17160,15,-0.069
17170,15,-0.075
17180,15,-0.075
17190,15,-0.075
17200,15,-0.081
17210,15,-0.087
17220,15,-0.075
17230,15,-0.081
17240,15,-0.087
17250,15,-0.087
17260,15,-0.081
17270,15,-0.081
17280,15,-0.081
17290,15,-0.075
17300,15,-0.081
17310,15,-0.087
17320,15,-0.081
17330,15,-0.075
17340,15,-0.075
17350,15,-0.075
17360,15,-0.069
17370,15,-0.075
17380,15,-0.075
17390,15,-0.069
17400,15,-0.087
17410,15,-0.081
17420,15,-0.075
17430,15,-0.081
17440,15,-0.075
17450,15,-0.081
17460,15,-0.081
17470,15,-0.075
17480,15,-0.075
17490,15,-0.069
17500,15,-0.087
17510,15,-0.081
17520,15,-0.081
17530,15,-0.081
17540,15,-0.075
17550,15,-0.081
17560,15,-0.081
17570,15,-0.081
17580,15,-0.081
17590,15,-0.081
17600,15,-0.087
17610,15,-0.081
17620,15,-0.087
17630,15,-0.081
17640,15,-0.081
17650,15,-0.075
17660,15,-0.075
17670,15,-0.075
17680,15,-0.081
17690,15,-0.075
17700,15,-0.081
17710,15,-0.081
17720,15,-0.081
17730,15,-0.075
17740,15,-0.081
17750,15,-0.075
17760,15,-0.081
17770,15,-0.087
17780,15,-0.075
17790,15,-0.081
17800,15,-0.081
17810,15,-0.081
17820,15,-0.075
17830,15,-0.075
17840,15,-0.075
17850,15,-0.081
17860,15,-0.081
17870,15,-0.081
17880,15,-0.081
17890,15,-0.081
17900,15,-0.081
17910,15,-0.081
17920,15,-0.081
17930,15,-0.081
17940,15,-0.081
17950,15,-0.081
17960,15,-0.075
17970,15,-0.081
17980,15,-0.081
17990,15,-0.081
18000,15,-0.075
18010,15,-0.075
18020,15,-0.075
18030,15,-0.081
18040,15,-0.075
18050,15,-0.087
18060,15,-0.081
18070,15,-0.081
18080,15,-0.081
18090,15,-0.087
18100,15,-0.081
18110,15,-0.075
18120,15,-0.081
18130,15,-0.087
18140,15,-0.087
18150,15,-0.081
18160,15,-0.069
18170,15,-0.087
18180,15,-0.087
18190,15,-0.087
18200,15,-0.081
18210,15,-0.087
18220,15,-0.094
18230,15,-0.087
18240,15,-0.087
18250,15,-0.087
18260,15,-0.081
18270,15,-0.081
18280,15,-0.087
18290,15,-0.094
18300,15,-0.087
18310,15,-0.094
18320,15,-0.087
18330,15,-0.087
18340,15,-0.081
18350,15,-0.081
18360,15,-0.081
18370,15,-0.087
18380,15,-0.081
18390,15,-0.087
18400,15,-0.087
18410,15,-0.094
18420,15,-0.087
18430,15,-0.087
18440,15,-0.087
18450,15,-0.081
18460,15,-0.081
18470,15,-0.081
18480,15,-0.081
18490,15,-0.075
18500,15,-0.087
18510,15,-0.087
18520,15,-0.087
18530,15,-0.081
18540,15,-0.087
18550,15,-0.087
18560,15,-0.087
18570,15,-0.087
18580,15,-0.087
18590,15,-0.094
18600,15,-0.094
18610,15,-0.087
18620,15,-0.087
18630,15,-0.087
18640,15,-0.087
18650,15,-0.081
18660,15,-0.087
18670,15,-0.087
18680,15,-0.087
18690,15,-0.087
18700,15,-0.094
18710,15,-0.094
18720,15,-0.087
18730,15,-0.087
18740,15,-0.087
18750,15,-0.087
18760,15,-0.094
18770,15,-0.087
18780,15,-0.087
18790,15,-0.087
18800,15,-0.081
18810,15,-0.087
18820,15,-0.081
18830,15,-0.087
18840,15,-0.094
18850,15,-0.094
18860,15,-0.094
18870,15,-0.094
18880,15,-0.094
18890,15,-0.094
18900,15,-0.087
18910,15,-0.094
18920,15,-0.087
18930,15,-0.087
18940,15,-0.087
18950,15,-0.087
18960,15,-0.094
18970,15,-0.094
18980,15,-0.094
18990,15,-0.094
19000,15,-0.087
19010,15,-0.087
19020,15,-0.094
19030,15,-0.094
19040,15,-0.087
19050,15,-0.087
19060,15,-0.094
19070,15,-0.100
19080,15,-0.087
19090,15,-0.087
19100,15,-0.087
19110,15,-0.087
19120,15,-0.087
19130,15,-0.087
19140,15,-0.087
19150,15,-0.087
19160,15,-0.081
19170,15,-0.094
19180,15,-0.087
19190,15,-0.081
19200,15,-0.087
19210,15,-0.094
19220,15,-0.094
19230,15,-0.100
19240,15,-0.087
19250,15,-0.094
19260,15,-0.087
19270,15,-0.094
19280,15,-0.087
19290,15,-0.087
19300,15,-0.087
19310,15,-0.094
19320,15,-0.087
19330,15,-0.094
19340,15,-0.100
19350,15,-0.094
19360,15,-0.087
19370,15,-0.094
19380,15,-0.094
19390,15,-0.087
19400,15,-0.094
19410,15,-0.094
19420,15,-0.094
19430,15,-0.094
19440,15,-0.094
19450,15,-0.094
19460,15,-0.087
19470,15,-0.087
19480,15,-0.094
19490,15,-0.075
19500,15,-0.094
19510,15,-0.094
19520,15,-0.094
19530,15,-0.087
19540,15,-0.087
19550,15,-0.087
19560,15,-0.087
19570,15,-0.087
19580,15,-0.087
19590,15,-0.094
19600,15,-0.094
19610,15,-0.094
19620,15,-0.100
19630,15,-0.094
19640,15,-0.094
19650,15,-0.094
19660,15,-0.094
19670,15,-0.094
19680,15,-0.100
19690,15,-0.094
19700,15,-0.100
19710,15,-0.100
19720,15,-0.094
19730,15,-0.094
19740,15,-0.094
19750,15,-0.094
19760,15,-0.094
19770,15,-0.094
19780,15,-0.094
19790,15,-0.094
19800,15,-0.100
19810,15,-0.100
19820,15,-0.087
19830,15,-0.094
19840,15,-0.100
19850,15,-0.100
19860,15,-0.094
19870,15,-0.100
19880,15,-0.094
19890,15,-0.100
19900,15,-0.094
19910,15,-0.087
19920,15,-0.100
19930,15,-0.094
19940,15,-0.094
19950,15,-0.100
19960,15,-0.094
19970,15,-0.094
19980,15,-0.094
19990,15,-0.100
20000,15,-0.094
20010,15,-0.094
20020,15,-0.094
20030,15,-0.094
20040,15,-0.094
20050,15,-0.094
20060,15,-0.094
20070,15,-0.100
20080,15,-0.094
20090,15,-0.094
20100,15,-0.094
20110,15,-0.094
20120,15,-0.100
20130,15,-0.094
20140,15,-0.094
20150,15,-0.087
20160,15,-0.081
20170,15,-0.087
20180,15,-0.094
20190,15,-0.094
20200,15,-0.100
20210,15,-0.087
20220,15,-0.094
20230,15,-0.087
20240,15,-0.100
20250,15,-0.094
20260,15,-0.087
20270,15,-0.087
20280,15,-0.087
20290,15,-0.087
20300,15,-0.094
20310,15,-0.094
20320,15,-0.100
20330,15,-0.094
20340,15,-0.100
20350,15,-0.100
20360,15,-0.087
20370,15,-0.094
20380,15,-0.094
20390,15,-0.087
20400,15,-0.094
20410,15,-0.094
20420,15,-0.094
20430,15,-0.094
20440,15,-0.094
20450,15,-0.094
20460,15,-0.094
20470,15,-0.087
20480,15,-0.094
20490,15,-0.081
20500,15,-0.094
20510,15,-0.100
20520,15,-0.100
20530,15,-0.094
20540,15,-0.094
20550,15,-0.094
20560,15,-0.094
20570,15,-0.094
20580,15,-0.094
20590,15,-0.100
20600,15,-0.094
20610,15,-0.094
20620,15,-0.100
20630,15,-0.087
20640,15,-0.094
20650,15,-0.094
20660,15,-0.094
20670,15,-0.094
20680,15,-0.094
20690,15,-0.100
20700,15,-0.094
20710,15,-0.094
20720,15,-0.094
20730,15,-0.094
20740,15,-0.100
20750,15,-0.094
20760,15,-0.100
20770,15,-0.087
20780,15,-0.094
20790,15,-0.100
20800,15,-0.094
20810,15,-0.094
20820,15,-0.087
20830,15,-0.094
20840,15,-0.094
20850,15,-0.094
20860,15,-0.094
20870,15,-0.100
20880,15,-0.094
20890,15,-0.100
20900,15,-0.094
20910,15,-0.094
20920,15,-0.100
20930,15,-0.094
20940,15,-0.094
20950,15,-0.087
20960,15,-0.100
20970,15,-0.094
20980,15,-0.094
20990,15,-0.094
21000,15,-0.094
21010,15,-0.094
21020,15,-0.087
21030,15,-0.094
21040,15,-0.094
21050,15,-0.100
21060,15,-0.094
21070,15,-0.094
21080,15,-0.094
21090,15,-0.094
21100,15,-0.100
21110,15,-0.087
21120,15,-0.094
21130,15,-0.094
21140,15,-0.094
21150,15,-0.094
21160,15,-0.087
21170,15,-0.100
21180,15,-0.094
21190,15,-0.100
21200,15,-0.100
21210,15,-0.094
21220,15,-0.100
21230,15,-0.100
21240,15,-0.100
21250,15,-0.100
21260,15,-0.100
21270,15,-0.094
21280,15,-0.094
21290,15,-0.094
21300,15,-0.100
21310,15,-0.106
21320,15,-0.106
21330,15,-0.100
21340,15,-0.094
21350,15,-0.094
21360,15,-0.100
21370,15,-0.100
21380,15,-0.100
21390,15,-0.100
21400,15,-0.100
21410,15,-0.094
21420,15,-0.094
21430,15,-0.106
21440,15,-0.100
21450,15,-0.100
21460,15,-0.100
21470,15,-0.094
21480,15,-0.094
21490,15,-0.087
21500,15,-0.100
21510,15,-0.100
21520,15,-0.100
21530,15,-0.100
21540,15,-0.094
21550,15,-0.094
21560,15,-0.100
21570,15,-0.106
21580,15,-0.100
21590,15,-0.100
21600,15,-0.100
21610,15,-0.100
21620,15,-0.100
21630,15,-0.100
21640,15,-0.100
21650,15,-0.094
21660,15,-0.100
21670,15,-0.094
21680,15,-0.100
21690,15,-0.094
21700,15,-0.100
21710,15,-0.100
21720,15,-0.094
21730,15,-0.106
21740,15,-0.100
21750,15,-0.100
21760,15,-0.094
21770,15,-0.094
21780,15,-0.100
21790,15,-0.094
21800,15,-0.100
21810,15,-0.094
21820,15,-0.087
21830,15,-0.094
21840,15,-0.094
21850,15,-0.094
21860,15,-0.100
21870,15,-0.094
21880,15,-0.106
21890,15,-0.100
21900,15,-0.087
21910,15,-0.094
21920,15,-0.094
21930,15,-0.094
21940,15,-0.094
21950,15,-0.094
21960,15,-0.094
21970,15,-0.094
21980,15,-0.100
21990,15,-0.100
22000,15,-0.100
22010,20,-0.106
22020,20,-0.094
22030,20,-0.100
22040,20,-0.094
22050,20,-0.094
22060,20,-0.094
22070,20,-0.094
22080,20,-0.094
22090,20,-0.094
22100,20,-0.094
22110,20,-0.094
22120,20,-0.094
22130,20,-0.094
22140,20,-0.094
22150,20,-0.087
22160,20,-0.087
22170,20,-0.094
22180,20,-0.094
22190,20,-0.094
22200,20,-0.087
22210,20,-0.094
22220,20,-0.094
22230,20,-0.094
22240,20,-0.100
22250,20,-0.094
22260,20,-0.100
22270,20,-0.094
22280,20,-0.094
22290,20,-0.087
22300,20,-0.087
22310,20,-0.094
22320,20,-0.087
22330,20,-0.094
22340,20,-0.087
22350,20,-0.087
22360,20,-0.087
22370,20,-0.087
22380,20,-0.087
22390,20,-0.087
22400,20,-0.087
22410,20,-0.094
22420,20,-0.087
22430,20,-0.094
22440,20,-0.094
22450,20,-0.094
22460,20,-0.094
22470,20,-0.094
22480,20,-0.094
22490,20,-0.081
22500,20,-0.081
22510,20,-0.094
22520,20,-0.094
22530,20,-0.094
22540,20,-0.094
22550,20,-0.087
22560,20,-0.087
22570,20,-0.094
22580,20,-0.094
22590,20,-0.087
22600,20,-0.094
22610,20,-0.087
22620,20,-0.094
22630,20,-0.094
22640,20,-0.094
22650,20,-0.094
22660,20,-0.094
22670,20,-0.087
22680,20,-0.094
22690,20,-0.094
22700,20,-0.094
22710,20,-0.094
22720,20,-0.087
22730,20,-0.094
22740,20,-0.100
22750,20,-0.087
22760,20,-0.094
22770,20,-0.087
22780,20,-0.087
22790,20,-0.087
22800,20,-0.094
22810,20,-0.087
22820,20,-0.081
22830,20,-0.087
22840,20,-0.094
22850,20,-0.094
22860,20,-0.100
22870,20,-0.094
22880,20,-0.094
22890,20,-0.094
22900,20,-0.087
22910,20,-0.094
22920,20,-0.094
22930,20,-0.094
22940,20,-0.081
22950,20,-0.087
22960,20,-0.087
22970,20,-0.087
22980,20,-0.100
22990,20,-0.094
23000,20,-0.094
23010,20,-0.094
23020,20,-0.094
23030,20,-0.094
23040,20,-0.094
23050,20,-0.087
23060,20,-0.087
23070,20,-0.094
23080,20,-0.087
23090,20,-0.094
23100,20,-0.094
23110,20,-0.087
23120,20,-0.087
23130,20,-0.081
23140,20,-0.081
23150,20,-0.094
23160,20,-0.087
23170,20,-0.094
23180,20,-0.087
23190,20,-0.087
23200,20,-0.087
23210,20,-0.094
23220,20,-0.087
23230,20,-0.094
23240,20,-0.094
23250,20,-0.087
23260,20,-0.094
23270,20,-0.087
23280,20,-0.087
23290,20,-0.094
23300,20,-0.087
23310,20,-0.094
23320,20,-0.094
23330,20,-0.094
23340,20,-0.087
23350,20,-0.094
23360,20,-0.087
23370,20,-0.094
23380,20,-0.094
23390,20,-0.094
23400,20,-0.094
23410,20,-0.094
23420,20,-0.094
23430,20,-0.094
23440,20,-0.094
23450,20,-0.094
23460,20,-0.100
23470,20,-0.087
23480,20,-0.094
23490,20,-0.075
23500,20,-0.094
23510,20,-0.094
23520,20,-0.094
23530,20,-0.094
23540,20,-0.094
23550,20,-0.094
23560,20,-0.094
23570,20,-0.094
23580,20,-0.094
23590,20,-0.100
23600,20,-0.094
23610,20,-0.094
23620,20,-0.094
23630,20,-0.094
23640,20,-0.094
23650,20,-0.087
23660,20,-0.094
23670,20,-0.087
23680,20,-0.087
23690,20,-0.087
23700,20,-0.087
23710,20,-0.094
23720,20,-0.087
23730,20,-0.094
23740,20,-0.094
23750,20,-0.087
23760,20,-0.087
23770,20,-0.094
23780,20,-0.087
23790,20,-0.094
23800,20,-0.094
23810,20,-0.094
23820,20,-0.075
23830,20,-0.094
23840,20,-0.087
23850,20,-0.087
23860,20,-0.094
23870,20,-0.100
23880,20,-0.094
23890,20,-0.087
23900,20,-0.094
23910,20,-0.094
23920,20,-0.094
23930,20,-0.087
23940,20,-0.094
23950,20,-0.087
23960,20,-0.087
23970,20,-0.094
23980,20,-0.094
23990,20,-0.100
24000,20,-0.087
24010,20,-0.087
24020,20,-0.087
24030,20,-0.087
24040,20,-0.087
24050,20,-0.087
24060,20,-0.094
24070,20,-0.094
24080,20,-0.094
24090,20,-0.100
24100,20,-0.100
24110,20,-0.094
24120,20,-0.087
24130,20,-0.094
24140,20,-0.094
24150,20,-0.087
24160,20,-0.094
24170,20,-0.087
24180,20,-0.094
24190,20,-0.087
24200,20,-0.094
24210,20,-0.094
24220,20,-0.094
24230,20,-0.094
24240,20,-0.094
24250,20,-0.094
24260,20,-0.100
24270,20,-0.094
24280,20,-0.100
24290,20,-0.094
24300,20,-0.094
24310,20,-0.094
24320,20,-0.100
24330,20,-0.094
24340,20,-0.094
24350,20,-0.094
24360,20,-0.087
24370,20,-0.094
24380,20,-0.094
24390,20,-0.094
24400,20,-0.094
24410,20,-0.094
24420,20,-0.094
24430,20,-0.100
24440,20,-0.094
24450,20,-0.094
24460,20,-0.094
24470,20,-0.100
24480,20,-0.100
24490,20,-0.087
24500,20,-0.100
24510,20,-0.094
24520,20,-0.094
24530,20,-0.100
24540,20,-0.100
24550,20,-0.094
24560,20,-0.094
24570,20,-0.094
24580,20,-0.094
24590,20,-0.100
24600,20,-0.094
24610,20,-0.094
24620,20,-0.094
24630,20,-0.100
24640,20,-0.100
24650,20,-0.094
24660,20,-0.094
24670,20,-0.094
24680,20,-0.100
24690,20,-0.094
24700,20,-0.094
24710,20,-0.100
24720,20,-0.094
24730,20,-0.094
24740,20,-0.094
24750,20,-0.087
24760,20,-0.100
24770,20,-0.094
24780,20,-0.087
24790,20,-0.094
24800,20,-0.094
24810,20,-0.094
24820,20,-0.081
24830,20,-0.094
24840,20,-0.100
24850,20,-0.100
24860,20,-0.094
24870,20,-0.100
24880,20,-0.094
24890,20,-0.100
24900,20,-0.106
24910,20,-0.100
24920,20,-0.100
24930,20,-0.100
24940,20,-0.094
24950,20,-0.094
24960,20,-0.094
24970,20,-0.094
24980,20,-0.100
24990,20,-0.100
25000,20,-0.094
25010,20,-0.094
25020,20,-0.094
25030,20,-0.100
25040,20,-0.094
25050,20,-0.087
25060,20,-0.094
25070,20,-0.094
25080,20,-0.094
25090,20,-0.100
25100,20,-0.094
25110,20,-0.100
25120,20,-0.094
25130,20,-0.100
25140,20,-0.094
25150,20,-0.094
25160,20,-0.100
25170,20,-0.100
25180,20,-0.094
25190,20,-0.094
25200,20,-0.100
25210,20,-0.100
25220,20,-0.100
25230,20,-0.100
25240,20,-0.100
25250,20,-0.100
25260,20,-0.100
25270,20,-0.094
25280,20,-0.100
25290,20,-0.094
25300,20,-0.100
25310,20,-0.100
25320,20,-0.094
25330,20,-0.100
25340,20,-0.094
25350,20,-0.100
25360,20,-0.094
25370,20,-0.106
25380,20,-0.094
25390,20,-0.094
25400,20,-0.100
25410,20,-0.094
25420,20,-0.100
25430,20,-0.100
25440,20,-0.094
25450,20,-0.100
25460,20,-0.094
25470,20,-0.100
25480,20,-0.094
25490,20,-0.087
25500,20,-0.094
25510,20,-0.094
25520,20,-0.100
25530,20,-0.100
25540,20,-0.094
25550,20,-0.100
25560,20,-0.087
25570,20,-0.094
25580,20,-0.094
25590,20,-0.087
25600,20,-0.100
25610,20,-0.094
25620,20,-0.100
25630,20,-0.094
25640,20,-0.100
25650,20,-0.094
25660,20,-0.094
25670,20,-0.100
25680,20,-0.100
25690,20,-0.094
25700,20,-0.100
25710,20,-0.094
25720,20,-0.100
25730,20,-0.100
25740,20,-0.100
25750,20,-0.100
25760,20,-0.100
25770,20,-0.094
25780,20,-0.094
25790,20,-0.087
25800,20,-0.087
25810,20,-0.094
25820,20,-0.081
25830,20,-0.094
25840,20,-0.100
25850,20,-0.094
25860,20,-0.100
25870,20,-0.094
25880,20,-0.094
25890,20,-0.100
25900,20,-0.094
25910,20,-0.100
25920,20,-0.094
25930,20,-0.094
25940,20,-0.100
25950,20,-0.094
25960,20,-0.100
25970,20,-0.100
25980,20,-0.100
25990,20,-0.100
26000,20,-0.100
26010,20,-0.100
26020,20,-0.100
26030,20,-0.094
26040,20,-0.094
26050,20,-0.094
26060,20,-0.087
26070,20,-0.087
26080,20,-0.094
26090,20,-0.100
26100,20,-0.100
26110,20,-0.094
26120,20,-0.100
26130,20,-0.100
26140,20,-0.094
26150,20,-0.087
26160,20,-0.094
26170,20,-0.100
26180,20,-0.100
26190,20,-0.100
26200,20,-0.094
26210,20,-0.100
26220,20,-0.094
26230,20,-0.094
26240,20,-0.094
26250,20,-0.106
26260,20,-0.100
26270,20,-0.100
26280,20,-0.100
26290,20,-0.112
26300,20,-0.106
26310,20,-0.100
26320,20,-0.100
26330,20,-0.100
26340,20,-0.106
26350,20,-0.100
26360,20,-0.100
26370,20,-0.100
26380,20,-0.100
26390,20,-0.094
26400,20,-0.100
26410,20,-0.094
26420,20,-0.100
26430,20,-0.100
26440,20,-0.094
26450,20,-0.094
26460,20,-0.100
26470,20,-0.094
26480,20,-0.100
26490,20,-0.081
26500,20,-0.094
26510,20,-0.100
26520,20,-0.094
26530,20,-0.094
26540,20,-0.094
26550,20,-0.094
26560,20,-0.094
26570,20,-0.094
26580,20,-0.094
26590,20,-0.094
26600,20,-0.094
26610,20,-0.094
26620,20,-0.094
26630,20,-0.106
26640,20,-0.100
26650,20,-0.106
26660,20,-0.100
26670,20,-0.100
26680,20,-0.094
26690,20,-0.094
26700,20,-0.100
26710,20,-0.094
26720,20,-0.100
26730,20,-0.100
26740,20,-0.094
26750,20,-0.094
26760,20,-0.100
26770,20,-0.100
26780,20,-0.094
26790,20,-0.094
26800,20,-0.100
26810,20,-0.100
26820,20,-0.087
26830,20,-0.094
26840,20,-0.100
26850,20,-0.094
26860,20,-0.094
26870,20,-0.094
26880,20,-0.094
26890,20,-0.100
26900,20,-0.094
26910,20,-0.106
26920,20,-0.094
26930,20,-0.094
26940,20,-0.100
26950,20,-0.100
26960,20,-0.094
26970,20,-0.094
26980,20,-0.106
26990,20,-0.106
27000,20,-0.094
27010,25,-0.106
27020,25,-0.094
27030,25,-0.094
27040,25,-0.100
27050,25,-0.094
27060,25,-0.100
27070,25,-0.094
27080,25,-0.094
27090,25,-0.094
27100,25,-0.100
27110,25,-0.100
27120,25,-0.100
27130,25,-0.100
27140,25,-0.094
27150,25,-0.094
27160,25,-0.100
27170,25,-0.100
27180,25,-0.100
27190,25,-0.100
27200,25,-0.100
27210,25,-0.094
27220,25,-0.100
27230,25,-0.094
27240,25,-0.100
27250,25,-0.094
27260,25,-0.100
27270,25,-0.100
27280,25,-0.100
27290,25,-0.106
27300,25,-0.100
27310,25,-0.100
27320,25,-0.106
27330,25,-0.100
27340,25,-0.100
27350,25,-0.100
27360,25,-0.100
27370,25,-0.106
27380,25,-0.100
27390,25,-0.100
27400,25,-0.100
27410,25,-0.100
27420,25,-0.094
27430,25,-0.100
27440,25,-0.094
27450,25,-0.094
27460,25,-0.100
27470,25,-0.094
27480,25,-0.100
27490,25,-0.081
27500,25,-0.100
27510,25,-0.100
27520,25,-0.100
27530,25,-0.100
27540,25,-0.100
27550,25,-0.100
27560,25,-0.094
27570,25,-0.106
27580,25,-0.100
27590,25,-0.100
27600,25,-0.094
27610,25,-0.094
27620,25,-0.100
27630,25,-0.100
27640,25,-0.106
27650,25,-0.106
27660,25,-0.112
27670,25,-0.106
27680,25,-0.100
27690,25,-0.094
27700,25,-0.094
27710,25,-0.094
27720,25,-0.100
27730,25,-0.100
27740,25,-0.100
27750,25,-0.100
27760,25,-0.100
27770,25,-0.100
27780,25,-0.094
27790,25,-0.094
27800,25,-0.094
27810,25,-0.100
27820,25,-0.087
27830,25,-0.100
27840,25,-0.100
27850,25,-0.100
27860,25,-0.094
27870,25,-0.094
27880,25,-0.094
27890,25,-0.100
27900,25,-0.094
27910,25,-0.100
27920,25,-0.106
27930,25,-0.100
27940,25,-0.094
27950,25,-0.100
27960,25,-0.100
27970,25,-0.106
27980,25,-0.100
27990,25,-0.100
28000,25,-0.100
28010,25,-0.100
28020,25,-0.094
28030,25,-0.100
28040,25,-0.094
28050,25,-0.094
28060,25,-0.100
28070,25,-0.100
28080,25,-0.094
28090,25,-0.094
28100,25,-0.094
28110,25,-0.094
28120,25,-0.106
28130,25,-0.100
28140,25,-0.100
28150,25,-0.094
28160,25,-0.100
28170,25,-0.100
28180,25,-0.106
28190,25,-0.100
28200,25,-0.100
28210,25,-0.106
28220,25,-0.100
28230,25,-0.106
28240,25,-0.100
28250,25,-0.100
28260,25,-0.094
28270,25,-0.100
28280,25,-0.094
28290,25,-0.106
28300,25,-0.100
28310,25,-0.094
28320,25,-0.100
28330,25,-0.094
28340,25,-0.094
28350,25,-0.100
28360,25,-0.094
28370,25,-0.100
28380,25,-0.094
28390,25,-0.100
28400,25,-0.100
28410,25,-0.100
28420,25,-0.106
28430,25,-0.100
28440,25,-0.094
28450,25,-0.100
28460,25,-0.100
28470,25,-0.100
28480,25,-0.094
28490,25,-0.081
28500,25,-0.094
28510,25,-0.094
28520,25,-0.094
28530,25,-0.100
28540,25,-0.100
28550,25,-0.100
28560,25,-0.100
28570,25,-0.100
28580,25,-0.100
28590,25,-0.100
28600,25,-0.100
28610,25,-0.100
28620,25,-0.100
28630,25,-0.094
28640,25,-0.106
28650,25,-0.106
28660,25,-0.106
28670,25,-0.100
28680,25,-0.106
28690,25,-0.100
28700,25,-0.100
28710,25,-0.100
28720,25,-0.100
28730,25,-0.100
28740,25,-0.100
28750,25,-0.100
28760,25,-0.100
28770,25,-0.094
28780,25,-0.106
28790,25,-0.100
28800,25,-0.100
28810,25,-0.100
28820,25,-0.081
28830,25,-0.106
28840,25,-0.100
28850,25,-0.094
28860,25,-0.100
28870,25,-0.094
28880,25,-0.094
28890,25,-0.100
28900,25,-0.100
28910,25,-0.100
28920,25,-0.094
28930,25,-0.100
28940,25,-0.100
28950,25,-0.100
28960,25,-0.100
28970,25,-0.106
28980,25,-0.100
28990,25,-0.100
29000,25,-0.100
29010,25,-0.100
29020,25,-0.100
29030,25,-0.100
29040,25,-0.100
29050,25,-0.100
29060,25,-0.100
29070,25,-0.094
29080,25,-0.100
29090,25,-0.100
29100,25,-0.100
29110,25,-0.100
29120,25,-0.100
29130,25,-0.100
29140,25,-0.100
29150,25,-0.094
29160,25,-0.094
29170,25,-0.106
29180,25,-0.100
29190,25,-0.094
29200,25,-0.100
29210,25,-0.100
29220,25,-0.094
29230,25,-0.100
29240,25,-0.100
29250,25,-0.094
29260,25,-0.094
29270,25,-0.094
29280,25,-0.100
29290,25,-0.100
29300,25,-0.094
29310,25,-0.094
29320,25,-0.100
29330,25,-0.087
29340,25,-0.100
29350,25,-0.094
29360,25,-0.094
29370,25,-0.094
29380,25,-0.100
29390,25,-0.094
29400,25,-0.100
29410,25,-0.100
29420,25,-0.094
29430,25,-0.094
29440,25,-0.094
29450,25,-0.100
29460,25,-0.094
29470,25,-0.094
29480,25,-0.100
29490,25,-0.081
29500,25,-0.100
29510,25,-0.094
29520,25,-0.100
29530,25,-0.094
29540,25,-0.100
29550,25,-0.106
29560,25,-0.100
29570,25,-0.106
29580,25,-0.106
29590,25,-0.100
29600,25,-0.100
29610,25,-0.100
29620,25,-0.100
29630,25,-0.106
29640,25,-0.100
29650,25,-0.100
29660,25,-0.094
29670,25,-0.094
29680,25,-0.106
29690,25,-0.094
29700,25,-0.100
29710,25,-0.094
29720,25,-0.094
29730,25,-0.100
29740,25,-0.100
29750,25,-0.094
29760,25,-0.100
29770,25,-0.100
29780,25,-0.100
29790,25,-0.094
29800,25,-0.100
29810,25,-0.100
29820,25,-0.087
29830,25,-0.100
29840,25,-0.100
29850,25,-0.100
29860,25,-0.094
29870,25,-0.094
29880,25,-0.100
29890,25,-0.094
29900,25,-0.094
29910,25,-0.106
29920,25,-0.100
29930,25,-0.106
29940,25,-0.100
29950,25,-0.100
29960,25,-0.094
29970,25,-0.100
29980,25,-0.100
29990,25,-0.094
30000,25,-0.094
30010,25,-0.094
30020,25,-0.087
30030,25,-0.094
30040,25,-0.087
30050,25,-0.094
30060,25,-0.094
30070,25,-0.100
30080,25,-0.094
30090,25,-0.094
30100,25,-0.094
30110,25,-0.094
30120,25,-0.100
30130,25,-0.100
30140,25,-0.094
30150,25,-0.087
30160,25,-0.094
30170,25,-0.100
30180,25,-0.094
30190,25,-0.100
30200,25,-0.094
30210,25,-0.094
30220,25,-0.100
30230,25,-0.094
30240,25,-0.100
30250,25,-0.100
30260,25,-0.100
30270,25,-0.100
30280,25,-0.094
30290,25,-0.106
30300,25,-0.106
30310,25,-0.100
30320,25,-0.106
30330,25,-0.100
30340,25,-0.100
30350,25,-0.094
30360,25,-0.100
30370,25,-0.100
30380,25,-0.100
30390,25,-0.100
30400,25,-0.100
30410,25,-0.100
30420,25,-0.100
30430,25,-0.100
30440,25,-0.094
30450,25,-0.100
30460,25,-0.100
30470,25,-0.100
30480,25,-0.100
30490,25,-0.087
30500,25,-0.094
30510,25,-0.094
30520,25,-0.094
30530,25,-0.100
30540,25,-0.094
30550,25,-0.100
30560,25,-0.094
30570,25,-0.100
30580,25,-0.094
30590,25,-0.094
30600,25,-0.100
30610,25,-0.094
30620,25,-0.094
30630,25,-0.094
30640,25,-0.094
30650,25,-0.100
30660,25,-0.100
30670,25,-0.100
30680,25,-0.100
30690,25,-0.094
30700,25,-0.100
30710,25,-0.094
30720,25,-0.094
30730,25,-0.094
30740,25,-0.094
30750,25,-0.094
30760,25,-0.100
30770,25,-0.100
30780,25,-0.100
30790,25,-0.100
30800,25,-0.094
30810,25,-0.087
30820,25,-0.087
30830,25,-0.100
30840,25,-0.100
30850,25,-0.100
30860,25,-0.106
30870,25,-0.100
30880,25,-0.094
30890,25,-0.100
30900,25,-0.094
30910,25,-0.094
30920,25,-0.094
30930,25,-0.100
30940,25,-0.094
30950,25,-0.094
30960,25,-0.094
30970,25,-0.100
30980,25,-0.094
30990,25,-0.094
31000,25,-0.094
31010,25,-0.100
31020,25,-0.100
31030,25,-0.100
31040,25,-0.100
31050,25,-0.100
31060,25,-0.100
31070,25,-0.094
31080,25,-0.094
31090,25,-0.087
31100,25,-0.100
31110,25,-0.094
31120,25,-0.100
31130,25,-0.100
31140,25,-0.094
31150,25,-0.094
31160,25,-0.100
31170,25,-0.094
31180,25,-0.094
31190,25,-0.100
31200,25,-0.100
31210,25,-0.100
31220,25,-0.094
31230,25,-0.094
31240,25,-0.094
31250,25,-0.094
31260,25,-0.094
31270,25,-0.094
31280,25,-0.100
31290,25,-0.106
31300,25,-0.100
31310,25,-0.100
31320,25,-0.106
31330,25,-0.100
31340,25,-0.100
31350,25,-0.100
31360,25,-0.094
31370,25,-0.094
31380,25,-0.100
31390,25,-0.106
31400,25,-0.100
31410,25,-0.094
31420,25,-0.100
31430,25,-0.100
31440,25,-0.100
31450,25,-0.100
31460,25,-0.100
31470,25,-0.106
31480,25,-0.100
31490,25,-0.094
31500,25,-0.100
31510,25,-0.100
31520,25,-0.094
31530,25,-0.094
31540,25,-0.094
31550,25,-0.100
31560,25,-0.106
31570,25,-0.106
31580,25,-0.100
31590,25,-0.106
31600,25,-0.100
31610,25,-0.100
31620,25,-0.100
31630,25,-0.100
31640,25,-0.100
31650,25,-0.100
31660,25,-0.094
31670,25,-0.100
31680,25,-0.100
31690,25,-0.094
31700,25,-0.100
31710,25,-0.106
31720,25,-0.100
31730,25,-0.100
31740,25,-0.100
31750,25,-0.100
31760,25,-0.106
31770,25,-0.100
31780,25,-0.100
31790,25,-0.100
31800,25,-0.106
31810,25,-0.094
31820,25,-0.087
31830,25,-0.100
31840,25,-0.100
31850,25,-0.100
31860,25,-0.100
31870,25,-0.100
31880,25,-0.100
31890,25,-0.100
31900,25,-0.100
31910,25,-0.106
31920,25,-0.100
31930,25,-0.100
31940,25,-0.100
31950,25,-0.100
31960,25,-0.100
31970,25,-0.100
31980,25,-0.100
31990,25,-0.094
32000,25,-0.094
32010,30,-0.100
32020,30,-0.100
32030,30,-0.100
32040,30,-0.100
32050,30,-0.106
32060,30,-0.106
32070,30,-0.100
32080,30,-0.106
32090,30,-0.100
32100,30,-0.100
32110,30,-0.100
32120,30,-0.094
32130,30,-0.100
32140,30,-0.100
32150,30,-0.094
32160,30,-0.100
32170,30,-0.094
32180,30,-0.100
32190,30,-0.100
32200,30,-0.100
32210,30,-0.094
32220,30,-0.106
32230,30,-0.100
32240,30,-0.100
32250,30,-0.094
32260,30,-0.100
32270,30,-0.094
32280,30,-0.100
32290,30,-0.100
32300,30,-0.100
32310,30,-0.100
32320,30,-0.106
32330,30,-0.100
32340,30,-0.100
32350,30,-0.094
32360,30,-0.094
32370,30,-0.094
32380,30,-0.094
32390,30,-0.094
32400,30,-0.094
32410,30,-0.094
32420,30,-0.094
32430,30,-0.100
32440,30,-0.094
32450,30,-0.094
32460,30,-0.100
32470,30,-0.094
32480,30,-0.100
32490,30,-0.094
32500,30,-0.100
32510,30,-0.100
32520,30,-0.100
32530,30,-0.100
32540,30,-0.094
32550,30,-0.094
32560,30,-0.094
32570,30,-0.100
32580,30,-0.100
32590,30,-0.100
32600,30,-0.100
32610,30,-0.094
32620,30,-0.087
32630,30,-0.100
32640,30,-0.100
32650,30,-0.100
32660,30,-0.100
32670,30,-0.100
32680,30,-0.100
32690,30,-0.094
32700,30,-0.100
32710,30,-0.100
32720,30,-0.094
32730,30,-0.100
32740,30,-0.100
32750,30,-0.100
32760,30,-0.100
32770,30,-0.100
32780,30,-0.094
32790,30,-0.094
32800,30,-0.100
32810,30,-0.100
32820,30,-0.081
32830,30,-0.094
32840,30,-0.100
32850,30,-0.100
32860,30,-0.100
32870,30,-0.100
32880,30,-0.100
32890,30,-0.100
32900,30,-0.100
32910,30,-0.100
32920,30,-0.094
32930,30,-0.100
32940,30,-0.106
32950,30,-0.100
32960,30,-0.100
32970,30,-0.106
32980,30,-0.100
32990,30,-0.100
33000,30,-0.106
33010,30,-0.094
33020,30,-0.100
33030,30,-0.094
33040,30,-0.100
33050,30,-0.100
33060,30,-0.106
33070,30,-0.100
33080,30,-0.094
33090,30,-0.100
33100,30,-0.094
33110,30,-0.100
33120,30,-0.094
33130,30,-0.100
33140,30,-0.100
33150,30,-0.087
33160,30,-0.112
33170,30,-0.106
33180,30,-0.106
33190,30,-0.100
33200,30,-0.106
33210,30,-0.106
33220,30,-0.106
33230,30,-0.106
33240,30,-0.106
33250,30,-0.100
33260,30,-0.100
33270,30,-0.106
33280,30,-0.100
33290,30,-0.100
33300,30,-0.106
33310,30,-0.106
33320,30,-0.112
33330,30,-0.106
33340,30,-0.112
33350,30,-0.100
33360,30,-0.100
33370,30,-0.106
33380,30,-0.106
33390,30,-0.112
33400,30,-0.106
33410,30,-0.100
33420,30,-0.106
33430,30,-0.106
33440,30,-0.106
33450,30,-0.106
33460,30,-0.106
33470,30,-0.100
33480,30,-0.100
33490,30,-0.100
33500,30,-0.106
33510,30,-0.100
33520,30,-0.094
33530,30,-0.100
33540,30,-0.094
33550,30,-0.094
33560,30,-0.100
33570,30,-0.100
33580,30,-0.100
33590,30,-0.100
33600,30,-0.094
33610,30,-0.100
33620,30,-0.100
33630,30,-0.100
33640,30,-0.100
33650,30,-0.100
33660,30,-0.100
33670,30,-0.094
33680,30,-0.100
33690,30,-0.094
33700,30,-0.100
33710,30,-0.106
33720,30,-0.094
33730,30,-0.100
33740,30,-0.100
33750,30,-0.100
33760,30,-0.100
33770,30,-0.094
33780,30,-0.094
33790,30,-0.094
33800,30,-0.094
33810,30,-0.100
33820,30,-0.081
33830,30,-0.094
33840,30,-0.100
33850,30,-0.100
33860,30,-0.100
33870,30,-0.100
33880,30,-0.100
33890,30,-0.094
33900,30,-0.100
33910,30,-0.100
33920,30,-0.100
33930,30,-0.100
33940,30,-0.094
33950,30,-0.094
33960,30,-0.100
33970,30,-0.100
33980,30,-0.100
33990,30,-0.094
34000,30,-0.094
34010,30,-0.100
34020,30,-0.094
34030,30,-0.100
34040,30,-0.100
34050,30,-0.094
34060,30,-0.106
34070,30,-0.106
34080,30,-0.100
34090,30,-0.094
34100,30,-0.100
34110,30,-0.100
34120,30,-0.100
34130,30,-0.100
34140,30,-0.100
34150,30,-0.087
34160,30,-0.100
34170,30,-0.100
34180,30,-0.100
34190,30,-0.100
34200,30,-0.100
34210,30,-0.094
34220,30,-0.106
34230,30,-0.106
34240,30,-0.100
34250,30,-0.106
34260,30,-0.100
34270,30,-0.100
34280,30,-0.100
34290,30,-0.094
34300,30,-0.094
34310,30,-0.100
34320,30,-0.100
34330,30,-0.094
34340,30,-0.094
34350,30,-0.094
34360,30,-0.094
34370,30,-0.094
34380,30,-0.100
34390,30,-0.100
34400,30,-0.100
34410,30,-0.087
34420,30,-0.100
34430,30,-0.100
34440,30,-0.100
34450,30,-0.100
34460,30,-0.094
34470,30,-0.100
34480,30,-0.094
34490,30,-0.094
34500,30,-0.100
34510,30,-0.100
34520,30,-0.100
34530,30,-0.100
34540,30,-0.094
34550,30,-0.094
34560,30,-0.100
34570,30,-0.100
34580,30,-0.100
34590,30,-0.100
34600,30,-0.100
34610,30,-0.100
34620,30,-0.100
34630,30,-0.087
34640,30,-0.094
34650,30,-0.094
34660,30,-0.094
34670,30,-0.094
34680,30,-0.094
34690,30,-0.094
34700,30,-0.100
34710,30,-0.100
34720,30,-0.100
34730,30,-0.094
34740,30,-0.094
34750,30,-0.094
34760,30,-0.094
34770,30,-0.094
34780,30,-0.094
34790,30,-0.094
34800,30,-0.100
34810,30,-0.100
34820,30,-0.075
34830,30,-0.094
34840,30,-0.094
34850,30,-0.100
34860,30,-0.100
34870,30,-0.100
34880,30,-0.094
34890,30,-0.094
34900,30,-0.100
34910,30,-0.094
34920,30,-0.094
34930,30,-0.094
34940,30,-0.094
34950,30,-0.094
34960,30,-0.100
34970,30,-0.100
34980,30,-0.100
34990,30,-0.100
35000,30,-0.094
35010,30,-0.094
35020,30,-0.094
35030,30,-0.106
35040,30,-0.100
35050,30,-0.094
35060,30,-0.094
35070,30,-0.094
35080,30,-0.087
35090,30,-0.094
35100,30,-0.087
35110,30,-0.094
35120,30,-0.087
35130,30,-0.094
35140,30,-0.094
35150,30,-0.087
35160,30,-0.087
35170,30,-0.094
35180,30,-0.094
35190,30,-0.094
35200,30,-0.094
35210,30,-0.094
35220,30,-0.100
35230,30,-0.094
35240,30,-0.100
35250,30,-0.094
35260,30,-0.094
35270,30,-0.094
35280,30,-0.100
35290,30,-0.094
35300,30,-0.094
35310,30,-0.094
35320,30,-0.094
35330,30,-0.094
35340,30,-0.100
35350,30,-0.100
35360,30,-0.100
35370,30,-0.094
35380,30,-0.094
35390,30,-0.100
35400,30,-0.100
35410,30,-0.094
35420,30,-0.094
35430,30,-0.094
35440,30,-0.094
35450,30,-0.087
35460,30,-0.087
35470,30,-0.094
35480,30,-0.094
35490,30,-0.094
35500,30,-0.094
35510,30,-0.100
35520,30,-0.094
35530,30,-0.094
35540,30,-0.100
35550,30,-0.100
35560,30,-0.094
35570,30,-0.094
35580,30,-0.094
35590,30,-0.094
35600,30,-0.094
35610,30,-0.094
35620,30,-0.094
35630,30,-0.094
35640,30,-0.094
35650,30,-0.094
35660,30,-0.094
35670,30,-0.100
35680,30,-0.094
35690,30,-0.094
35700,30,-0.094
35710,30,-0.094
35720,30,-0.094
35730,30,-0.100
35740,30,-0.100
35750,30,-0.094
35760,30,-0.094
35770,30,-0.094
35780,30,-0.100
35790,30,-0.100
35800,30,-0.100
35810,30,-0.100
35820,30,-0.087
35830,30,-0.094
35840,30,-0.094
35850,30,-0.094
35860,30,-0.100
35870,30,-0.100
35880,30,-0.100
35890,30,-0.100
35900,30,-0.100
35910,30,-0.094
35920,30,-0.100
35930,30,-0.100
35940,30,-0.100
35950,30,-0.100
35960,30,-0.100
35970,30,-0.100
35980,30,-0.100
35990,30,-0.100
36000,30,-0.094
36010,30,-0.100
36020,30,-0.100
36030,30,-0.094
36040,30,-0.094
36050,30,-0.100
36060,30,-0.094
36070,30,-0.094
36080,30,-0.094
36090,30,-0.094
36100,30,-0.094
36110,30,-0.094
36120,30,-0.094
36130,30,-0.094
36140,30,-0.094
36150,30,-0.081
36160,30,-0.100
36170,30,-0.094
36180,30,-0.094
36190,30,-0.094
36200,30,-0.094
36210,30,-0.094
36220,30,-0.094
36230,30,-0.094
36240,30,-0.094
36250,30,-0.100
36260,30,-0.100
36270,30,-0.100
36280,30,-0.094
36290,30,-0.100
36300,30,-0.100
36310,30,-0.100
36320,30,-0.100
36330,30,-0.094
36340,30,-0.100
36350,30,-0.100
36360,30,-0.094
36370,30,-0.100
36380,30,-0.094
36390,30,-0.094
36400,30,-0.094
36410,30,-0.094
36420,30,-0.094
36430,30,-0.094
36440,30,-0.100
36450,30,-0.087
36460,30,-0.094
36470,30,-0.094
36480,30,-0.087
36490,30,-0.094
36500,30,-0.094
36510,30,-0.100
36520,30,-0.094
36530,30,-0.094
36540,30,-0.100
36550,30,-0.100
36560,30,-0.100
36570,30,-0.100
36580,30,-0.100
36590,30,-0.100
36600,30,-0.100
36610,30,-0.100
36620,30,-0.100
36630,30,-0.100
36640,30,-0.100
36650,30,-0.100
36660,30,-0.094
36670,30,-0.094
36680,30,-0.094
36690,30,-0.100
36700,30,-0.106
36710,30,-0.100
36720,30,-0.100
36730,30,-0.100
36740,30,-0.094
36750,30,-0.094
36760,30,-0.094
36770,30,-0.094
36780,30,-0.094
36790,30,-0.094
36800,30,-0.094
36810,30,-0.100
36820,30,-0.087
36830,30,-0.087
36840,30,-0.087
36850,30,-0.087
36860,30,-0.087
36870,30,-0.094
36880,30,-0.087
36890,30,-0.087
36900,30,-0.094
36910,30,-0.087
36920,30,-0.087
36930,30,-0.087
36940,30,-0.087
36950,30,-0.087
36960,30,-0.087
36970,30,-0.094
36980,30,-0.087
36990,30,-0.087
37000,30,-0.087
37010,35,-0.100
37020,35,-0.087
37030,35,-0.087
37040,35,-0.087
37050,35,-0.081
37060,35,-0.087
37070,35,-0.087
37080,35,-0.087
37090,35,-0.087
37100,35,-0.087
37110,35,-0.087
37120,35,-0.094
37130,35,-0.094
37140,35,-0.094
37150,35,-0.075
37160,35,-0.094
37170,35,-0.094
37180,35,-0.094
37190,35,-0.094
37200,35,-0.100
37210,35,-0.094
37220,35,-0.094
37230,35,-0.100
37240,35,-0.100
37250,35,-0.100
37260,35,-0.100
37270,35,-0.100
37280,35,-0.100
37290,35,-0.094
37300,35,-0.100
37310,35,-0.094
37320,35,-0.094
37330,35,-0.094
37340,35,-0.094
37350,35,-0.094
37360,35,-0.094
37370,35,-0.094
37380,35,-0.100
37390,35,-0.094
37400,35,-0.094
37410,35,-0.094
37420,35,-0.094
37430,35,-0.094
37440,35,-0.094
37450,35,-0.094
37460,35,-0.094
37470,35,-0.094
37480,35,-0.087
37490,35,-0.094
37500,35,-0.094
37510,35,-0.094
37520,35,-0.094
37530,35,-0.094
37540,35,-0.094
37550,35,-0.094
37560,35,-0.087
37570,35,-0.094
37580,35,-0.087
37590,35,-0.087
37600,35,-0.087
37610,35,-0.094
37620,35,-0.094
37630,35,-0.094
37640,35,-0.094
37650,35,-0.094
37660,35,-0.094
37670,35,-0.087
37680,35,-0.087
37690,35,-0.087
37700,35,-0.087
37710,35,-0.087
37720,35,-0.094
37730,35,-0.100
37740,35,-0.087
37750,35,-0.087
37760,35,-0.087
37770,35,-0.087
37780,35,-0.087
37790,35,-0.094
37800,35,-0.087
37810,35,-0.094
37820,35,-0.075
37830,35,-0.087
37840,35,-0.087
37850,35,-0.087
37860,35,-0.087
37870,35,-0.087
37880,35,-0.087
37890,35,-0.087
37900,35,-0.087
37910,35,-0.087
37920,35,-0.087
37930,35,-0.081
37940,35,-0.081
37950,35,-0.081
37960,35,-0.081
37970,35,-0.081
37980,35,-0.087
37990,35,-0.081
38000,35,-0.081
38010,35,-0.081
38020,35,-0.081
38030,35,-0.087
38040,35,-0.087
38050,35,-0.081
38060,35,-0.087
38070,35,-0.087
38080,35,-0.087
38090,35,-0.094
38100,35,-0.087
38110,35,-0.081
38120,35,-0.087
38130,35,-0.087
38140,35,-0.087
38150,35,-0.075
38160,35,-0.087
38170,35,-0.087
38180,35,-0.087
38190,35,-0.081
38200,35,-0.075
38210,35,-0.075
38220,35,-0.081
38230,35,-0.075
38240,35,-0.081
38250,35,-0.081
38260,35,-0.087
38270,35,-0.081
38280,35,-0.081
38290,35,-0.081
38300,35,-0.087
38310,35,-0.081
38320,35,-0.081
38330,35,-0.087
38340,35,-0.087
38350,35,-0.087
38360,35,-0.087
38370,35,-0.087
38380,35,-0.087
38390,35,-0.087
38400,35,-0.081
38410,35,-0.081
38420,35,-0.081
38430,35,-0.087
38440,35,-0.081
38450,35,-0.087
38460,35,-0.094
38470,35,-0.087
38480,35,-0.081
38490,35,-0.087
38500,35,-0.094
38510,35,-0.094
38520,35,-0.094
38530,35,-0.094
38540,35,-0.100
38550,35,-0.087
38560,35,-0.094
38570,35,-0.094
38580,35,-0.087
38590,35,-0.094
38600,35,-0.094
38610,35,-0.094
38620,35,-0.094
38630,35,-0.094
38640,35,-0.094
38650,35,-0.087
38660,35,-0.094
38670,35,-0.094
38680,35,-0.094
38690,35,-0.094
38700,35,-0.087
38710,35,-0.087
38720,35,-0.094
38730,35,-0.094
38740,35,-0.094
38750,35,-0.087
38760,35,-0.094
38770,35,-0.094
38780,35,-0.094
38790,35,-0.094
38800,35,-0.087
38810,35,-0.094
38820,35,-0.081
38830,35,-0.094
38840,35,-0.094
38850,35,-0.094
38860,35,-0.094
38870,35,-0.094
38880,35,-0.100
38890,35,-0.100
38900,35,-0.094
38910,35,-0.094
38920,35,-0.094
38930,35,-0.094
38940,35,-0.087
38950,35,-0.087
38960,35,-0.094
38970,35,-0.087
38980,35,-0.094
38990,35,-0.094
39000,35,-0.094
39010,35,-0.094
39020,35,-0.087
39030,35,-0.087
39040,35,-0.087
39050,35,-0.094
39060,35,-0.094
39070,35,-0.087
39080,35,-0.094
39090,35,-0.094
39100,35,-0.094
39110,35,-0.094
39120,35,-0.100
39130,35,-0.100
39140,35,-0.087
39150,35,-0.087
39160,35,-0.100
39170,35,-0.100
39180,35,-0.094
39190,35,-0.094
39200,35,-0.094
39210,35,-0.094
39220,35,-0.094
39230,35,-0.094
39240,35,-0.094
39250,35,-0.087
39260,35,-0.094
39270,35,-0.087
39280,35,-0.087
39290,35,-0.094
39300,35,-0.100
39310,35,-0.094
39320,35,-0.094
39330,35,-0.094
39340,35,-0.087
39350,35,-0.094
39360,35,-0.094
39370,35,-0.094
39380,35,-0.094
39390,35,-0.094
39400,35,-0.094
39410,35,-0.087
39420,35,-0.100
39430,35,-0.094
39440,35,-0.087
39450,35,-0.094
39460,35,-0.094
39470,35,-0.094
39480,35,-0.081
39490,35,-0.087
39500,35,-0.081
39510,35,-0.081
39520,35,-0.087
39530,35,-0.087
39540,35,-0.087
39550,35,-0.087
39560,35,-0.087
39570,35,-0.087
39580,35,-0.087
39590,35,-0.087
39600,35,-0.081
39610,35,-0.081
39620,35,-0.081
39630,35,-0.087
39640,35,-0.087
39650,35,-0.087
39660,35,-0.081
39670,35,-0.081
39680,35,-0.081
39690,35,-0.081
39700,35,-0.081
39710,35,-0.087
39720,35,-0.087
39730,35,-0.094
39740,35,-0.094
39750,35,-0.087
39760,35,-0.087
39770,35,-0.081
39780,35,-0.087
39790,35,-0.081
39800,35,-0.087
39810,35,-0.087
39820,35,-0.075
39830,35,-0.087
39840,35,-0.081
39850,35,-0.081
39860,35,-0.081
39870,35,-0.087
39880,35,-0.087
39890,35,-0.087
39900,35,-0.094
39910,35,-0.094
39920,35,-0.087
39930,35,-0.081
39940,35,-0.087
39950,35,-0.087
39960,35,-0.081
39970,35,-0.081
39980,35,-0.087
39990,35,-0.087
40000,35,-0.087
40010,35,-0.087
40020,35,-0.087
40030,35,-0.081
40040,35,-0.081
40050,35,-0.081
40060,35,-0.087
40070,35,-0.081
40080,35,-0.081
40090,35,-0.081
40100,35,-0.087
40110,35,-0.087
40120,35,-0.094
40130,35,-0.087
40140,35,-0.087
40150,35,-0.075
40160,35,-0.087
40170,35,-0.087
40180,35,-0.094
40190,35,-0.087
40200,35,-0.087
40210,35,-0.087
40220,35,-0.087
40230,35,-0.081
40240,35,-0.094
40250,35,-0.094
40260,35,-0.087
40270,35,-0.087
40280,35,-0.087
40290,35,-0.087
40300,35,-0.087
40310,35,-0.081
40320,35,-0.081
40330,35,-0.075
40340,35,-0.081
40350,35,-0.075
40360,35,-0.087
40370,35,-0.081
40380,35,-0.081
40390,35,-0.081
40400,35,-0.087
40410,35,-0.081
40420,35,-0.081
40430,35,-0.087
40440,35,-0.081
40450,35,-0.081
40460,35,-0.081
40470,35,-0.081
40480,35,-0.069
40490,35,-0.094
40500,35,-0.087
40510,35,-0.087
40520,35,-0.087
40530,35,-0.087
40540,35,-0.094
40550,35,-0.087
40560,35,-0.087
40570,35,-0.081
40580,35,-0.087
40590,35,-0.087
40600,35,-0.087
40610,35,-0.087
40620,35,-0.087
40630,35,-0.094
40640,35,-0.094
40650,35,-0.087
40660,35,-0.087
40670,35,-0.087
40680,35,-0.087
40690,35,-0.087
40700,35,-0.087
40710,35,-0.094
40720,35,-0.087
40730,35,-0.087
40740,35,-0.087
40750,35,-0.087
40760,35,-0.094
40770,35,-0.087
40780,35,-0.087
40790,35,-0.087
40800,35,-0.087
40810,35,-0.081
40820,35,-0.081
40830,35,-0.087
40840,35,-0.081
40850,35,-0.087
40860,35,-0.087
40870,35,-0.094
40880,35,-0.087
40890,35,-0.087
40900,35,-0.094
40910,35,-0.094
40920,35,-0.094
40930,35,-0.087
40940,35,-0.087
40950,35,-0.081
40960,35,-0.087
40970,35,-0.081
40980,35,-0.081
40990,35,-0.087
41000,35,-0.087
41010,35,-0.087
41020,35,-0.081
41030,35,-0.094
41040,35,-0.094
41050,35,-0.087
41060,35,-0.087
41070,35,-0.081
41080,35,-0.081
41090,35,-0.081
41100,35,-0.087
41110,35,-0.087
41120,35,-0.087
41130,35,-0.087
41140,35,-0.087
41150,35,-0.075
41160,35,-0.087
41170,35,-0.087
41180,35,-0.087
41190,35,-0.087
41200,35,-0.087
41210,35,-0.087
41220,35,-0.087
41230,35,-0.087
41240,35,-0.087
41250,35,-0.081
41260,35,-0.087
41270,35,-0.094
41280,35,-0.087
41290,35,-0.087
41300,35,-0.087
41310,35,-0.081
41320,35,-0.081
41330,35,-0.081
41340,35,-0.081
41350,35,-0.075
41360,35,-0.075
41370,35,-0.081
41380,35,-0.081
41390,35,-0.087
41400,35,-0.087
41410,35,-0.087
41420,35,-0.087
41430,35,-0.081
41440,35,-0.081
41450,35,-0.081
41460,35,-0.087
41470,35,-0.087
41480,35,-0.081
41490,35,-0.075
41500,35,-0.081
41510,35,-0.087
41520,35,-0.087
41530,35,-0.081
41540,35,-0.081
41550,35,-0.081
41560,35,-0.075
41570,35,-0.075
41580,35,-0.081
41590,35,-0.081
41600,35,-0.081
41610,35,-0.081
41620,35,-0.081
41630,35,-0.081
41640,35,-0.081
41650,35,-0.075
41660,35,-0.087
41670,35,-0.087
41680,35,-0.087
41690,35,-0.081
41700,35,-0.081
41710,35,-0.081
41720,35,-0.081
41730,35,-0.081
41740,35,-0.087
41750,35,-0.087
41760,35,-0.081
41770,35,-0.075
41780,35,-0.081
41790,35,-0.081
41800,35,-0.081
41810,35,-0.087
41820,35,-0.081
41830,35,-0.081
41840,35,-0.081
41850,35,-0.075
41860,35,-0.075
41870,35,-0.081
41880,35,-0.081
41890,35,-0.081
41900,35,-0.087
41910,35,-0.081
41920,35,-0.075
41930,35,-0.069
41940,35,-0.081
41950,35,-0.075
41960,35,-0.081
41970,35,-0.075
41980,35,-0.081
41990,35,-0.075
42000,35,-0.075
42010,40,-0.081
42020,40,-0.081
42030,40,-0.075
42040,40,-0.081
42050,40,-0.075
42060,40,-0.081
42070,40,-0.075
42080,40,-0.075
42090,40,-0.075
42100,40,-0.075
42110,40,-0.081
42120,40,-0.081
42130,40,-0.087
42140,40,-0.081
42150,40,-0.075
42160,40,-0.087
42170,40,-0.087
42180,40,-0.087
42190,40,-0.087
42200,40,-0.094
42210,40,-0.087
42220,40,-0.081
42230,40,-0.081
42240,40,-0.087
42250,40,-0.087
42260,40,-0.087
42270,40,-0.087
42280,40,-0.087
42290,40,-0.087
42300,40,-0.094
42310,40,-0.087
42320,40,-0.087
42330,40,-0.087
42340,40,-0.081
42350,40,-0.087
42360,40,-0.087
42370,40,-0.094
42380,40,-0.087
42390,40,-0.094
42400,40,-0.094
42410,40,-0.081
42420,40,-0.087
42430,40,-0.087
42440,40,-0.094
42450,40,-0.087
42460,40,-0.087
42470,40,-0.087
42480,40,-0.075
42490,40,-0.087
42500,40,-0.087
42510,40,-0.087
42520,40,-0.087
42530,40,-0.081
42540,40,-0.087
42550,40,-0.094
42560,40,-0.081
42570,40,-0.087
42580,40,-0.087
42590,40,-0.081
42600,40,-0.081
42610,40,-0.081
42620,40,-0.087
42630,40,-0.081
42640,40,-0.081
42650,40,-0.094
42660,40,-0.087
42670,40,-0.087
42680,40,-0.087
42690,40,-0.081
42700,40,-0.087
42710,40,-0.087
42720,40,-0.087
42730,40,-0.087
42740,40,-0.087
42750,40,-0.087
42760,40,-0.081
42770,40,-0.087
42780,40,-0.081
42790,40,-0.087
42800,40,-0.094
42810,40,-0.087
42820,40,-0.087
42830,40,-0.094
42840,40,-0.094
42850,40,-0.087
42860,40,-0.087
42870,40,-0.087
42880,40,-0.094
42890,40,-0.087
42900,40,-0.087
42910,40,-0.087
42920,40,-0.087
42930,40,-0.087
42940,40,-0.087
42950,40,-0.087
42960,40,-0.087
42970,40,-0.087
42980,40,-0.081
42990,40,-0.087
43000,40,-0.087
43010,40,-0.087
43020,40,-0.087
43030,40,-0.094
43040,40,-0.094
43050,40,-0.094
43060,40,-0.087
43070,40,-0.087
43080,40,-0.087
43090,40,-0.087
43100,40,-0.087
43110,40,-0.087
43120,40,-0.081
43130,40,-0.087
43140,40,-0.087
43150,40,-0.069
43160,40,-0.087
43170,40,-0.081
43180,40,-0.081
43190,40,-0.094
43200,40,-0.087
43210,40,-0.087
43220,40,-0.087
43230,40,-0.087
43240,40,-0.087
43250,40,-0.087
43260,40,-0.094
43270,40,-0.087
43280,40,-0.087
43290,40,-0.087
43300,40,-0.087
43310,40,-0.094
43320,40,-0.087
43330,40,-0.081
43340,40,-0.087
43350,40,-0.081
43360,40,-0.087
43370,40,-0.087
43380,40,-0.087
43390,40,-0.087
43400,40,-0.094
43410,40,-0.087
43420,40,-0.094
43430,40,-0.087
43440,40,-0.094
43450,40,-0.087
43460,40,-0.087
43470,40,-0.087
43480,40,-0.075
43490,40,-0.087
43500,40,-0.087
43510,40,-0.087
43520,40,-0.087
43530,40,-0.087
43540,40,-0.081
43550,40,-0.087
43560,40,-0.087
43570,40,-0.087
43580,40,-0.087
43590,40,-0.087
43600,40,-0.087
43610,40,-0.087
43620,40,-0.087
43630,40,-0.075
43640,40,-0.087
43650,40,-0.087
43660,40,-0.087
43670,40,-0.087
43680,40,-0.087
43690,40,-0.087
43700,40,-0.087
43710,40,-0.081
43720,40,-0.087
43730,40,-0.087
43740,40,-0.087
43750,40,-0.087
43760,40,-0.087
43770,40,-0.081
43780,40,-0.087
43790,40,-0.087
43800,40,-0.081
43810,40,-0.081
43820,40,-0.087
43830,40,-0.087
43840,40,-0.087
43850,40,-0.087
43860,40,-0.087
43870,40,-0.094
43880,40,-0.087
43890,40,-0.087
43900,40,-0.087
43910,40,-0.087
43920,40,-0.094
43930,40,-0.087
43940,40,-0.087
43950,40,-0.094
43960,40,-0.087
43970,40,-0.087
43980,40,-0.087
43990,40,-0.087
44000,40,-0.087
44010,40,-0.087
44020,40,-0.087
44030,40,-0.087
44040,40,-0.094
44050,40,-0.094
44060,40,-0.087
44070,40,-0.087
44080,40,-0.094
44090,40,-0.087
44100,40,-0.087
44110,40,-0.087
44120,40,-0.087
44130,40,-0.087
44140,40,-0.087
44150,40,-0.075
44160,40,-0.081
44170,40,-0.087
44180,40,-0.087
44190,40,-0.087
44200,40,-0.087
44210,40,-0.087
44220,40,-0.081
44230,40,-0.087
44240,40,-0.081
44250,40,-0.081
44260,40,-0.081
44270,40,-0.081
44280,40,-0.087
44290,40,-0.081
44300,40,-0.087
44310,40,-0.087
44320,40,-0.081
44330,40,-0.081
44340,40,-0.081
44350,40,-0.087
44360,40,-0.081
44370,40,-0.087
44380,40,-0.087
44390,40,-0.081
44400,40,-0.081
44410,40,-0.087
44420,40,-0.081
44430,40,-0.081
44440,40,-0.081
44450,40,-0.081
44460,40,-0.087
44470,40,-0.081
44480,40,-0.069
44490,40,-0.087
44500,40,-0.087
44510,40,-0.087
44520,40,-0.087
44530,40,-0.087
44540,40,-0.087
44550,40,-0.087
44560,40,-0.087
44570,40,-0.094
44580,40,-0.087
44590,40,-0.087
44600,40,-0.081
44610,40,-0.081
44620,40,-0.087
44630,40,-0.087
44640,40,-0.094
44650,40,-0.094
44660,40,-0.094
44670,40,-0.087
44680,40,-0.094
44690,40,-0.094
44700,40,-0.087
44710,40,-0.094
44720,40,-0.087
44730,40,-0.087
44740,40,-0.081
44750,40,-0.087
44760,40,-0.087
44770,40,-0.081
44780,40,-0.087
44790,40,-0.081
44800,40,-0.087
44810,40,-0.075
44820,40,-0.087
44830,40,-0.087
44840,40,-0.094
44850,40,-0.087
44860,40,-0.087
44870,40,-0.087
44880,40,-0.087
44890,40,-0.081
44900,40,-0.087
44910,40,-0.087
44920,40,-0.087
44930,40,-0.094
44940,40,-0.094
44950,40,-0.094
44960,40,-0.094
44970,40,-0.087
44980,40,-0.094
44990,40,-0.087
45000,40,-0.087
45010,40,-0.081
45020,40,-0.081
45030,40,-0.087
45040,40,-0.087
45050,40,-0.087
45060,40,-0.100
45070,40,-0.087
45080,40,-0.094
45090,40,-0.087
45100,40,-0.087
45110,40,-0.087
45120,40,-0.087
45130,40,-0.087
45140,40,-0.087
45150,40,-0.075
45160,40,-0.087
45170,40,-0.094
45180,40,-0.087
45190,40,-0.087
45200,40,-0.087
45210,40,-0.094
45220,40,-0.087
45230,40,-0.094
45240,40,-0.087
45250,40,-0.087
45260,40,-0.087
45270,40,-0.087
45280,40,-0.087
45290,40,-0.087
45300,40,-0.094
45310,40,-0.094
45320,40,-0.094
45330,40,-0.087
45340,40,-0.087
45350,40,-0.087
45360,40,-0.087
45370,40,-0.087
45380,40,-0.087
45390,40,-0.094
45400,40,-0.094
45410,40,-0.087
45420,40,-0.094
45430,40,-0.094
45440,40,-0.094
45450,40,-0.094
45460,40,-0.094
45470,40,-0.087
45480,40,-0.081
45490,40,-0.087
45500,40,-0.087
45510,40,-0.081
45520,40,-0.087
45530,40,-0.094
45540,40,-0.094
45550,40,-0.094
45560,40,-0.087
45570,40,-0.087
45580,40,-0.087
45590,40,-0.094
45600,40,-0.094
45610,40,-0.087
45620,40,-0.087
45630,40,-0.087
45640,40,-0.087
45650,40,-0.087
45660,40,-0.087
45670,40,-0.094
45680,40,-0.094
45690,40,-0.094
45700,40,-0.094
45710,40,-0.087
45720,40,-0.087
45730,40,-0.094
45740,40,-0.087
45750,40,-0.094
45760,40,-0.094
45770,40,-0.094
45780,40,-0.087
45790,40,-0.087
45800,40,-0.087
45810,40,-0.081
45820,40,-0.087
45830,40,-0.087
45840,40,-0.087
45850,40,-0.094
45860,40,-0.087
45870,40,-0.087
45880,40,-0.087
45890,40,-0.087
45900,40,-0.087
45910,40,-0.087
45920,40,-0.087
45930,40,-0.087
45940,40,-0.087
45950,40,-0.087
45960,40,-0.094
45970,40,-0.094
45980,40,-0.094
45990,40,-0.087
46000,40,-0.087
46010,40,-0.087
46020,40,-0.081
46030,40,-0.087
46040,40,-0.087
46050,40,-0.087
46060,40,-0.094
46070,40,-0.087
46080,40,-0.087
46090,40,-0.087
46100,40,-0.087
46110,40,-0.094
46120,40,-0.094
46130,40,-0.087
46140,40,-0.081
46150,40,-0.075
46160,40,-0.081
46170,40,-0.087
46180,40,-0.087
46190,40,-0.087
46200,40,-0.094
46210,40,-0.087
46220,40,-0.094
46230,40,-0.094
46240,40,-0.087
46250,40,-0.094
46260,40,-0.087
46270,40,-0.087
46280,40,-0.087
46290,40,-0.081
46300,40,-0.087
46310,40,-0.087
46320,40,-0.087
46330,40,-0.087
46340,40,-0.094
46350,40,-0.081
46360,40,-0.087
46370,40,-0.087
46380,40,-0.081
46390,40,-0.094
46400,40,-0.087
46410,40,-0.087
46420,40,-0.087
46430,40,-0.087
46440,40,-0.087
46450,40,-0.087
46460,40,-0.087
46470,40,-0.087
46480,40,-0.069
46490,40,-0.094
46500,40,-0.087
46510,40,-0.087
46520,40,-0.087
46530,40,-0.081
46540,40,-0.087
46550,40,-0.094
46560,40,-0.087
46570,40,-0.081
46580,40,-0.087
46590,40,-0.087
46600,40,-0.081
46610,40,-0.087
46620,40,-0.087
46630,40,-0.087
46640,40,-0.081
46650,40,-0.087
46660,40,-0.081
46670,40,-0.087
46680,40,-0.087
46690,40,-0.087
46700,40,-0.087
46710,40,-0.081
46720,40,-0.087
46730,40,-0.087
46740,40,-0.087
46750,40,-0.087
46760,40,-0.087
46770,40,-0.094
46780,40,-0.087
46790,40,-0.087
46800,40,-0.087
46810,40,-0.075
46820,40,-0.081
46830,40,-0.081
46840,40,-0.081
46850,40,-0.087
46860,40,-0.075
46870,40,-0.081
46880,40,-0.081
46890,40,-0.081
46900,40,-0.081
46910,40,-0.081
46920,40,-0.081
46930,40,-0.081
46940,40,-0.081
46950,40,-0.087
46960,40,-0.081
46970,40,-0.081
46980,40,-0.081
46990,40,-0.075
47000,40,-0.081
47010,45,-0.081
47020,45,-0.081
47030,45,-0.081
47040,45,-0.081
47050,45,-0.081
47060,45,-0.081
47070,45,-0.081
47080,45,-0.087
47090,45,-0.075
47100,45,-0.081
47110,45,-0.075
47120,45,-0.081
47130,45,-0.081
47140,45,-0.081
47150,45,-0.075
47160,45,-0.081
47170,45,-0.075
47180,45,-0.081
47190,45,-0.081
47200,45,-0.087
47210,45,-0.081
47220,45,-0.087
47230,45,-0.087
47240,45,-0.087
47250,45,-0.087
47260,45,-0.087
47270,45,-0.087
47280,45,-0.087
47290,45,-0.087
47300,45,-0.081
47310,45,-0.087
47320,45,-0.087
47330,45,-0.081
47340,45,-0.081
47350,45,-0.087
47360,45,-0.087
47370,45,-0.087
47380,45,-0.081
47390,45,-0.087
47400,45,-0.087
47410,45,-0.094
47420,45,-0.087
47430,45,-0.087
47440,45,-0.087
47450,45,-0.081
47460,45,-0.087
47470,45,-0.087
47480,45,-0.075
47490,45,-0.081
47500,45,-0.087
47510,45,-0.087
47520,45,-0.081
47530,45,-0.081
47540,45,-0.087
47550,45,-0.087
47560,45,-0.081
47570,45,-0.081
47580,45,-0.081
47590,45,-0.081
47600,45,-0.081
47610,45,-0.087
47620,45,-0.087
47630,45,-0.087
47640,45,-0.081
47650,45,-0.081
47660,45,-0.087
47670,45,-0.081
47680,45,-0.081
47690,45,-0.081
47700,45,-0.087
47710,45,-0.081
47720,45,-0.081
47730,45,-0.081
47740,45,-0.081
47750,45,-0.081
47760,45,-0.081
47770,45,-0.081
47780,45,-0.081
47790,45,-0.081
47800,45,-0.081
47810,45,-0.069
47820,45,-0.081
47830,45,-0.081
47840,45,-0.081
47850,45,-0.087
47860,45,-0.087
47870,45,-0.081
47880,45,-0.087
47890,45,-0.081
47900,45,-0.087
47910,45,-0.081
47920,45,-0.081
47930,45,-0.075
47940,45,-0.081
47950,45,-0.075
47960,45,-0.075
47970,45,-0.081
47980,45,-0.081
47990,45,-0.087
48000,45,-0.087
48010,45,-0.075
48020,45,-0.081
48030,45,-0.075
48040,45,-0.075
48050,45,-0.081
48060,45,-0.075
48070,45,-0.075
48080,45,-0.081
48090,45,-0.081
48100,45,-0.075
48110,45,-0.075
48120,45,-0.081
48130,45,-0.075
48140,45,-0.081
48150,45,-0.075
48160,45,-0.081
48170,45,-0.087
48180,45,-0.081
48190,45,-0.087
48200,45,-0.075
48210,45,-0.081
48220,45,-0.081
48230,45,-0.081
48240,45,-0.081
48250,45,-0.081
48260,45,-0.075
48270,45,-0.081
48280,45,-0.087
48290,45,-0.087
48300,45,-0.075
48310,45,-0.081
48320,45,-0.081
48330,45,-0.081
48340,45,-0.087
48350,45,-0.081
48360,45,-0.081
48370,45,-0.087
48380,45,-0.081
48390,45,-0.081
48400,45,-0.075
48410,45,-0.081
48420,45,-0.081
48430,45,-0.075
48440,45,-0.081
48450,45,-0.081
48460,45,-0.081
48470,45,-0.087
48480,45,-0.069
48490,45,-0.081
48500,45,-0.081
48510,45,-0.087
48520,45,-0.081
48530,45,-0.075
48540,45,-0.081
48550,45,-0.075
48560,45,-0.075
48570,45,-0.081
48580,45,-0.081
48590,45,-0.081
48600,45,-0.081
48610,45,-0.081
48620,45,-0.081
48630,45,-0.081
48640,45,-0.081
48650,45,-0.081
48660,45,-0.081
48670,45,-0.081
48680,45,-0.075
48690,45,-0.087
48700,45,-0.081
48710,45,-0.081
48720,45,-0.087
48730,45,-0.081
48740,45,-0.081
48750,45,-0.081
48760,45,-0.081
48770,45,-0.087
48780,45,-0.087
48790,45,-0.081
48800,45,-0.081
48810,45,-0.069
48820,45,-0.075
48830,45,-0.075
48840,45,-0.081
48850,45,-0.075
48860,45,-0.075
48870,45,-0.075
48880,45,-0.075
48890,45,-0.075
48900,45,-0.075
48910,45,-0.081
48920,45,-0.087
48930,45,-0.081
48940,45,-0.081
48950,45,-0.081
48960,45,-0.081
48970,45,-0.081
48980,45,-0.087
48990,45,-0.081
49000,45,-0.081
49010,45,-0.081
49020,45,-0.081
49030,45,-0.081
49040,45,-0.075
49050,45,-0.075
49060,45,-0.075
49070,45,-0.075
49080,45,-0.081
49090,45,-0.081
49100,45,-0.081
49110,45,-0.081
49120,45,-0.087
49130,45,-0.081
49140,45,-0.081
49150,45,-0.075
49160,45,-0.081
49170,45,-0.081
49180,45,-0.081
49190,45,-0.075
49200,45,-0.075
49210,45,-0.075
49220,45,-0.081
49230,45,-0.081
49240,45,-0.081
49250,45,-0.081
49260,45,-0.081
49270,45,-0.087
49280,45,-0.087
49290,45,-0.087
49300,45,-0.081
49310,45,-0.081
49320,45,-0.081
49330,45,-0.081
49340,45,-0.081
49350,45,-0.075
49360,45,-0.081
49370,45,-0.087
49380,45,-0.081
49390,45,-0.087
49400,45,-0.075
49410,45,-0.081
49420,45,-0.075
49430,45,-0.075
49440,45,-0.075
49450,45,-0.081
49460,45,-0.081
49470,45,-0.081
49480,45,-0.069
49490,45,-0.087
49500,45,-0.081
49510,45,-0.081
49520,45,-0.081
49530,45,-0.087
49540,45,-0.087
49550,45,-0.094
49560,45,-0.087
49570,45,-0.087
49580,45,-0.087
49590,45,-0.087
49600,45,-0.087
49610,45,-0.081
49620,45,-0.087
49630,45,-0.087
49640,45,-0.087
49650,45,-0.081
49660,45,-0.081
49670,45,-0.081
49680,45,-0.081
49690,45,-0.081
49700,45,-0.075
49710,45,-0.075
49720,45,-0.081
49730,45,-0.081
49740,45,-0.081
49750,45,-0.087
49760,45,-0.087
49770,45,-0.081
49780,45,-0.081
49790,45,-0.081
49800,45,-0.087
49810,45,-0.069
49820,45,-0.087
49830,45,-0.087
49840,45,-0.081
49850,45,-0.081
49860,45,-0.081
49870,45,-0.081
49880,45,-0.081
49890,45,-0.075
49900,45,-0.087
49910,45,-0.087
49920,45,-0.081
49930,45,-0.075
49940,45,-0.081
49950,45,-0.081
49960,45,-0.087
49970,45,-0.081
49980,45,-0.081
49990,45,-0.081
50000,45,-0.087
50010,45,-0.081
50020,45,-0.087
50030,45,-0.081
50040,45,-0.081
50050,45,-0.081
50060,45,-0.081
50070,45,-0.075
50080,45,-0.087
50090,45,-0.087
50100,45,-0.081
50110,45,-0.087
50120,45,-0.087
50130,45,-0.081
50140,45,-0.081
50150,45,-0.087
50160,45,-0.081
50170,45,-0.081
50180,45,-0.081
50190,45,-0.081
50200,45,-0.081
50210,45,-0.081
50220,45,-0.075
50230,45,-0.087
50240,45,-0.081
50250,45,-0.087
50260,45,-0.081
50270,45,-0.075
50280,45,-0.081
50290,45,-0.075
50300,45,-0.075
50310,45,-0.075
50320,45,-0.075
50330,45,-0.075
50340,45,-0.081
50350,45,-0.075
50360,45,-0.081
50370,45,-0.081
50380,45,-0.081
50390,45,-0.081
50400,45,-0.081
50410,45,-0.075
50420,45,-0.075
50430,45,-0.075
50440,45,-0.081
50450,45,-0.081
50460,45,-0.081
50470,45,-0.081
50480,45,-0.069
50490,45,-0.081
50500,45,-0.081
50510,45,-0.081
50520,45,-0.081
50530,45,-0.081
50540,45,-0.075
50550,45,-0.081
50560,45,-0.075
50570,45,-0.075
50580,45,-0.081
50590,45,-0.081
50600,45,-0.075
50610,45,-0.075
50620,45,-0.075
50630,45,-0.075
50640,45,-0.075
50650,45,-0.075
50660,45,-0.075
50670,45,-0.075
50680,45,-0.075
50690,45,-0.075
50700,45,-0.081
50710,45,-0.075
50720,45,-0.075
50730,45,-0.075
50740,45,-0.075
50750,45,-0.075
50760,45,-0.075
50770,45,-0.075
50780,45,-0.081
50790,45,-0.081
50800,45,-0.075
50810,45,-0.062
50820,45,-0.075
50830,45,-0.069
50840,45,-0.069
50850,45,-0.075
50860,45,-0.069
50870,45,-0.069
50880,45,-0.075
50890,45,-0.075
50900,45,-0.075
50910,45,-0.075
50920,45,-0.075
50930,45,-0.075
50940,45,-0.069
50950,45,-0.075
50960,45,-0.075
50970,45,-0.075
50980,45,-0.075
50990,45,-0.075
51000,45,-0.075
51010,45,-0.075
51020,45,-0.075
51030,45,-0.075
51040,45,-0.075
51050,45,-0.075
51060,45,-0.069
51070,45,-0.075
51080,45,-0.075
51090,45,-0.075
51100,45,-0.075
51110,45,-0.075
51120,45,-0.075
51130,45,-0.075
51140,45,-0.075
51150,45,-0.075
51160,45,-0.075
51170,45,-0.075
51180,45,-0.075
51190,45,-0.075
51200,45,-0.081
51210,45,-0.069
51220,45,-0.075
51230,45,-0.075
51240,45,-0.069
51250,45,-0.069
51260,45,-0.069
51270,45,-0.075
51280,45,-0.075
51290,45,-0.075
51300,45,-0.075
51310,45,-0.075
51320,45,-0.069
51330,45,-0.075
51340,45,-0.075
51350,45,-0.075
51360,45,-0.075
51370,45,-0.075
51380,45,-0.075
51390,45,-0.075
51400,45,-0.075
51410,45,-0.075
51420,45,-0.075
51430,45,-0.069
51440,45,-0.075
51450,45,-0.081
51460,45,-0.075
51470,45,-0.075
51480,45,-0.062
51490,45,-0.069
51500,45,-0.069
51510,45,-0.075
51520,45,-0.075
51530,45,-0.069
51540,45,-0.075
51550,45,-0.069
51560,45,-0.075
51570,45,-0.069
51580,45,-0.069
51590,45,-0.069
51600,45,-0.075
51610,45,-0.075
51620,45,-0.075
51630,45,-0.075
51640,45,-0.075
51650,45,-0.075
51660,45,-0.069
51670,45,-0.069
51680,45,-0.069
51690,45,-0.069
51700,45,-0.075
51710,45,-0.069
51720,45,-0.075
51730,45,-0.069
51740,45,-0.075
51750,45,-0.069
51760,45,-0.075
51770,45,-0.069
51780,45,-0.069
51790,45,-0.075
51800,45,-0.069
51810,45,-0.062
51820,45,-0.069
51830,45,-0.075
51840,45,-0.069
51850,45,-0.075
51860,45,-0.069
51870,45,-0.075
51880,45,-0.075
51890,45,-0.081
51900,45,-0.081
51910,45,-0.081
51920,45,-0.081
51930,45,-0.069
51940,45,-0.075
51950,45,-0.075
51960,45,-0.075
51970,45,-0.075
51980,45,-0.069
51990,45,-0.075
52000,45,-0.081
52010,50,-0.075
52020,50,-0.075
52030,50,-0.075
52040,50,-0.081
52050,50,-0.075
52060,50,-0.075
52070,50,-0.075
52080,50,-0.075
52090,50,-0.081
52100,50,-0.075
52110,50,-0.081
52120,50,-0.081
52130,50,-0.081
52140,50,-0.075
52150,50,-0.075
52160,50,-0.081
52170,50,-0.081
52180,50,-0.081
52190,50,-0.081
52200,50,-0.081
52210,50,-0.081
52220,50,-0.075
52230,50,-0.075
52240,50,-0.081
52250,50,-0.075
52260,50,-0.075
52270,50,-0.075
52280,50,-0.075
52290,50,-0.069
52300,50,-0.069
52310,50,-0.075
52320,50,-0.075
52330,50,-0.075
52340,50,-0.075
52350,50,-0.075
52360,50,-0.075
52370,50,-0.075
52380,50,-0.075
52390,50,-0.075
52400,50,-0.075
52410,50,-0.075
52420,50,-0.075
52430,50,-0.075
52440,50,-0.075
52450,50,-0.069
52460,50,-0.075
52470,50,-0.081
52480,50,-0.062
52490,50,-0.075
52500,50,-0.075
52510,50,-0.075
52520,50,-0.075
52530,50,-0.075
52540,50,-0.075
52550,50,-0.075
52560,50,-0.075
52570,50,-0.075
52580,50,-0.069
52590,50,-0.069
52600,50,-0.075
52610,50,-0.075
52620,50,-0.069
52630,50,-0.069
52640,50,-0.069
52650,50,-0.069
52660,50,-0.075
52670,50,-0.075
52680,50,-0.075
52690,50,-0.069
52700,50,-0.075
52710,50,-0.069
52720,50,-0.075
52730,50,-0.075
52740,50,-0.075
52750,50,-0.075
52760,50,-0.075
52770,50,-0.081
52780,50,-0.075
52790,50,-0.075
52800,50,-0.075
52810,50,-0.056
52820,50,-0.075
52830,50,-0.075
52840,50,-0.075
52850,50,-0.075
52860,50,-0.075
52870,50,-0.075
52880,50,-0.075
52890,50,-0.069
52900,50,-0.075
52910,50,-0.075
52920,50,-0.081
52930,50,-0.075
52940,50,-0.075
52950,50,-0.069
52960,50,-0.075
52970,50,-0.069
52980,50,-0.075
52990,50,-0.075
53000,50,-0.075
53010,50,-0.075
53020,50,-0.075
53030,50,-0.075
53040,50,-0.075
53050,50,-0.075
53060,50,-0.075
53070,50,-0.069
53080,50,-0.075
53090,50,-0.069
53100,50,-0.075
53110,50,-0.075
53120,50,-0.069
53130,50,-0.075
53140,50,-0.062
53150,50,-0.075
53160,50,-0.075
53170,50,-0.075
53180,50,-0.075
53190,50,-0.075
53200,50,-0.075
53210,50,-0.075
53220,50,-0.069
53230,50,-0.075
53240,50,-0.075
53250,50,-0.075
53260,50,-0.075
53270,50,-0.075
53280,50,-0.075
53290,50,-0.075
53300,50,-0.069
53310,50,-0.075
53320,50,-0.069
53330,50,-0.075
53340,50,-0.069
53350,50,-0.069
53360,50,-0.069
53370,50,-0.069
53380,50,-0.069
53390,50,-0.075
53400,50,-0.069
53410,50,-0.069
53420,50,-0.075
53430,50,-0.069
53440,50,-0.069
53450,50,-0.069
53460,50,-0.069
53470,50,-0.069
53480,50,-0.062
53490,50,-0.069
53500,50,-0.069
53510,50,-0.075
53520,50,-0.069
53530,50,-0.069
53540,50,-0.075
53550,50,-0.075
53560,50,-0.075
53570,50,-0.075
53580,50,-0.069
53590,50,-0.075
53600,50,-0.075
53610,50,-0.075
53620,50,-0.075
53630,50,-0.069
53640,50,-0.069
53650,50,-0.081
53660,50,-0.069
53670,50,-0.081
53680,50,-0.075
53690,50,-0.075
53700,50,-0.075
53710,50,-0.069
53720,50,-0.069
53730,50,-0.069
53740,50,-0.069
53750,50,-0.069
53760,50,-0.062
53770,50,-0.069
53780,50,-0.062
53790,50,-0.062
53800,50,-0.056
53810,50,-0.050
53820,50,-0.069
53830,50,-0.069
53840,50,-0.075
53850,50,-0.069
53860,50,-0.069
53870,50,-0.062
53880,50,-0.069
53890,50,-0.062
53900,50,-0.069
53910,50,-0.069
53920,50,-0.075
53930,50,-0.069
53940,50,-0.069
53950,50,-0.069
53960,50,-0.075
53970,50,-0.069
53980,50,-0.069
53990,50,-0.069
54000,50,-0.069
54010,50,-0.069
54020,50,-0.069
54030,50,-0.069
54040,50,-0.069
54050,50,-0.069
54060,50,-0.069
54070,50,-0.062
54080,50,-0.069
54090,50,-0.069
54100,50,-0.069
54110,50,-0.069
54120,50,-0.075
54130,50,-0.069
54140,50,-0.062
54150,50,-0.069
54160,50,-0.069
54170,50,-0.069
54180,50,-0.069
54190,50,-0.069
54200,50,-0.075
54210,50,-0.075
54220,50,-0.075
54230,50,-0.075
54240,50,-0.069
54250,50,-0.075
54260,50,-0.069
54270,50,-0.069
54280,50,-0.075
54290,50,-0.075
54300,50,-0.075
54310,50,-0.081
54320,50,-0.081
54330,50,-0.075
54340,50,-0.075
54350,50,-0.075
54360,50,-0.081
54370,50,-0.075
54380,50,-0.081
54390,50,-0.081
54400,50,-0.075
54410,50,-0.081
54420,50,-0.081
54430,50,-0.075
54440,50,-0.069
54450,50,-0.075
54460,50,-0.075
54470,50,-0.075
54480,50,-0.069
54490,50,-0.081
54500,50,-0.075
54510,50,-0.075
54520,50,-0.075
54530,50,-0.075
54540,50,-0.075
54550,50,-0.081
54560,50,-0.075
54570,50,-0.081
54580,50,-0.075
54590,50,-0.069
54600,50,-0.081
54610,50,-0.075
54620,50,-0.075
54630,50,-0.081
54640,50,-0.075
54650,50,-0.081
54660,50,-0.075
54670,50,-0.075
54680,50,-0.075
54690,50,-0.075
54700,50,-0.081
54710,50,-0.075
54720,50,-0.075
54730,50,-0.069
54740,50,-0.075
54750,50,-0.075
54760,50,-0.069
54770,50,-0.075
54780,50,-0.075
54790,50,-0.075
54800,50,-0.075
54810,50,-0.056
54820,50,-0.075
54830,50,-0.075
54840,50,-0.081
54850,50,-0.075
54860,50,-0.075
54870,50,-0.075
54880,50,-0.075
54890,50,-0.075
54900,50,-0.075
54910,50,-0.081
54920,50,-0.081
54930,50,-0.075
54940,50,-0.075
54950,50,-0.075
54960,50,-0.075
54970,50,-0.075
54980,50,-0.075
54990,50,-0.069
55000,50,-0.075
55010,50,-0.069
55020,50,-0.075
55030,50,-0.075
55040,50,-0.075
55050,50,-0.075
55060,50,-0.075
55070,50,-0.069
55080,50,-0.075
55090,50,-0.069
55100,50,-0.069
55110,50,-0.075
55120,50,-0.075
55130,50,-0.075
55140,50,-0.069
55150,50,-0.075
55160,50,-0.075
55170,50,-0.075
55180,50,-0.081
55190,50,-0.087
55200,50,-0.075
55210,50,-0.075
55220,50,-0.075
55230,50,-0.075
55240,50,-0.075
55250,50,-0.075
55260,50,-0.075
55270,50,-0.075
55280,50,-0.075
55290,50,-0.081
55300,50,-0.075
55310,50,-0.075
55320,50,-0.069
55330,50,-0.075
55340,50,-0.069
55350,50,-0.075
55360,50,-0.075
55370,50,-0.075
55380,50,-0.075
55390,50,-0.081
55400,50,-0.075
55410,50,-0.081
55420,50,-0.075
55430,50,-0.069
55440,50,-0.069
55450,50,-0.069
55460,50,-0.075
55470,50,-0.069
55480,50,-0.069
55490,50,-0.075
55500,50,-0.069
55510,50,-0.069
55520,50,-0.075
55530,50,-0.075
55540,50,-0.075
55550,50,-0.075
55560,50,-0.075
55570,50,-0.075
55580,50,-0.075
55590,50,-0.069
55600,50,-0.069
55610,50,-0.069
55620,50,-0.075
55630,50,-0.075
55640,50,-0.075
55650,50,-0.075
55660,50,-0.075
55670,50,-0.069
55680,50,-0.075
55690,50,-0.075
55700,50,-0.075
55710,50,-0.075
55720,50,-0.069
55730,50,-0.075
55740,50,-0.069
55750,50,-0.075
55760,50,-0.075
55770,50,-0.075
55780,50,-0.075
55790,50,-0.075
55800,50,-0.075
55810,50,-0.062
55820,50,-0.075
55830,50,-0.075
55840,50,-0.075
55850,50,-0.075
55860,50,-0.075
55870,50,-0.069
55880,50,-0.075
55890,50,-0.069
55900,50,-0.075
55910,50,-0.075
55920,50,-0.069
55930,50,-0.069
55940,50,-0.069
55950,50,-0.069
55960,50,-0.069
55970,50,-0.069
55980,50,-0.069
55990,50,-0.069
56000,50,-0.069
56010,50,-0.069
56020,50,-0.069
56030,50,-0.069
56040,50,-0.069
56050,50,-0.069
56060,50,-0.069
56070,50,-0.069
56080,50,-0.062
56090,50,-0.069
56100,50,-0.069
56110,50,-0.069
56120,50,-0.069
56130,50,-0.069
56140,50,-0.050
56150,50,-0.069
56160,50,-0.069
56170,50,-0.069
56180,50,-0.069
56190,50,-0.075
56200,50,-0.075
56210,50,-0.075
56220,50,-0.075
56230,50,-0.075
56240,50,-0.075
56250,50,-0.075
56260,50,-0.075
56270,50,-0.075
56280,50,-0.075
56290,50,-0.075
56300,50,-0.075
56310,50,-0.075
56320,50,-0.075
56330,50,-0.081
56340,50,-0.075
56350,50,-0.075
56360,50,-0.069
56370,50,-0.075
56380,50,-0.075
56390,50,-0.075
56400,50,-0.075
56410,50,-0.075
56420,50,-0.081
56430,50,-0.075
56440,50,-0.081
56450,50,-0.075
56460,50,-0.081
56470,50,-0.075
56480,50,-0.069
56490,50,-0.075
56500,50,-0.081
56510,50,-0.075
56520,50,-0.075
56530,50,-0.075
56540,50,-0.075
56550,50,-0.075
56560,50,-0.075
56570,50,-0.081
56580,50,-0.075
56590,50,-0.075
56600,50,-0.075
56610,50,-0.069
56620,50,-0.075
56630,50,-0.069
56640,50,-0.075
56650,50,-0.069
56660,50,-0.075
56670,50,-0.075
56680,50,-0.069
56690,50,-0.069
56700,50,-0.075
56710,50,-0.075
56720,50,-0.075
56730,50,-0.075
56740,50,-0.075
56750,50,-0.075
56760,50,-0.075
56770,50,-0.075
56780,50,-0.075
56790,50,-0.075
56800,50,-0.075
56810,50,-0.056
56820,50,-0.075
56830,50,-0.075
56840,50,-0.075
56850,50,-0.075
56860,50,-0.081
56870,50,-0.075
56880,50,-0.075
56890,50,-0.075
56900,50,-0.075
56910,50,-0.081
56920,50,-0.081
56930,50,-0.075
56940,50,-0.075
56950,50,-0.075
56960,50,-0.075
56970,50,-0.081
56980,50,-0.075
56990,50,-0.075
57000,50,-0.069
57010,55,-0.081
57020,55,-0.069
57030,55,-0.081
57040,55,-0.075
57050,55,-0.075
57060,55,-0.075
57070,55,-0.069
57080,55,-0.075
57090,55,-0.075
57100,55,-0.075
57110,55,-0.075
57120,55,-0.075
57130,55,-0.075
57140,55,-0.062
57150,55,-0.075
57160,55,-0.075
57170,55,-0.075
57180,55,-0.075
57190,55,-0.075
57200,55,-0.075
57210,55,-0.081
57220,55,-0.075
57230,55,-0.075
57240,55,-0.075
57250,55,-0.075
57260,55,-0.075
57270,55,-0.075
57280,55,-0.069
57290,55,-0.069
57300,55,-0.075
57310,55,-0.075
57320,55,-0.081
57330,55,-0.075
57340,55,-0.075
57350,55,-0.075
57360,55,-0.069
57370,55,-0.069
57380,55,-0.075
57390,55,-0.075
57400,55,-0.075
57410,55,-0.081
57420,55,-0.069
57430,55,-0.075
57440,55,-0.075
57450,55,-0.081
57460,55,-0.075
57470,55,-0.075
57480,55,-0.075
57490,55,-0.075
57500,55,-0.075
57510,55,-0.075
57520,55,-0.069
57530,55,-0.075
57540,55,-0.069
57550,55,-0.075
57560,55,-0.075
57570,55,-0.081
57580,55,-0.075
57590,55,-0.075
57600,55,-0.081
57610,55,-0.075
57620,55,-0.075
57630,55,-0.075
57640,55,-0.069
57650,55,-0.069
57660,55,-0.069
57670,55,-0.075
57680,55,-0.069
57690,55,-0.069
57700,55,-0.075
57710,55,-0.069
57720,55,-0.069
57730,55,-0.069
57740,55,-0.069
57750,55,-0.069
57760,55,-0.069
57770,55,-0.069
57780,55,-0.075
57790,55,-0.075
57800,55,-0.075
57810,55,-0.062
57820,55,-0.075
57830,55,-0.075
57840,55,-0.075
57850,55,-0.075
57860,55,-0.075
57870,55,-0.075
57880,55,-0.075
57890,55,-0.069
57900,55,-0.075
57910,55,-0.069
57920,55,-0.081
57930,55,-0.075
57940,55,-0.075
57950,55,-0.075
57960,55,-0.075
57970,55,-0.075
57980,55,-0.081
57990,55,-0.075
58000,55,-0.075
58010,55,-0.069
58020,55,-0.069
58030,55,-0.069
58040,55,-0.075
58050,55,-0.075
58060,55,-0.075
58070,55,-0.069
58080,55,-0.075
58090,55,-0.069
58100,55,-0.062
58110,55,-0.069
58120,55,-0.075
58130,55,-0.069
58140,55,-0.062
58150,55,-0.069
58160,55,-0.069
58170,55,-0.062
58180,55,-0.069
58190,55,-0.069
58200,55,-0.075
58210,55,-0.075
58220,55,-0.075
58230,55,-0.069
58240,55,-0.075
58250,55,-0.069
58260,55,-0.062
58270,55,-0.069
58280,55,-0.069
58290,55,-0.069
58300,55,-0.069
58310,55,-0.075
58320,55,-0.069
58330,55,-0.069
58340,55,-0.069
58350,55,-0.069
58360,55,-0.069
58370,55,-0.069
58380,55,-0.069
58390,55,-0.075
58400,55,-0.069
58410,55,-0.075
58420,55,-0.069
58430,55,-0.069
58440,55,-0.069
58450,55,-0.062
58460,55,-0.069
58470,55,-0.069
58480,55,-0.069
58490,55,-0.069
58500,55,-0.075
58510,55,-0.069
58520,55,-0.075
58530,55,-0.075
58540,55,-0.069
58550,55,-0.075
58560,55,-0.075
58570,55,-0.075
58580,55,-0.087
58590,55,-0.075
58600,55,-0.075
58610,55,-0.075
58620,55,-0.075
58630,55,-0.081
58640,55,-0.075
58650,55,-0.075
58660,55,-0.075
58670,55,-0.075
58680,55,-0.075
58690,55,-0.075
58700,55,-0.075
58710,55,-0.075
58720,55,-0.075
58730,55,-0.075
58740,55,-0.075
58750,55,-0.075
58760,55,-0.075
58770,55,-0.075
58780,55,-0.075
58790,55,-0.075
58800,55,-0.075
58810,55,-0.056
58820,55,-0.062
58830,55,-0.069
58840,55,-0.075
58850,55,-0.075
58860,55,-0.069
58870,55,-0.069
58880,55,-0.062
58890,55,-0.069
58900,55,-0.069
58910,55,-0.075
58920,55,-0.069
58930,55,-0.075
58940,55,-0.069
58950,55,-0.069
58960,55,-0.069
58970,55,-0.069
58980,55,-0.069
58990,55,-0.069
59000,55,-0.069
59010,55,-0.069
59020,55,-0.069
59030,55,-0.075
59040,55,-0.069
59050,55,-0.069
59060,55,-0.075
59070,55,-0.069
59080,55,-0.062
59090,55,-0.069
59100,55,-0.062
59110,55,-0.069
59120,55,-0.075
59130,55,-0.069
59140,55,-0.050
59150,55,-0.069
59160,55,-0.069
59170,55,-0.069
59180,55,-0.069
59190,55,-0.069
59200,55,-0.062
59210,55,-0.075
59220,55,-0.075
59230,55,-0.069
59240,55,-0.075
59250,55,-0.069
59260,55,-0.069
59270,55,-0.069
59280,55,-0.069
59290,55,-0.069
59300,55,-0.069
59310,55,-0.075
59320,55,-0.069
59330,55,-0.075
59340,55,-0.075
59350,55,-0.075
59360,55,-0.075
59370,55,-0.069
59380,55,-0.069
59390,55,-0.069
59400,55,-0.069
59410,55,-0.075
59420,55,-0.075
59430,55,-0.075
59440,55,-0.075
59450,55,-0.075
59460,55,-0.069
59470,55,-0.069
59480,55,-0.075
59490,55,-0.069
59500,55,-0.069
59510,55,-0.069
59520,55,-0.075
59530,55,-0.069
59540,55,-0.069
59550,55,-0.075
59560,55,-0.069
59570,55,-0.075
59580,55,-0.069
59590,55,-0.069
59600,55,-0.069
59610,55,-0.069
59620,55,-0.069
59630,55,-0.069
59640,55,-0.069
59650,55,-0.069
59660,55,-0.069
59670,55,-0.069
59680,55,-0.069
59690,55,-0.075
59700,55,-0.075
59710,55,-0.075
59720,55,-0.069
59730,55,-0.075
59740,55,-0.075
59750,55,-0.075
59760,55,-0.069
59770,55,-0.069
59780,55,-0.075
59790,55,-0.075
59800,55,-0.081
59810,55,-0.062
59820,55,-0.069
59830,55,-0.075
59840,55,-0.069
59850,55,-0.081
59860,55,-0.075
59870,55,-0.075
59880,55,-0.075
59890,55,-0.075
59900,55,-0.075
59910,55,-0.075
59920,55,-0.069
59930,55,-0.075
59940,55,-0.075
59950,55,-0.075
59960,55,-0.075
59970,55,-0.075
59980,55,-0.081
59990,55,-0.075
60000,55,-0.069
60010,55,-0.069
60020,55,-0.075
60030,55,-0.069
60040,55,-0.069
60050,55,-0.069
60060,55,-0.075
60070,55,-0.069
60080,55,-0.075
60090,55,-0.069
60100,55,-0.069
60110,55,-0.062
60120,55,-0.062
60130,55,-0.062
60140,55,-0.050
60150,55,-0.069
60160,55,-0.062
60170,55,-0.062
60180,55,-0.062
60190,55,-0.062
60200,55,-0.062
60210,55,-0.062
60220,55,-0.056
60230,55,-0.062
60240,55,-0.062
60250,55,-0.069
60260,55,-0.069
60270,55,-0.062
60280,55,-0.062
60290,55,-0.062
60300,55,-0.069
60310,55,-0.062
60320,55,-0.069
60330,55,-0.062
60340,55,-0.062
60350,55,-0.062
60360,55,-0.062
60370,55,-0.062
60380,55,-0.056
60390,55,-0.056
60400,55,-0.062
60410,55,-0.062
60420,55,-0.062
60430,55,-0.056
60440,55,-0.062
60450,55,-0.062
60460,55,-0.069
60470,55,-0.056
60480,55,-0.069
60490,55,-0.062
60500,55,-0.069
60510,55,-0.069
60520,55,-0.062
60530,55,-0.062
60540,55,-0.062
60550,55,-0.062
60560,55,-0.062
60570,55,-0.062
60580,55,-0.062
60590,55,-0.062
60600,55,-0.062
60610,55,-0.062
60620,55,-0.062
60630,55,-0.069
60640,55,-0.069
60650,55,-0.062
60660,55,-0.062
60670,55,-0.069
60680,55,-0.062
60690,55,-0.062
60700,55,-0.062
60710,55,-0.062
60720,55,-0.062
60730,55,-0.056
60740,55,-0.056
60750,55,-0.062
60760,55,-0.056
60770,55,-0.062
60780,55,-0.062
60790,55,-0.062
60800,55,-0.062
60810,55,-0.050
60820,55,-0.062
60830,55,-0.062
60840,55,-0.062
60850,55,-0.062
60860,55,-0.062
60870,55,-0.069
60880,55,-0.062
60890,55,-0.069
60900,55,-0.062
60910,55,-0.062
60920,55,-0.062
60930,55,-0.062
60940,55,-0.062
60950,55,-0.069
60960,55,-0.069
60970,55,-0.062
60980,55,-0.069
60990,55,-0.062
61000,55,-0.062
61010,55,-0.069
61020,55,-0.069
61030,55,-0.075
61040,55,-0.062
61050,55,-0.069
61060,55,-0.069
61070,55,-0.075
61080,55,-0.062
61090,55,-0.069
61100,55,-0.062
61110,55,-0.062
61120,55,-0.069
61130,55,-0.062
61140,55,-0.050
61150,55,-0.062
61160,55,-0.062
61170,55,-0.062
61180,55,-0.069
61190,55,-0.069
61200,55,-0.062
61210,55,-0.062
61220,55,-0.062
61230,55,-0.062
61240,55,-0.062
61250,55,-0.062
61260,55,-0.062
61270,55,-0.056
61280,55,-0.062
61290,55,-0.062
61300,55,-0.069
61310,55,-0.062
61320,55,-0.062
61330,55,-0.062
61340,55,-0.062
61350,55,-0.069
61360,55,-0.069
61370,55,-0.062
61380,55,-0.062
61390,55,-0.062
61400,55,-0.056
61410,55,-0.062
61420,55,-0.069
61430,55,-0.062
61440,55,-0.069
61450,55,-0.062
61460,55,-0.069
61470,55,-0.056
61480,55,-0.062
61490,55,-0.062
61500,55,-0.062
61510,55,-0.069
61520,55,-0.069
61530,55,-0.062
61540,55,-0.062
61550,55,-0.062
61560,55,-0.062
61570,55,-0.062
61580,55,-0.062
61590,55,-0.062
61600,55,-0.069
61610,55,-0.062
61620,55,-0.069
61630,55,-0.062
61640,55,-0.069
61650,55,-0.062
61660,55,-0.062
61670,55,-0.062
61680,55,-0.069
61690,55,-0.062
61700,55,-0.069
61710,55,-0.062
61720,55,-0.069
61730,55,-0.062
61740,55,-0.069
61750,55,-0.062
61760,55,-0.062
61770,55,-0.062
61780,55,-0.062
61790,55,-0.062
61800,55,-0.069
61810,55,-0.050
61820,55,-0.069
61830,55,-0.062
61840,55,-0.062
61850,55,-0.062
61860,55,-0.069
61870,55,-0.069
61880,55,-0.069
61890,55,-0.069
61900,55,-0.069
61910,55,-0.069
61920,55,-0.069
61930,55,-0.069
61940,55,-0.069
61950,55,-0.069
61960,55,-0.075
61970,55,-0.069
61980,55,-0.069
61990,55,-0.069
62000,55,-0.069
62010,60,-0.069
62020,60,-0.062
62030,60,-0.062
62040,60,-0.062
62050,60,-0.069
62060,60,-0.062
62070,60,-0.062
62080,60,-0.069
62090,60,-0.069
62100,60,-0.062
62110,60,-0.069
62120,60,-0.062
62130,60,-0.069
62140,60,-0.056
62150,60,-0.069
62160,60,-0.069
62170,60,-0.069
62180,60,-0.069
62190,60,-0.062
62200,60,-0.062
62210,60,-0.056
62220,60,-0.062
62230,60,-0.062
62240,60,-0.069
62250,60,-0.069
62260,60,-0.062
62270,60,-0.069
62280,60,-0.062
62290,60,-0.062
62300,60,-0.062
62310,60,-0.069
62320,60,-0.062
62330,60,-0.062
62340,60,-0.062
62350,60,-0.069
62360,60,-0.062
62370,60,-0.062
62380,60,-0.062
62390,60,-0.062
62400,60,-0.056
62410,60,-0.069
62420,60,-0.069
62430,60,-0.062
62440,60,-0.062
62450,60,-0.062
62460,60,-0.062
62470,60,-0.050
62480,60,-0.062
62490,60,-0.062
62500,60,-0.062
62510,60,-0.062
62520,60,-0.069
62530,60,-0.062
62540,60,-0.062
62550,60,-0.062
62560,60,-0.062
62570,60,-0.062
62580,60,-0.056
62590,60,-0.062
62600,60,-0.056
62610,60,-0.062
62620,60,-0.069
62630,60,-0.062
62640,60,-0.062
62650,60,-0.062
62660,60,-0.062
62670,60,-0.069
62680,60,-0.062
62690,60,-0.056
62700,60,-0.062
62710,60,-0.062
62720,60,-0.069
62730,60,-0.062
62740,60,-0.075
62750,60,-0.069
62760,60,-0.062
62770,60,-0.069
62780,60,-0.069
62790,60,-0.069
62800,60,-0.069
62810,60,-0.056
62820,60,-0.069
62830,60,-0.069
62840,60,-0.062
62850,60,-0.069
62860,60,-0.062
62870,60,-0.062
62880,60,-0.069
62890,60,-0.069
62900,60,-0.075
62910,60,-0.062
62920,60,-0.062
62930,60,-0.062
62940,60,-0.062
62950,60,-0.069
62960,60,-0.062
62970,60,-0.069
62980,60,-0.062
62990,60,-0.069
63000,60,-0.062
63010,60,-0.056
63020,60,-0.062
63030,60,-0.062
63040,60,-0.056
63050,60,-0.062
63060,60,-0.069
63070,60,-0.069
63080,60,-0.062
63090,60,-0.062
63100,60,-0.069
63110,60,-0.069
63120,60,-0.069
63130,60,-0.062
63140,60,-0.056
63150,60,-0.062
63160,60,-0.062
63170,60,-0.069
63180,60,-0.069
63190,60,-0.062
63200,60,-0.069
63210,60,-0.075
63220,60,-0.062
63230,60,-0.062
63240,60,-0.062
63250,60,-0.069
63260,60,-0.069
63270,60,-0.075
63280,60,-0.069
63290,60,-0.062
63300,60,-0.062
63310,60,-0.069
63320,60,-0.062
63330,60,-0.069
63340,60,-0.069
63350,60,-0.069
63360,60,-0.069
63370,60,-0.069
63380,60,-0.069
63390,60,-0.069
63400,60,-0.069
63410,60,-0.069
63420,60,-0.069
63430,60,-0.069
63440,60,-0.069
63450,60,-0.075
63460,60,-0.062
63470,60,-0.056
63480,60,-0.069
63490,60,-0.069
63500,60,-0.075
63510,60,-0.075
63520,60,-0.075
63530,60,-0.069
63540,60,-0.069
63550,60,-0.069
63560,60,-0.062
63570,60,-0.062
63580,60,-0.062
63590,60,-0.069
63600,60,-0.069
63610,60,-0.069
63620,60,-0.069
63630,60,-0.075
63640,60,-0.069
63650,60,-0.069
63660,60,-0.062
63670,60,-0.069
63680,60,-0.062
63690,60,-0.069
63700,60,-0.069
63710,60,-0.062
63720,60,-0.069
63730,60,-0.069
63740,60,-0.069
63750,60,-0.069
63760,60,-0.069
63770,60,-0.069
63780,60,-0.069
63790,60,-0.062
63800,60,-0.069
63810,60,-0.056
63820,60,-0.069
63830,60,-0.062
63840,60,-0.056
63850,60,-0.062
63860,60,-0.062
63870,60,-0.062
63880,60,-0.062
63890,60,-0.062
63900,60,-0.062
63910,60,-0.062
63920,60,-0.062
63930,60,-0.062
63940,60,-0.062
63950,60,-0.062
63960,60,-0.062
63970,60,-0.062
63980,60,-0.069
63990,60,-0.062
64000,60,-0.069
64010,60,-0.062
64020,60,-0.075
64030,60,-0.069
64040,60,-0.062
64050,60,-0.062
64060,60,-0.062
64070,60,-0.062
64080,60,-0.062
64090,60,-0.062
64100,60,-0.062
64110,60,-0.069
64120,60,-0.062
64130,60,-0.062
64140,60,-0.050
64150,60,-0.062
64160,60,-0.056
64170,60,-0.050
64180,60,-0.050
64190,60,-0.056
64200,60,-0.056
64210,60,-0.050
64220,60,-0.050
64230,60,-0.050
64240,60,-0.050
64250,60,-0.050
64260,60,-0.056
64270,60,-0.050
64280,60,-0.056
64290,60,-0.050
64300,60,-0.050
64310,60,-0.044
64320,60,-0.050
64330,60,-0.050
64340,60,-0.050
64350,60,-0.050
64360,60,-0.056
64370,60,-0.050
64380,60,-0.062
64390,60,-0.050
64400,60,-0.050
64410,60,-0.056
64420,60,-0.050
64430,60,-0.050
64440,60,-0.056
64450,60,-0.056
64460,60,-0.050
64470,60,-0.037
64480,60,-0.050
64490,60,-0.050
64500,60,-0.050
64510,60,-0.050
64520,60,-0.062
64530,60,-0.050
64540,60,-0.056
64550,60,-0.056
64560,60,-0.050
64570,60,-0.050
64580,60,-0.056
64590,60,-0.050
64600,60,-0.050
64610,60,-0.050
64620,60,-0.050
64630,60,-0.050
64640,60,-0.056
64650,60,-0.050
64660,60,-0.050
64670,60,-0.050
64680,60,-0.056
64690,60,-0.050
64700,60,-0.056
64710,60,-0.044
64720,60,-0.050
64730,60,-0.050
64740,60,-0.056
64750,60,-0.050
64760,60,-0.050
64770,60,-0.050
64780,60,-0.050
64790,60,-0.050
64800,60,-0.050
64810,60,-0.050
64820,60,-0.050
64830,60,-0.050
64840,60,-0.056
64850,60,-0.050
64860,60,-0.056
64870,60,-0.056
64880,60,-0.050
64890,60,-0.056
64900,60,-0.056
64910,60,-0.056
64920,60,-0.056
64930,60,-0.056
64940,60,-0.050
64950,60,-0.050
64960,60,-0.056
64970,60,-0.056
64980,60,-0.050
64990,60,-0.056
65000,60,-0.056
65010,60,-0.044
65020,60,-0.056
65030,60,-0.050
65040,60,-0.056
65050,60,-0.050
65060,60,-0.056
65070,60,-0.056
65080,60,-0.050
65090,60,-0.050
65100,60,-0.056
65110,60,-0.056
65120,60,-0.056
65130,60,-0.056
65140,60,-0.037
65150,60,-0.056
65160,60,-0.056
65170,60,-0.056
65180,60,-0.056
65190,60,-0.056
65200,60,-0.056
65210,60,-0.056
65220,60,-0.056
65230,60,-0.062
65240,60,-0.056
65250,60,-0.056
65260,60,-0.056
65270,60,-0.056
65280,60,-0.062
65290,60,-0.062
65300,60,-0.056
65310,60,-0.062
65320,60,-0.050
65330,60,-0.062
65340,60,-0.050
65350,60,-0.062
65360,60,-0.056
65370,60,-0.062
65380,60,-0.056
65390,60,-0.062
65400,60,-0.056
65410,60,-0.056
65420,60,-0.056
65430,60,-0.056
65440,60,-0.050
65450,60,-0.056
65460,60,-0.062
65470,60,-0.044
65480,60,-0.056
65490,60,-0.062
65500,60,-0.062
65510,60,-0.056
65520,60,-0.062
65530,60,-0.062
65540,60,-0.062
65550,60,-0.056
65560,60,-0.056
65570,60,-0.062
65580,60,-0.062
65590,60,-0.062
65600,60,-0.062
65610,60,-0.056
65620,60,-0.056
65630,60,-0.056
65640,60,-0.056
65650,60,-0.050
65660,60,-0.056
65670,60,-0.056
65680,60,-0.056
65690,60,-0.062
65700,60,-0.056
65710,60,-0.062
65720,60,-0.056
65730,60,-0.056
65740,60,-0.062
65750,60,-0.062
65760,60,-0.056
65770,60,-0.056
65780,60,-0.062
65790,60,-0.056
65800,60,-0.056
65810,60,-0.056
65820,60,-0.062
65830,60,-0.056
65840,60,-0.056
65850,60,-0.056
65860,60,-0.056
65870,60,-0.062
65880,60,-0.062
65890,60,-0.056
65900,60,-0.062
65910,60,-0.062
65920,60,-0.062
65930,60,-0.062
65940,60,-0.062
65950,60,-0.062
65960,60,-0.062
65970,60,-0.062
65980,60,-0.062
65990,60,-0.069
66000,60,-0.062
66010,60,-0.062
66020,60,-0.069
66030,60,-0.062
66040,60,-0.062
66050,60,-0.062
66060,60,-0.062
66070,60,-0.062
66080,60,-0.062
66090,60,-0.062
66100,60,-0.069
66110,60,-0.062
66120,60,-0.062
66130,60,-0.069
66140,60,-0.056
66150,60,-0.069
66160,60,-0.075
66170,60,-0.075
66180,60,-0.075
66190,60,-0.075
66200,60,-0.069
66210,60,-0.062
66220,60,-0.069
66230,60,-0.069
66240,60,-0.069
66250,60,-0.069
66260,60,-0.069
66270,60,-0.075
66280,60,-0.075
66290,60,-0.069
66300,60,-0.075
66310,60,-0.069
66320,60,-0.062
66330,60,-0.069
66340,60,-0.062
66350,60,-0.069
66360,60,-0.069
66370,60,-0.075
66380,60,-0.069
66390,60,-0.075
66400,60,-0.075
66410,60,-0.069
66420,60,-0.069
66430,60,-0.069
66440,60,-0.075
66450,60,-0.075
66460,60,-0.075
66470,60,-0.062
66480,60,-0.075
66490,60,-0.069
66500,60,-0.075
66510,60,-0.075
66520,60,-0.075
66530,60,-0.081
66540,60,-0.075
66550,60,-0.075
66560,60,-0.069
66570,60,-0.069
66580,60,-0.075
66590,60,-0.075
66600,60,-0.075
66610,60,-0.075
66620,60,-0.075
66630,60,-0.081
66640,60,-0.075
66650,60,-0.075
66660,60,-0.081
66670,60,-0.075
66680,60,-0.075
66690,60,-0.075
66700,60,-0.069
66710,60,-0.069
66720,60,-0.069
66730,60,-0.069
66740,60,-0.075
66750,60,-0.075
66760,60,-0.069
66770,60,-0.069
66780,60,-0.069
66790,60,-0.069
66800,60,-0.069
66810,60,-0.075
66820,60,-0.069
66830,60,-0.069
66840,60,-0.062
66850,60,-0.069
66860,60,-0.069
66870,60,-0.069
66880,60,-0.069
66890,60,-0.075
66900,60,-0.075
66910,60,-0.075
66920,60,-0.075
66930,60,-0.075
66940,60,-0.069
66950,60,-0.069
66960,60,-0.069
66970,60,-0.075
66980,60,-0.069
66990,60,-0.069
67000,60,-0.069
67010,65,-0.069
67020,65,-0.069
67030,65,-0.075
67040,65,-0.069
67050,65,-0.075
67060,65,-0.069
67070,65,-0.075
67080,65,-0.069
67090,65,-0.075
67100,65,-0.075
67110,65,-0.075
67120,65,-0.069
67130,65,-0.069
67140,65,-0.050
67150,65,-0.069
67160,65,-0.062
67170,65,-0.069
67180,65,-0.069
67190,65,-0.069
67200,65,-0.069
67210,65,-0.062
67220,65,-0.069
67230,65,-0.062
67240,65,-0.062
67250,65,-0.062
67260,65,-0.062
67270,65,-0.062
67280,65,-0.062
67290,65,-0.062
67300,65,-0.069
67310,65,-0.069
67320,65,-0.075
67330,65,-0.062
67340,65,-0.062
67350,65,-0.069
67360,65,-0.069
67370,65,-0.062
67380,65,-0.069
67390,65,-0.075
67400,65,-0.069
67410,65,-0.069
67420,65,-0.069
67430,65,-0.062
67440,65,-0.075
67450,65,-0.069
67460,65,-0.069
67470,65,-0.056
67480,65,-0.069
67490,65,-0.075
67500,65,-0.069
67510,65,-0.069
67520,65,-0.069
67530,65,-0.069
67540,65,-0.075
67550,65,-0.075
67560,65,-0.075
67570,65,-0.069
67580,65,-0.069
67590,65,-0.069
67600,65,-0.069
67610,65,-0.069
67620,65,-0.069
67630,65,-0.069
67640,65,-0.075
67650,65,-0.075
67660,65,-0.075
67670,65,-0.069
67680,65,-0.075
67690,65,-0.075
67700,65,-0.069
67710,65,-0.069
67720,65,-0.075
67730,65,-0.069
67740,65,-0.075
67750,65,-0.075
67760,65,-0.069
67770,65,-0.075
67780,65,-0.075
67790,65,-0.069
67800,65,-0.069
67810,65,-0.075
67820,65,-0.075
67830,65,-0.075
67840,65,-0.075
67850,65,-0.075
67860,65,-0.069
67870,65,-0.069
67880,65,-0.075
67890,65,-0.075
67900,65,-0.075
67910,65,-0.075
67920,65,-0.075
67930,65,-0.075
67940,65,-0.075
67950,65,-0.075
67960,65,-0.069
67970,65,-0.069
67980,65,-0.075
67990,65,-0.075
68000,65,-0.075
68010,65,-0.075
68020,65,-0.075
68030,65,-0.075
68040,65,-0.075
68050,65,-0.075
68060,65,-0.075
68070,65,-0.075
68080,65,-0.075
68090,65,-0.075
68100,65,-0.075
68110,65,-0.075
68120,65,-0.075
68130,65,-0.069
68140,65,-0.056
68150,65,-0.069
68160,65,-0.069
68170,65,-0.069
68180,65,-0.075
68190,65,-0.075
68200,65,-0.075
68210,65,-0.075
68220,65,-0.075
68230,65,-0.075
68240,65,-0.075
68250,65,-0.075
68260,65,-0.075
68270,65,-0.075
68280,65,-0.081
68290,65,-0.081
68300,65,-0.075
68310,65,-0.081
68320,65,-0.069
68330,65,-0.069
68340,65,-0.069
68350,65,-0.075
68360,65,-0.075
68370,65,-0.075
68380,65,-0.081
68390,65,-0.075
68400,65,-0.075
68410,65,-0.075
68420,65,-0.081
68430,65,-0.075
68440,65,-0.075
68450,65,-0.075
68460,65,-0.075
68470,65,-0.062
68480,65,-0.081
68490,65,-0.081
68500,65,-0.075
68510,65,-0.075
68520,65,-0.075
68530,65,-0.075
68540,65,-0.081
68550,65,-0.081
68560,65,-0.081
68570,65,-0.075
68580,65,-0.081
68590,65,-0.075
68600,65,-0.081
68610,65,-0.081
68620,65,-0.081
68630,65,-0.075
68640,65,-0.075
68650,65,-0.081
68660,65,-0.081
68670,65,-0.075
68680,65,-0.075
68690,65,-0.075
68700,65,-0.081
68710,65,-0.081
68720,65,-0.081
68730,65,-0.075
68740,65,-0.075
68750,65,-0.081
68760,65,-0.081
68770,65,-0.081
68780,65,-0.087
68790,65,-0.081
68800,65,-0.081
68810,65,-0.081
68820,65,-0.081
68830,65,-0.081
68840,65,-0.081
68850,65,-0.081
68860,65,-0.081
68870,65,-0.081
68880,65,-0.081
68890,65,-0.081
68900,65,-0.081
68910,65,-0.081
68920,65,-0.081
68930,65,-0.081
68940,65,-0.081
68950,65,-0.081
68960,65,-0.087
68970,65,-0.087
68980,65,-0.081
68990,65,-0.081
69000,65,-0.081
69010,65,-0.075
69020,65,-0.075
69030,65,-0.081
69040,65,-0.081
69050,65,-0.081
69060,65,-0.075
69070,65,-0.075
69080,65,-0.075
69090,65,-0.075
69100,65,-0.081
69110,65,-0.075
69120,65,-0.075
69130,65,-0.069
69140,65,-0.062
69150,65,-0.075
69160,65,-0.075
69170,65,-0.081
69180,65,-0.081
69190,65,-0.081
69200,65,-0.081
69210,65,-0.075
69220,65,-0.081
69230,65,-0.075
69240,65,-0.075
69250,65,-0.075
69260,65,-0.075
69270,65,-0.075
69280,65,-0.081
69290,65,-0.087
69300,65,-0.081
69310,65,-0.075
69320,65,-0.075
69330,65,-0.075
69340,65,-0.075
69350,65,-0.075
69360,65,-0.069
69370,65,-0.075
69380,65,-0.075
69390,65,-0.081
69400,65,-0.081
69410,65,-0.075
69420,65,-0.069
69430,65,-0.081
69440,65,-0.075
69450,65,-0.081
69460,65,-0.081
69470,65,-0.069
69480,65,-0.081
69490,65,-0.081
69500,65,-0.075
69510,65,-0.075
69520,65,-0.075
69530,65,-0.075
69540,65,-0.081
69550,65,-0.075
69560,65,-0.075
69570,65,-0.075
69580,65,-0.075
69590,65,-0.075
69600,65,-0.075
69610,65,-0.081
69620,65,-0.075
69630,65,-0.075
69640,65,-0.075
69650,65,-0.075
69660,65,-0.081
69670,65,-0.081
69680,65,-0.081
69690,65,-0.075
69700,65,-0.075
69710,65,-0.075
69720,65,-0.075
69730,65,-0.069
69740,65,-0.075
69750,65,-0.075
69760,65,-0.081
69770,65,-0.075
69780,65,-0.075
69790,65,-0.081
69800,65,-0.069
69810,65,-0.075
69820,65,-0.081
69830,65,-0.081
69840,65,-0.081
69850,65,-0.075
69860,65,-0.075
69870,65,-0.075
69880,65,-0.075
69890,65,-0.069
69900,65,-0.075
69910,65,-0.075
69920,65,-0.081
69930,65,-0.081
69940,65,-0.075
69950,65,-0.081
69960,65,-0.075
69970,65,-0.075
69980,65,-0.075
69990,65,-0.069
70000,65,-0.075
70010,65,-0.075
70020,65,-0.081
70030,65,-0.081
70040,65,-0.087
70050,65,-0.081
70060,65,-0.081
70070,65,-0.075
70080,65,-0.081
70090,65,-0.075
70100,65,-0.081
70110,65,-0.081
70120,65,-0.087
70130,65,-0.087
70140,65,-0.069
70150,65,-0.081
70160,65,-0.075
70170,65,-0.081
70180,65,-0.087
70190,65,-0.094
70200,65,-0.087
70210,65,-0.087
70220,65,-0.081
70230,65,-0.081
70240,65,-0.081
70250,65,-0.087
70260,65,-0.081
70270,65,-0.081
70280,65,-0.087
70290,65,-0.087
70300,65,-0.087
70310,65,-0.087
70320,65,-0.081
70330,65,-0.087
70340,65,-0.081
70350,65,-0.081
70360,65,-0.081
70370,65,-0.081
70380,65,-0.081
70390,65,-0.087
70400,65,-0.081
70410,65,-0.081
70420,65,-0.081
70430,65,-0.087
70440,65,-0.081
70450,65,-0.087
70460,65,-0.087
70470,65,-0.069
70480,65,-0.081
70490,65,-0.087
70500,65,-0.081
70510,65,-0.081
70520,65,-0.081
70530,65,-0.087
70540,65,-0.087
70550,65,-0.081
70560,65,-0.087
70570,65,-0.087
70580,65,-0.087
70590,65,-0.081
70600,65,-0.081
70610,65,-0.075
70620,65,-0.081
70630,65,-0.087
70640,65,-0.081
70650,65,-0.081
70660,65,-0.081
70670,65,-0.081
70680,65,-0.087
70690,65,-0.087
70700,65,-0.081
70710,65,-0.087
70720,65,-0.081
70730,65,-0.087
70740,65,-0.081
70750,65,-0.081
70760,65,-0.081
70770,65,-0.087
70780,65,-0.087
70790,65,-0.087
70800,65,-0.081
70810,65,-0.081
70820,65,-0.087
70830,65,-0.087
70840,65,-0.087
70850,65,-0.081
70860,65,-0.081
70870,65,-0.081
70880,65,-0.081
70890,65,-0.075
70900,65,-0.081
70910,65,-0.075
70920,65,-0.075
70930,65,-0.075
70940,65,-0.075
70950,65,-0.075
70960,65,-0.087
70970,65,-0.081
70980,65,-0.081
70990,65,-0.081
71000,65,-0.081
71010,65,-0.081
71020,65,-0.075
71030,65,-0.087
71040,65,-0.081
71050,65,-0.087
71060,65,-0.081
71070,65,-0.087
71080,65,-0.087
71090,65,-0.081
71100,65,-0.081
71110,65,-0.087
71120,65,-0.087
71130,65,-0.087
71140,65,-0.075
71150,65,-0.087
71160,65,-0.081
71170,65,-0.081
71180,65,-0.081
71190,65,-0.087
71200,65,-0.094
71210,65,-0.094
71220,65,-0.087
71230,65,-0.087
71240,65,-0.081
71250,65,-0.087
71260,65,-0.075
71270,65,-0.075
71280,65,-0.081
71290,65,-0.081
71300,65,-0.087
71310,65,-0.081
71320,65,-0.081
71330,65,-0.081
71340,65,-0.081
71350,65,-0.087
71360,65,-0.081
71370,65,-0.081
71380,65,-0.081
71390,65,-0.081
71400,65,-0.087
71410,65,-0.087
71420,65,-0.075
71430,65,-0.081
71440,65,-0.081
71450,65,-0.081
71460,65,-0.081
71470,65,-0.069
71480,65,-0.081
71490,65,-0.087
71500,65,-0.075
71510,65,-0.075
71520,65,-0.075
71530,65,-0.081
71540,65,-0.081
71550,65,-0.081
71560,65,-0.081
71570,65,-0.081
71580,65,-0.081
71590,65,-0.075
71600,65,-0.081
71610,65,-0.081
71620,65,-0.081
71630,65,-0.087
71640,65,-0.081
71650,65,-0.081
71660,65,-0.087
71670,65,-0.087
71680,65,-0.094
71690,65,-0.087
71700,65,-0.087
71710,65,-0.087
71720,65,-0.081
71730,65,-0.081
71740,65,-0.087
71750,65,-0.081
71760,65,-0.081
71770,65,-0.087
71780,65,-0.081
71790,65,-0.087
71800,65,-0.075
71810,65,-0.081
71820,65,-0.081
71830,65,-0.087
71840,65,-0.087
71850,65,-0.087
71860,65,-0.087
71870,65,-0.087
71880,65,-0.087
71890,65,-0.087
71900,65,-0.075
71910,65,-0.081
71920,65,-0.075
71930,65,-0.087
71940,65,-0.081
71950,65,-0.087
71960,65,-0.081
71970,65,-0.094
71980,65,-0.087
71990,65,-0.081
72000,65,-0.081
72010,70,-0.075
72020,70,-0.087
72030,70,-0.087
72040,70,-0.081
72050,70,-0.087
72060,70,-0.087
72070,70,-0.094
72080,70,-0.094
72090,70,-0.087
72100,70,-0.087
72110,70,-0.087
72120,70,-0.094
72130,70,-0.081
72140,70,-0.069
72150,70,-0.075
72160,70,-0.081
72170,70,-0.087
72180,70,-0.081
72190,70,-0.081
72200,70,-0.081
72210,70,-0.081
72220,70,-0.081
72230,70,-0.081
72240,70,-0.081
72250,70,-0.087
72260,70,-0.081
72270,70,-0.081
72280,70,-0.081
72290,70,-0.081
72300,70,-0.087
72310,70,-0.087
72320,70,-0.081
72330,70,-0.087
72340,70,-0.081
72350,70,-0.087
72360,70,-0.081
72370,70,-0.081
72380,70,-0.081
72390,70,-0.081
72400,70,-0.081
72410,70,-0.087
72420,70,-0.081
72430,70,-0.087
72440,70,-0.087
72450,70,-0.087
72460,70,-0.081
72470,70,-0.081
72480,70,-0.087
72490,70,-0.087
72500,70,-0.087
72510,70,-0.087
72520,70,-0.081
72530,70,-0.087
72540,70,-0.087
72550,70,-0.087
72560,70,-0.081
72570,70,-0.087
72580,70,-0.087
72590,70,-0.081
72600,70,-0.087
72610,70,-0.087
72620,70,-0.081
72630,70,-0.081
72640,70,-0.087
72650,70,-0.087
72660,70,-0.081
72670,70,-0.087
72680,70,-0.094
72690,70,-0.087
72700,70,-0.087
72710,70,-0.094
72720,70,-0.094
72730,70,-0.087
72740,70,-0.087
72750,70,-0.094
72760,70,-0.094
72770,70,-0.087
72780,70,-0.094
72790,70,-0.087
72800,70,-0.081
72810,70,-0.087
72820,70,-0.087
72830,70,-0.081
72840,70,-0.081
72850,70,-0.087
72860,70,-0.081
72870,70,-0.087
72880,70,-0.081
72890,70,-0.075
72900,70,-0.081
72910,70,-0.087
72920,70,-0.087
72930,70,-0.081
72940,70,-0.081
72950,70,-0.087
72960,70,-0.087
72970,70,-0.087
72980,70,-0.081
72990,70,-0.081
73000,70,-0.081
73010,70,-0.081
73020,70,-0.081
73030,70,-0.087
73040,70,-0.087
73050,70,-0.087
73060,70,-0.087
73070,70,-0.087
73080,70,-0.094
73090,70,-0.094
73100,70,-0.087
73110,70,-0.094
73120,70,-0.081
73130,70,-0.094
73140,70,-0.081
73150,70,-0.094
73160,70,-0.081
73170,70,-0.087
73180,70,-0.081
73190,70,-0.087
73200,70,-0.094
73210,70,-0.087
73220,70,-0.087
73230,70,-0.087
73240,70,-0.094
73250,70,-0.087
73260,70,-0.087
73270,70,-0.087
73280,70,-0.087
73290,70,-0.094
73300,70,-0.094
73310,70,-0.087
73320,70,-0.094
73330,70,-0.094
73340,70,-0.087
73350,70,-0.087
73360,70,-0.094
73370,70,-0.087
73380,70,-0.087
73390,70,-0.087
73400,70,-0.087
73410,70,-0.087
73420,70,-0.087
73430,70,-0.087
73440,70,-0.087
73450,70,-0.094
73460,70,-0.087
73470,70,-0.081
73480,70,-0.094
73490,70,-0.087
73500,70,-0.087
73510,70,-0.087
73520,70,-0.087
73530,70,-0.087
73540,70,-0.094
73550,70,-0.087
73560,70,-0.087
73570,70,-0.087
73580,70,-0.087
73590,70,-0.081
73600,70,-0.087
73610,70,-0.087
73620,70,-0.094
73630,70,-0.087
73640,70,-0.081
73650,70,-0.081
73660,70,-0.075
73670,70,-0.081
73680,70,-0.081
73690,70,-0.087
73700,70,-0.087
73710,70,-0.087
73720,70,-0.087
73730,70,-0.081
73740,70,-0.087
73750,70,-0.075
73760,70,-0.075
73770,70,-0.075
73780,70,-0.081
73790,70,-0.081
73800,70,-0.069
73810,70,-0.087
73820,70,-0.087
73830,70,-0.087
73840,70,-0.087
73850,70,-0.094
73860,70,-0.094
73870,70,-0.087
73880,70,-0.087
73890,70,-0.087
73900,70,-0.087
73910,70,-0.087
73920,70,-0.087
73930,70,-0.087
73940,70,-0.094
73950,70,-0.087
73960,70,-0.100
73970,70,-0.094
73980,70,-0.094
73990,70,-0.094
74000,70,-0.094
74010,70,-0.094
74020,70,-0.087
74030,70,-0.094
74040,70,-0.087
74050,70,-0.094
74060,70,-0.087
74070,70,-0.100
74080,70,-0.094
74090,70,-0.094
74100,70,-0.087
74110,70,-0.094
74120,70,-0.094
74130,70,-0.100
74140,70,-0.094
74150,70,-0.094
74160,70,-0.100
74170,70,-0.094
74180,70,-0.094
74190,70,-0.094
74200,70,-0.094
74210,70,-0.094
74220,70,-0.094
74230,70,-0.094
74240,70,-0.100
74250,70,-0.100
74260,70,-0.094
74270,70,-0.100
74280,70,-0.100
74290,70,-0.094
74300,70,-0.094
74310,70,-0.100
74320,70,-0.094
74330,70,-0.094
74340,70,-0.094
74350,70,-0.094
74360,70,-0.094
74370,70,-0.094
74380,70,-0.094
74390,70,-0.094
74400,70,-0.094
74410,70,-0.094
74420,70,-0.087
74430,70,-0.100
74440,70,-0.094
74450,70,-0.094
74460,70,-0.087
74470,70,-0.081
74480,70,-0.087
74490,70,-0.094
74500,70,-0.087
74510,70,-0.094
74520,70,-0.087
74530,70,-0.087
74540,70,-0.087
74550,70,-0.087
74560,70,-0.094
74570,70,-0.087
74580,70,-0.087
74590,70,-0.087
74600,70,-0.087
74610,70,-0.087
74620,70,-0.087
74630,70,-0.087
74640,70,-0.087
74650,70,-0.087
74660,70,-0.087
74670,70,-0.081
74680,70,-0.087
74690,70,-0.087
74700,70,-0.087
74710,70,-0.087
74720,70,-0.087
74730,70,-0.087
74740,70,-0.087
74750,70,-0.094
74760,70,-0.087
74770,70,-0.087
74780,70,-0.100
74790,70,-0.094
74800,70,-0.081
74810,70,-0.087
74820,70,-0.087
74830,70,-0.087
74840,70,-0.094
74850,70,-0.087
74860,70,-0.087
74870,70,-0.081
74880,70,-0.087
74890,70,-0.087
74900,70,-0.087
74910,70,-0.087
74920,70,-0.087
74930,70,-0.094
74940,70,-0.094
74950,70,-0.087
74960,70,-0.087
74970,70,-0.087
74980,70,-0.094
74990,70,-0.087
75000,70,-0.087
75010,70,-0.087
75020,70,-0.087
75030,70,-0.087
75040,70,-0.081
75050,70,-0.087
75060,70,-0.094
75070,70,-0.100
75080,70,-0.087
75090,70,-0.087
75100,70,-0.100
75110,70,-0.094
75120,70,-0.100
75130,70,-0.094
75140,70,-0.100
75150,70,-0.100
75160,70,-0.094
75170,70,-0.087
75180,70,-0.094
75190,70,-0.087
75200,70,-0.094
75210,70,-0.094
75220,70,-0.094
75230,70,-0.094
75240,70,-0.100
75250,70,-0.087
75260,70,-0.094
75270,70,-0.094
75280,70,-0.094
75290,70,-0.087
75300,70,-0.087
75310,70,-0.094
75320,70,-0.094
75330,70,-0.094
75340,70,-0.100
75350,70,-0.087
75360,70,-0.100
75370,70,-0.087
75380,70,-0.100
75390,70,-0.094
75400,70,-0.094
75410,70,-0.094
75420,70,-0.087
75430,70,-0.094
75440,70,-0.094
75450,70,-0.094
75460,70,-0.094
75470,70,-0.075
75480,70,-0.100
75490,70,-0.094
75500,70,-0.094
75510,70,-0.094
75520,70,-0.100
75530,70,-0.094
75540,70,-0.087
75550,70,-0.094
75560,70,-0.094
75570,70,-0.094
75580,70,-0.100
75590,70,-0.087
75600,70,-0.094
75610,70,-0.087
75620,70,-0.094
75630,70,-0.094
75640,70,-0.087
75650,70,-0.094
75660,70,-0.094
75670,70,-0.094
75680,70,-0.094
75690,70,-0.094
75700,70,-0.087
75710,70,-0.100
75720,70,-0.094
75730,70,-0.087
75740,70,-0.087
75750,70,-0.087
75760,70,-0.087
75770,70,-0.094
75780,70,-0.087
75790,70,-0.094
75800,70,-0.081
75810,70,-0.094
75820,70,-0.100
75830,70,-0.094
75840,70,-0.094
75850,70,-0.094
75860,70,-0.100
75870,70,-0.094
75880,70,-0.100
75890,70,-0.094
75900,70,-0.094
75910,70,-0.100
75920,70,-0.094
75930,70,-0.087
75940,70,-0.087
75950,70,-0.094
75960,70,-0.094
75970,70,-0.087
75980,70,-0.094
75990,70,-0.094
76000,70,-0.087
76010,70,-0.094
76020,70,-0.094
76030,70,-0.094
76040,70,-0.094
76050,70,-0.087
76060,70,-0.087
76070,70,-0.094
76080,70,-0.100
76090,70,-0.094
76100,70,-0.094
76110,70,-0.087
76120,70,-0.100
76130,70,-0.087
76140,70,-0.094
76150,70,-0.087
76160,70,-0.087
76170,70,-0.087
76180,70,-0.094
76190,70,-0.100
76200,70,-0.087
76210,70,-0.087
76220,70,-0.094
76230,70,-0.094
76240,70,-0.094
76250,70,-0.094
76260,70,-0.087
76270,70,-0.094
76280,70,-0.094
76290,70,-0.094
76300,70,-0.087
76310,70,-0.087
76320,70,-0.094
76330,70,-0.081
76340,70,-0.094
76350,70,-0.087
76360,70,-0.094
76370,70,-0.081
76380,70,-0.094
76390,70,-0.087
76400,70,-0.100
76410,70,-0.094
76420,70,-0.087
76430,70,-0.087
76440,70,-0.100
76450,70,-0.094
76460,70,-0.100
76470,70,-0.081
76480,70,-0.094
76490,70,-0.087
76500,70,-0.094
76510,70,-0.087
76520,70,-0.087
76530,70,-0.094
76540,70,-0.094
76550,70,-0.100
76560,70,-0.094
76570,70,-0.094
76580,70,-0.094
76590,70,-0.087
76600,70,-0.094
76610,70,-0.094
76620,70,-0.094
76630,70,-0.087
76640,70,-0.094
76650,70,-0.087
76660,70,-0.094
76670,70,-0.087
76680,70,-0.087
76690,70,-0.087
76700,70,-0.087
76710,70,-0.094
76720,70,-0.087
76730,70,-0.094
76740,70,-0.100
76750,70,-0.094
76760,70,-0.094
76770,70,-0.087
76780,70,-0.094
76790,70,-0.087
76800,70,-0.075
76810,70,-0.087
76820,70,-0.087
76830,70,-0.087
76840,70,-0.087
76850,70,-0.087
76860,70,-0.081
76870,70,-0.087
76880,70,-0.087
76890,70,-0.094
76900,70,-0.094
76910,70,-0.100
76920,70,-0.087
76930,70,-0.094
76940,70,-0.087
76950,70,-0.094
76960,70,-0.087
76970,70,-0.087
76980,70,-0.087
76990,70,-0.087
77000,70,-0.094
77010,75,-0.087
77020,75,-0.094
77030,75,-0.094
77040,75,-0.094
77050,75,-0.087
77060,75,-0.087
77070,75,-0.087
77080,75,-0.094
77090,75,-0.087
77100,75,-0.087
77110,75,-0.087
77120,75,-0.087
77130,75,-0.075
77140,75,-0.087
77150,75,-0.094
77160,75,-0.094
77170,75,-0.094
77180,75,-0.094
77190,75,-0.094
77200,75,-0.094
77210,75,-0.094
77220,75,-0.087
77230,75,-0.087
77240,75,-0.094
77250,75,-0.094
77260,75,-0.094
77270,75,-0.094
77280,75,-0.087
77290,75,-0.094
77300,75,-0.094
77310,75,-0.100
77320,75,-0.100
77330,75,-0.094
77340,75,-0.087
77350,75,-0.087
77360,75,-0.094
77370,75,-0.100
77380,75,-0.100
77390,75,-0.100
77400,75,-0.094
77410,75,-0.094
77420,75,-0.094
77430,75,-0.094
77440,75,-0.094
77450,75,-0.094
77460,75,-0.094
77470,75,-0.087
77480,75,-0.094
77490,75,-0.094
77500,75,-0.094
77510,75,-0.094
77520,75,-0.100
77530,75,-0.094
77540,75,-0.094
77550,75,-0.094
77560,75,-0.094
77570,75,-0.094
77580,75,-0.094
77590,75,-0.100
77600,75,-0.094
77610,75,-0.094
77620,75,-0.094
77630,75,-0.087
77640,75,-0.094
77650,75,-0.087
77660,75,-0.094
77670,75,-0.094
77680,75,-0.094
77690,75,-0.087
77700,75,-0.081
77710,75,-0.087
77720,75,-0.087
77730,75,-0.087
77740,75,-0.094
77750,75,-0.094
77760,75,-0.094
77770,75,-0.094
77780,75,-0.094
77790,75,-0.094
77800,75,-0.081
77810,75,-0.087
77820,75,-0.094
77830,75,-0.094
77840,75,-0.100
77850,75,-0.094
77860,75,-0.100
77870,75,-0.094
77880,75,-0.094
77890,75,-0.094
77900,75,-0.100
77910,75,-0.100
77920,75,-0.094
77930,75,-0.087
77940,75,-0.094
77950,75,-0.094
77960,75,-0.087
77970,75,-0.094
77980,75,-0.094
77990,75,-0.094
78000,75,-0.087
78010,75,-0.094
78020,75,-0.100
78030,75,-0.100
78040,75,-0.094
78050,75,-0.094
78060,75,-0.094
78070,75,-0.094
78080,75,-0.094
78090,75,-0.100
78100,75,-0.094
78110,75,-0.094
78120,75,-0.100
78130,75,-0.087
78140,75,-0.094
78150,75,-0.094
78160,75,-0.100
78170,75,-0.094
78180,75,-0.094
78190,75,-0.094
78200,75,-0.094
78210,75,-0.100
78220,75,-0.100
78230,75,-0.100
78240,75,-0.094
78250,75,-0.094
78260,75,-0.094
78270,75,-0.100
78280,75,-0.094
78290,75,-0.094
78300,75,-0.094
78310,75,-0.094
78320,75,-0.094
78330,75,-0.087
78340,75,-0.087
78350,75,-0.094
78360,75,-0.094
78370,75,-0.087
78380,75,-0.100
78390,75,-0.094
78400,75,-0.094
78410,75,-0.100
78420,75,-0.100
78430,75,-0.094
78440,75,-0.094
78450,75,-0.094
78460,75,-0.094
78470,75,-0.087
78480,75,-0.100
78490,75,-0.094
78500,75,-0.094
78510,75,-0.094
78520,75,-0.094
78530,75,-0.094
78540,75,-0.087
78550,75,-0.087
78560,75,-0.094
78570,75,-0.094
78580,75,-0.094
78590,75,-0.094
78600,75,-0.100
78610,75,-0.094
78620,75,-0.100
78630,75,-0.100
78640,75,-0.100
78650,75,-0.094
78660,75,-0.094
78670,75,-0.100
78680,75,-0.100
78690,75,-0.100
78700,75,-0.094
78710,75,-0.094
78720,75,-0.100
78730,75,-0.100
78740,75,-0.094
78750,75,-0.100
78760,75,-0.100
78770,75,-0.106
78780,75,-0.100
78790,75,-0.100
78800,75,-0.087
78810,75,-0.094
78820,75,-0.094
78830,75,-0.100
78840,75,-0.100
78850,75,-0.100
78860,75,-0.100
78870,75,-0.106
78880,75,-0.100
78890,75,-0.100
78900,75,-0.100
78910,75,-0.100
78920,75,-0.100
78930,75,-0.100
78940,75,-0.100
78950,75,-0.100
78960,75,-0.100
78970,75,-0.100
78980,75,-0.100
78990,75,-0.100
79000,75,-0.094
79010,75,-0.100
79020,75,-0.094
79030,75,-0.100
79040,75,-0.100
79050,75,-0.094
79060,75,-0.100
79070,75,-0.100
79080,75,-0.094
79090,75,-0.094
79100,75,-0.100
79110,75,-0.100
79120,75,-0.100
79130,75,-0.087
79140,75,-0.100
79150,75,-0.094
79160,75,-0.100
79170,75,-0.100
79180,75,-0.094
79190,75,-0.100
79200,75,-0.100
79210,75,-0.100
79220,75,-0.100
79230,75,-0.100
79240,75,-0.100
79250,75,-0.094
79260,75,-0.100
79270,75,-0.094
79280,75,-0.100
79290,75,-0.100
79300,75,-0.106
79310,75,-0.100
79320,75,-0.100
79330,75,-0.100
79340,75,-0.100
79350,75,-0.100
79360,75,-0.100
79370,75,-0.100
79380,75,-0.100
79390,75,-0.094
79400,75,-0.100
79410,75,-0.100
79420,75,-0.100
79430,75,-0.100
79440,75,-0.100
79450,75,-0.100
79460,75,-0.094
79470,75,-0.094
79480,75,-0.094
79490,75,-0.094
79500,75,-0.094
79510,75,-0.094
79520,75,-0.100
79530,75,-0.100
79540,75,-0.094
79550,75,-0.100
79560,75,-0.094
79570,75,-0.094
79580,75,-0.094
79590,75,-0.100
79600,75,-0.100
79610,75,-0.094
79620,75,-0.094
79630,75,-0.094
79640,75,-0.094
79650,75,-0.087
79660,75,-0.094
79670,75,-0.094
79680,75,-0.094
79690,75,-0.100
79700,75,-0.094
79710,75,-0.100
79720,75,-0.094
79730,75,-0.100
79740,75,-0.094
79750,75,-0.094
79760,75,-0.100
79770,75,-0.100
79780,75,-0.106
79790,75,-0.106
79800,75,-0.094
79810,75,-0.094
79820,75,-0.094
79830,75,-0.094
79840,75,-0.100
79850,75,-0.094
79860,75,-0.100
79870,75,-0.094
79880,75,-0.100
79890,75,-0.094
79900,75,-0.100
79910,75,-0.100
79920,75,-0.106
79930,75,-0.100
79940,75,-0.100
79950,75,-0.100
79960,75,-0.100
79970,75,-0.100
79980,75,-0.100
79990,75,-0.100
80000,75,-0.100
80010,75,-0.094
80020,75,-0.100
80030,75,-0.106
80040,75,-0.106
80050,75,-0.106
80060,75,-0.106
80070,75,-0.106
80080,75,-0.100
80090,75,-0.100
80100,75,-0.100
80110,75,-0.100
80120,75,-0.106
80130,75,-0.094
80140,75,-0.094
80150,75,-0.100
80160,75,-0.100
80170,75,-0.100
80180,75,-0.100
80190,75,-0.100
80200,75,-0.100
80210,75,-0.100
80220,75,-0.100
80230,75,-0.100
80240,75,-0.100
80250,75,-0.100
80260,75,-0.100
80270,75,-0.100
80280,75,-0.100
80290,75,-0.100
80300,75,-0.100
80310,75,-0.100
80320,75,-0.100
80330,75,-0.094
80340,75,-0.100
80350,75,-0.100
80360,75,-0.100
80370,75,-0.100
80380,75,-0.100
80390,75,-0.100
80400,75,-0.100
80410,75,-0.100
80420,75,-0.100
80430,75,-0.100
80440,75,-0.094
80450,75,-0.100
80460,75,-0.094
80470,75,-0.094
80480,75,-0.094
80490,75,-0.100
80500,75,-0.100
80510,75,-0.100
80520,75,-0.100
80530,75,-0.094
80540,75,-0.094
80550,75,-0.094
80560,75,-0.100
80570,75,-0.094
80580,75,-0.094
80590,75,-0.100
80600,75,-0.100
80610,75,-0.100
80620,75,-0.094
80630,75,-0.100
80640,75,-0.100
80650,75,-0.100
80660,75,-0.094
80670,75,-0.100
80680,75,-0.100
80690,75,-0.100
80700,75,-0.106
80710,75,-0.100
80720,75,-0.094
80730,75,-0.100
80740,75,-0.094
80750,75,-0.094
80760,75,-0.100
80770,75,-0.094
80780,75,-0.094
80790,75,-0.100
80800,75,-0.087
80810,75,-0.100
80820,75,-0.106
80830,75,-0.106
80840,75,-0.106
80850,75,-0.100
80860,75,-0.100
80870,75,-0.106
80880,75,-0.100
80890,75,-0.100
80900,75,-0.106
80910,75,-0.100
80920,75,-0.106
80930,75,-0.100
80940,75,-0.100
80950,75,-0.106
80960,75,-0.106
80970,75,-0.106
80980,75,-0.106
80990,75,-0.100
81000,75,-0.094
81010,75,-0.100
81020,75,-0.100
81030,75,-0.100
81040,75,-0.094
81050,75,-0.100
81060,75,-0.094
81070,75,-0.100
81080,75,-0.100
81090,75,-0.094
81100,75,-0.100
81110,75,-0.094
81120,75,-0.087
81130,75,-0.087
81140,75,-0.100
81150,75,-0.100
81160,75,-0.094
81170,75,-0.094
81180,75,-0.094
81190,75,-0.100
81200,75,-0.094
81210,75,-0.100
81220,75,-0.100
81230,75,-0.106
81240,75,-0.094
81250,75,-0.100
81260,75,-0.100
81270,75,-0.100
81280,75,-0.106
81290,75,-0.100
81300,75,-0.094
81310,75,-0.094
81320,75,-0.094
81330,75,-0.100
81340,75,-0.100
81350,75,-0.100
81360,75,-0.100
81370,75,-0.100
81380,75,-0.100
81390,75,-0.094
81400,75,-0.094
81410,75,-0.100
81420,75,-0.094
81430,75,-0.094
81440,75,-0.100
81450,75,-0.094
81460,75,-0.081
81470,75,-0.094
81480,75,-0.087
81490,75,-0.094
81500,75,-0.094
81510,75,-0.094
81520,75,-0.100
81530,75,-0.094
81540,75,-0.094
81550,75,-0.100
81560,75,-0.100
81570,75,-0.100
81580,75,-0.100
81590,75,-0.094
81600,75,-0.094
81610,75,-0.100
81620,75,-0.100
81630,75,-0.100
81640,75,-0.100
81650,75,-0.094
81660,75,-0.087
81670,75,-0.094
81680,75,-0.100
81690,75,-0.100
81700,75,-0.100
81710,75,-0.100
81720,75,-0.100
81730,75,-0.100
81740,75,-0.100
81750,75,-0.094
81760,75,-0.100
81770,75,-0.094
81780,75,-0.100
81790,75,-0.100
81800,75,-0.094
81810,75,-0.100
81820,75,-0.100
81830,75,-0.094
81840,75,-0.100
81850,75,-0.100
81860,75,-0.094
81870,75,-0.100
81880,75,-0.100
81890,75,-0.100
81900,75,-0.100
81910,75,-0.100
81920,75,-0.100
81930,75,-0.100
81940,75,-0.100
81950,75,-0.100
81960,75,-0.100
81970,75,-0.100
81980,75,-0.094
81990,75,-0.100
82000,75,-0.100
82010,80,-0.100
82020,80,-0.094
82030,80,-0.100
82040,80,-0.094
82050,80,-0.094
82060,80,-0.094
82070,80,-0.100
82080,80,-0.094
82090,80,-0.094
82100,80,-0.094
82110,80,-0.094
82120,80,-0.100
82130,80,-0.087
82140,80,-0.100
82150,80,-0.100
82160,80,-0.094
82170,80,-0.100
82180,80,-0.094
82190,80,-0.100
82200,80,-0.094
82210,80,-0.094
82220,80,-0.087
82230,80,-0.094
82240,80,-0.087
82250,80,-0.094
82260,80,-0.094
82270,80,-0.094
82280,80,-0.094
82290,80,-0.100
82300,80,-0.100
82310,80,-0.100
82320,80,-0.094
82330,80,-0.094
82340,80,-0.100
82350,80,-0.100
82360,80,-0.094
82370,80,-0.100
82380,80,-0.100
82390,80,-0.100
82400,80,-0.100
82410,80,-0.094
82420,80,-0.100
82430,80,-0.100
82440,80,-0.100
82450,80,-0.100
82460,80,-0.094
82470,80,-0.094
82480,80,-0.100
82490,80,-0.100
82500,80,-0.100
82510,80,-0.100
82520,80,-0.100
82530,80,-0.100
82540,80,-0.094
82550,80,-0.100
82560,80,-0.094
82570,80,-0.100
82580,80,-0.094
82590,80,-0.087
82600,80,-0.094
82610,80,-0.100
82620,80,-0.094
82630,80,-0.100
82640,80,-0.087
82650,80,-0.094
82660,80,-0.094
82670,80,-0.100
82680,80,-0.094
82690,80,-0.094
82700,80,-0.087
82710,80,-0.100
82720,80,-0.094
82730,80,-0.100
82740,80,-0.094
82750,80,-0.094
82760,80,-0.094
82770,80,-0.094
82780,80,-0.094
82790,80,-0.087
82800,80,-0.087
82810,80,-0.100
82820,80,-0.100
82830,80,-0.094
82840,80,-0.094
82850,80,-0.087
82860,80,-0.087
82870,80,-0.087
82880,80,-0.087
82890,80,-0.087
82900,80,-0.094
82910,80,-0.087
82920,80,-0.094
82930,80,-0.094
82940,80,-0.100
82950,80,-0.100
82960,80,-0.100
82970,80,-0.094
82980,80,-0.106
82990,80,-0.100
83000,80,-0.100
83010,80,-0.100
83020,80,-0.106
83030,80,-0.094
83040,80,-0.100
83050,80,-0.094
83060,80,-0.100
83070,80,-0.094
83080,80,-0.094
83090,80,-0.094
83100,80,-0.100
83110,80,-0.094
83120,80,-0.100
83130,80,-0.094
83140,80,-0.094
83150,80,-0.094
83160,80,-0.100
83170,80,-0.094
83180,80,-0.100
83190,80,-0.094
83200,80,-0.100
83210,80,-0.094
83220,80,-0.100
83230,80,-0.094
83240,80,-0.100
83250,80,-0.094
83260,80,-0.100
83270,80,-0.094
83280,80,-0.100
83290,80,-0.094
83300,80,-0.094
83310,80,-0.094
83320,80,-0.100
83330,80,-0.094
83340,80,-0.100
83350,80,-0.087
83360,80,-0.100
83370,80,-0.094
83380,80,-0.094
83390,80,-0.087
83400,80,-0.100
83410,80,-0.087
83420,80,-0.100
83430,80,-0.094
83440,80,-0.100
83450,80,-0.094
83460,80,-0.087
83470,80,-0.094
83480,80,-0.100
83490,80,-0.094
83500,80,-0.100
83510,80,-0.087
83520,80,-0.100
83530,80,-0.094
83540,80,-0.100
83550,80,-0.100
83560,80,-0.106
83570,80,-0.094
83580,80,-0.100
83590,80,-0.094
83600,80,-0.100
83610,80,-0.094
83620,80,-0.094
83630,80,-0.094
83640,80,-0.100
83650,80,-0.094
83660,80,-0.100
83670,80,-0.100
83680,80,-0.094
83690,80,-0.094
83700,80,-0.094
83710,80,-0.100
83720,80,-0.100
83730,80,-0.094
83740,80,-0.094
83750,80,-0.100
83760,80,-0.094
83770,80,-0.106
83780,80,-0.094
83790,80,-0.106
83800,80,-0.100
83810,80,-0.100
83820,80,-0.100
83830,80,-0.100
83840,80,-0.100
83850,80,-0.100
83860,80,-0.100
83870,80,-0.100
83880,80,-0.094
83890,80,-0.094
83900,80,-0.100
83910,80,-0.094
83920,80,-0.087
83930,80,-0.094
83940,80,-0.094
83950,80,-0.094
83960,80,-0.094
83970,80,-0.094
83980,80,-0.100
83990,80,-0.100
84000,80,-0.100
84010,80,-0.100
84020,80,-0.100
84030,80,-0.100
84040,80,-0.094
84050,80,-0.100
84060,80,-0.094
84070,80,-0.100
84080,80,-0.094
84090,80,-0.094
84100,80,-0.100
84110,80,-0.100
84120,80,-0.094
84130,80,-0.087
84140,80,-0.094
84150,80,-0.094
84160,80,-0.087
84170,80,-0.094
84180,80,-0.094
84190,80,-0.094
84200,80,-0.094
84210,80,-0.100
84220,80,-0.094
84230,80,-0.094
84240,80,-0.094
84250,80,-0.094
84260,80,-0.094
84270,80,-0.094
84280,80,-0.094
84290,80,-0.100
84300,80,-0.094
84310,80,-0.100
84320,80,-0.100
84330,80,-0.094
84340,80,-0.100
84350,80,-0.100
84360,80,-0.094
84370,80,-0.094
84380,80,-0.100
84390,80,-0.094
84400,80,-0.100
84410,80,-0.100
84420,80,-0.100
84430,80,-0.100
84440,80,-0.100
84450,80,-0.100
84460,80,-0.087
84470,80,-0.100
84480,80,-0.100
84490,80,-0.100
84500,80,-0.094
84510,80,-0.100
84520,80,-0.100
84530,80,-0.094
84540,80,-0.094
84550,80,-0.106
84560,80,-0.100
84570,80,-0.100
84580,80,-0.094
84590,80,-0.100
84600,80,-0.094
84610,80,-0.100
84620,80,-0.094
84630,80,-0.100
84640,80,-0.100
84650,80,-0.106
84660,80,-0.100
84670,80,-0.100
84680,80,-0.106
84690,80,-0.094
84700,80,-0.094
84710,80,-0.100
84720,80,-0.094
84730,80,-0.094
84740,80,-0.100
84750,80,-0.100
84760,80,-0.100
84770,80,-0.100
84780,80,-0.100
84790,80,-0.087
84800,80,-0.094
84810,80,-0.106
84820,80,-0.100
84830,80,-0.100
84840,80,-0.100
84850,80,-0.100
84860,80,-0.100
84870,80,-0.100
84880,80,-0.100
84890,80,-0.100
84900,80,-0.094
84910,80,-0.094
84920,80,-0.100
84930,80,-0.100
84940,80,-0.100
84950,80,-0.100
84960,80,-0.100
84970,80,-0.100
84980,80,-0.094
84990,80,-0.106
85000,80,-0.100
85010,80,-0.100
85020,80,-0.094
85030,80,-0.100
85040,80,-0.100
85050,80,-0.100
85060,80,-0.106
85070,80,-0.100
85080,80,-0.094
85090,80,-0.100
85100,80,-0.094
85110,80,-0.100
85120,80,-0.100
85130,80,-0.094
85140,80,-0.094
85150,80,-0.100
85160,80,-0.100
85170,80,-0.100
85180,80,-0.100
85190,80,-0.100
85200,80,-0.100
85210,80,-0.100
85220,80,-0.094
85230,80,-0.094
85240,80,-0.094
85250,80,-0.094
85260,80,-0.094
85270,80,-0.094
85280,80,-0.100
85290,80,-0.094
85300,80,-0.094
85310,80,-0.094
85320,80,-0.100
85330,80,-0.087
85340,80,-0.094
85350,80,-0.087
85360,80,-0.087
85370,80,-0.094
85380,80,-0.094
85390,80,-0.100
85400,80,-0.094
85410,80,-0.100
85420,80,-0.100
85430,80,-0.100
85440,80,-0.100
85450,80,-0.094
85460,80,-0.081
85470,80,-0.094
85480,80,-0.094
85490,80,-0.100
85500,80,-0.100
85510,80,-0.094
85520,80,-0.094
85530,80,-0.094
85540,80,-0.094
85550,80,-0.094
85560,80,-0.094
85570,80,-0.100
85580,80,-0.094
85590,80,-0.094
85600,80,-0.100
85610,80,-0.094
85620,80,-0.094
85630,80,-0.100
85640,80,-0.100
85650,80,-0.094
85660,80,-0.087
85670,80,-0.100
85680,80,-0.094
85690,80,-0.100
85700,80,-0.094
85710,80,-0.094
85720,80,-0.087
85730,80,-0.094
85740,80,-0.087
85750,80,-0.087
85760,80,-0.094
85770,80,-0.094
85780,80,-0.100
85790,80,-0.081
85800,80,-0.094
85810,80,-0.094
85820,80,-0.087
85830,80,-0.094
85840,80,-0.087
85850,80,-0.094
85860,80,-0.094
85870,80,-0.087
85880,80,-0.087
85890,80,-0.094
85900,80,-0.094
85910,80,-0.094
85920,80,-0.094
85930,80,-0.094
85940,80,-0.100
85950,80,-0.100
85960,80,-0.094
85970,80,-0.094
85980,80,-0.100
85990,80,-0.100
86000,80,-0.094
86010,80,-0.094
86020,80,-0.100
86030,80,-0.100
86040,80,-0.100
86050,80,-0.100
86060,80,-0.094
86070,80,-0.100
86080,80,-0.094
86090,80,-0.100
86100,80,-0.087
86110,80,-0.094
86120,80,-0.094
86130,80,-0.094
86140,80,-0.094
86150,80,-0.100
86160,80,-0.094
86170,80,-0.100
86180,80,-0.094
86190,80,-0.100
86200,80,-0.094
86210,80,-0.106
86220,80,-0.100
86230,80,-0.100
86240,80,-0.094
86250,80,-0.094
86260,80,-0.094
86270,80,-0.106
86280,80,-0.094
86290,80,-0.100
86300,80,-0.094
86310,80,-0.100
86320,80,-0.094
86330,80,-0.100
86340,80,-0.100
86350,80,-0.100
86360,80,-0.100
86370,80,-0.100
86380,80,-0.094
86390,80,-0.100
86400,80,-0.094
86410,80,-0.106
86420,80,-0.100
86430,80,-0.100
86440,80,-0.094
86450,80,-0.100
86460,80,-0.081
86470,80,-0.106
86480,80,-0.100
86490,80,-0.106
86500,80,-0.100
86510,80,-0.100
86520,80,-0.100
86530,80,-0.100
86540,80,-0.094
86550,80,-0.100
86560,80,-0.100
86570,80,-0.100
86580,80,-0.094
86590,80,-0.100
86600,80,-0.100
86610,80,-0.100
86620,80,-0.100
86630,80,-0.094
86640,80,-0.094
86650,80,-0.106
86660,80,-0.094
86670,80,-0.100
86680,80,-0.100
86690,80,-0.106
86700,80,-0.100
86710,80,-0.100
86720,80,-0.094
86730,80,-0.100
86740,80,-0.094
86750,80,-0.100
86760,80,-0.094
86770,80,-0.100
86780,80,-0.094
86790,80,-0.087
86800,80,-0.094
86810,80,-0.094
86820,80,-0.094
86830,80,-0.094
86840,80,-0.087
86850,80,-0.087
86860,80,-0.094
86870,80,-0.100
86880,80,-0.100
86890,80,-0.094
86900,80,-0.094
86910,80,-0.094
86920,80,-0.094
86930,80,-0.087
86940,80,-0.094
86950,80,-0.094
86960,80,-0.094
86970,80,-0.094
86980,80,-0.100
86990,80,-0.094
87000,80,-0.094
87010,85,-0.094
87020,85,-0.094
87030,85,-0.094
87040,85,-0.094
87050,85,-0.087
87060,85,-0.094
87070,85,-0.094
87080,85,-0.087
87090,85,-0.094
87100,85,-0.094
87110,85,-0.094
87120,85,-0.094
87130,85,-0.094
87140,85,-0.094
87150,85,-0.094
87160,85,-0.094
87170,85,-0.094
87180,85,-0.087
87190,85,-0.087
87200,85,-0.094
87210,85,-0.087
87220,85,-0.094
87230,85,-0.094
87240,85,-0.087
87250,85,-0.094
87260,85,-0.094
87270,85,-0.094
87280,85,-0.094
87290,85,-0.087
87300,85,-0.087
87310,85,-0.087
87320,85,-0.087
87330,85,-0.087
87340,85,-0.094
87350,85,-0.094
87360,85,-0.100
87370,85,-0.094
87380,85,-0.094
87390,85,-0.094
87400,85,-0.094
87410,85,-0.094
87420,85,-0.094
87430,85,-0.094
87440,85,-0.100
87450,85,-0.094
87460,85,-0.087
87470,85,-0.094
87480,85,-0.100
87490,85,-0.094
87500,85,-0.100
87510,85,-0.094
87520,85,-0.100
87530,85,-0.094
87540,85,-0.094
87550,85,-0.087
87560,85,-0.087
87570,85,-0.094
87580,85,-0.094
87590,85,-0.094
87600,85,-0.094
87610,85,-0.094
87620,85,-0.100
87630,85,-0.100
87640,85,-0.087
87650,85,-0.100
87660,85,-0.094
87670,85,-0.100
87680,85,-0.094
87690,85,-0.100
87700,85,-0.094
87710,85,-0.094
87720,85,-0.094
87730,85,-0.094
87740,85,-0.094
87750,85,-0.094
87760,85,-0.094
87770,85,-0.094
87780,85,-0.087
87790,85,-0.081
87800,85,-0.094
87810,85,-0.094
87820,85,-0.087
87830,85,-0.094
87840,85,-0.087
87850,85,-0.087
87860,85,-0.094
87870,85,-0.087
87880,85,-0.094
87890,85,-0.094
87900,85,-0.087
87910,85,-0.087
87920,85,-0.087
87930,85,-0.087
87940,85,-0.087
87950,85,-0.087
87960,85,-0.087
87970,85,-0.087
87980,85,-0.094
87990,85,-0.094
88000,85,-0.094
88010,85,-0.094
88020,85,-0.094
88030,85,-0.087
88040,85,-0.087
88050,85,-0.087
88060,85,-0.087
88070,85,-0.094
88080,85,-0.094
88090,85,-0.094
88100,85,-0.100
88110,85,-0.094
88120,85,-0.081
88130,85,-0.094
88140,85,-0.094
88150,85,-0.094
88160,85,-0.094
88170,85,-0.094
88180,85,-0.100
88190,85,-0.094
88200,85,-0.100
88210,85,-0.094
88220,85,-0.094
88230,85,-0.100
88240,85,-0.094
88250,85,-0.094
88260,85,-0.094
88270,85,-0.094
88280,85,-0.094
88290,85,-0.100
88300,85,-0.094
88310,85,-0.087
88320,85,-0.087
88330,85,-0.094
88340,85,-0.094
88350,85,-0.100
88360,85,-0.094
88370,85,-0.094
88380,85,-0.094
88390,85,-0.094
88400,85,-0.094
88410,85,-0.094
88420,85,-0.094
88430,85,-0.100
88440,85,-0.094
88450,85,-0.094
88460,85,-0.075
88470,85,-0.094
88480,85,-0.094
88490,85,-0.087
88500,85,-0.094
88510,85,-0.094
88520,85,-0.100
88530,85,-0.100
88540,85,-0.100
88550,85,-0.094
88560,85,-0.094
88570,85,-0.094
88580,85,-0.094
88590,85,-0.094
88600,85,-0.094
88610,85,-0.094
88620,85,-0.094
88630,85,-0.094
88640,85,-0.094
88650,85,-0.094
88660,85,-0.100
88670,85,-0.094
88680,85,-0.100
88690,85,-0.087
88700,85,-0.100
88710,85,-0.094
88720,85,-0.100
88730,85,-0.094
88740,85,-0.094
88750,85,-0.094
88760,85,-0.094
88770,85,-0.100
88780,85,-0.094
88790,85,-0.081
88800,85,-0.100
88810,85,-0.094
88820,85,-0.094
88830,85,-0.094
88840,85,-0.094
88850,85,-0.094
88860,85,-0.094
88870,85,-0.100
88880,85,-0.094
88890,85,-0.100
88900,85,-0.100
88910,85,-0.094
88920,85,-0.100
88930,85,-0.100
88940,85,-0.100
88950,85,-0.100
88960,85,-0.094
88970,85,-0.094
88980,85,-0.094
88990,85,-0.094
89000,85,-0.094
89010,85,-0.094
89020,85,-0.100
89030,85,-0.094
89040,85,-0.094
89050,85,-0.094
89060,85,-0.100
89070,85,-0.094
89080,85,-0.094
89090,85,-0.100
89100,85,-0.094
89110,85,-0.100
89120,85,-0.087
89130,85,-0.094
89140,85,-0.100
89150,85,-0.094
89160,85,-0.094
89170,85,-0.100
89180,85,-0.094
89190,85,-0.100
89200,85,-0.100
89210,85,-0.094
89220,85,-0.094
89230,85,-0.100
89240,85,-0.094
89250,85,-0.094
89260,85,-0.094
89270,85,-0.100
89280,85,-0.094
89290,85,-0.094
89300,85,-0.100
89310,85,-0.100
89320,85,-0.094
89330,85,-0.100
89340,85,-0.094
89350,85,-0.100
89360,85,-0.094
89370,85,-0.094
89380,85,-0.100
89390,85,-0.100
89400,85,-0.094
89410,85,-0.100
89420,85,-0.100
89430,85,-0.100
89440,85,-0.100
89450,85,-0.100
89460,85,-0.094
89470,85,-0.100
89480,85,-0.100
89490,85,-0.100
89500,85,-0.100
89510,85,-0.100
89520,85,-0.100
89530,85,-0.106
89540,85,-0.100
89550,85,-0.100
89560,85,-0.100
89570,85,-0.100
89580,85,-0.100
89590,85,-0.100
89600,85,-0.100
89610,85,-0.100
89620,85,-0.100
89630,85,-0.100
89640,85,-0.106
89650,85,-0.100
89660,85,-0.094
89670,85,-0.100
89680,85,-0.094
89690,85,-0.094
89700,85,-0.094
89710,85,-0.094
89720,85,-0.094
89730,85,-0.094
89740,85,-0.094
89750,85,-0.094
89760,85,-0.100
89770,85,-0.094
89780,85,-0.100
89790,85,-0.087
89800,85,-0.100
89810,85,-0.100
89820,85,-0.094
89830,85,-0.094
89840,85,-0.100
89850,85,-0.094
89860,85,-0.100
89870,85,-0.094
89880,85,-0.100
89890,85,-0.094
89900,85,-0.100
89910,85,-0.100
89920,85,-0.100
89930,85,-0.100
89940,85,-0.100
89950,85,-0.100
89960,85,-0.094
89970,85,-0.094
89980,85,-0.100
89990,85,-0.094
90000,85,-0.100
90010,85,-0.100
90020,85,-0.100
90030,85,-0.094
90040,85,-0.100
90050,85,-0.100
90060,85,-0.100
90070,85,-0.094
90080,85,-0.094
90090,85,-0.100
90100,85,-0.094
90110,85,-0.094
90120,85,-0.087
90130,85,-0.094
90140,85,-0.100
90150,85,-0.094
90160,85,-0.100
90170,85,-0.100
90180,85,-0.100
90190,85,-0.094
90200,85,-0.094
90210,85,-0.094
90220,85,-0.094
90230,85,-0.094
90240,85,-0.094
90250,85,-0.094
90260,85,-0.094
90270,85,-0.094
90280,85,-0.100
90290,85,-0.094
90300,85,-0.100
90310,85,-0.094
90320,85,-0.094
90330,85,-0.094
90340,85,-0.094
90350,85,-0.094
90360,85,-0.094
90370,85,-0.094
90380,85,-0.094
90390,85,-0.100
90400,85,-0.100
90410,85,-0.094
90420,85,-0.106
90430,85,-0.094
90440,85,-0.100
90450,85,-0.094
90460,85,-0.100
90470,85,-0.094
90480,85,-0.100
90490,85,-0.100
90500,85,-0.094
90510,85,-0.100
90520,85,-0.100
90530,85,-0.100
90540,85,-0.100
90550,85,-0.106
90560,85,-0.100
90570,85,-0.100
90580,85,-0.106
90590,85,-0.100
90600,85,-0.100
90610,85,-0.100
90620,85,-0.100
90630,85,-0.106
90640,85,-0.100
90650,85,-0.100
90660,85,-0.100
90670,85,-0.100
90680,85,-0.106
90690,85,-0.100
90700,85,-0.100
90710,85,-0.100
90720,85,-0.100
90730,85,-0.094
90740,85,-0.094
90750,85,-0.100
90760,85,-0.100
90770,85,-0.094
90780,85,-0.094
90790,85,-0.081
90800,85,-0.094
90810,85,-0.094
90820,85,-0.100
90830,85,-0.094
90840,85,-0.100
90850,85,-0.100
90860,85,-0.094
90870,85,-0.094
90880,85,-0.094
90890,85,-0.094
90900,85,-0.094
90910,85,-0.100
90920,85,-0.100
90930,85,-0.094
90940,85,-0.100
90950,85,-0.100
90960,85,-0.100
90970,85,-0.094
90980,85,-0.094
90990,85,-0.094
91000,85,-0.094
91010,85,-0.094
91020,85,-0.094
91030,85,-0.100
91040,85,-0.094
91050,85,-0.094
91060,85,-0.094
91070,85,-0.094
91080,85,-0.094
91090,85,-0.094
91100,85,-0.094
91110,85,-0.094
91120,85,-0.081
91130,85,-0.087
91140,85,-0.094
91150,85,-0.087
91160,85,-0.094
91170,85,-0.087
91180,85,-0.094
91190,85,-0.087
91200,85,-0.094
91210,85,-0.094
91220,85,-0.094
91230,85,-0.094
91240,85,-0.094
91250,85,-0.094
91260,85,-0.094
91270,85,-0.094
91280,85,-0.094
91290,85,-0.100
91300,85,-0.100
91310,85,-0.100
91320,85,-0.094
91330,85,-0.094
91340,85,-0.100
91350,85,-0.100
91360,85,-0.100
91370,85,-0.094
91380,85,-0.094
91390,85,-0.094
91400,85,-0.100
91410,85,-0.100
91420,85,-0.100
91430,85,-0.100
91440,85,-0.100
91450,85,-0.094
91460,85,-0.100
91470,85,-0.100
91480,85,-0.100
91490,85,-0.100
91500,85,-0.100
91510,85,-0.100
91520,85,-0.100
91530,85,-0.100
91540,85,-0.100
91550,85,-0.094
91560,85,-0.094
91570,85,-0.094
91580,85,-0.100
91590,85,-0.100
91600,85,-0.100
91610,85,-0.094
91620,85,-0.100
91630,85,-0.100
91640,85,-0.100
91650,85,-0.100
91660,85,-0.100
91670,85,-0.100
91680,85,-0.100
91690,85,-0.094
91700,85,-0.100
91710,85,-0.094
91720,85,-0.100
91730,85,-0.100
91740,85,-0.094
91750,85,-0.100
91760,85,-0.100
91770,85,-0.094
91780,85,-0.100
91790,85,-0.081
91800,85,-0.094
91810,85,-0.094
91820,85,-0.100
91830,85,-0.100
91840,85,-0.100
91850,85,-0.100
91860,85,-0.100
91870,85,-0.100
91880,85,-0.094
91890,85,-0.094
91900,85,-0.094
91910,85,-0.094
91920,85,-0.094
91930,85,-0.094
91940,85,-0.094
91950,85,-0.100
91960,85,-0.094
91970,85,-0.100
91980,85,-0.094
91990,85,-0.094
92000,85,-0.094
92010,90,-0.094
92020,90,-0.094
92030,90,-0.094
92040,90,-0.094
92050,90,-0.100
92060,90,-0.100
92070,90,-0.100
92080,90,-0.094
92090,90,-0.100
92100,90,-0.100
92110,90,-0.094
92120,90,-0.087
92130,90,-0.100
92140,90,-0.100
92150,90,-0.094
92160,90,-0.094
92170,90,-0.100
92180,90,-0.094
92190,90,-0.100
92200,90,-0.094
92210,90,-0.100
92220,90,-0.100
92230,90,-0.094
92240,90,-0.100
92250,90,-0.100
92260,90,-0.100
92270,90,-0.094
92280,90,-0.094
92290,90,-0.094
92300,90,-0.094
92310,90,-0.094
92320,90,-0.094
92330,90,-0.094
92340,90,-0.100
92350,90,-0.094
92360,90,-0.100
92370,90,-0.100
92380,90,-0.094
92390,90,-0.100
92400,90,-0.100
92410,90,-0.094
92420,90,-0.100
92430,90,-0.100
92440,90,-0.100
92450,90,-0.094
92460,90,-0.100
92470,90,-0.100
92480,90,-0.100
92490,90,-0.100
92500,90,-0.100
92510,90,-0.100
92520,90,-0.106
92530,90,-0.100
92540,90,-0.094
92550,90,-0.100
92560,90,-0.100
92570,90,-0.094
92580,90,-0.094
92590,90,-0.100
92600,90,-0.094
92610,90,-0.100
92620,90,-0.094
92630,90,-0.094
92640,90,-0.094
92650,90,-0.094
92660,90,-0.094
92670,90,-0.100
92680,90,-0.094
92690,90,-0.094
92700,90,-0.100
92710,90,-0.100
92720,90,-0.100
92730,90,-0.100
92740,90,-0.100
92750,90,-0.100
92760,90,-0.100
92770,90,-0.100
92780,90,-0.100
92790,90,-0.094
92800,90,-0.100
92810,90,-0.100
92820,90,-0.100
92830,90,-0.100
92840,90,-0.106
92850,90,-0.100
92860,90,-0.100
92870,90,-0.100
92880,90,-0.100
92890,90,-0.100
92900,90,-0.100
92910,90,-0.100
92920,90,-0.094
92930,90,-0.094
92940,90,-0.100
92950,90,-0.100
92960,90,-0.106
92970,90,-0.100
92980,90,-0.106
92990,90,-0.100
93000,90,-0.106
93010,90,-0.100
93020,90,-0.100
93030,90,-0.100
93040,90,-0.100
93050,90,-0.100
93060,90,-0.100
93070,90,-0.100
93080,90,-0.106
93090,90,-0.106
93100,90,-0.106
93110,90,-0.106
93120,90,-0.094
93130,90,-0.100
93140,90,-0.100
93150,90,-0.100
93160,90,-0.100
93170,90,-0.100
93180,90,-0.100
93190,90,-0.100
93200,90,-0.100
93210,90,-0.100
93220,90,-0.100
93230,90,-0.100
93240,90,-0.100
93250,90,-0.100
93260,90,-0.100
93270,90,-0.106
93280,90,-0.094
93290,90,-0.100
93300,90,-0.106
93310,90,-0.100
93320,90,-0.100
93330,90,-0.100
93340,90,-0.106
93350,90,-0.100
93360,90,-0.106
93370,90,-0.100
93380,90,-0.094
93390,90,-0.100
93400,90,-0.100
93410,90,-0.100
93420,90,-0.100
93430,90,-0.100
93440,90,-0.100
93450,90,-0.087
93460,90,-0.100
93470,90,-0.100
93480,90,-0.100
93490,90,-0.106
93500,90,-0.106
93510,90,-0.106
93520,90,-0.106
93530,90,-0.106
93540,90,-0.106
93550,90,-0.100
93560,90,-0.094
93570,90,-0.100
93580,90,-0.100
93590,90,-0.100
93600,90,-0.100
93610,90,-0.100
93620,90,-0.100
93630,90,-0.100
93640,90,-0.100
93650,90,-0.094
93660,90,-0.100
93670,90,-0.100
93680,90,-0.100
93690,90,-0.106
93700,90,-0.100
93710,90,-0.106
93720,90,-0.106
93730,90,-0.106
93740,90,-0.100
93750,90,-0.100
93760,90,-0.100
93770,90,-0.100
93780,90,-0.106
93790,90,-0.094
93800,90,-0.100
93810,90,-0.100
93820,90,-0.106
93830,90,-0.100
93840,90,-0.106
93850,90,-0.100
93860,90,-0.100
93870,90,-0.100
93880,90,-0.106
93890,90,-0.100
93900,90,-0.100
93910,90,-0.100
93920,90,-0.100
93930,90,-0.100
93940,90,-0.100
93950,90,-0.100
93960,90,-0.100
93970,90,-0.100
93980,90,-0.100
93990,90,-0.106
94000,90,-0.106
94010,90,-0.106
94020,90,-0.100
94030,90,-0.106
94040,90,-0.106
94050,90,-0.106
94060,90,-0.106
94070,90,-0.100
94080,90,-0.106
94090,90,-0.106
94100,90,-0.106
94110,90,-0.106
94120,90,-0.087
94130,90,-0.106
94140,90,-0.106
94150,90,-0.100
94160,90,-0.100
94170,90,-0.100
94180,90,-0.100
94190,90,-0.100
94200,90,-0.100
94210,90,-0.094
94220,90,-0.100
94230,90,-0.100
94240,90,-0.100
94250,90,-0.100
94260,90,-0.100
94270,90,-0.100
94280,90,-0.106
94290,90,-0.100
94300,90,-0.100
94310,90,-0.100
94320,90,-0.100
94330,90,-0.100
94340,90,-0.100
94350,90,-0.100
94360,90,-0.106
94370,90,-0.106
94380,90,-0.106
94390,90,-0.106
94400,90,-0.100
94410,90,-0.100
94420,90,-0.106
94430,90,-0.106
94440,90,-0.106
94450,90,-0.094
94460,90,-0.106
94470,90,-0.100
94480,90,-0.106
94490,90,-0.100
94500,90,-0.100
94510,90,-0.100
94520,90,-0.106
94530,90,-0.106
94540,90,-0.106
94550,90,-0.106
94560,90,-0.100
94570,90,-0.100
94580,90,-0.106
94590,90,-0.100
94600,90,-0.100
94610,90,-0.100
94620,90,-0.100
94630,90,-0.100
94640,90,-0.100
94650,90,-0.106
94660,90,-0.100
94670,90,-0.100
94680,90,-0.094
94690,90,-0.100
94700,90,-0.100
94710,90,-0.100
94720,90,-0.094
94730,90,-0.100
94740,90,-0.100
94750,90,-0.100
94760,90,-0.100
94770,90,-0.100
94780,90,-0.100
94790,90,-0.106
94800,90,-0.106
94810,90,-0.100
94820,90,-0.100
94830,90,-0.100
94840,90,-0.100
94850,90,-0.100
94860,90,-0.100
94870,90,-0.100
94880,90,-0.100
94890,90,-0.106
94900,90,-0.100
94910,90,-0.100
94920,90,-0.100
94930,90,-0.106
94940,90,-0.100
94950,90,-0.100
94960,90,-0.100
94970,90,-0.100
94980,90,-0.100
94990,90,-0.100
95000,90,-0.100
95010,90,-0.100
95020,90,-0.106
95030,90,-0.100
95040,90,-0.100
95050,90,-0.100
95060,90,-0.100
95070,90,-0.094
95080,90,-0.100
95090,90,-0.094
95100,90,-0.106
95110,90,-0.106
95120,90,-0.087
95130,90,-0.100
95140,90,-0.106
95150,90,-0.100
95160,90,-0.106
95170,90,-0.100
95180,90,-0.106
95190,90,-0.100
95200,90,-0.100
95210,90,-0.106
95220,90,-0.100
95230,90,-0.100
95240,90,-0.100
95250,90,-0.100
95260,90,-0.100
95270,90,-0.106
95280,90,-0.106
95290,90,-0.112
95300,90,-0.106
95310,90,-0.106
95320,90,-0.100
95330,90,-0.100
95340,90,-0.100
95350,90,-0.100
95360,90,-0.100
95370,90,-0.106
95380,90,-0.106
95390,90,-0.100
95400,90,-0.100
95410,90,-0.106
95420,90,-0.100
95430,90,-0.106
95440,90,-0.100
95450,90,-0.087
95460,90,-0.106
95470,90,-0.106
95480,90,-0.106
95490,90,-0.100
95500,90,-0.100
95510,90,-0.100
95520,90,-0.100
95530,90,-0.100
95540,90,-0.100
95550,90,-0.106
95560,90,-0.106
95570,90,-0.106
95580,90,-0.106
95590,90,-0.100
95600,90,-0.106
95610,90,-0.106
95620,90,-0.106
95630,90,-0.106
95640,90,-0.106
95650,90,-0.106
95660,90,-0.106
95670,90,-0.106
95680,90,-0.106
95690,90,-0.106
95700,90,-0.106
95710,90,-0.106
95720,90,-0.106
95730,90,-0.106
95740,90,-0.106
95750,90,-0.106
95760,90,-0.106
95770,90,-0.106
95780,90,-0.100
95790,90,-0.106
95800,90,-0.106
95810,90,-0.106
95820,90,-0.100
95830,90,-0.100
95840,90,-0.100
95850,90,-0.100
95860,90,-0.094
95870,90,-0.100
95880,90,-0.100
95890,90,-0.100
95900,90,-0.100
95910,90,-0.100
95920,90,-0.100
95930,90,-0.106
95940,90,-0.106
95950,90,-0.106
95960,90,-0.100
95970,90,-0.100
95980,90,-0.100
95990,90,-0.094
96000,90,-0.100
96010,90,-0.106
96020,90,-0.106
96030,90,-0.106
96040,90,-0.100
96050,90,-0.100
96060,90,-0.100
96070,90,-0.106
96080,90,-0.100
96090,90,-0.100
96100,90,-0.106
96110,90,-0.100
96120,90,-0.087
96130,90,-0.100
96140,90,-0.106
96150,90,-0.106
96160,90,-0.106
96170,90,-0.106
96180,90,-0.106
96190,90,-0.106
96200,90,-0.106
96210,90,-0.106
96220,90,-0.100
96230,90,-0.100
96240,90,-0.100
96250,90,-0.100
96260,90,-0.100
96270,90,-0.106
96280,90,-0.100
96290,90,-0.106
96300,90,-0.112
96310,90,-0.106
96320,90,-0.100
96330,90,-0.106
96340,90,-0.106
96350,90,-0.100
96360,90,-0.100
96370,90,-0.100
96380,90,-0.106
96390,90,-0.106
96400,90,-0.100
96410,90,-0.106
96420,90,-0.100
96430,90,-0.100
96440,90,-0.094
96450,90,-0.094
96460,90,-0.100
96470,90,-0.106
96480,90,-0.100
96490,90,-0.106
96500,90,-0.100
96510,90,-0.100
96520,90,-0.106
96530,90,-0.100
96540,90,-0.100
96550,90,-0.100
96560,90,-0.100
96570,90,-0.100
96580,90,-0.094
96590,90,-0.100
96600,90,-0.100
96610,90,-0.100
96620,90,-0.100
96630,90,-0.100
96640,90,-0.100
96650,90,-0.100
96660,90,-0.100
96670,90,-0.106
96680,90,-0.100
96690,90,-0.106
96700,90,-0.100
96710,90,-0.094
96720,90,-0.100
96730,90,-0.100
96740,90,-0.106
96750,90,-0.100
96760,90,-0.100
96770,90,-0.106
96780,90,-0.087
96790,90,-0.094
96800,90,-0.094
96810,90,-0.094
96820,90,-0.100
96830,90,-0.100
96840,90,-0.100
96850,90,-0.100
96860,90,-0.100
96870,90,-0.094
96880,90,-0.094
96890,90,-0.094
96900,90,-0.094
96910,90,-0.100
96920,90,-0.100
96930,90,-0.100
96940,90,-0.100
96950,90,-0.100
96960,90,-0.100
96970,90,-0.100
96980,90,-0.100
96990,90,-0.106
97000,90,-0.106
97010,95,-0.106
97020,95,-0.100
97030,95,-0.094
97040,95,-0.100
97050,95,-0.100
97060,95,-0.100
97070,95,-0.100
97080,95,-0.100
97090,95,-0.094
97100,95,-0.094
97110,95,-0.094
97120,95,-0.094
97130,95,-0.100
97140,95,-0.100
97150,95,-0.100
97160,95,-0.100
97170,95,-0.100
97180,95,-0.094
97190,95,-0.094
97200,95,-0.100
97210,95,-0.100
97220,95,-0.100
97230,95,-0.100
97240,95,-0.100
97250,95,-0.100
97260,95,-0.100
97270,95,-0.100
97280,95,-0.100
97290,95,-0.100
97300,95,-0.100
97310,95,-0.106
97320,95,-0.100
97330,95,-0.100
97340,95,-0.100
97350,95,-0.100
97360,95,-0.100
97370,95,-0.100
97380,95,-0.094
97390,95,-0.100
97400,95,-0.094
97410,95,-0.094
97420,95,-0.100
97430,95,-0.106
97440,95,-0.100
97450,95,-0.087
97460,95,-0.094
97470,95,-0.100
97480,95,-0.100
97490,95,-0.100
97500,95,-0.100
97510,95,-0.094
97520,95,-0.100
97530,95,-0.094
97540,95,-0.094
97550,95,-0.100
97560,95,-0.100
97570,95,-0.100
97580,95,-0.100
97590,95,-0.100
97600,95,-0.100
97610,95,-0.094
97620,95,-0.100
97630,95,-0.094
97640,95,-0.094
97650,95,-0.094
97660,95,-0.100
97670,95,-0.094
97680,95,-0.100
97690,95,-0.094
97700,95,-0.094
97710,95,-0.100
97720,95,-0.100
97730,95,-0.094
97740,95,-0.100
97750,95,-0.100
97760,95,-0.094
97770,95,-0.094
97780,95,-0.087
97790,95,-0.100
97800,95,-0.100
97810,95,-0.100
97820,95,-0.094
97830,95,-0.094
97840,95,-0.100
97850,95,-0.094
97860,95,-0.100
97870,95,-0.100
97880,95,-0.100
97890,95,-0.100
97900,95,-0.100
97910,95,-0.094
97920,95,-0.100
97930,95,-0.100
97940,95,-0.100
97950,95,-0.100
97960,95,-0.100
97970,95,-0.100
97980,95,-0.094
97990,95,-0.100
98000,95,-0.100
98010,95,-0.100
98020,95,-0.100
98030,95,-0.100
98040,95,-0.100
98050,95,-0.100
98060,95,-0.100
98070,95,-0.100
98080,95,-0.100
98090,95,-0.100
98100,95,-0.100
98110,95,-0.106
98120,95,-0.100
98130,95,-0.100
98140,95,-0.100
98150,95,-0.100
98160,95,-0.106
98170,95,-0.100
98180,95,-0.106
98190,95,-0.106
98200,95,-0.100
98210,95,-0.106
98220,95,-0.112
98230,95,-0.100
98240,95,-0.106
98250,95,-0.106
98260,95,-0.106
98270,95,-0.100
98280,95,-0.100
98290,95,-0.100
98300,95,-0.106
98310,95,-0.106
98320,95,-0.100
98330,95,-0.100
98340,95,-0.106
98350,95,-0.106
98360,95,-0.106
98370,95,-0.106
98380,95,-0.106
98390,95,-0.106
98400,95,-0.106
98410,95,-0.106
98420,95,-0.100
98430,95,-0.106
98440,95,-0.106
98450,95,-0.087
98460,95,-0.100
98470,95,-0.100
98480,95,-0.106
98490,95,-0.100
98500,95,-0.100
98510,95,-0.100
98520,95,-0.100
98530,95,-0.100
98540,95,-0.094
98550,95,-0.094
98560,95,-0.100
98570,95,-0.100
98580,95,-0.100
98590,95,-0.100
98600,95,-0.100
98610,95,-0.100
98620,95,-0.100
98630,95,-0.100
98640,95,-0.106
98650,95,-0.100
98660,95,-0.100
98670,95,-0.100
98680,95,-0.094
98690,95,-0.100
98700,95,-0.100
98710,95,-0.094
98720,95,-0.106
98730,95,-0.100
98740,95,-0.106
98750,95,-0.106
98760,95,-0.100
98770,95,-0.106
98780,95,-0.094
98790,95,-0.106
98800,95,-0.106
98810,95,-0.106
98820,95,-0.100
98830,95,-0.106
98840,95,-0.100
98850,95,-0.100
98860,95,-0.106
98870,95,-0.106
98880,95,-0.106
98890,95,-0.112
98900,95,-0.100
98910,95,-0.106
98920,95,-0.100
98930,95,-0.100
98940,95,-0.100
98950,95,-0.100
98960,95,-0.100
98970,95,-0.100
98980,95,-0.106
98990,95,-0.106
99000,95,-0.106
99010,95,-0.100
99020,95,-0.106
99030,95,-0.106
99040,95,-0.100
99050,95,-0.100
99060,95,-0.106
99070,95,-0.106
99080,95,-0.112
99090,95,-0.106
99100,95,-0.106
99110,95,-0.100
99120,95,-0.112
99130,95,-0.106
99140,95,-0.100
99150,95,-0.106
99160,95,-0.106
99170,95,-0.106
99180,95,-0.106
99190,95,-0.100
99200,95,-0.100
99210,95,-0.100
99220,95,-0.100
99230,95,-0.100
99240,95,-0.100
99250,95,-0.100
99260,95,-0.100
99270,95,-0.112
99280,95,-0.106
99290,95,-0.106
99300,95,-0.100
99310,95,-0.106
99320,95,-0.106
99330,95,-0.106
99340,95,-0.106
99350,95,-0.106
99360,95,-0.106
99370,95,-0.106
99380,95,-0.106
99390,95,-0.106
99400,95,-0.106
99410,95,-0.100
99420,95,-0.100
99430,95,-0.106
99440,95,-0.106
99450,95,-0.094
99460,95,-0.100
99470,95,-0.100
99480,95,-0.100
99490,95,-0.106
99500,95,-0.100
99510,95,-0.100
99520,95,-0.100
99530,95,-0.100
99540,95,-0.100
99550,95,-0.100
99560,95,-0.100
99570,95,-0.100
99580,95,-0.100
99590,95,-0.100
99600,95,-0.094
99610,95,-0.100
99620,95,-0.100
99630,95,-0.100
99640,95,-0.100
99650,95,-0.100
99660,95,-0.100
99670,95,-0.100
99680,95,-0.094
99690,95,-0.100
99700,95,-0.100
99710,95,-0.094
99720,95,-0.100
99730,95,-0.100
99740,95,-0.100
99750,95,-0.106
99760,95,-0.100
99770,95,-0.100
99780,95,-0.087
99790,95,-0.106
99800,95,-0.106
99810,95,-0.106
99820,95,-0.106
99830,95,-0.100
99840,95,-0.106
99850,95,-0.100
99860,95,-0.100
99870,95,-0.106
99880,95,-0.106
99890,95,-0.106
99900,95,-0.100
99910,95,-0.100
99920,95,-0.106
99930,95,-0.100
99940,95,-0.100
99950,95,-0.100
99960,95,-0.100
99970,95,-0.106
99980,95,-0.106
99990,95,-0.106
100000,95,-0.100
100010,95,-0.100
100020,95,-0.106
100030,95,-0.100
100040,95,-0.100
100050,95,-0.100
100060,95,-0.100
100070,95,-0.094
100080,95,-0.094
100090,95,-0.100
100100,95,-0.100
100110,95,-0.081
100120,95,-0.100
100130,95,-0.094
100140,95,-0.087
100150,95,-0.100
100160,95,-0.100
100170,95,-0.100
100180,95,-0.100
100190,95,-0.106
100200,95,-0.100
100210,95,-0.106
100220,95,-0.100
100230,95,-0.106
100240,95,-0.100
100250,95,-0.106
100260,95,-0.106
100270,95,-0.100
100280,95,-0.100
100290,95,-0.100
100300,95,-0.100
100310,95,-0.100
100320,95,-0.106
100330,95,-0.106
100340,95,-0.100
100350,95,-0.106
100360,95,-0.100
100370,95,-0.106
100380,95,-0.106
100390,95,-0.106
100400,95,-0.100
100410,95,-0.106
100420,95,-0.100
100430,95,-0.106
100440,95,-0.100
100450,95,-0.100
100460,95,-0.106
100470,95,-0.100
100480,95,-0.100
100490,95,-0.094
100500,95,-0.100
100510,95,-0.094
100520,95,-0.094
100530,95,-0.100
100540,95,-0.106
100550,95,-0.100
100560,95,-0.100
100570,95,-0.100
100580,95,-0.100
100590,95,-0.100
100600,95,-0.106
100610,95,-0.100
100620,95,-0.106
100630,95,-0.100
100640,95,-0.106
100650,95,-0.100
100660,95,-0.100
100670,95,-0.106
100680,95,-0.100
100690,95,-0.100
100700,95,-0.100
100710,95,-0.106
100720,95,-0.100
100730,95,-0.106
100740,95,-0.106
100750,95,-0.106
100760,95,-0.106
100770,95,-0.106
100780,95,-0.094
100790,95,-0.100
100800,95,-0.100
100810,95,-0.100
100820,95,-0.106
100830,95,-0.100
100840,95,-0.106
100850,95,-0.100
100860,95,-0.094
100870,95,-0.100
100880,95,-0.106
100890,95,-0.106
100900,95,-0.106
100910,95,-0.106
100920,95,-0.106
100930,95,-0.106
100940,95,-0.106
100950,95,-0.100
100960,95,-0.100
100970,95,-0.100
100980,95,-0.100
100990,95,-0.100
101000,95,-0.100
101010,95,-0.094
101020,95,-0.106
101030,95,-0.100
101040,95,-0.100
101050,95,-0.100
101060,95,-0.106
101070,95,-0.106
101080,95,-0.100
101090,95,-0.094
101100,95,-0.100
101110,95,-0.087
101120,95,-0.106
101130,95,-0.106
101140,95,-0.106
101150,95,-0.106
101160,95,-0.106
101170,95,-0.106
101180,95,-0.106
101190,95,-0.106
101200,95,-0.100
101210,95,-0.106
101220,95,-0.100
101230,95,-0.100
101240,95,-0.100
101250,95,-0.100
101260,95,-0.100
101270,95,-0.100
101280,95,-0.100
101290,95,-0.106
101300,95,-0.100
101310,95,-0.100
101320,95,-0.100
101330,95,-0.112
101340,95,-0.106
101350,95,-0.106
101360,95,-0.112
101370,95,-0.106
101380,95,-0.106
101390,95,-0.106
101400,95,-0.106
101410,95,-0.112
101420,95,-0.112
101430,95,-0.112
101440,95,-0.106
101450,95,-0.112
101460,95,-0.112
101470,95,-0.112
101480,95,-0.106
101490,95,-0.112
101500,95,-0.112
101510,95,-0.106
101520,95,-0.106
101530,95,-0.100
101540,95,-0.106
101550,95,-0.100
101560,95,-0.100
101570,95,-0.100
101580,95,-0.106
101590,95,-0.106
101600,95,-0.100
101610,95,-0.106
101620,95,-0.100
101630,95,-0.106
101640,95,-0.106
101650,95,-0.106
101660,95,-0.106
101670,95,-0.100
101680,95,-0.100
101690,95,-0.106
101700,95,-0.106
101710,95,-0.100
101720,95,-0.106
101730,95,-0.100
101740,95,-0.100
101750,95,-0.100
101760,95,-0.106
101770,95,-0.100
101780,95,-0.087
101790,95,-0.106
101800,95,-0.100
101810,95,-0.106
101820,95,-0.100
101830,95,-0.106
101840,95,-0.106
101850,95,-0.106
101860,95,-0.100
101870,95,-0.100
101880,95,-0.100
101890,95,-0.100
101900,95,-0.100
101910,95,-0.106
101920,95,-0.100
101930,95,-0.106
101940,95,-0.100
101950,95,-0.106
101960,95,-0.100
101970,95,-0.106
101980,95,-0.100
101990,95,-0.106
102000,95,-0.100
102010,100,-0.106
102020,100,-0.100
102030,100,-0.106
102040,100,-0.106
102050,100,-0.106
102060,100,-0.106
102070,100,-0.106
102080,100,-0.106
102090,100,-0.100
102100,100,-0.106
102110,100,-0.094
102120,100,-0.106
102130,100,-0.100
102140,100,-0.106
102150,100,-0.100
102160,100,-0.100
102170,100,-0.106
102180,100,-0.106
102190,100,-0.106
102200,100,-0.106
102210,100,-0.106
102220,100,-0.112
102230,100,-0.106
102240,100,-0.106
102250,100,-0.106
102260,100,-0.100
102270,100,-0.100
102280,100,-0.100
102290,100,-0.100
102300,100,-0.106
102310,100,-0.100
102320,100,-0.106
102330,100,-0.106
102340,100,-0.106
102350,100,-0.106
102360,100,-0.106
102370,100,-0.100
102380,100,-0.100
102390,100,-0.100
102400,100,-0.106
102410,100,-0.100
102420,100,-0.106
102430,100,-0.100
102440,100,-0.094
102450,100,-0.100
102460,100,-0.106
102470,100,-0.100
102480,100,-0.106
102490,100,-0.106
102500,100,-0.106
102510,100,-0.100
102520,100,-0.112
102530,100,-0.100
102540,100,-0.106
102550,100,-0.100
102560,100,-0.106
102570,100,-0.100
102580,100,-0.106
102590,100,-0.106
102600,100,-0.106
102610,100,-0.100
102620,100,-0.106
102630,100,-0.100
102640,100,-0.100
102650,100,-0.100
102660,100,-0.094
102670,100,-0.100
102680,100,-0.100
102690,100,-0.100
102700,100,-0.106
102710,100,-0.100
102720,100,-0.100
102730,100,-0.094
102740,100,-0.100
102750,100,-0.100
102760,100,-0.094
102770,100,-0.094
102780,100,-0.094
102790,100,-0.100
102800,100,-0.100
102810,100,-0.100
102820,100,-0.094
102830,100,-0.100
102840,100,-0.094
102850,100,-0.100
102860,100,-0.106
102870,100,-0.106
102880,100,-0.100
102890,100,-0.100
102900,100,-0.100
102910,100,-0.100
102920,100,-0.100
102930,100,-0.100
102940,100,-0.094
102950,100,-0.100
102960,100,-0.106
102970,100,-0.106
102980,100,-0.106
102990,100,-0.106
103000,100,-0.106
103010,100,-0.106
103020,100,-0.106
103030,100,-0.106
103040,100,-0.106
103050,100,-0.100
103060,100,-0.106
103070,100,-0.106
103080,100,-0.106
103090,100,-0.106
103100,100,-0.106
103110,100,-0.094
103120,100,-0.106
103130,100,-0.106
103140,100,-0.106
103150,100,-0.100
103160,100,-0.106
103170,100,-0.100
103180,100,-0.100
103190,100,-0.100
103200,100,-0.100
103210,100,-0.100
103220,100,-0.106
103230,100,-0.106
103240,100,-0.106
103250,100,-0.106
103260,100,-0.106
103270,100,-0.106
103280,100,-0.100
103290,100,-0.100
103300,100,-0.106
103310,100,-0.100
103320,100,-0.106
103330,100,-0.100
103340,100,-0.100
103350,100,-0.100
103360,100,-0.100
103370,100,-0.100
103380,100,-0.100
103390,100,-0.106
103400,100,-0.106
103410,100,-0.112
103420,100,-0.106
103430,100,-0.106
103440,100,-0.087
103450,100,-0.106
103460,100,-0.106
103470,100,-0.100
103480,100,-0.106
103490,100,-0.106
103500,100,-0.106
103510,100,-0.112
103520,100,-0.112
103530,100,-0.106
103540,100,-0.106
103550,100,-0.106
103560,100,-0.100
103570,100,-0.106
103580,100,-0.100
103590,100,-0.100
103600,100,-0.106
103610,100,-0.106
103620,100,-0.106
103630,100,-0.106
103640,100,-0.106
103650,100,-0.106
103660,100,-0.106
103670,100,-0.112
103680,100,-0.106
103690,100,-0.106
103700,100,-0.106
103710,100,-0.112
103720,100,-0.112
103730,100,-0.106
103740,100,-0.112
103750,100,-0.112
103760,100,-0.106
103770,100,-0.106
103780,100,-0.106
103790,100,-0.112
103800,100,-0.112
103810,100,-0.106
103820,100,-0.100
103830,100,-0.106
103840,100,-0.112
103850,100,-0.112
103860,100,-0.112
103870,100,-0.112
103880,100,-0.112
103890,100,-0.112
103900,100,-0.112
103910,100,-0.112
103920,100,-0.106
103930,100,-0.106
103940,100,-0.106
103950,100,-0.106
103960,100,-0.106
103970,100,-0.106
103980,100,-0.100
103990,100,-0.106
104000,100,-0.106
104010,100,-0.106
104020,100,-0.106
104030,100,-0.100
104040,100,-0.100
104050,100,-0.100
104060,100,-0.106
104070,100,-123.406
105071,100,-0.106
105081,100,-0.094
105091,100,-0.100
105101,100,-0.106
105111,100,-0.094
105121,100,-0.100
105131,100,-0.100
105141,100,-0.100
105151,100,-0.100
105161,100,-0.100
105171,100,-0.100
105181,100,-0.106
105191,100,-0.106
105201,100,-0.106
105211,100,-0.100
105221,100,-0.100
105231,100,-0.106
105241,100,-0.106
105251,100,-0.106
105261,100,-0.106
105271,100,-0.100
105281,100,-0.100
105291,100,-0.112
105301,100,-0.106
105311,100,-0.100
105321,100,-0.100
105331,100,-0.106
105341,100,-0.100
105351,100,-0.094
105361,100,-0.100
105371,100,-0.100
105381,100,-0.100
105391,100,-0.100
105401,100,-0.100
105411,100,-0.106
105421,100,-0.106
105431,100,-0.100
105441,100,-0.087
105451,100,-0.100
105461,100,-0.100
105471,100,-0.100
105481,100,-0.100
105491,100,-0.100
105501,100,-0.100
105511,100,-0.106
105521,100,-0.100
105531,100,-0.100
105541,100,-0.100
105551,100,-0.106
105561,100,-0.100
105571,100,-0.106
105581,100,-0.100
105591,100,-0.100
105601,100,-0.106
105611,100,-0.100
105621,100,-0.100
105631,100,-0.106
105641,100,-0.100
105651,100,-0.106
105661,100,-0.106
105671,100,-0.106
105681,100,-0.106
105691,100,-0.106
105701,100,-0.100
105711,100,-0.100
105721,100,-0.100
105731,100,-0.100
105741,100,-0.100
105751,100,-0.106
105761,100,-0.100
105771,100,-0.094
105781,100,-0.106
105791,100,-0.106
105801,100,-0.106
105811,100,-0.100
105821,100,-0.106
105831,100,-0.112
105841,100,-0.112
105851,100,-0.106
105861,100,-0.106
105871,100,-0.112
105881,100,-0.106
105891,100,-0.106
105901,100,-0.106
105911,100,-0.106
105921,100,-0.106
105931,100,-0.112
105941,100,-0.106
105951,100,-0.106
105961,100,-0.106
105971,100,-0.100
105981,100,-0.106
105991,100,-0.106
106001,100,-0.106
106011,100,-0.106
106021,100,-0.112
106031,100,-0.106
106041,100,-0.106
106051,100,-0.106
106061,100,-0.112
106071,100,-0.106
106081,100,-0.106
106091,100,-0.106
106101,100,-0.106
106111,100,-0.106
106121,100,-0.106
106131,100,-0.112
106141,100,-0.112
106151,100,-0.106
106161,100,-0.106
106171,100,-0.106
106181,100,-0.106
106191,100,-0.100
106201,100,-0.106
106211,100,-0.106
106221,100,-0.106
106231,100,-0.112
106241,100,-0.106
106251,100,-0.106
106261,100,-0.106
106271,100,-0.106
106281,100,-0.106
106291,100,-0.106
106301,100,-0.106
106311,100,-0.106
106321,100,-0.106
106331,100,-0.106
106341,100,-0.112
106351,100,-0.112
106361,100,-0.112
106371,100,-0.106
106381,100,-0.106
106391,100,-0.100
106401,100,-0.100
106411,100,-0.106
106421,100,-0.100
106431,100,-0.100
106441,100,-0.087
106451,100,-0.106
106461,100,-0.100
106471,100,-0.106
106481,100,-0.112
106491,100,-0.100
106501,100,-0.106
106511,100,-0.112
106521,100,-0.112
106531,100,-0.106
106541,100,-0.100
106551,100,-0.100
106561,100,-0.100
106571,100,-0.106
106581,100,-0.106
106591,100,-0.106
106601,100,-0.106
106611,100,-0.112
106621,100,-0.106
106631,100,-0.100
106641,100,-0.100
106651,100,-0.100
106661,100,-0.106
106671,100,-0.100
106681,100,-0.100
106691,100,-0.106
106701,100,-0.100
106711,100,-0.100
106721,100,-0.100
106731,100,-0.100
106741,100,-0.100
106751,100,-0.100
106761,100,-0.100
106771,100,-0.094
106781,100,-0.100
106791,100,-0.100
106801,100,-0.106
106811,100,-0.106
106821,100,-0.100
106831,100,-0.106
106841,100,-0.106
106851,100,-0.106
106861,100,-0.106
106871,100,-0.106
106881,100,-0.100
106891,100,-0.100
106901,100,-0.106
106911,100,-0.106
106921,100,-0.106
106931,100,-0.106
106941,100,-0.106
106951,100,-0.106
106961,100,-0.112
106971,100,-0.112
106981,100,-0.112
106991,100,-0.112
107001,105,-0.112
107011,105,-0.106
107021,105,-0.106
107031,105,-0.119
107041,105,-0.112
107051,105,-0.112
107061,105,-0.112
107071,105,-0.112
107081,105,-0.106
107091,105,-0.106
107101,105,-0.106
107111,105,-0.106
107121,105,-0.112
107131,105,-0.112
107141,105,-0.112
107151,105,-0.112
107161,105,-0.112
107171,105,-0.112
107181,105,-0.106
107191,105,-0.106
107201,105,-0.106
107211,105,-0.106
107221,105,-0.106
107231,105,-0.106
107241,105,-0.106
107251,105,-0.106
107261,105,-0.106
107271,105,-0.106
107281,105,-0.106
107291,105,-0.106
107301,105,-0.100
107311,105,-0.100
107321,105,-0.106
107331,105,-0.106
107341,105,-0.106
107351,105,-0.106
107361,105,-0.106
107371,105,-0.106
107381,105,-0.106
107391,105,-0.106
107401,105,-0.106
107411,105,-0.106
107421,105,-0.106
107431,105,-0.106
107441,105,-0.094
107451,105,-0.106
107461,105,-0.106
107471,105,-0.106
107481,105,-0.106
107491,105,-0.112
107501,105,-0.112
107511,105,-0.112
107521,105,-0.112
107531,105,-0.112
107541,105,-0.112
107551,105,-0.106
107561,105,-0.100
107571,105,-0.100
107581,105,-0.106
107591,105,-0.106
107601,105,-0.106
107611,105,-0.106
107621,105,-0.100
107631,105,-0.100
107641,105,-0.106
107651,105,-0.106
107661,105,-0.106
107671,105,-0.106
107681,105,-0.112
107691,105,-0.106
107701,105,-0.106
107711,105,-0.112
107721,105,-0.112
107731,105,-0.112
107741,105,-0.112
107751,105,-0.112
107761,105,-0.112
107771,105,-0.100
107781,105,-0.112
107791,105,-0.112
107801,105,-0.112
107811,105,-0.112
107821,105,-0.112
107831,105,-0.106
107841,105,-0.112
107851,105,-0.112
107861,105,-0.112
107871,105,-0.112
107881,105,-0.106
107891,105,-0.106
107901,105,-0.112
107911,105,-0.112
107921,105,-0.112
107931,105,-0.112
107941,105,-0.106
107951,105,-0.106
107961,105,-0.106
107971,105,-0.106
107981,105,-0.112
107991,105,-0.106
108001,105,-0.106
108011,105,-0.112
108021,105,-0.112
108031,105,-0.106
108041,105,-0.106
108051,105,-0.106
108061,105,-0.106
108071,105,-0.106
108081,105,-0.106
108091,105,-0.106
108101,105,-0.100
108111,105,-0.106
108121,105,-0.106
108131,105,-0.106
108141,105,-0.106
108151,105,-0.112
108161,105,-0.112
108171,105,-0.112
108181,105,-0.112
108191,105,-0.112
108201,105,-0.106
108211,105,-0.106
108221,105,-0.106
108231,105,-0.100
108241,105,-0.106
108251,105,-0.106
108261,105,-0.112
108271,105,-0.112
108281,105,-0.106
108291,105,-0.106
108301,105,-0.106
108311,105,-0.106
108321,105,-0.106
108331,105,-0.112
108341,105,-0.112
108351,105,-0.112
108361,105,-0.106
108371,105,-0.106
108381,105,-0.106
108391,105,-0.106
108401,105,-0.106
108411,105,-0.106
108421,105,-0.112
108431,105,-0.112
108441,105,-0.106
108451,105,-0.112
108461,105,-0.106
108471,105,-0.106
108481,105,-0.106
108491,105,-0.106
108501,105,-0.106
108511,105,-0.106
108521,105,-0.112
108531,105,-0.112
108541,105,-0.112
108551,105,-0.112
108561,105,-0.112
108571,105,-0.106
108581,105,-0.112
108591,105,-0.112
108601,105,-0.112
108611,105,-0.112
108621,105,-0.119
108631,105,-0.112
108641,105,-0.106
108651,105,-0.112
108661,105,-0.112
108671,105,-0.112
108681,105,-0.112
108691,105,-0.112
108701,105,-0.112
108711,105,-0.112
108721,105,-0.112
108731,105,-0.119
108741,105,-0.112
108751,105,-0.112
108761,105,-0.119
108771,105,-0.094
108781,105,-0.106
108791,105,-0.106
108801,105,-0.106
108811,105,-0.106
108821,105,-0.112
108831,105,-0.112
108841,105,-0.112
108851,105,-0.112
108861,105,-0.112
108871,105,-0.112
108881,105,-0.112
108891,105,-0.106
108901,105,-0.106
108911,105,-0.106
108921,105,-0.112
108931,105,-0.112
108941,105,-0.112
108951,105,-0.106
108961,105,-0.106
108971,105,-0.112
108981,105,-0.112
108991,105,-0.119
109001,105,-0.112
109011,105,-0.112
109021,105,-0.112
109031,105,-0.112
109041,105,-0.112
109051,105,-0.112
109061,105,-0.112
109071,105,-0.106
109081,105,-0.106
109091,105,-0.106
109101,105,-0.094
109111,105,-0.106
109121,105,-0.100
109131,105,-0.100
109141,105,-0.106
109151,105,-0.106
109161,105,-0.106
109171,105,-0.100
109181,105,-0.106
109191,105,-0.106
109201,105,-0.106
109211,105,-0.100
109221,105,-0.106
109231,105,-0.100
109241,105,-0.100
109251,105,-0.100
109261,105,-0.106
109271,105,-0.106
109281,105,-0.112
109291,105,-0.112
109301,105,-0.106
109311,105,-0.106
109321,105,-0.106
109331,105,-0.106
109341,105,-0.106
109351,105,-0.112
109361,105,-0.106
109371,105,-0.112
109381,105,-0.106
109391,105,-0.106
109401,105,-0.106
109411,105,-0.100
109421,105,-0.106
109431,105,-0.106
109441,105,-0.106
109451,105,-0.112
109461,105,-0.112
109471,105,-0.112
109481,105,-0.112
109491,105,-0.106
109501,105,-0.106
109511,105,-0.100
109521,105,-0.106
109531,105,-0.112
109541,105,-0.112
109551,105,-0.112
109561,105,-0.106
109571,105,-0.112
109581,105,-0.119
109591,105,-0.106
109601,105,-0.106
109611,105,-0.106
109621,105,-0.112
109631,105,-0.106
109641,105,-0.106
109651,105,-0.106
109661,105,-0.112
109671,105,-0.106
109681,105,-0.112
109691,105,-0.112
109701,105,-0.112
109711,105,-0.112
109721,105,-0.112
109731,105,-0.112
109741,105,-0.112
109751,105,-0.112
109761,105,-0.112
109771,105,-0.100
109781,105,-0.112
109791,105,-0.106
109801,105,-0.106
109811,105,-0.106
109821,105,-0.106
109831,105,-0.106
109841,105,-0.106
109851,105,-0.100
109861,105,-0.106
109871,105,-0.106
109881,105,-0.106
109891,105,-0.112
109901,105,-0.112
109911,105,-0.112
109921,105,-0.112
109931,105,-0.112
109941,105,-0.106
109951,105,-0.106
109961,105,-0.100
109971,105,-0.100
109981,105,-0.106
109991,105,-0.106
110001,105,-0.106
110011,105,-0.106
110021,105,-0.106
110031,105,-0.100
110041,105,-0.106
110051,105,-0.100
110061,105,-0.106
110071,105,-0.100
110081,105,-0.100
110091,105,-0.106
110101,105,-0.094
110111,105,-0.106
110121,105,-0.112
110131,105,-0.106
110141,105,-0.112
110151,105,-0.106
110161,105,-0.100
110171,105,-0.106
110181,105,-0.106
110191,105,-0.106
110201,105,-0.106
110211,105,-0.106
110221,105,-0.106
110231,105,-0.100
110241,105,-0.106
110251,105,-0.100
110261,105,-0.100
110271,105,-0.100
110281,105,-0.106
110291,105,-0.106
110301,105,-0.106
110311,105,-0.106
110321,105,-0.106
110331,105,-0.100
110341,105,-0.106
110351,105,-0.100
110361,105,-0.100
110371,105,-0.106
110381,105,-0.106
110391,105,-0.106
110401,105,-0.106
110411,105,-0.106
110421,105,-0.106
110431,105,-0.106
110441,105,-0.100
110451,105,-0.106
110461,105,-0.106
110471,105,-0.106
110481,105,-0.100
110491,105,-0.106
110501,105,-0.100
110511,105,-0.100
110521,105,-0.094
110531,105,-0.100
110541,105,-0.100
110551,105,-0.100
110561,105,-0.100
110571,105,-0.100
110581,105,-0.100
110591,105,-0.106
110601,105,-0.100
110611,105,-0.100
110621,105,-0.100
110631,105,-0.106
110641,105,-0.100
110651,105,-0.106
110661,105,-0.106
110671,105,-0.106
110681,105,-0.106
110691,105,-0.100
110701,105,-0.106
110711,105,-0.100
110721,105,-0.106
110731,105,-0.100
110741,105,-0.106
110751,105,-0.106
110761,105,-0.106
110771,105,-0.094
110781,105,-0.112
110791,105,-0.106
110801,105,-0.100
110811,105,-0.106
110821,105,-0.106
110831,105,-0.106
110841,105,-0.106
110851,105,-0.106
110861,105,-0.106
110871,105,-0.100
110881,105,-0.100
110891,105,-0.100
110901,105,-0.100
110911,105,-0.100
110921,105,-0.106
110931,105,-0.106
110941,105,-0.106
110951,105,-0.100
110961,105,-0.106
110971,105,-0.100
110981,105,-0.100
110991,105,-0.100
111001,105,-0.100
111011,105,-0.100
111021,105,-0.100
111031,105,-0.100
111041,105,-0.100
111051,105,-0.100
111061,105,-0.100
111071,105,-0.100
111081,105,-0.100
111091,105,-0.106
111101,105,-0.094
111111,105,-0.106
111121,105,-0.100
111131,105,-0.112
111141,105,-0.112
111151,105,-0.106
111161,105,-0.106
111171,105,-0.106
111181,105,-0.106
111191,105,-0.106
111201,105,-0.106
111211,105,-0.100
111221,105,-0.100
111231,105,-0.100
111241,105,-0.106
111251,105,-0.100
111261,105,-0.106
111271,105,-0.100
111281,105,-0.112
111291,105,-0.106
111301,105,-0.100
111311,105,-0.106
111321,105,-0.106
111331,105,-0.100
111341,105,-0.106
111351,105,-0.100
111361,105,-0.100
111371,105,-0.100
111381,105,-0.106
111391,105,-0.106
111401,105,-0.112
111411,105,-0.112
111421,105,-0.106
111431,105,-0.094
111441,105,-0.106
111451,105,-0.106
111461,105,-0.106
111471,105,-0.112
111481,105,-0.112
111491,105,-0.112
111501,105,-0.112
111511,105,-0.112
111521,105,-0.112
111531,105,-0.112
111541,105,-0.106
111551,105,-0.100
111561,105,-0.106
111571,105,-0.106
111581,105,-0.112
111591,105,-0.112
111601,105,-0.106
111611,105,-0.100
111621,105,-0.106
111631,105,-0.106
111641,105,-0.106
111651,105,-0.106
111661,105,-0.106
111671,105,-0.106
111681,105,-0.106
111691,105,-0.106
111701,105,-0.106
111711,105,-0.112
111721,105,-0.112
111731,105,-0.112
111741,105,-0.112
111751,105,-0.106
111761,105,-0.106
111771,105,-0.100
111781,105,-0.106
111791,105,-0.106
111801,105,-0.106
111811,105,-0.100
111821,105,-0.106
111831,105,-0.106
111841,105,-0.106
111851,105,-0.106
111861,105,-0.112
111871,105,-0.112
111881,105,-0.112
111891,105,-0.106
111901,105,-0.106
111911,105,-0.106
111921,105,-0.100
111931,105,-0.106
111941,105,-0.106
111951,105,-0.112
111961,105,-0.112
111971,105,-0.106
111981,105,-0.106
111991,105,-0.106
112001,110,-0.100
112011,110,-0.106
112021,110,-0.106
112031,110,-0.100
112041,110,-0.106
112051,110,-0.106
112061,110,-0.106
112071,110,-0.106
112081,110,-0.106
112091,110,-0.106
112101,110,-0.094
112111,110,-0.106
112121,110,-0.106
112131,110,-0.106
112141,110,-0.106
112151,110,-0.106
112161,110,-0.106
112171,110,-0.100
112181,110,-0.106
112191,110,-0.106
112201,110,-0.106
112211,110,-0.106
112221,110,-0.106
112231,110,-0.106
112241,110,-0.106
112251,110,-0.106
112261,110,-0.106
112271,110,-0.106
112281,110,-0.106
112291,110,-0.100
112301,110,-0.106
112311,110,-0.106
112321,110,-0.106
112331,110,-0.106
112341,110,-0.106
112351,110,-0.106
112361,110,-0.100
112371,110,-0.106
112381,110,-0.106
112391,110,-0.100
112401,110,-0.106
112411,110,-0.106
112421,110,-0.100
112431,110,-0.094
112441,110,-0.106
112451,110,-0.106
112461,110,-0.100
112471,110,-0.100
112481,110,-0.106
112491,110,-0.100
112501,110,-0.100
112511,110,-0.106
112521,110,-0.100
112531,110,-0.106
112541,110,-0.106
112551,110,-0.100
112561,110,-0.106
112571,110,-0.106
112581,110,-0.106
112591,110,-0.106
112601,110,-0.106
112611,110,-0.106
112621,110,-0.106
112631,110,-0.106
112641,110,-0.106
112651,110,-0.106
112661,110,-0.100
112671,110,-0.100
112681,110,-0.106
112691,110,-0.100
112701,110,-0.106
112711,110,-0.100
112721,110,-0.106
112731,110,-0.106
112741,110,-0.106
112751,110,-0.106
112761,110,-0.106
112771,110,-0.100
112781,110,-0.106
112791,110,-0.100
112801,110,-0.106
112811,110,-0.100
112821,110,-0.106
112831,110,-0.106
112841,110,-0.100
112851,110,-0.106
112861,110,-0.106
112871,110,-0.106
112881,110,-0.106
112891,110,-0.112
112901,110,-0.112
112911,110,-0.106
112921,110,-0.106
112931,110,-0.106
112941,110,-0.106
112951,110,-0.106
112961,110,-0.106
112971,110,-0.100
112981,110,-0.112
112991,110,-0.112
113001,110,-0.106
113011,110,-0.100
113021,110,-0.100
113031,110,-0.106
113041,110,-0.100
113051,110,-0.100
113061,110,-0.100
113071,110,-0.106
113081,110,-0.106
113091,110,-0.112
113101,110,-0.087
113111,110,-0.100
113121,110,-0.100
113131,110,-0.100
113141,110,-0.106
113151,110,-0.100
113161,110,-0.100
113171,110,-0.100
113181,110,-0.100
113191,110,-0.094
113201,110,-0.100
113211,110,-0.106
113221,110,-0.106
113231,110,-0.100
113241,110,-0.106
113251,110,-0.100
113261,110,-0.106
113271,110,-0.106
113281,110,-0.100
113291,110,-0.106
113301,110,-0.100
113311,110,-0.100
113321,110,-0.106
113331,110,-0.100
113341,110,-0.106
113351,110,-0.112
113361,110,-0.106
113371,110,-0.100
113381,110,-0.100
113391,110,-0.100
113401,110,-0.100
113411,110,-0.100
113421,110,-0.106
113431,110,-0.087
113441,110,-0.106
113451,110,-0.100
113461,110,-0.100
113471,110,-0.106
113481,110,-0.100
113491,110,-0.100
113501,110,-0.100
113511,110,-0.100
113521,110,-0.106
113531,110,-0.106
113541,110,-0.106
113551,110,-0.100
113561,110,-0.100
113571,110,-0.106
113581,110,-0.100
113591,110,-0.100
113601,110,-0.100
113611,110,-0.106
113621,110,-0.106
113631,110,-0.100
113641,110,-0.106
113651,110,-0.106
113661,110,-0.100
113671,110,-0.106
113681,110,-0.100
113691,110,-0.106
113701,110,-0.106
113711,110,-0.106
113721,110,-0.106
113731,110,-0.106
113741,110,-0.106
113751,110,-0.106
113761,110,-0.100
113771,110,-0.106
113781,110,-0.106
113791,110,-0.106
113801,110,-0.106
113811,110,-0.106
113821,110,-0.100
113831,110,-0.100
113841,110,-0.106
113851,110,-0.106
113861,110,-0.106
113871,110,-0.106
113881,110,-0.106
113891,110,-0.106
113901,110,-0.106
113911,110,-0.106
113921,110,-0.106
113931,110,-0.106
113941,110,-0.106
113951,110,-0.106
113961,110,-0.100
113971,110,-0.106
113981,110,-0.106
113991,110,-0.106
114001,110,-0.106
114011,110,-0.106
114021,110,-0.106
114031,110,-0.106
114041,110,-0.100
114051,110,-0.100
114061,110,-0.100
114071,110,-0.106
114081,110,-0.106
114091,110,-0.106
114101,110,-0.094
114111,110,-0.106
114121,110,-0.106
114131,110,-0.112
114141,110,-0.112
114151,110,-0.112
114161,110,-0.112
114171,110,-0.119
114181,110,-0.106
114191,110,-0.106
114201,110,-0.106
114211,110,-0.106
114221,110,-0.106
114231,110,-0.106
114241,110,-0.106
114251,110,-0.106
114261,110,-0.100
114271,110,-0.106
114281,110,-0.112
114291,110,-0.106
114301,110,-0.100
114311,110,-0.100
114321,110,-0.100
114331,110,-0.106
114341,110,-0.100
114351,110,-0.100
114361,110,-0.106
114371,110,-0.100
114381,110,-0.094
114391,110,-0.100
114401,110,-0.100
114411,110,-0.100
114421,110,-0.100
114431,110,-0.087
114441,110,-0.100
114451,110,-0.100
114461,110,-0.100
114471,110,-0.100
114481,110,-0.100
114491,110,-0.100
114501,110,-0.100
114511,110,-0.100
114521,110,-0.106
114531,110,-0.106
114541,110,-0.106
114551,110,-0.100
114561,110,-0.100
114571,110,-0.100
114581,110,-0.100
114591,110,-0.100
114601,110,-0.106
114611,110,-0.100
114621,110,-0.106
114631,110,-0.094
114641,110,-0.100
114651,110,-0.100
114661,110,-0.100
114671,110,-0.100
114681,110,-0.100
114691,110,-0.100
114701,110,-0.100
114711,110,-0.100
114721,110,-0.100
114731,110,-0.100
114741,110,-0.106
114751,110,-0.100
114761,110,-0.094
114771,110,-0.100
114781,110,-0.100
114791,110,-0.100
114801,110,-0.106
114811,110,-0.100
114821,110,-0.100
114831,110,-0.100
114841,110,-0.106
114851,110,-0.100
114861,110,-0.106
114871,110,-0.100
114881,110,-0.100
114891,110,-0.100
114901,110,-0.106
114911,110,-0.100
114921,110,-0.100
114931,110,-0.100
114941,110,-0.100
114951,110,-0.100
114961,110,-0.100
114971,110,-0.094
114981,110,-0.100
114991,110,-0.100
115001,110,-0.100
115011,110,-0.100
115021,110,-0.100
115031,110,-0.106
115041,110,-0.100
115051,110,-0.100
115061,110,-0.100
115071,110,-0.100
115081,110,-0.094
115091,110,-0.100
115101,110,-0.094
115111,110,-0.100
115121,110,-0.094
115131,110,-0.100
115141,110,-0.094
115151,110,-0.094
115161,110,-0.100
115171,110,-0.106
115181,110,-0.100
115191,110,-0.100
115201,110,-0.106
115211,110,-0.100
115221,110,-0.100
115231,110,-0.100
115241,110,-0.100
115251,110,-0.106
115261,110,-0.106
115271,110,-0.106
115281,110,-0.100
115291,110,-0.106
115301,110,-0.106
115311,110,-0.100
115321,110,-0.100
115331,110,-0.100
115341,110,-0.100
115351,110,-0.106
115361,110,-0.106
115371,110,-0.106
115381,110,-0.106
115391,110,-0.106
115401,110,-0.106
115411,110,-0.100
115421,110,-0.100
115431,110,-0.094
115441,110,-0.106
115451,110,-0.100
115461,110,-0.100
115471,110,-0.106
115481,110,-0.106
115491,110,-0.106
115501,110,-0.100
115511,110,-0.100
115521,110,-0.106
115531,110,-0.100
115541,110,-0.100
115551,110,-0.100
115561,110,-0.100
115571,110,-0.100
115581,110,-0.100
115591,110,-0.100
115601,110,-0.100
115611,110,-0.100
115621,110,-0.100
115631,110,-0.100
115641,110,-0.106
115651,110,-0.106
115661,110,-0.100
115671,110,-0.106
115681,110,-0.106
115691,110,-0.100
115701,110,-0.100
115711,110,-0.100
115721,110,-0.100
115731,110,-0.100
115741,110,-0.100
115751,110,-0.100
115761,110,-0.094
115771,110,-0.100
115781,110,-0.100
115791,110,-0.100
115801,110,-0.106
115811,110,-0.112
115821,110,-0.106
115831,110,-0.100
115841,110,-0.106
115851,110,-0.100
115861,110,-0.100
115871,110,-0.100
115881,110,-0.100
115891,110,-0.100
115901,110,-0.106
115911,110,-0.100
115921,110,-0.106
115931,110,-0.100
115941,110,-0.100
115951,110,-0.100
115961,110,-0.100
115971,110,-0.100
115981,110,-0.094
115991,110,-0.100
116001,110,-0.100
116011,110,-0.100
116021,110,-0.100
116031,110,-0.106
116041,110,-0.100
116051,110,-0.100
116061,110,-0.106
116071,110,-0.100
116081,110,-0.100
116091,110,-0.100
116101,110,-0.100
116111,110,-0.106
116121,110,-0.106
116131,110,-0.106
116141,110,-0.106
116151,110,-0.100
116161,110,-0.100
116171,110,-0.100
116181,110,-0.100
116191,110,-0.106
116201,110,-0.100
116211,110,-0.100
116221,110,-0.100
116231,110,-0.100
116241,110,-0.100
116251,110,-0.100
116261,110,-0.100
116271,110,-0.100
116281,110,-0.100
116291,110,-0.100
116301,110,-0.100
116311,110,-0.106
116321,110,-0.100
116331,110,-0.100
116341,110,-0.106
116351,110,-0.100
116361,110,-0.100
116371,110,-0.100
116381,110,-0.100
116391,110,-0.100
116401,110,-0.100
116411,110,-0.100
116421,110,-0.106
116431,110,-0.087
116441,110,-0.106
116451,110,-0.100
116461,110,-0.106
116471,110,-0.100
116481,110,-0.106
116491,110,-0.100
116501,110,-0.100
116511,110,-0.100
116521,110,-0.100
116531,110,-0.100
116541,110,-0.100
116551,110,-0.106
116561,110,-0.100
116571,110,-0.106
116581,110,-0.100
116591,110,-0.100
116601,110,-0.100
116611,110,-0.100
116621,110,-0.100
116631,110,-0.100
116641,110,-0.100
116651,110,-0.100
116661,110,-0.100
116671,110,-0.100
116681,110,-0.100
116691,110,-0.100
116701,110,-0.100
116711,110,-0.100
116721,110,-0.094
116731,110,-0.100
116741,110,-0.100
116751,110,-0.100
116761,110,-0.087
116771,110,-0.100
116781,110,-0.100
116791,110,-0.106
116801,110,-0.094
116811,110,-0.106
116821,110,-0.106
116831,110,-0.100
116841,110,-0.100
116851,110,-0.100
116861,110,-0.100
116871,110,-0.100
116881,110,-0.094
116891,110,-0.100
116901,110,-0.100
116911,110,-0.100
116921,110,-0.094
116931,110,-0.100
116941,110,-0.100
116951,110,-0.106
116961,110,-0.094
116971,110,-0.100
116981,110,-0.100
116991,110,-0.100
117001,115,-0.100
117011,115,-0.100
117021,115,-0.094
117031,115,-0.100
117041,115,-0.100
117051,115,-0.100
117061,115,-0.100
117071,115,-0.100
117081,115,-0.100
117091,115,-0.100
117101,115,-0.106
117111,115,-0.100
117121,115,-0.100
117131,115,-0.100
117141,115,-0.100
117151,115,-0.094
117161,115,-0.094
117171,115,-0.094
117181,115,-0.094
117191,115,-0.100
117201,115,-0.100
117211,115,-0.094
117221,115,-0.094
117231,115,-0.094
117241,115,-0.094
117251,115,-0.094
117261,115,-0.100
117271,115,-0.100
117281,115,-0.094
117291,115,-0.100
117301,115,-0.094
117311,115,-0.100
117321,115,-0.100
117331,115,-0.100
117341,115,-0.100
117351,115,-0.100
117361,115,-0.100
117371,115,-0.100
117381,115,-0.094
117391,115,-0.100
117401,115,-0.100
117411,115,-0.100
117421,115,-0.100
117431,115,-0.087
117441,115,-0.100
117451,115,-0.094
117461,115,-0.094
117471,115,-0.100
117481,115,-0.100
117491,115,-0.100
117501,115,-0.100
117511,115,-0.100
117521,115,-0.094
117531,115,-0.094
117541,115,-0.100
117551,115,-0.094
117561,115,-0.100
117571,115,-0.100
117581,115,-0.100
117591,115,-0.100
117601,115,-0.100
117611,115,-0.100
117621,115,-0.094
117631,115,-0.094
117641,115,-0.094
117651,115,-0.094
117661,115,-0.087
117671,115,-0.094
117681,115,-0.100
117691,115,-0.094
117701,115,-0.100
117711,115,-0.100
117721,115,-0.100
117731,115,-0.100
117741,115,-0.100
117751,115,-0.100
117761,115,-0.081
117771,115,-0.100
117781,115,-0.094
117791,115,-0.100
117801,115,-0.100
117811,115,-0.100
117821,115,-0.100
117831,115,-0.094
117841,115,-0.094
117851,115,-0.100
117861,115,-0.100
117871,115,-0.100
117881,115,-0.094
117891,115,-0.100
117901,115,-0.094
117911,115,-0.100
117921,115,-0.100
117931,115,-0.106
117941,115,-0.106
117951,115,-0.100
117961,115,-0.100
117971,115,-0.100
117981,115,-0.106
117991,115,-0.100
118001,115,-0.100
118011,115,-0.100
118021,115,-0.094
118031,115,-0.100
118041,115,-0.100
118051,115,-0.100
118061,115,-0.100
118071,115,-0.100
118081,115,-0.106
118091,115,-0.094
118101,115,-0.100
118111,115,-0.100
118121,115,-0.100
118131,115,-0.100
118141,115,-0.100
118151,115,-0.100
118161,115,-0.100
118171,115,-0.094
118181,115,-0.094
118191,115,-0.100
118201,115,-0.094
118211,115,-0.094
118221,115,-0.094
118231,115,-0.094
118241,115,-0.094
118251,115,-0.094
118261,115,-0.094
118271,115,-0.094
118281,115,-0.094
118291,115,-0.100
118301,115,-0.094
118311,115,-0.100
118321,115,-0.100
118331,115,-0.094
118341,115,-0.100
118351,115,-0.100
118361,115,-0.094
118371,115,-0.087
118381,115,-0.087
118391,115,-0.094
118401,115,-0.094
118411,115,-0.087
118421,115,-0.094
118431,115,-0.087
118441,115,-0.094
118451,115,-0.087
118461,115,-0.087
118471,115,-0.094
118481,115,-0.094
118491,115,-0.094
118501,115,-0.094
118511,115,-0.100
118521,115,-0.094
118531,115,-0.094
118541,115,-0.094
118551,115,-0.100
118561,115,-0.094
118571,115,-0.094
118581,115,-0.100
118591,115,-0.100
118601,115,-0.094
118611,115,-0.100
118621,115,-0.100
118631,115,-0.094
118641,115,-0.094
118651,115,-0.100
118661,115,-0.094
118671,115,-0.100
118681,115,-0.100
118691,115,-0.100
118701,115,-0.100
118711,115,-0.100
118721,115,-0.100
118731,115,-0.100
118741,115,-0.094
118751,115,-0.094
118761,115,-0.081
118771,115,-0.100
118781,115,-0.094
118791,115,-0.094
118801,115,-0.094
118811,115,-0.100
118821,115,-0.094
118831,115,-0.094
118841,115,-0.094
118851,115,-0.100
118861,115,-0.100
118871,115,-0.100
118881,115,-0.094
118891,115,-0.106
118901,115,-0.106
118911,115,-0.100
118921,115,-0.100
118931,115,-0.094
118941,115,-0.100
118951,115,-0.100
118961,115,-0.094
118971,115,-0.106
118981,115,-0.100
118991,115,-0.100
119001,115,-0.100
119011,115,-0.100
119021,115,-0.100
119031,115,-0.094
119041,115,-0.100
119051,115,-0.100
119061,115,-0.106
119071,115,-0.100
119081,115,-0.100
119091,115,-0.094
119101,115,-0.100
119111,115,-0.100
119121,115,-0.100
119131,115,-0.100
119141,115,-0.106
119151,115,-0.100
119161,115,-0.100
119171,115,-0.100
119181,115,-0.100
119191,115,-0.100
119201,115,-0.100
119211,115,-0.100
119221,115,-0.100
119231,115,-0.100
119241,115,-0.100
119251,115,-0.106
119261,115,-0.106
119271,115,-0.100
119281,115,-0.106
119291,115,-0.100
119301,115,-0.100
119311,115,-0.106
119321,115,-0.100
119331,115,-0.100
119341,115,-0.100
119351,115,-0.106
119361,115,-0.106
119371,115,-0.106
119381,115,-0.100
119391,115,-0.100
119401,115,-0.100
119411,115,-0.100
119421,115,-0.100
119431,115,-0.094
119441,115,-0.106
119451,115,-0.100
119461,115,-0.100
119471,115,-0.100
119481,115,-0.100
119491,115,-0.100
119501,115,-0.100
119511,115,-0.106
119521,115,-0.100
119531,115,-0.106
119541,115,-0.100
119551,115,-0.106
119561,115,-0.100
119571,115,-0.100
119581,115,-0.106
119591,115,-0.106
119601,115,-0.100
119611,115,-0.100
119621,115,-0.106
119631,115,-0.100
119641,115,-0.106
119651,115,-0.100
119661,115,-0.100
119671,115,-0.106
119681,115,-0.100
119691,115,-0.106
119701,115,-0.100
119711,115,-0.100
119721,115,-0.106
119731,115,-0.106
119741,115,-0.100
119751,115,-0.106
119761,115,-0.087
119771,115,-0.106
119781,115,-0.106
119791,115,-0.106
119801,115,-0.106
119811,115,-0.106
119821,115,-0.100
119831,115,-0.100
119841,115,-0.100
119851,115,-0.100
119861,115,-0.100
119871,115,-0.100
119881,115,-0.100
119891,115,-0.100
119901,115,-0.106
119911,115,-0.094
119921,115,-0.100
119931,115,-0.094
119941,115,-0.094
119951,115,-0.094
119961,115,-0.094
119971,115,-0.094
119981,115,-0.106
119991,115,-0.100
120001,115,-0.100
120011,115,-0.100
120021,115,-0.100
120031,115,-0.100
120041,115,-0.100
120051,115,-0.100
120061,115,-0.100
120071,115,-0.100
120081,115,-0.100
120091,115,-0.081
120101,115,-0.100
120111,115,-0.100
120121,115,-0.100
120131,115,-0.094
120141,115,-0.100
120151,115,-0.100
120161,115,-0.100
120171,115,-0.100
120181,115,-0.094
120191,115,-0.100
120201,115,-0.100
120211,115,-0.100
120221,115,-0.094
120231,115,-0.094
120241,115,-0.094
120251,115,-0.100
120261,115,-0.100
120271,115,-0.106
120281,115,-0.100
120291,115,-0.100
120301,115,-0.100
120311,115,-0.100
120321,115,-0.100
120331,115,-0.100
120341,115,-0.100
120351,115,-0.100
120361,115,-0.100
120371,115,-0.100
120381,115,-0.100
120391,115,-0.100
120401,115,-0.100
120411,115,-0.094
120421,115,-0.100
120431,115,-0.094
120441,115,-0.100
120451,115,-0.100
120461,115,-0.100
120471,115,-0.100
120481,115,-0.100
120491,115,-0.100
120501,115,-0.100
120511,115,-0.094
120521,115,-0.100
120531,115,-0.106
120541,115,-0.100
120551,115,-0.094
120561,115,-0.106
120571,115,-0.094
120581,115,-0.100
120591,115,-0.100
120601,115,-0.100
120611,115,-0.100
120621,115,-0.100
120631,115,-0.100
120641,115,-0.100
120651,115,-0.100
120661,115,-0.100
120671,115,-0.100
120681,115,-0.100
120691,115,-0.100
120701,115,-0.100
120711,115,-0.100
120721,115,-0.100
120731,115,-0.106
120741,115,-0.106
120751,115,-0.100
120761,115,-0.087
120771,115,-0.106
120781,115,-0.100
120791,115,-0.106
120801,115,-0.100
120811,115,-0.100
120821,115,-0.100
120831,115,-0.100
120841,115,-0.100
120851,115,-0.100
120861,115,-0.094
120871,115,-0.094
120881,115,-0.100
120891,115,-0.100
120901,115,-0.100
120911,115,-0.106
120921,115,-0.106
120931,115,-0.100
120941,115,-0.100
120951,115,-0.100
120961,115,-0.100
120971,115,-0.100
120981,115,-0.100
120991,115,-0.106
121001,115,-0.100
121011,115,-0.100
121021,115,-0.100
121031,115,-0.106
121041,115,-0.106
121051,115,-0.100
121061,115,-0.100
121071,115,-0.100
121081,115,-0.106
121091,115,-0.081
121101,115,-0.100
121111,115,-0.100
121121,115,-0.094
121131,115,-0.094
121141,115,-0.100
121151,115,-0.106
121161,115,-0.100
121171,115,-0.100
121181,115,-0.100
121191,115,-0.106
121201,115,-0.100
121211,115,-0.100
121221,115,-0.094
121231,115,-0.094
121241,115,-0.100
121251,115,-0.094
121261,115,-0.100
121271,115,-0.100
121281,115,-0.100
121291,115,-0.094
121301,115,-0.100
121311,115,-0.100
121321,115,-0.100
121331,115,-0.100
121341,115,-0.100
121351,115,-0.100
121361,115,-0.100
121371,115,-0.100
121381,115,-0.100
121391,115,-0.100
121401,115,-0.100
121411,115,-0.106
121421,115,-0.100
121431,115,-0.100
121441,115,-0.100
121451,115,-0.106
121461,115,-0.094
121471,115,-0.100
121481,115,-0.100
121491,115,-0.100
121501,115,-0.100
121511,115,-0.100
121521,115,-0.100
121531,115,-0.100
121541,115,-0.106
121551,115,-0.100
121561,115,-0.100
121571,115,-0.100
121581,115,-0.100
121591,115,-0.100
121601,115,-0.100
121611,115,-0.100
121621,115,-0.100
121631,115,-0.094
121641,115,-0.100
121651,115,-0.100
121661,115,-0.100
121671,115,-0.100
121681,115,-0.100
121691,115,-0.100
121701,115,-0.100
121711,115,-0.100
121721,115,-0.100
121731,115,-0.100
121741,115,-0.094
121751,115,-0.106
121761,115,-0.087
121771,115,-0.100
121781,115,-0.100
121791,115,-0.100
121801,115,-0.094
121811,115,-0.100
121821,115,-0.094
121831,115,-0.100
121841,115,-0.100
121851,115,-0.100
121861,115,-0.100
121871,115,-0.100
121881,115,-0.100
121891,115,-0.100
121901,115,-0.100
121911,115,-0.100
121921,115,-0.100
121931,115,-0.106
121941,115,-0.100
121951,115,-0.094
121961,115,-0.094
121971,115,-0.100
121981,115,-0.100
121991,115,-0.100
122001,120,-0.094
122011,120,-0.100
122021,120,-0.100
122031,120,-0.100
122041,120,-0.094
122051,120,-0.100
122061,120,-0.100
122071,120,-0.100
122081,120,-0.100
122091,120,-0.087
122101,120,-0.100
122111,120,-0.094
122121,120,-0.100
122131,120,-0.100
122141,120,-0.100
122151,120,-0.094
122161,120,-0.100
122171,120,-0.100
122181,120,-0.106
122191,120,-0.100
122201,120,-0.100
122211,120,-0.100
122221,120,-0.100
122231,120,-0.106
122241,120,-0.100
122251,120,-0.100
122261,120,-0.100
122271,120,-0.100
122281,120,-0.100
122291,120,-0.100
122301,120,-0.106
122311,120,-0.106
122321,120,-0.100
122331,120,-0.100
122341,120,-0.100
122351,120,-0.100
122361,120,-0.100
122371,120,-0.100
122381,120,-0.100
122391,120,-0.100
122401,120,0.150
122411,120,1.700
122421,120,3.213
122431,120,5.350
122441,120,8.500
122451,120,11.656
122461,120,14.063
122471,120,16.169
122481,120,17.963
122491,120,19.931
122501,120,21.750
122511,120,23.281
122521,120,24.663
122531,120,25.775
122541,120,26.806
122551,120,27.694
122561,120,28.625
122571,120,29.450
122581,120,30.231
122591,120,30.931
122601,120,31.631
122611,120,32.344
122621,120,32.956
122631,120,33.575
122641,120,34.113
122651,120,34.681
122661,120,35.106
122671,120,35.631
122681,120,35.988
122691,120,36.475
122701,120,36.750
122711,120,37.263
122721,120,37.563
122731,120,37.994
122741,120,38.325
122751,120,38.675
122761,120,38.856
122771,120,39.269
122781,120,39.600
122791,120,39.919
122801,120,40.194
122811,120,40.381
122821,120,40.675
122831,120,40.919
122841,120,41.250
122851,120,41.419
122861,120,41.631
122871,120,41.756
122881,120,42.019
122891,120,42.206
122901,120,42.438
122911,120,42.569
122921,120,42.744
122931,120,43.013
122941,120,43.119
122951,120,43.263
122961,120,43.331
122971,120,43.556
122981,120,43.781
122991,120,43.813
123001,120,43.969
123011,120,44.081
123021,120,44.275
123031,120,44.306
123041,120,44.438
123051,120,44.575
123061,120,44.656
123071,120,44.744
123081,120,44.831
123091,120,45.000
123101,120,45.025
123111,120,45.119
123121,120,45.188
123131,120,45.188
123141,120,45.356
123151,120,45.425
123161,120,45.406
123171,120,45.538
123181,120,45.600
123191,120,45.625
123201,120,45.738
123211,120,45.794
123221,120,45.813
123231,120,45.831
123241,120,45.938
123251,120,45.950
123261,120,45.969
123271,120,46.075
123281,120,46.094
123291,120,46.119
123301,120,46.225
123311,120,46.163
123321,120,46.206
123331,120,46.294
123341,120,46.269
123351,120,46.306
123361,120,46.369
123371,120,46.369
123381,120,46.400
123391,120,46.463
123401,120,46.463
123411,120,46.456
123421,120,46.519
123431,120,46.463
123441,120,46.569
123451,120,46.550
123461,120,46.594
123471,120,46.613
123481,120,46.619
123491,120,46.700
123501,120,46.700
123511,120,46.725
123521,120,46.756
123531,120,46.763
123541,120,46.769
123551,120,46.788
123561,120,46.794
123571,120,46.788
123581,120,46.775
123591,120,46.831
123601,120,46.769
123611,120,46.850
123621,120,46.819
123631,120,46.819
123641,120,46.894
123651,120,46.856
123661,120,46.838
123671,120,46.963
123681,120,46.850
123691,120,46.919
123701,120,46.950
123711,120,46.881
123721,120,46.950
123731,120,46.938
123741,120,46.888
123751,120,46.963
123761,120,46.894
123771,120,46.931
123781,120,46.950
123791,120,46.888
123801,120,46.994
123811,120,46.963
123821,120,46.969
123831,120,47.031
123841,120,46.969
123851,120,46.981
123861,120,47.031
123871,120,46.950
123881,120,47.013
123891,120,47.019
123901,120,46.956
123911,120,47.025
123921,120,47.025
123931,120,46.994
123941,120,47.038
123951,120,47.013
123961,120,47.006
123971,120,47.044
123981,120,47.038
123991,120,46.994
124001,120,47.025
124011,120,47.031
124021,120,46.994
124031,120,47.031
124041,120,47.019
124051,120,47.019
124061,120,47.044
124071,120,47.050
124081,120,46.975
124091,120,47.069
124101,120,47.031
124111,120,47.056
124121,120,47.013
124131,120,47.044
124141,120,47.038
124151,120,47.056
124161,120,47.019
124171,120,47.056
124181,120,47.031
124191,120,47.025
124201,120,47.056
124211,120,47.013
124221,120,47.038
124231,120,47.050
124241,120,46.969
124251,120,47.050
124261,120,47.038
124271,120,47.013
124281,120,47.088
124291,120,47.056
124301,120,47.031
124311,120,47.106
124321,120,47.031
124331,120,47.050
124341,120,47.094
124351,120,47.019
124361,120,47.075
124371,120,47.075
124381,120,46.988
124391,120,47.050
124401,120,47.019
124411,120,47.006
124421,120,47.044
124431,120,46.981
124441,120,47.081
124451,120,47.056
124461,120,47.025
124471,120,47.094
124481,120,47.038
124491,120,47.038
124501,120,47.088
124511,120,47.025
124521,120,47.031
124531,120,47.081
124541,120,46.994
124551,120,47.019
124561,120,47.063
124571,120,47.019
124581,120,47.038
124591,120,47.063
124601,120,47.063
124611,120,47.063
124621,120,47.063
124631,120,47.056
124641,120,47.063
124651,120,47.056
124661,120,47.063
124671,120,47.025
124681,120,47.063
124691,120,47.019
124701,120,47.044
124711,120,47.050
124721,120,47.019
124731,120,47.056
124741,120,47.088
124751,120,47.025
124761,120,47.113
124771,120,47.063
124781,120,47.056
124791,120,47.050
124801,120,47.025
124811,120,47.063
124821,120,47.038
124831,120,47.038
124841,120,47.069
124851,120,47.025
124861,120,47.050
124871,120,47.063
124881,120,47.031
124891,120,47.075
124901,120,47.100
124911,120,47.025
124921,120,47.100
124931,120,47.069
124941,120,47.038
124951,120,47.106
124961,120,47.044
124971,120,47.056
124981,120,47.088
124991,120,47.013
125001,120,47.038
125011,120,47.044
125021,120,47.000
125031,120,47.025
125041,120,47.025
125051,120,47.019
125061,120,47.044
125071,120,47.056
125081,120,47.019
125091,120,47.075
125101,120,47.031
125111,120,47.069
125121,120,47.038
125131,120,47.000
125141,120,47.031
125151,120,47.006
125161,120,47.013
125171,120,47.038
125181,120,47.000
125191,120,47.019
125201,120,47.063
125211,120,47.025
125221,120,46.994
125231,120,47.038
125241,120,46.994
125251,120,46.950
125261,120,46.994
125271,120,46.975
125281,120,46.913
125291,120,47.000
125301,120,46.938
125311,120,46.894
125321,120,46.969
125331,120,46.906
125341,120,46.913
125351,120,46.963
125361,120,46.894
125371,120,46.888
125381,120,46.906
125391,120,46.869
125401,120,46.894
125411,120,46.925
125421,120,46.913
125431,120,46.919
125441,120,46.819
125451,120,46.838
125461,120,46.856
125471,120,46.831
125481,120,46.863
125491,120,46.863
125501,120,46.819
125511,120,46.813
125521,120,46.838
125531,120,46.831
125541,120,46.775
125551,120,46.813
125561,120,46.813
125571,120,46.756
125581,120,46.831
125591,120,46.781
125601,120,46.763
125611,120,46.813
125621,120,46.800
125631,120,46.813
125641,120,46.800
125651,120,46.794
125661,120,46.800
125671,120,46.800
125681,120,46.800
125691,120,46.756
125701,120,46.744
125711,120,46.788
125721,120,46.775
125731,120,46.794
125741,120,46.831
125751,120,46.763
125761,120,46.838
125771,120,46.706
125781,120,46.769
125791,120,46.819
125801,120,46.719
125811,120,46.806
125821,120,46.831
125831,120,46.763
125841,120,46.794
125851,120,46.763
125861,120,46.731
125871,120,46.769
125881,120,46.794
125891,120,46.750
125901,120,46.756
125911,120,46.788
125921,120,46.781
125931,120,46.719
125941,120,46.806
125951,120,46.731
125961,120,46.744
125971,120,46.838
125981,120,46.731
125991,120,46.731
126001,120,46.788
126011,120,46.738
126021,120,46.750
126031,120,46.775
126041,120,46.738
126051,120,46.731
126061,120,46.769
126071,120,46.756
126081,120,46.731
126091,120,46.744
126101,120,46.738
126111,120,46.738
126121,120,46.769
126131,120,46.731
126141,120,46.713
126151,120,46.731
126161,120,46.706
126171,120,46.738
126181,120,46.763
126191,120,46.694
126201,120,46.756
126211,120,46.744
126221,120,46.706
126231,120,46.738
126241,120,46.700
126251,120,46.681
126261,120,46.731
126271,120,46.731
126281,120,46.731
126291,120,46.688
126301,120,46.738
126311,120,46.706
126321,120,46.669
126331,120,46.731
126341,120,46.725
126351,120,46.713
126361,120,46.775
126371,120,46.706
126381,120,46.694
126391,120,46.756
126401,120,46.675
126411,120,46.694
126421,120,46.750
126431,120,46.669
126441,120,46.756
126451,120,46.669
126461,120,46.688
126471,120,46.706
126481,120,46.706
126491,120,46.669
126501,120,46.706
126511,120,46.681
126521,120,46.638
126531,120,46.656
126541,120,46.706
126551,120,46.631
126561,120,46.675
126571,120,46.688
126581,120,46.631
126591,120,46.656
126601,120,46.700
126611,120,46.663
126621,120,46.663
126631,120,46.700
126641,120,46.656
126651,120,46.656
126661,120,46.663
126671,120,46.644
126681,120,46.631
126691,120,46.688
126701,120,46.669
126711,120,46.631
126721,120,46.713
126731,120,46.638
126741,120,46.613
126751,120,46.650
126761,120,46.600
126771,120,46.694
126781,120,46.650
126791,120,46.588
126801,120,46.638
126811,120,46.600
126821,120,46.613
126831,120,46.606
126841,120,46.594
126851,120,46.569
126861,120,46.563
126871,120,46.631
126881,120,46.581
126891,120,46.569
126901,120,46.619
126911,120,46.538
126921,120,46.544
126931,120,46.525
126941,120,46.575
126951,120,46.531
126961,120,46.488
126971,120,46.525
126981,120,46.525
126991,120,46.506
127001,125,46.563
127011,125,46.494
127021,125,46.538
127031,125,46.625
127041,125,46.606
127051,125,46.750
127061,125,46.781
127071,125,46.825
127081,125,46.956
127091,125,46.944
127101,125,47.056
127111,125,47.156
127121,125,47.250
127131,125,47.231
127141,125,47.363
127151,125,47.363
127161,125,47.469
127171,125,47.463
127181,125,47.581
127191,125,47.575
127201,125,47.663
127211,125,47.694
127221,125,47.725
127231,125,47.769
127241,125,47.831
127251,125,47.863
127261,125,47.838
127271,125,47.919
127281,125,47.925
127291,125,48.000
127301,125,48.006
127311,125,48.094
127321,125,48.025
127331,125,48.106
127341,125,48.088
127351,125,48.156
127361,125,48.119
127371,125,48.194
127381,125,48.144
127391,125,48.256
127401,125,48.206
127411,125,48.288
127421,125,48.225
127431,125,48.263
127441,125,48.306
127451,125,48.231
127461,125,48.319
127471,125,48.281
127481,125,48.319
127491,125,48.281
127501,125,48.350
127511,125,48.331
127521,125,48.388
127531,125,48.325
127541,125,48.388
127551,125,48.306
127561,125,48.375
127571,125,48.319
127581,125,48.363
127591,125,48.350
127601,125,48.394
127611,125,48.356
127621,125,48.394
127631,125,48.363
127641,125,48.431
127651,125,48.356
127661,125,48.388
127671,125,48.338
127681,125,48.369
127691,125,48.350
127701,125,48.394
127711,125,48.325
127721,125,48.388
127731,125,48.325
127741,125,48.363
127751,125,48.294
127761,125,48.325
127771,125,48.363
127781,125,48.294
127791,125,48.338
127801,125,48.325
127811,125,48.325
127821,125,48.300
127831,125,48.325
127841,125,48.313
127851,125,48.325
127861,125,48.269
127871,125,48.288
127881,125,48.263
127891,125,48.263
127901,125,48.256
127911,125,48.263
127921,125,48.231
127931,125,48.256
127941,125,48.244
127951,125,48.250
127961,125,48.194
127971,125,48.219
127981,125,48.194
127991,125,48.194
128001,125,48.219
128011,125,48.194
128021,125,48.163
128031,125,48.181
128041,125,48.175
128051,125,48.181
128061,125,48.169
128071,125,48.188
128081,125,48.200
128091,125,48.181
128101,125,48.125
128111,125,48.169
128121,125,48.075
128131,125,48.125
128141,125,48.081
128151,125,48.125
128161,125,48.088
128171,125,48.163
128181,125,48.050
128191,125,48.100
128201,125,48.050
128211,125,48.100
128221,125,48.013
128231,125,48.050
128241,125,48.031
128251,125,48.056
128261,125,47.981
128271,125,48.025
128281,125,47.963
128291,125,47.988
128301,125,47.981
128311,125,47.981
128321,125,47.944
128331,125,48.000
128341,125,47.956
128351,125,47.950
128361,125,47.944
128371,125,47.950
128381,125,47.938
128391,125,47.894
128401,125,47.956
128411,125,47.925
128421,125,47.931
128431,125,47.956
128441,125,47.888
128451,125,47.931
128461,125,47.863
128471,125,47.906
128481,125,47.825
128491,125,47.925
128501,125,47.863
128511,125,47.881
128521,125,47.856
128531,125,47.894
128541,125,47.850
128551,125,47.831
128561,125,47.850
128571,125,47.844
128581,125,47.819
128591,125,47.863
128601,125,47.825
128611,125,47.819
128621,125,47.856
128631,125,47.794
128641,125,47.825
128651,125,47.763
128661,125,47.838
128671,125,47.750
128681,125,47.794
128691,125,47.750
128701,125,47.788
128711,125,47.756
128721,125,47.819
128731,125,47.769
128741,125,47.763
128751,125,47.738
128761,125,47.775
128771,125,47.750
128781,125,47.763
128791,125,47.731
128801,125,47.756
128811,125,47.706
128821,125,47.769
128831,125,47.681
128841,125,47.725
128851,125,47.675
128861,125,47.713
128871,125,47.681
128881,125,47.744
128891,125,47.700
128901,125,47.694
128911,125,47.663
128921,125,47.694
128931,125,47.706
128941,125,47.650
128951,125,47.706
128961,125,47.675
128971,125,47.706
128981,125,47.681
128991,125,47.706
129001,125,47.625
129011,125,47.694
129021,125,47.656
129031,125,47.713
129041,125,47.600
129051,125,47.694
129061,125,47.619
129071,125,47.675
129081,125,47.644
129091,125,47.681
129101,125,47.613
129111,125,47.644
129121,125,47.594
129131,125,47.638
129141,125,47.613
129151,125,47.638
129161,125,47.581
129171,125,47.656
129181,125,47.619
129191,125,47.656
129201,125,47.581
129211,125,47.625
129221,125,47.550
129231,125,47.644
129241,125,47.594
129251,125,47.613
129261,125,47.588
129271,125,47.619
129281,125,47.588
129291,125,47.563
129301,125,47.581
129311,125,47.581
129321,125,47.581
129331,125,47.531
129341,125,47.606
129351,125,47.538
129361,125,47.581
129371,125,47.550
129381,125,47.581
129391,125,47.513
129401,125,47.581
129411,125,47.556
129421,125,47.600
129431,125,47.544
129441,125,47.556
129451,125,47.531
129461,125,47.588
129471,125,47.525
129481,125,47.563
129491,125,47.519
129501,125,47.569
129511,125,47.488
129521,125,47.544
129531,125,47.506
129541,125,47.556
129551,125,47.525
129561,125,47.563
129571,125,47.513
129581,125,47.500
129591,125,47.563
129601,125,47.525
129611,125,47.525
129621,125,47.475
129631,125,47.544
129641,125,47.488
129651,125,47.556
129661,125,47.488
129671,125,47.525
129681,125,47.456
129691,125,47.500
129701,125,47.481
129711,125,47.525
129721,125,47.488
129731,125,47.481
129741,125,47.494
129751,125,47.500
129761,125,47.406
129771,125,47.500
129781,125,47.456
129791,125,47.506
129801,125,47.419
129811,125,47.488
129821,125,47.456
129831,125,47.438
129841,125,47.456
129851,125,47.438
129861,125,47.419
129871,125,47.456
129881,125,47.488
129891,125,47.369
129901,125,47.456
129911,125,47.394
129921,125,47.463
129931,125,47.388
129941,125,47.456
129951,125,47.369
129961,125,47.444
129971,125,47.406
129981,125,47.406
129991,125,47.394
130001,125,47.413
130011,125,47.406
130021,125,47.356
130031,125,47.463
130041,125,47.394
130051,125,47.431
130061,125,47.338
130071,125,47.431
130081,125,47.363
130091,125,47.425
130101,125,47.369
130111,125,47.375
130121,125,47.369
130131,125,47.438
130141,125,47.350
130151,125,47.394
130161,125,47.344
130171,125,47.394
130181,125,47.319
130191,125,47.425
130201,125,47.350
130211,125,47.369
130221,125,47.388
130231,125,47.375
130241,125,47.331
130251,125,47.381
130261,125,47.419
130271,125,47.306
130281,125,47.400
130291,125,47.331
130301,125,47.394
130311,125,47.325
130321,125,47.438
130331,125,47.363
130341,125,47.381
130351,125,47.381
130361,125,47.338
130371,125,47.369
130381,125,47.350
130391,125,47.363
130401,125,47.288
130411,125,47.394
130421,125,47.325
130431,125,47.325
130441,125,47.344
130451,125,47.331
130461,125,47.294
130471,125,47.350
130481,125,47.294
130491,125,47.344
130501,125,47.313
130511,125,47.356
130521,125,47.275
130531,125,47.319
130541,125,47.300
130551,125,47.325
130561,125,47.294
130571,125,47.363
130581,125,47.306
130591,125,47.281
130601,125,47.313
130611,125,47.269
130621,125,47.313
130631,125,47.275
130641,125,47.306
130651,125,47.263
130661,125,47.350
130671,125,47.263
130681,125,47.300
130691,125,47.281
130701,125,47.294
130711,125,47.269
130721,125,47.250
130731,125,47.325
130741,125,47.206
130751,125,47.331
130761,125,47.294
130771,125,47.231
130781,125,47.250
130791,125,47.294
130801,125,47.275
130811,125,47.306
130821,125,47.225
130831,125,47.294
130841,125,47.225
130851,125,47.294
130861,125,47.206
130871,125,47.238
130881,125,47.256
130891,125,47.263
130901,125,47.250
130911,125,47.275
130921,125,47.275
130931,125,47.225
130941,125,47.256
130951,125,47.219
130961,125,47.250
130971,125,47.213
130981,125,47.250
130991,125,47.225
131001,125,47.256
131011,125,47.219
131021,125,47.213
131031,125,47.256
131041,125,47.219
131051,125,47.219
131061,125,47.188
131071,125,47.300
131081,125,47.181
131091,125,47.219
131101,125,47.219
131111,125,47.256
131121,125,47.194
131131,125,47.250
131141,125,47.194
131151,125,47.238
131161,125,47.194
131171,125,47.231
131181,125,47.181
131191,125,47.206
131201,125,47.188
131211,125,47.225
131221,125,47.213
131231,125,47.194
131241,125,47.206
131251,125,47.194
131261,125,47.225
131271,125,47.150
131281,125,47.194
131291,125,47.163
131301,125,47.213
131311,125,47.188
131321,125,47.219
131331,125,47.213
131341,125,47.163
131351,125,47.225
131361,125,47.138
131371,125,47.225
131381,125,47.188
131391,125,47.206
131401,125,47.156
131411,125,47.213
131421,125,47.131
131431,125,47.231
131441,125,47.144
131451,125,47.225
131461,125,47.144
131471,125,47.219
131481,125,47.150
131491,125,47.156
131501,125,47.181
131511,125,47.163
131521,125,47.181
131531,125,47.181
131541,125,47.213
131551,125,47.100
131561,125,47.188
131571,125,47.156
131581,125,47.188
131591,125,47.150
131601,125,47.156
131611,125,47.163
131621,125,47.156
131631,125,47.163
131641,125,47.144
131651,125,47.181
131661,125,47.144
131671,125,47.188
131681,125,47.113
131691,125,47.219
131701,125,47.163
131711,125,47.156
131721,125,47.175
131731,125,47.169
131741,125,47.169
131751,125,47.144
131761,125,47.106
131771,125,47.163
131781,125,47.131
131791,125,47.163
131801,125,47.125
131811,125,47.131
131821,125,47.206
131831,125,47.100
131841,125,47.188
131851,125,47.119
131861,125,47.181
131871,125,47.113
131881,125,47.163
131891,125,47.156
131901,125,47.175
131911,125,47.169
131921,125,47.138
131931,125,47.169
131941,125,47.125
131951,125,47.156
131961,125,47.125
131971,125,47.200
131981,125,47.094
131991,125,47.163
132001,130,47.131
132011,130,47.119
132021,130,47.175
132031,130,47.256
132041,130,47.281
132051,130,47.325
132061,130,47.356
132071,130,47.450
132081,130,47.450
132091,130,47.531
132101,130,47.619
132111,130,47.588
132121,130,47.694
132131,130,47.694
132141,130,47.813
132151,130,47.850
132161,130,47.819
132171,130,47.906
132181,130,47.919
132191,130,48.006
132201,130,47.981
132211,130,47.981
132221,130,48.075
132231,130,48.050
132241,130,48.144
132251,130,48.113
132261,130,48.138
132271,130,48.219
132281,130,48.175
132291,130,48.225
132301,130,48.238
132311,130,48.219
132321,130,48.313
132331,130,48.213
132341,130,48.319
132351,130,48.313
132361,130,48.275
132371,130,48.306
132381,130,48.300
132391,130,48.313
132401,130,48.325
132411,130,48.275
132421,130,48.356
132431,130,48.413
132441,130,48.319
132451,130,48.331
132461,130,48.400
132471,130,48.338
132481,130,48.394
132491,130,48.381
132501,130,48.313
132511,130,48.413
132521,130,48.375
132531,130,48.394
132541,130,48.388
132551,130,48.375
132561,130,48.431
132571,130,48.394
132581,130,48.381
132591,130,48.444
132601,130,48.381
132611,130,48.406
132621,130,48.413
132631,130,48.375
132641,130,48.438
132651,130,48.381
132661,130,48.394
132671,130,48.444
132681,130,48.375
132691,130,48.419
132701,130,48.375
132711,130,48.381
132721,130,48.406
132731,130,48.375
132741,130,48.400
132751,130,48.400
132761,130,48.400
132771,130,48.338
132781,130,48.406
132791,130,48.350
132801,130,48.325
132811,130,48.375
132821,130,48.319
132831,130,48.356
132841,130,48.375
132851,130,48.313
132861,130,48.375
132871,130,48.344
132881,130,48.344
132891,130,48.375
132901,130,48.313
132911,130,48.369
132921,130,48.363
132931,130,48.319
132941,130,48.375
132951,130,48.338
132961,130,48.356
132971,130,48.344
132981,130,48.313
132991,130,48.375
133001,130,48.306
133011,130,48.325
133021,130,48.356
133031,130,48.306
133041,130,48.363
133051,130,48.325
133061,130,48.294
133071,130,48.375
133081,130,48.288
133091,130,48.288
133101,130,48.294
133111,130,48.306
133121,130,48.263
133131,130,48.319
133141,130,48.319
133151,130,48.281
133161,130,48.313
133171,130,48.250
133181,130,48.319
133191,130,48.306
133201,130,48.256
133211,130,48.306
133221,130,48.250
133231,130,48.281
133241,130,48.275
133251,130,48.244
133261,130,48.313
133271,130,48.244
133281,130,48.263
133291,130,48.250
133301,130,48.238
133311,130,48.281
133321,130,48.238
133331,130,48.213
133341,130,48.275
133351,130,48.206
133361,130,48.281
133371,130,48.244
133381,130,48.206
133391,130,48.294
133401,130,48.200
133411,130,48.269
133421,130,48.281
133431,130,48.244
133441,130,48.206
133451,130,48.244
133461,130,48.225
133471,130,48.231
133481,130,48.250
133491,130,48.206
133501,130,48.256
133511,130,48.213
133521,130,48.219
133531,130,48.250
133541,130,48.181
133551,130,48.244
133561,130,48.231
133571,130,48.188
133581,130,48.238
133591,130,48.181
133601,130,48.231
133611,130,48.206
133621,130,48.181
133631,130,48.213
133641,130,48.150
133651,130,48.194
133661,130,48.181
133671,130,48.175
133681,130,48.225
133691,130,48.181
133701,130,48.181
133711,130,48.206
133721,130,48.188
133731,130,48.213
133741,130,48.175
133751,130,48.175
133761,130,48.163
133771,130,48.213
133781,130,48.144
133791,130,48.206
133801,130,48.181
133811,130,48.131
133821,130,48.181
133831,130,48.163
133841,130,48.169
133851,130,48.181
133861,130,48.144
133871,130,48.206
133881,130,48.144
133891,130,48.181
133901,130,48.188
133911,130,48.106
133921,130,48.219
133931,130,48.163
133941,130,48.138
133951,130,48.181
133961,130,48.113
133971,130,48.156
133981,130,48.144
133991,130,48.113
134001,130,48.181
134011,130,48.113
134021,130,48.194
134031,130,48.119
134041,130,48.131
134051,130,48.169
134061,130,48.075
134071,130,48.156
134081,130,48.150
134091,130,48.106
134101,130,48.088
134111,130,48.163
134121,130,48.119
134131,130,48.169
134141,130,48.144
134151,130,48.113
134161,130,48.150
134171,130,48.081
134181,130,48.144
134191,130,48.113
134201,130,48.069
134211,130,48.163
134221,130,48.069
134231,130,48.125
134241,130,48.138
134251,130,48.094
134261,130,48.125
134271,130,48.088
134281,130,48.119
134291,130,48.119
134301,130,48.038
134311,130,48.119
134321,130,48.063
134331,130,48.100
134341,130,48.069
134351,130,48.050
134361,130,48.113
134371,130,48.050
134381,130,48.113
134391,130,48.088
134401,130,48.050
134411,130,48.131
134421,130,48.113
134431,130,48.075
134441,130,48.088
134451,130,48.094
134461,130,48.013
134471,130,48.113
134481,130,48.044
134491,130,48.094
134501,130,48.113
134511,130,48.006
134521,130,48.119
134531,130,48.069
134541,130,48.050
134551,130,48.081
134561,130,48.050
134571,130,48.113
134581,130,48.056
134591,130,48.056
134601,130,48.100
134611,130,48.050
134621,130,48.106
134631,130,48.081
134641,130,48.050
134651,130,48.119
134661,130,48.050
134671,130,48.075
134681,130,48.056
134691,130,48.063
134701,130,48.106
134711,130,48.006
134721,130,48.094
134731,130,48.069
134741,130,48.025
134751,130,48.119
134761,130,48.106
134771,130,48.038
134781,130,48.075
134791,130,48.069
134801,130,48.050
134811,130,48.081
134821,130,48.013
134831,130,48.069
134841,130,48.025
134851,130,47.988
134861,130,48.088
134871,130,48.000
134881,130,48.050
134891,130,48.069
134901,130,48.019
134911,130,48.081
134921,130,48.019
134931,130,48.069
134941,130,48.044
134951,130,48.000
134961,130,48.050
134971,130,48.044
134981,130,48.031
134991,130,48.044
135001,130,48.006
135011,130,48.050
135021,130,48.044
135031,130,48.038
135041,130,48.050
135051,130,47.975
135061,130,48.081
135071,130,48.031
135081,130,47.988
135091,130,48.013
135101,130,48.044
135111,130,47.975
135121,130,48.044
135131,130,48.025
135141,130,48.031
135151,130,48.044
135161,130,47.956
135171,130,48.038
135181,130,48.013
135191,130,47.981
135201,130,48.044
135211,130,47.981
135221,130,48.050
135231,130,47.988
135241,130,47.994
135251,130,48.038
135261,130,47.981
135271,130,48.025
135281,130,47.981
135291,130,47.950
135301,130,48.019
135311,130,47.981
135321,130,48.000
135331,130,47.969
135341,130,47.975
135351,130,48.025
135361,130,47.938
135371,130,48.025
135381,130,47.988
135391,130,47.956
135401,130,47.988
135411,130,47.969
135421,130,47.913
135431,130,48.000
135441,130,47.988
135451,130,47.950
135461,130,48.019
135471,130,47.913
135481,130,48.013
135491,130,47.969
135501,130,47.981
135511,130,47.981
135521,130,47.938
135531,130,47.975
135541,130,47.981
135551,130,47.919
135561,130,47.981
135571,130,47.906
135581,130,47.981
135591,130,47.956
135601,130,47.925
135611,130,47.963
135621,130,47.913
135631,130,48.006
135641,130,47.938
135651,130,47.913
135661,130,47.944
135671,130,47.913
135681,130,47.950
135691,130,47.894
135701,130,47.931
135711,130,47.919
135721,130,47.869
135731,130,47.956
135741,130,47.913
135751,130,47.856
135761,130,47.938
135771,130,47.906
135781,130,47.863
135791,130,47.963
135801,130,47.875
135811,130,47.919
135821,130,47.919
135831,130,47.888
135841,130,47.919
135851,130,47.881
135861,130,47.919
135871,130,47.894
135881,130,47.875
135891,130,47.925
135901,130,47.869
135911,130,47.938
135921,130,47.875
135931,130,47.850
135941,130,47.913
135951,130,47.850
135961,130,47.913
135971,130,47.825
135981,130,47.900
135991,130,47.900
136001,130,47.806
136011,130,47.906
136021,130,47.850
136031,130,47.888
136041,130,47.888
136051,130,47.850
136061,130,47.919
136071,130,47.850
136081,130,47.869
136091,130,47.881
136101,130,47.913
136111,130,47.850
136121,130,47.919
136131,130,47.844
136141,130,47.906
136151,130,47.894
136161,130,47.869
136171,130,47.931
136181,130,47.850
136191,130,47.931
136201,130,47.875
136211,130,47.838
136221,130,47.913
136231,130,47.844
136241,130,47.913
136251,130,47.831
136261,130,47.894
136271,130,47.906
136281,130,47.800
136291,130,47.906
136301,130,47.850
136311,130,47.856
136321,130,47.888
136331,130,47.850
136341,130,47.894
136351,130,47.838
136361,130,47.856
136371,130,47.856
136381,130,47.850
136391,130,47.913
136401,130,47.813
136411,130,47.900
136421,130,47.913
136431,130,47.856
136441,130,47.813
136451,130,47.869
136461,130,47.813
136471,130,47.888
136481,130,47.856
136491,130,47.850
136501,130,47.894
136511,130,47.806
136521,130,47.913
136531,130,47.844
136541,130,47.850
136551,130,47.869
136561,130,47.806
136571,130,47.888
136581,130,47.850
136591,130,47.850
136601,130,47.850
136611,130,47.806
136621,130,47.894
136631,130,47.800
136641,130,47.869
136651,130,47.856
136661,130,47.831
136671,130,47.875
136681,130,47.819
136691,130,47.856
136701,130,47.856
136711,130,47.806
136721,130,47.850
136731,130,47.788
136741,130,47.900
136751,130,47.881
136761,130,47.819
136771,130,47.844
136781,130,47.856
136791,130,47.763
136801,130,47.863
136811,130,47.844
136821,130,47.838
136831,130,47.850
136841,130,47.788
136851,130,47.881
136861,130,47.819
136871,130,47.844
136881,130,47.831
136891,130,47.800
136901,130,47.850
136911,130,47.794
136921,130,47.844
136931,130,47.850
136941,130,47.806
136951,130,47.856
136961,130,47.756
136971,130,47.856
136981,130,47.794
136991,130,47.831
137001,135,47.838
137011,135,47.788
137021,135,47.888
137031,135,47.850
137041,135,47.900
137051,135,48.019
137061,135,47.988
137071,135,48.013
137081,135,48.125
137091,135,48.163
137101,135,48.250
137111,135,48.244
137121,135,48.250
137131,135,48.375
137141,135,48.350
137151,135,48.375
137161,135,48.444
137171,135,48.488
137181,135,48.438
137191,135,48.456
137201,135,48.563
137211,135,48.581
137221,135,48.581
137231,135,48.550
137241,135,48.650
137251,135,48.644
137261,135,48.644
137271,135,48.644
137281,135,48.706
137291,135,48.656
137301,135,48.644
137311,135,48.644
137321,135,48.713
137331,135,48.713
137341,135,48.713
137351,135,48.713
137361,135,48.756
137371,135,48.775
137381,135,48.775
137391,135,48.763
137401,135,48.763
137411,135,48.788
137421,135,48.806
137431,135,48.775
137441,135,48.756
137451,135,48.706
137461,135,48.769
137471,135,48.775
137481,135,48.781
137491,135,48.738
137501,135,48.788
137511,135,48.813
137521,135,48.775
137531,135,48.713
137541,135,48.725
137551,135,48.775
137561,135,48.781
137571,135,48.769
137581,135,48.763
137591,135,48.819
137601,135,48.781
137611,135,48.750
137621,135,48.713
137631,135,48.775
137641,135,48.775
137651,135,48.769
137661,135,48.725
137671,135,48.719
137681,135,48.781
137691,135,48.788
137701,135,48.719
137711,135,48.750
137721,135,48.781
137731,135,48.750
137741,135,48.725
137751,135,48.713
137761,135,48.719
137771,135,48.750
137781,135,48.788
137791,135,48.750
137801,135,48.694
137811,135,48.713
137821,135,48.769
137831,135,48.769
137841,135,48.713
137851,135,48.713
137861,135,48.794
137871,135,48.750
137881,135,48.713
137891,135,48.681
137901,135,48.738
137911,135,48.756
137921,135,48.713
137931,135,48.713
137941,135,48.769
137951,135,48.775
137961,135,48.719
137971,135,48.675
137981,135,48.725
137991,135,48.750
138001,135,48.719
138011,135,48.713
138021,135,48.675
138031,135,48.763
138041,135,48.713
138051,135,48.706
138061,135,48.700
138071,135,48.756
138081,135,48.731
138091,135,48.713
138101,135,48.713
138111,135,48.706
138121,135,48.700
138131,135,48.713
138141,135,48.713
138151,135,48.688
138161,135,48.650
138171,135,48.713
138181,135,48.713
138191,135,48.688
138201,135,48.663
138211,135,48.713
138221,135,48.719
138231,135,48.713
138241,135,48.650
138251,135,48.688
138261,135,48.713
138271,135,48.713
138281,135,48.650
138291,135,48.706
138301,135,48.706
138311,135,48.706
138321,135,48.663
138331,135,48.650
138341,135,48.713
138351,135,48.719
138361,135,48.650
138371,135,48.650
138381,135,48.719
138391,135,48.713
138401,135,48.700
138411,135,48.663
138421,135,48.681
138431,135,48.675
138441,135,48.719
138451,135,48.713
138461,135,48.694
138471,135,48.650
138481,135,48.706
138491,135,48.719
138501,135,48.681
138511,135,48.650
138521,135,48.688
138531,135,48.713
138541,135,48.713
138551,135,48.644
138561,135,48.669
138571,135,48.706
138581,135,48.706
138591,135,48.644
138601,135,48.631
138611,135,48.713
138621,135,48.713
138631,135,48.650
138641,135,48.650
138651,135,48.713
138661,135,48.713
138671,135,48.650
138681,135,48.600
138691,135,48.656
138701,135,48.713
138711,135,48.669
138721,135,48.650
138731,135,48.688
138741,135,48.731
138751,135,48.706
138761,135,48.706
138771,135,48.644
138781,135,48.650
138791,135,48.688
138801,135,48.713
138811,135,48.644
138821,135,48.619
138831,135,48.638
138841,135,48.700
138851,135,48.650
138861,135,48.644
138871,135,48.644
138881,135,48.713
138891,135,48.681
138901,135,48.650
138911,135,48.613
138921,135,48.669
138931,135,48.644
138941,135,48.644
138951,135,48.638
138961,135,48.700
138971,135,48.713
138981,135,48.650
138991,135,48.613
139001,135,48.656
139011,135,48.681
139021,135,48.644
139031,135,48.650
139041,135,48.669
139051,135,48.713
139061,135,48.656
139071,135,48.644
139081,135,48.613
139091,135,48.619
139101,135,48.669
139111,135,48.700
139121,135,48.644
139131,135,48.638
139141,135,48.625
139151,135,48.694
139161,135,48.650
139171,135,48.650
139181,135,48.606
139191,135,48.694
139201,135,48.650
139211,135,48.644
139221,135,48.600
139231,135,48.656
139241,135,48.663
139251,135,48.650
139261,135,48.613
139271,135,48.688
139281,135,48.688
139291,135,48.650
139301,135,48.631
139311,135,48.650
139321,135,48.694
139331,135,48.650
139341,135,48.600
139351,135,48.631
139361,135,48.675
139371,135,48.650
139381,135,48.644
139391,135,48.613
139401,135,48.675
139411,135,48.663
139421,135,48.675
139431,135,48.644
139441,135,48.650
139451,135,48.613
139461,135,48.650
139471,135,48.650
139481,135,48.625
139491,135,48.594
139501,135,48.694
139511,135,48.650
139521,135,48.644
139531,135,48.606
139541,135,48.650
139551,135,48.644
139561,135,48.644
139571,135,48.575
139581,135,48.625
139591,135,48.650
139601,135,48.644
139611,135,48.588
139621,135,48.625
139631,135,48.644
139641,135,48.644
139651,135,48.613
139661,135,48.588
139671,135,48.644
139681,135,48.650
139691,135,48.631
139701,135,48.594
139711,135,48.644
139721,135,48.638
139731,135,48.575
139741,135,48.594
139751,135,48.575
139761,135,48.581
139771,135,48.638
139781,135,48.644
139791,135,48.575
139801,135,48.550
139811,135,48.619
139821,135,48.581
139831,135,48.481
139841,135,48.513
139851,135,48.506
139861,135,48.450
139871,135,48.394
139881,135,48.438
139891,135,48.438
139901,135,48.381
139911,135,48.419
139921,135,48.381
139931,135,48.344
139941,135,48.381
139951,135,48.375
139961,135,48.313
139971,135,48.319
139981,135,48.375
139991,135,48.325
140001,135,48.313
140011,135,48.356
140021,135,48.344
140031,135,48.275
140041,135,48.344
140051,135,48.375
140061,135,48.313
140071,135,48.294
140081,135,48.306
140091,135,48.381
140101,135,48.381
140111,135,48.306
140121,135,48.331
140131,135,48.375
140141,135,48.363
140151,135,48.319
140161,135,48.363
140171,135,48.381
140181,135,48.338
140191,135,48.306
140201,135,48.444
140211,135,48.369
140221,135,48.356
140231,135,48.394
140241,135,48.444
140251,135,48.381
140261,135,48.369
140271,135,48.419
140281,135,48.444
140291,135,48.381
140301,135,48.381
140311,135,48.444
140321,135,48.419
140331,135,48.369
140341,135,48.388
140351,135,48.425
140361,135,48.369
140371,135,48.356
140381,135,48.450
140391,135,48.381
140401,135,48.344
140411,135,48.356
140421,135,48.363
140431,135,48.419
140441,135,48.375
140451,135,48.338
140461,135,48.406
140471,135,48.394
140481,135,48.375
140491,135,48.325
140501,135,48.431
140511,135,48.381
140521,135,48.363
140531,135,48.369
140541,135,48.438
140551,135,48.400
140561,135,48.381
140571,135,48.450
140581,135,48.438
140591,135,48.413
140601,135,48.394
140611,135,48.463
140621,135,48.450
140631,135,48.438
140641,135,48.419
140651,135,48.488
140661,135,48.469
140671,135,48.413
140681,135,48.444
140691,135,48.506
140701,135,48.506
140711,135,48.450
140721,135,48.463
140731,135,48.563
140741,135,48.588
140751,135,48.619
140761,135,48.581
140771,135,48.506
140781,135,48.519
140791,135,48.569
140801,135,48.569
140811,135,48.575
140821,135,48.513
140831,135,48.613
140841,135,48.575
140851,135,48.575
140861,135,48.550
140871,135,48.594
140881,135,48.619
140891,135,48.569
140901,135,48.519
140911,135,48.556
140921,135,48.594
140931,135,48.569
140941,135,48.575
140951,135,48.538
140961,135,48.638
140971,135,48.581
140981,135,48.556
140991,135,48.525
141001,135,48.625
141011,135,48.575
141021,135,48.569
141031,135,48.525
141041,135,48.619
141051,135,48.613
141061,135,48.575
141071,135,48.525
141081,135,48.513
141091,135,48.538
141101,135,48.619
141111,135,48.606
141121,135,48.575
141131,135,48.506
141141,135,48.600
141151,135,48.569
141161,135,48.569
141171,135,48.556
141181,135,48.556
141191,135,48.631
141201,135,48.569
141211,135,48.538
141221,135,48.538
141231,135,48.606
141241,135,48.569
141251,135,48.519
141261,135,48.519
141271,135,48.625
141281,135,48.594
141291,135,48.569
141301,135,48.506
141311,135,48.613
141321,135,48.569
141331,135,48.569
141341,135,48.550
141351,135,48.569
141361,135,48.619
141371,135,48.563
141381,135,48.519
141391,135,48.556
141401,135,48.594
141411,135,48.588
141421,135,48.613
141431,135,48.569
141441,135,48.531
141451,135,48.556
141461,135,48.594
141471,135,48.569
141481,135,48.544
141491,135,48.538
141501,135,48.569
141511,135,48.569
141521,135,48.544
141531,135,48.525
141541,135,48.613
141551,135,48.575
141561,135,48.525
141571,135,48.513
141581,135,48.575
141591,135,48.575
141601,135,48.575
141611,135,48.506
141621,135,48.594
141631,135,48.581
141641,135,48.556
141651,135,48.506
141661,135,48.550
141671,135,48.563
141681,135,48.569
141691,135,48.531
141701,135,48.538
141711,135,48.613
141721,135,48.569
141731,135,48.500
141741,135,48.525
141751,135,48.538
141761,135,48.544
141771,135,48.619
141781,135,48.575
141791,135,48.513
141801,135,48.519
141811,135,48.575
141821,135,48.575
141831,135,48.569
141841,135,48.506
141851,135,48.619
141861,135,48.575
141871,135,48.538
141881,135,48.506
141891,135,48.569
141901,135,48.569
141911,135,48.569
141921,135,48.506
141931,135,48.506
141941,135,48.569
141951,135,48.575
141961,135,48.506
141971,135,48.538
141981,135,48.563
141991,135,48.569
142001,140,48.544
142011,140,48.500
142021,140,48.613
142031,140,48.638
142041,140,48.594
142051,140,48.606
142061,140,48.638
142071,140,48.725
142081,140,48.681
142091,140,48.694
142101,140,48.813
142111,140,48.831
142121,140,48.838
142131,140,48.831
142141,140,48.869
142151,140,48.894
142161,140,48.888
142171,140,48.950
142181,140,49.019
142191,140,49.019
142201,140,49.025
142211,140,49.031
142221,140,49.025
142231,140,49.025
142241,140,49.069
142251,140,49.031
142261,140,49.094
142271,140,49.156
142281,140,49.156
142291,140,49.150
142301,140,49.163
142311,140,49.163
142321,140,49.163
142331,140,49.119
142341,140,49.119
142351,140,49.088
142361,140,49.156
142371,140,49.200
142381,140,49.156
142391,140,49.144
142401,140,49.169
142411,140,49.163
142421,140,49.150
142431,140,49.156
142441,140,49.163
142451,140,49.163
142461,140,49.163
142471,140,49.156
142481,140,49.138
142491,140,49.156
142501,140,49.206
142511,140,49.225
142521,140,49.225
142531,140,49.156
142541,140,49.163
142551,140,49.163
142561,140,49.156
142571,140,49.150
142581,140,49.138
142591,140,49.156
142601,140,49.200
142611,140,49.225
142621,140,49.231
142631,140,49.169
142641,140,49.156
142651,140,49.163
142661,140,49.163
142671,140,49.144
142681,140,49.144
142691,140,49.169
142701,140,49.206
142711,140,49.163
142721,140,49.156
142731,140,49.163
142741,140,49.156
142751,140,49.150
142761,140,49.150
142771,140,49.156
142781,140,49.169
142791,140,49.169
142801,140,49.163
142811,140,49.094
142821,140,49.106
142831,140,49.169
142841,140,49.169
142851,140,49.156
142861,140,49.163
142871,140,49.169
142881,140,49.163
142891,140,49.169
142901,140,49.131
142911,140,49.113
142921,140,49.156
142931,140,49.163
142941,140,49.169
142951,140,49.163
142961,140,49.163
142971,140,49.156
142981,140,49.156
142991,140,49.125
143001,140,49.131
143011,140,49.119
143021,140,49.156
143031,140,49.175
143041,140,49.169
143051,140,49.163
143061,140,49.163
143071,140,49.181
143081,140,49.156
143091,140,49.156
143101,140,49.156
143111,140,49.163
143121,140,49.113
143131,140,49.094
143141,140,49.094
143151,140,49.094
143161,140,49.156
143171,140,49.163
143181,140,49.156
143191,140,49.156
143201,140,49.106
143211,140,49.094
143221,140,49.094
143231,140,49.050
143241,140,49.100
143251,140,49.144
143261,140,49.169
143271,140,49.163
143281,140,49.125
143291,140,49.100
143301,140,49.094
143311,140,49.100
143321,140,49.056
143331,140,49.094
143341,140,49.088
143351,140,49.125
143361,140,49.100
143371,140,49.100
143381,140,49.094
143391,140,49.100
143401,140,49.119
143411,140,49.100
143421,140,49.106
143431,140,49.063
143441,140,49.075
143451,140,49.031
143461,140,49.088
143471,140,49.094
143481,140,49.100
143491,140,49.100
143501,140,49.100
143511,140,49.088
143521,140,49.100
143531,140,49.075
143541,140,49.056
143551,140,49.094
143561,140,49.138
143571,140,49.100
143581,140,49.094
143591,140,49.100
143601,140,49.106
143611,140,49.100
143621,140,49.056
143631,140,49.025
143641,140,49.088
143651,140,49.156
143661,140,49.156
143671,140,49.138
143681,140,49.094
143691,140,49.100
143701,140,49.094
143711,140,49.094
143721,140,49.050
143731,140,49.100
143741,140,49.100
143751,140,49.075
143761,140,49.075
143771,140,49.100
143781,140,49.144
143791,140,49.125
143801,140,49.106
143811,140,49.100
143821,140,49.100
143831,140,49.075
143841,140,49.075
143851,140,49.031
143861,140,49.088
143871,140,49.144
143881,140,49.106
143891,140,49.100
143901,140,49.094
143911,140,49.100
143921,140,49.069
143931,140,49.069
143941,140,49.025
143951,140,49.094
143961,140,49.106
143971,140,49.106
143981,140,49.106
143991,140,49.100
144001,140,49.100
144011,140,49.069
144021,140,49.044
144031,140,49.044
144041,140,49.031
144051,140,49.094
144061,140,49.100
144071,140,49.119
144081,140,49.069
144091,140,49.100
144101,140,49.100
144111,140,49.038
144121,140,49.031
144131,140,49.038
144141,140,49.025
144151,140,49.013
144161,140,49.038
144171,140,49.075
144181,140,49.100
144191,140,49.063
144201,140,49.038
144211,140,49.031
144221,140,49.038
144231,140,49.019
144241,140,49.019
144251,140,49.038
144261,140,49.113
144271,140,49.075
144281,140,49.038
144291,140,49.038
144301,140,49.031
144311,140,49.031
144321,140,48.969
144331,140,49.025
144341,140,49.081
144351,140,49.044
144361,140,49.025
144371,140,49.025
144381,140,49.031
144391,140,48.994
144401,140,49.013
144411,140,49.013
144421,140,49.025
144431,140,49.000
144441,140,48.956
144451,140,48.994
144461,140,49.031
144471,140,49.031
144481,140,49.031
144491,140,49.025
144501,140,49.013
144511,140,48.963
144521,140,48.963
144531,140,48.963
144541,140,49.006
144551,140,49.025
144561,140,49.025
144571,140,49.031
144581,140,49.025
144591,140,49.006
144601,140,49.006
144611,140,48.963
144621,140,49.006
144631,140,49.031
144641,140,49.031
144651,140,49.025
144661,140,49.019
144671,140,49.031
144681,140,48.956
144691,140,48.963
144701,140,48.956
144711,140,49.019
144721,140,49.031
144731,140,49.038
144741,140,49.031
144751,140,49.038
144761,140,49.031
144771,140,49.025
144781,140,49.031
144791,140,49.025
144801,140,49.006
144811,140,48.963
144821,140,48.963
144831,140,49.031
144841,140,49.025
144851,140,49.031
144861,140,49.025
144871,140,49.025
144881,140,49.019
144891,140,49.019
144901,140,48.963
144911,140,49.013
144921,140,49.063
144931,140,49.038
144941,140,49.038
144951,140,49.038
144961,140,49.031
144971,140,49.013
144981,140,49.000
144991,140,48.956
145001,140,49.006
145011,140,49.075
145021,140,49.031
145031,140,49.031
145041,140,49.031
145051,140,49.038
145061,140,49.006
145071,140,49.044
145081,140,49.025
145091,140,49.031
145101,140,48.994
145111,140,48.963
145121,140,48.988
145131,140,49.025
145141,140,49.031
145151,140,49.025
145161,140,49.025
145171,140,49.031
145181,140,48.988
145191,140,48.969
145201,140,48.969
145211,140,49.000
145221,140,49.038
145231,140,49.025
145241,140,49.025
145251,140,49.025
145261,140,49.025
145271,140,48.981
145281,140,48.963
145291,140,48.963
145301,140,49.000
145311,140,49.031
145321,140,49.031
145331,140,49.031
145341,140,49.031
145351,140,49.025
145361,140,48.975
145371,140,48.963
145381,140,48.963
145391,140,49.013
145401,140,49.050
145411,140,48.975
145421,140,48.981
145431,140,49.038
145441,140,49.031
145451,140,49.038
145461,140,49.031
145471,140,49.000
145481,140,48.969
145491,140,48.969
145501,140,48.969
145511,140,48.988
145521,140,49.038
145531,140,49.025
145541,140,48.963
145551,140,48.969
145561,140,48.969
145571,140,48.975
145581,140,48.931
145591,140,48.969
145601,140,48.963
145611,140,48.969
145621,140,48.963
145631,140,48.969
145641,140,48.963
145651,140,48.944
145661,140,48.900
145671,140,48.944
145681,140,49.000
145691,140,48.963
145701,140,48.969
145711,140,48.963
145721,140,48.963
145731,140,48.981
145741,140,48.969
145751,140,48.969
145761,140,48.969
145771,140,48.969
145781,140,48.925
145791,140,48.981
145801,140,49.025
145811,140,49.038
145821,140,48.988
145831,140,48.975
145841,140,48.969
145851,140,48.975
145861,140,48.969
145871,140,48.969
145881,140,48.981
145891,140,49.031
145901,140,49.031
145911,140,49.031
145921,140,48.988
145931,140,48.969
145941,140,48.969
145951,140,48.975
145961,140,48.969
145971,140,49.000
145981,140,49.038
145991,140,49.031
146001,140,49.031
146011,140,48.981
146021,140,48.975
146031,140,48.975
146041,140,48.975
146051,140,48.975
146061,140,49.006
146071,140,49.031
146081,140,48.956
146091,140,48.969
146101,140,49.038
146111,140,49.031
146121,140,49.000
146131,140,48.963
146141,140,48.963
146151,140,48.963
146161,140,48.919
146171,140,48.963
146181,140,48.969
146191,140,49.031
146201,140,49.031
146211,140,48.969
146221,140,48.969
146231,140,48.969
146241,140,48.969
146251,140,48.919
146261,140,48.956
146271,140,49.025
146281,140,48.969
146291,140,48.963
146301,140,48.963
146311,140,48.969
146321,140,48.969
146331,140,48.944
146341,140,48.938
146351,140,49.000
146361,140,49.013
146371,140,48.963
146381,140,48.963
146391,140,48.963
146401,140,48.975
146411,140,49.006
146421,140,48.963
146431,140,48.969
146441,140,48.963
146451,140,48.963
146461,140,48.925
146471,140,48.975
146481,140,49.038
146491,140,49.038
146501,140,49.006
146511,140,48.969
146521,140,48.969
146531,140,48.969
146541,140,48.963
146551,140,48.919
146561,140,48.969
146571,140,49.031
146581,140,49.038
146591,140,49.038
146601,140,49.031
146611,140,48.963
146621,140,48.963
146631,140,48.969
146641,140,48.963
146651,140,48.969
146661,140,49.019
146671,140,49.038
146681,140,49.031
146691,140,49.038
146701,140,49.000
146711,140,48.969
146721,140,48.969
146731,140,48.975
146741,140,48.969
146751,140,49.000
146761,140,48.975
146771,140,48.975
146781,140,48.969
146791,140,49.031
146801,140,49.025
146811,140,49.038
146821,140,49.031
146831,140,49.031
146841,140,49.031
146851,140,48.969
146861,140,49.000
146871,140,48.969
146881,140,48.963
146891,140,49.038
146901,140,49.038
146911,140,49.031
146921,140,49.025
146931,140,48.994
146941,140,48.981
146951,140,48.963
146961,140,48.969
146971,140,48.975
146981,140,48.988
146991,140,49.025
147001,145,49.025
147011,145,49.025
147021,145,49.031
147031,145,49.044
147041,145,49.100
147051,145,49.100
147061,145,49.175
147071,145,49.181
147081,145,49.231
147091,145,49.244
147101,145,49.288
147111,145,49.294
147121,145,49.338
147131,145,49.363
147141,145,49.369
147151,145,49.400
147161,145,49.431
147171,145,49.425
147181,145,49.425
147191,145,49.425
147201,145,49.425
147211,145,49.431
147221,145,49.431
147231,145,49.469
147241,145,49.494
147251,145,49.500
147261,145,49.494
147271,145,49.494
147281,145,49.494
147291,145,49.513
147301,145,49.519
147311,145,49.563
147321,145,49.569
147331,145,49.569
147341,145,49.569
147351,145,49.569
147361,145,49.569
147371,145,49.569
147381,145,49.556
147391,145,49.513
147401,145,49.519
147411,145,49.563
147421,145,49.556
147431,145,49.563
147441,145,49.556
147451,145,49.556
147461,145,49.556
147471,145,49.556
147481,145,49.563
147491,145,49.575
147501,145,49.506
147511,145,49.506
147521,145,49.538
147531,145,49.563
147541,145,49.544
147551,145,49.538
147561,145,49.556
147571,145,49.563
147581,145,49.563
147591,145,49.544
147601,145,49.575
147611,145,49.569
147621,145,49.569
147631,145,49.569
147641,145,49.569
147651,145,49.563
147661,145,49.569
147671,145,49.563
147681,145,49.513
147691,145,49.500
147701,145,49.506
147711,145,49.500
147721,145,49.500
147731,145,49.513
147741,145,49.513
147751,145,49.525
147761,145,49.525
147771,145,49.531
147781,145,49.538
147791,145,49.531
147801,145,49.506
147811,145,49.500
147821,145,49.500
147831,145,49.463
147841,145,49.506
147851,145,49.500
147861,145,49.494
147871,145,49.500
147881,145,49.500
147891,145,49.500
147901,145,49.506
147911,145,49.500
147921,145,49.494
147931,145,49.500
147941,145,49.506
147951,145,49.500
147961,145,49.500
147971,145,49.506
147981,145,49.500
147991,145,49.500
148001,145,49.500
148011,145,49.475
148021,145,49.431
148031,145,49.431
148041,145,49.475
148051,145,49.431
148061,145,49.444
148071,145,49.450
148081,145,49.494
148091,145,49.494
148101,145,49.506
148111,145,49.500
148121,145,49.500
148131,145,49.494
148141,145,49.456
148151,145,49.425
148161,145,49.431
148171,145,49.425
148181,145,49.438
148191,145,49.431
148201,145,49.438
148211,145,49.431
148221,145,49.438
148231,145,49.431
148241,145,49.431
148251,145,49.438
148261,145,49.463
148271,145,49.438
148281,145,49.431
148291,145,49.475
148301,145,49.475
148311,145,49.481
148321,145,49.469
148331,145,49.481
148341,145,49.475
148351,145,49.494
148361,145,49.494
148371,145,49.463
148381,145,49.431
148391,145,49.431
148401,145,49.450
148411,145,49.431
148421,145,49.431
148431,145,49.438
148441,145,49.431
148451,145,49.431
148461,145,49.438
148471,145,49.431
148481,145,49.431
148491,145,49.438
148501,145,49.438
148511,145,49.431
148521,145,49.431
148531,145,49.431
148541,145,49.406
148551,145,49.363
148561,145,49.363
148571,145,49.381
148581,145,49.381
148591,145,49.431
148601,145,49.438
148611,145,49.394
148621,145,49.394
148631,145,49.431
148641,145,49.438
148651,145,49.425
148661,145,49.431
148671,145,49.431
148681,145,49.425
148691,145,49.431
148701,145,49.431
148711,145,49.431
148721,145,49.444
148731,145,49.456
148741,145,49.369
148751,145,49.369
148761,145,49.369
148771,145,49.369
148781,145,49.419
148791,145,49.413
148801,145,49.375
148811,145,49.438
148821,145,49.400
148831,145,49.394
148841,145,49.394
148851,145,49.431
148861,145,49.438
148871,145,49.438
148881,145,49.431
148891,145,49.438
148901,145,49.438
148911,145,49.438
148921,145,49.438
148931,145,49.438
148941,145,49.431
148951,145,49.425
148961,145,49.425
148971,145,49.438
148981,145,49.438
148991,145,49.394
149001,145,49.369
149011,145,49.363
149021,145,49.363
149031,145,49.369
149041,145,49.294
149051,145,49.294
149061,145,49.356
149071,145,49.331
149081,145,49.369
149091,145,49.369
149101,145,49.363
149111,145,49.363
149121,145,49.363
149131,145,49.375
149141,145,49.388
149151,145,49.381
149161,145,49.388
149171,145,49.438
149181,145,49.438
149191,145,49.431
149201,145,49.369
149211,145,49.363
149221,145,49.375
149231,145,49.369
149241,145,49.375
149251,145,49.375
149261,145,49.369
149271,145,49.375
149281,145,49.369
149291,145,49.375
149301,145,49.375
149311,145,49.369
149321,145,49.375
149331,145,49.375
149341,145,49.375
149351,145,49.375
149361,145,49.369
149371,145,49.406
149381,145,49.400
149391,145,49.406
149401,145,49.431
149411,145,49.369
149421,145,49.369
149431,145,49.369
149441,145,49.369
149451,145,49.363
149461,145,49.363
149471,145,49.369
149481,145,49.369
149491,145,49.369
149501,145,49.375
149511,145,49.363
149521,145,49.369
149531,145,49.369
149541,145,49.363
149551,145,49.369
149561,145,49.363
149571,145,49.369
149581,145,49.406
149591,145,49.400
149601,145,49.425
149611,145,49.438
149621,145,49.381
149631,145,49.375
149641,145,49.381
149651,145,49.369
149661,145,49.375
149671,145,49.344
149681,145,49.369
149691,145,49.369
149701,145,49.369
149711,145,49.369
149721,145,49.375
149731,145,49.381
149741,145,49.363
149751,145,49.388
149761,145,49.381
149771,145,49.375
149781,145,49.369
149791,145,49.369
149801,145,49.369
149811,145,49.363
149821,145,49.338
149831,145,49.331
149841,145,49.363
149851,145,49.363
149861,145,49.356
149871,145,49.356
149881,145,49.350
149891,145,49.356
149901,145,49.356
149911,145,49.363
149921,145,49.363
149931,145,49.363
149941,145,49.363
149951,145,49.363
149961,145,49.350
149971,145,49.363
149981,145,49.363
149991,145,49.363
150001,145,49.356
150011,145,49.363
150021,145,49.363
150031,145,49.369
150041,145,49.369
150051,145,49.294
150061,145,49.306
150071,145,49.344
150081,145,49.363
150091,145,49.369
150101,145,49.369
150111,145,49.369
150121,145,49.381
150131,145,49.381
150141,145,49.425
150151,145,49.419
150161,145,49.375
150171,145,49.363
150181,145,49.369
150191,145,49.363
150201,145,49.356
150211,145,49.363
150221,145,49.356
150231,145,49.356
150241,145,49.356
150251,145,49.350
150261,145,49.356
150271,145,49.356
150281,145,49.363
150291,145,49.356
150301,145,49.369
150311,145,49.400
150321,145,49.356
150331,145,49.406
150341,145,49.400
150351,145,49.406
150361,145,49.413
150371,145,49.363
150381,145,49.363
150391,145,49.363
150401,145,49.363
150411,145,49.356
150421,145,49.356
150431,145,49.363
150441,145,49.369
150451,145,49.363
150461,145,49.356
150471,145,49.356
150481,145,49.356
150491,145,49.356
150501,145,49.356
150511,145,49.363
150521,145,49.306
150531,145,49.294
150541,145,49.300
150551,145,49.338
150561,145,49.331
150571,145,49.369
150581,145,49.363
150591,145,49.319
150601,145,49.363
150611,145,49.363
150621,145,49.363
150631,145,49.356
150641,145,49.356
150651,145,49.363
150661,145,49.363
150671,145,49.363
150681,145,49.363
150691,145,49.363
150701,145,49.350
150711,145,49.356
150721,145,49.356
150731,145,49.375
150741,145,49.325
150751,145,49.363
150761,145,49.363
150771,145,49.356
150781,145,49.363
150791,145,49.356
150801,145,49.369
150811,145,49.363
150821,145,49.369
150831,145,49.375
150841,145,49.375
150851,145,49.369
150861,145,49.369
150871,145,49.369
150881,145,49.356
150891,145,49.350
150901,145,49.300
150911,145,49.294
150921,145,49.294
150931,145,49.300
150941,145,49.338
150951,145,49.338
150961,145,49.325
150971,145,49.325
150981,145,49.369
150991,145,49.375
151001,145,49.363
151011,145,49.369
151021,145,49.369
151031,145,49.369
151041,145,49.375
151051,145,49.375
151061,145,49.388
151071,145,49.319
151081,145,49.306
151091,145,49.313
151101,145,49.331
151111,145,49.369
151121,145,49.369
151131,145,49.369
151141,145,49.363
151151,145,49.356
151161,145,49.363
151171,145,49.363
151181,145,49.369
151191,145,49.369
151201,145,49.375
151211,145,49.375
151221,145,49.369
151231,145,49.375
151241,145,49.344
151251,145,49.306
151261,145,49.300
151271,145,49.294
151281,145,49.306
151291,145,49.300
151301,145,49.306
151311,145,49.338
151321,145,49.338
151331,145,49.369
151341,145,49.325
151351,145,49.319
151361,145,49.363
151371,145,49.363
151381,145,49.363
151391,145,49.381
151401,145,49.338
151411,145,49.300
151421,145,49.294
151431,145,49.294
151441,145,49.300
151451,145,49.294
151461,145,49.300
151471,145,49.306
151481,145,49.306
151491,145,49.338
151501,145,49.369
151511,145,49.356
151521,145,49.363
151531,145,49.363
151541,145,49.363
151551,145,49.369
151561,145,49.363
151571,145,49.375
151581,145,49.369
151591,145,49.338
151601,145,49.300
151611,145,49.300
151621,145,49.294
151631,145,49.294
151641,145,49.300
151651,145,49.294
151661,145,49.294
151671,145,49.294
151681,145,49.300
151691,145,49.294
151701,145,49.331
151711,145,49.325
151721,145,49.363
151731,145,49.325
151741,145,49.300
151751,145,49.306
151761,145,49.306
151771,145,49.300
151781,145,49.300
151791,145,49.300
151801,145,49.306
151811,145,49.306
151821,145,49.306
151831,145,49.300
151841,145,49.306
151851,145,49.331
151861,145,49.338
151871,145,49.338
151881,145,49.375
151891,145,49.369
151901,145,49.369
151911,145,49.363
151921,145,49.363
151931,145,49.325
151941,145,49.306
151951,145,49.300
151961,145,49.300
151971,145,49.306
151981,145,49.306
151991,145,49.306
152001,150,49.294
152011,150,49.306
152021,150,49.350
152031,150,49.369
152041,150,49.413
152051,150,49.438
152061,150,49.525
152071,150,49.500
152081,150,49.556
152091,150,49.569
152101,150,49.619
152111,150,49.638
152121,150,49.638
152131,150,49.694
152141,150,49.700
152151,150,49.700
152161,150,49.763
152171,150,49.744
152181,150,49.756
152191,150,49.763
152201,150,49.769
152211,150,49.825
152221,150,49.825
152231,150,49.788
152241,150,49.825
152251,150,49.825
152261,150,49.825
152271,150,49.825
152281,150,49.819
152291,150,49.819
152301,150,49.819
152311,150,49.819
152321,150,49.869
152331,150,49.863
152341,150,49.825
152351,150,49.825
152361,150,49.863
152371,150,49.869
152381,150,49.863
152391,150,49.881
152401,150,49.825
152411,150,49.825
152421,150,49.825
152431,150,49.794
152441,150,49.819
152451,150,49.781
152461,150,49.781
152471,150,49.788
152481,150,49.781
152491,150,49.788
152501,150,49.731
152511,150,49.763
152521,150,49.763
152531,150,49.756
152541,150,49.763
152551,150,49.756
152561,150,49.744
152571,150,49.700
152581,150,49.719
152591,150,49.713
152601,150,49.731
152611,150,49.731
152621,150,49.731
152631,150,49.694
152641,150,49.700
152651,150,49.694
152661,150,49.694
152671,150,49.694
152681,150,49.731
152691,150,49.744
152701,150,49.694
152711,150,49.694
152721,150,49.694
152731,150,49.763
152741,150,49.688
152751,150,49.700
152761,150,49.719
152771,150,49.769
152781,150,49.769
152791,150,49.756
152801,150,49.694
152811,150,49.694
152821,150,49.688
152831,150,49.756
152841,150,49.763
152851,150,49.763
152861,150,49.713
152871,150,49.738
152881,150,49.738
152891,150,49.769
152901,150,49.763
152911,150,49.763
152921,150,49.750
152931,150,49.706
152941,150,49.763
152951,150,49.769
152961,150,49.769
152971,150,49.763
152981,150,49.769
152991,150,49.738
153001,150,49.725
153011,150,49.763
153021,150,49.763
153031,150,49.763
153041,150,49.744
153051,150,49.700
153061,150,49.769
153071,150,49.756
153081,150,49.738
153091,150,49.756
153101,150,49.756
153111,150,49.756
153121,150,49.756
153131,150,49.756
153141,150,49.763
153151,150,49.731
153161,150,49.769
153171,150,49.756
153181,150,49.756
153191,150,49.756
153201,150,49.763
153211,150,49.756
153221,150,49.756
153231,150,49.756
153241,150,49.763
153251,150,49.763
153261,150,49.756
153271,150,49.719
153281,150,49.719
153291,150,49.681
153301,150,49.725
153311,150,49.731
153321,150,49.731
153331,150,49.688
153341,150,49.700
153351,150,49.688
153361,150,49.688
153371,150,49.688
153381,150,49.681
153391,150,49.700
153401,150,49.688
153411,150,49.694
153421,150,49.694
153431,150,49.681
153441,150,49.625
153451,150,49.638
153461,150,49.625
153471,150,49.644
153481,150,49.650
153491,150,49.644
153501,150,49.688
153511,150,49.638
153521,150,49.631
153531,150,49.631
153541,150,49.656
153551,150,49.656
153561,150,49.644
153571,150,49.675
153581,150,49.631
153591,150,49.625
153601,150,49.619
153611,150,49.675
153621,150,49.675
153631,150,49.669
153641,150,49.631
153651,150,49.588
153661,150,49.625
153671,150,49.619
153681,150,49.638
153691,150,49.631
153701,150,49.625
153711,150,49.638
153721,150,49.581
153731,150,49.581
153741,150,49.631
153751,150,49.631
153761,150,49.625
153771,150,49.563
153781,150,49.588
153791,150,49.625
153801,150,49.631
153811,150,49.625
153821,150,49.625
153831,150,49.600
153841,150,49.625
153851,150,49.619
153861,150,49.638
153871,150,49.656
153881,150,49.700
153891,150,49.688
153901,150,49.631
153911,150,49.669
153921,150,49.688
153931,150,49.694
153941,150,49.688
153951,150,49.694
153961,150,49.650
153971,150,49.694
153981,150,49.700
153991,150,49.700
154001,150,49.731
154011,150,49.731
154021,150,49.700
154031,150,49.688
154041,150,49.694
154051,150,49.694
154061,150,49.763
154071,150,49.700
154081,150,49.688
154091,150,49.731
154101,150,49.725
154111,150,49.731
154121,150,49.688
154131,150,49.700
154141,150,49.719
154151,150,49.719
154161,150,49.763
154171,150,49.756
154181,150,49.681
154191,150,49.688
154201,150,49.688
154211,150,49.706
154221,150,49.700
154231,150,49.744
154241,150,49.681
154251,150,49.694
154261,150,49.681
154271,150,49.694
154281,150,49.725
154291,150,49.719
154301,150,49.694
154311,150,49.688
154321,150,49.688
154331,150,49.688
154341,150,49.688
154351,150,49.731
154361,150,49.688
154371,150,49.688
154381,150,49.694
154391,150,49.700
154401,150,49.694
154411,150,49.694
154421,150,49.700
154431,150,49.700
154441,150,49.688
154451,150,49.706
154461,150,49.688
154471,150,49.700
154481,150,49.688
154491,150,49.694
154501,150,49.688
154511,150,49.694
154521,150,49.650
154531,150,49.694
154541,150,49.694
154551,150,49.694
154561,150,49.688
154571,150,49.694
154581,150,49.681
154591,150,49.688
154601,150,49.688
154611,150,49.681
154621,150,49.688
154631,150,49.731
154641,150,49.688
154651,150,49.694
154661,150,49.694
154671,150,49.700
154681,150,49.688
154691,150,49.731
154701,150,49.688
154711,150,49.681
154721,150,49.694
154731,150,49.688
154741,150,49.688
154751,150,49.688
154761,150,49.694
154771,150,49.694
154781,150,49.706
154791,150,49.713
154801,150,49.688
154811,150,49.688
154821,150,49.688
154831,150,49.688
154841,150,49.688
154851,150,49.681
154861,150,49.688
154871,150,49.688
154881,150,49.694
154891,150,49.694
154901,150,49.688
154911,150,49.700
154921,150,49.663
154931,150,49.700
154941,150,49.694
154951,150,49.681
154961,150,49.688
154971,150,49.681
154981,150,49.631
154991,150,49.694
155001,150,49.694
155011,150,49.694
155021,150,49.688
155031,150,49.694
155041,150,49.650
155051,150,49.681
155061,150,49.694
155071,150,49.681
155081,150,49.663
155091,150,49.656
155101,150,49.694
155111,150,49.688
155121,150,49.681
155131,150,49.663
155141,150,49.631
155151,150,49.644
155161,150,49.681
155171,150,49.688
155181,150,49.688
155191,150,49.681
155201,150,49.650
155211,150,49.650
155221,150,49.688
155231,150,49.688
155241,150,49.688
155251,150,49.681
155261,150,49.625
155271,150,49.631
155281,150,49.656
155291,150,49.694
155301,150,49.700
155311,150,49.694
155321,150,49.619
155331,150,49.644
155341,150,49.656
155351,150,49.688
155361,150,49.694
155371,150,49.694
155381,150,49.638
155391,150,49.644
155401,150,49.631
155411,150,49.631
155421,150,49.631
155431,150,49.631
155441,150,49.631
155451,150,49.631
155461,150,49.669
155471,150,49.663
155481,150,49.619
155491,150,49.625
155501,150,49.625
155511,150,49.669
155521,150,49.669
155531,150,49.688
155541,150,49.625
155551,150,49.625
155561,150,49.631
155571,150,49.663
155581,150,49.663
155591,150,49.669
155601,150,49.625
155611,150,49.625
155621,150,49.638
155631,150,49.644
155641,150,49.681
155651,150,49.688
155661,150,49.619
155671,150,49.625
155681,150,49.625
155691,150,49.638
155701,150,49.650
155711,150,49.631
155721,150,49.644
155731,150,49.669
155741,150,49.656
155751,150,49.619
155761,150,49.625
155771,150,49.625
155781,150,49.625
155791,150,49.619
155801,150,49.663
155811,150,49.656
155821,150,49.600
155831,150,49.625
155841,150,49.631
155851,150,49.631
155861,150,49.625
155871,150,49.663
155881,150,49.625
155891,150,49.625
155901,150,49.619
155911,150,49.619
155921,150,49.619
155931,150,49.625
155941,150,49.588
155951,150,49.594
155961,150,49.613
155971,150,49.619
155981,150,49.625
155991,150,49.613
156001,150,49.613
156011,150,49.606
156021,150,49.625
156031,150,49.625
156041,150,49.625
156051,150,49.625
156061,150,49.625
156071,150,49.625
156081,150,49.613
156091,150,49.619
156101,150,49.575
156111,150,49.613
156121,150,49.619
156131,150,49.613
156141,150,49.625
156151,150,49.625
156161,150,49.619
156171,150,49.588
156181,150,49.594
156191,150,49.619
156201,150,49.625
156211,150,49.625
156221,150,49.619
156231,150,49.581
156241,150,49.581
156251,150,49.625
156261,150,49.619
156271,150,49.619
156281,150,49.619
156291,150,49.575
156301,150,49.556
156311,150,49.556
156321,150,49.594
156331,150,49.588
156341,150,49.631
156351,150,49.556
156361,150,49.550
156371,150,49.569
156381,150,49.563
156391,150,49.625
156401,150,49.556
156411,150,49.550
156421,150,49.544
156431,150,49.619
156441,150,49.619
156451,150,49.575
156461,150,49.550
156471,150,49.563
156481,150,49.563
156491,150,49.600
156501,150,49.594
156511,150,49.600
156521,150,49.556
156531,150,49.556
156541,150,49.556
156551,150,49.556
156561,150,49.556
156571,150,49.575
156581,150,49.588
156591,150,49.556
156601,150,49.556
156611,150,49.588
156621,150,49.581
156631,150,49.575
156641,150,49.563
156651,150,49.556
156661,150,49.563
156671,150,49.563
156681,150,49.563
156691,150,49.556
156701,150,49.588
156711,150,49.563
156721,150,49.569
156731,150,49.556
156741,150,49.600
156751,150,49.550
156761,150,49.563
156771,150,49.550
156781,150,49.550
156791,150,49.544
156801,150,49.594
156811,150,49.550
156821,150,49.550
156831,150,49.556
156841,150,49.563
156851,150,49.563
156861,150,49.556
156871,150,49.581
156881,150,49.556
156891,150,49.556
156901,150,49.550
156911,150,49.550
156921,150,49.556
156931,150,49.550
156941,150,49.506
156951,150,49.556
156961,150,49.556
156971,150,49.563
156981,150,49.556
156991,150,49.550
157001,155,49.556
157011,155,49.550
157021,155,49.563
157031,155,49.606
157041,155,49.663
157051,155,49.663
157061,155,49.631
157071,155,49.750
157081,155,49.706
157091,155,49.756
157101,155,49.806
157111,155,49.825
157121,155,49.850
157131,155,49.856
157141,155,49.888
157151,155,49.925
157161,155,49.888
157171,155,49.956
157181,155,49.950
157191,155,49.950
157201,155,49.956
157211,155,49.956
157221,155,49.969
157231,155,49.988
157241,155,49.981
157251,155,50.013
157261,155,49.988
157271,155,50.013
157281,155,50.006
157291,155,50.006
157301,155,49.969
157311,155,50.019
157321,155,50.025
157331,155,50.025
157341,155,50.019
157351,155,50.025
157361,155,50.013
157371,155,50.019
157381,155,50.019
157391,155,50.031
157401,155,50.013
157411,155,50.013
157421,155,50.019
157431,155,50.013
157441,155,50.013
157451,155,50.013
157461,155,49.969
157471,155,50.013
157481,155,50.013
157491,155,50.019
157501,155,50.019
157511,155,50.019
157521,155,50.019
157531,155,50.019
157541,155,50.013
157551,155,50.013
157561,155,50.000
157571,155,50.000
157581,155,50.013
157591,155,50.019
157601,155,50.019
157611,155,50.019
157621,155,50.006
157631,155,49.988
157641,155,50.025
157651,155,49.969
157661,155,50.013
157671,155,49.975
157681,155,50.006
157691,155,50.006
157701,155,50.025
157711,155,49.956
157721,155,50.025
157731,155,50.013
157741,155,49.950
157751,155,50.025
157761,155,49.981
157771,155,50.019
157781,155,49.994
157791,155,49.988
157801,155,49.950
157811,155,49.950
157821,155,49.950
157831,155,50.000
157841,155,49.950
157851,155,49.950
157861,155,49.956
157871,155,49.919
157881,155,49.950
157891,155,49.919
157901,155,49.950
157911,155,49.906
157921,155,49.938
157931,155,49.944
157941,155,49.950
157951,155,49.919
157961,155,49.900
157971,155,49.944
157981,155,49.919
157991,155,49.956
158001,155,49.913
158011,155,49.956
158021,155,49.900
158031,155,49.931
158041,155,49.950
158051,155,49.969
158061,155,49.919
158071,155,49.956
158081,155,49.906
158091,155,49.950
158101,155,49.950
158111,155,49.956
158121,155,49.913
158131,155,49.956
158141,155,49.956
158151,155,49.956
158161,155,49.963
158171,155,49.950
158181,155,49.944
158191,155,49.956
158201,155,49.950
158211,155,49.956
158221,155,49.913
158231,155,49.963
158241,155,49.950
158251,155,49.950
158261,155,49.919
158271,155,49.950
158281,155,49.950
158291,155,49.938
158301,155,49.906
158311,155,49.956
158321,155,49.919
158331,155,49.900
158341,155,49.931
158351,155,49.956
158361,155,49.913
158371,155,49.888
158381,155,49.944
158391,155,49.956
158401,155,49.875
158411,155,49.950
158421,155,49.906
158431,155,49.950
158441,155,49.906
158451,155,49.950
158461,155,49.894
158471,155,49.938
158481,155,49.931
158491,155,49.931
158501,155,49.931
158511,155,49.894
158521,155,49.888
158531,155,49.919
158541,155,49.894
158551,155,49.888
158561,155,49.913
158571,155,49.894
158581,155,49.894
158591,155,49.888
158601,155,49.925
158611,155,49.888
158621,155,49.900
158631,155,49.888
158641,155,49.925
158651,155,49.894
158661,155,49.888
158671,155,49.900
158681,155,49.894
158691,155,49.881
158701,155,49.888
158711,155,49.938
158721,155,49.900
158731,155,49.888
158741,155,49.875
158751,155,49.894
158761,155,49.900
158771,155,49.881
158781,155,49.888
158791,155,49.888
158801,155,49.888
158811,155,49.900
158821,155,49.881
158831,155,49.888
158841,155,49.881
158851,155,49.881
158861,155,49.881
158871,155,49.881
158881,155,49.888
158891,155,49.888
158901,155,49.881
158911,155,49.925
158921,155,49.888
158931,155,49.881
158941,155,49.881
158951,155,49.913
158961,155,49.875
158971,155,49.881
158981,155,49.881
158991,155,49.850
159001,155,49.875
159011,155,49.894
159021,155,49.881
159031,155,49.850
159041,155,49.881
159051,155,49.894
159061,155,49.894
159071,155,49.881
159081,155,49.888
159091,155,49.888
159101,155,49.875
159111,155,49.881
159121,155,49.894
159131,155,49.881
159141,155,49.875
159151,155,49.881
159161,155,49.888
159171,155,49.881
159181,155,49.875
159191,155,49.863
159201,155,49.881
159211,155,49.838
159221,155,49.875
159231,155,49.831
159241,155,49.869
159251,155,49.863
159261,155,49.881
159271,155,49.863
159281,155,49.850
159291,155,49.875
159301,155,49.863
159311,155,49.881
159321,155,49.838
159331,155,49.881
159341,155,49.831
159351,155,49.875
159361,155,49.863
159371,155,49.888
159381,155,49.850
159391,155,49.888
159401,155,49.825
159411,155,49.875
159421,155,49.838
159431,155,49.888
159441,155,49.813
159451,155,49.888
159461,155,49.856
159471,155,49.863
159481,155,49.831
159491,155,49.869
159501,155,49.863
159511,155,49.831
159521,155,49.869
159531,155,49.844
159541,155,49.881
159551,155,49.813
159561,155,49.881
159571,155,49.838
159581,155,49.813
159591,155,49.806
159601,155,49.869
159611,155,49.869
159621,155,49.825
159631,155,49.819
159641,155,49.850
159651,155,49.838
159661,155,49.819
159671,155,49.844
159681,155,49.831
159691,155,49.825
159701,155,49.806
159711,155,49.863
159721,155,49.881
159731,155,49.819
159741,155,49.844
159751,155,49.813
159761,155,49.813
159771,155,49.819
159781,155,49.813
159791,155,49.813
159801,155,49.825
159811,155,49.819
159821,155,49.813
159831,155,49.813
159841,155,49.819
159851,155,49.819
159861,155,49.863
159871,155,49.813
159881,155,49.813
159891,155,49.819
159901,155,49.788
159911,155,49.819
159921,155,49.819
159931,155,49.819
159941,155,49.775
159951,155,49.813
159961,155,49.825
159971,155,49.844
159981,155,49.806
159991,155,49.819
160001,155,49.819
160011,155,49.775
160021,155,49.819
160031,155,49.813
160041,155,49.825
160051,155,49.794
160061,155,49.806
160071,155,49.819
160081,155,49.813
160091,155,49.813
160101,155,49.825
160111,155,49.775
160121,155,49.813
160131,155,49.813
160141,155,49.800
160151,155,49.806
160161,155,49.806
160171,155,49.813
160181,155,49.775
160191,155,49.806
160201,155,49.813
160211,155,49.813
160221,155,49.806
160231,155,49.819
160241,155,49.813
160251,155,49.813
160261,155,49.813
160271,155,49.813
160281,155,49.819
160291,155,49.813
160301,155,49.813
160311,155,49.819
160321,155,49.819
160331,155,49.825
160341,155,49.813
160351,155,49.813
160361,155,49.819
160371,155,49.800
160381,155,49.794
160391,155,49.825
160401,155,49.800
160411,155,49.813
160421,155,49.813
160431,155,49.800
160441,155,49.756
160451,155,49.825
160461,155,49.825
160471,155,49.750
160481,155,49.813
160491,155,49.775
160501,155,49.794
160511,155,49.763
160521,155,49.800
160531,155,49.794
160541,155,49.750
160551,155,49.794
160561,155,49.744
160571,155,49.775
160581,155,49.756
160591,155,49.750
160601,155,49.756
160611,155,49.750
160621,155,49.744
160631,155,49.756
160641,155,49.794
160651,155,49.794
160661,155,49.756
160671,155,49.794
160681,155,49.781
160691,155,49.794
160701,155,49.775
160711,155,49.769
160721,155,49.769
160731,155,49.781
160741,155,49.781
160751,155,49.738
160761,155,49.769
160771,155,49.788
160781,155,49.813
160791,155,49.756
160801,155,49.806
160811,155,49.769
160821,155,49.813
160831,155,49.744
160841,155,49.813
160851,155,49.775
160861,155,49.788
160871,155,49.775
160881,155,49.800
160891,155,49.788
160901,155,49.744
160911,155,49.781
160921,155,49.750
160931,155,49.769
160941,155,49.750
160951,155,49.750
160961,155,49.781
160971,155,49.750
160981,155,49.744
160991,155,49.750
161001,155,49.781
161011,155,49.750
161021,155,49.744
161031,155,49.750
161041,155,49.781
161051,155,49.775
161061,155,49.756
161071,155,49.750
161081,155,49.750
161091,155,49.788
161101,155,49.750
161111,155,49.750
161121,155,49.750
161131,155,49.744
161141,155,49.750
161151,155,49.738
161161,155,49.738
161171,155,49.756
161181,155,49.744
161191,155,49.744
161201,155,49.744
161211,155,49.756
161221,155,49.756
161231,155,49.744
161241,155,49.744
161251,155,49.750
161261,155,49.744
161271,155,49.744
161281,155,49.750
161291,155,49.744
161301,155,49.756
161311,155,49.750
161321,155,49.744
161331,155,49.750
161341,155,49.750
161351,155,49.744
161361,155,49.750
161371,155,49.744
161381,155,49.756
161391,155,49.750
161401,155,49.744
161411,155,49.744
161421,155,49.756
161431,155,49.744
161441,155,49.744
161451,155,49.750
161461,155,49.744
161471,155,49.756
161481,155,49.750
161491,155,49.750
161501,155,49.750
161511,155,49.756
161521,155,49.750
161531,155,49.750
161541,155,49.744
161551,155,49.756
161561,155,49.756
161571,155,49.756
161581,155,49.750
161591,155,49.756
161601,155,49.756
161611,155,49.756
161621,155,49.763
161631,155,49.756
161641,155,49.750
161651,155,49.744
161661,155,49.750
161671,155,49.750
161681,155,49.763
161691,155,49.763
161701,155,49.750
161711,155,49.744
161721,155,49.763
161731,155,49.756
161741,155,49.756
161751,155,49.756
161761,155,49.756
161771,155,49.750
161781,155,49.750
161791,155,49.744
161801,155,49.750
161811,155,49.744
161821,155,49.738
161831,155,49.688
161841,155,49.738
161851,155,49.756
161861,155,49.713
161871,155,49.744
161881,155,49.744
161891,155,49.744
161901,155,49.700
161911,155,49.725
161921,155,49.738
161931,155,49.738
161941,155,49.731
161951,155,49.706
161961,155,49.744
161971,155,49.719
161981,155,49.719
161991,155,49.719
162001,160,49.750
162011,160,49.700
162021,160,49.756
162031,160,49.744
162041,160,49.794
162051,160,49.831
162061,160,49.813
162071,160,49.819
162081,160,49.831
162091,160,49.831
162101,160,49.875
162111,160,49.931
162121,160,49.875
162131,160,49.938
162141,160,49.950
162151,160,49.950
162161,160,49.950
162171,160,49.938
162181,160,49.956
162191,160,49.994
162201,160,50.000
162211,160,49.969
162221,160,49.969
162231,160,50.013
162241,160,50.013
162251,160,49.975
162261,160,50.006
162271,160,50.006
162281,160,50.013
162291,160,50.013
162301,160,50.013
162311,160,50.000
162321,160,50.019
162331,160,50.013
162341,160,50.019
162351,160,50.013
162361,160,50.013
162371,160,50.013
162381,160,50.031
162391,160,50.019
162401,160,50.025
162411,160,50.019
162421,160,50.019
162431,160,50.013
162441,160,50.006
162451,160,50.006
162461,160,50.006
162471,160,50.006
162481,160,50.013
162491,160,50.025
162501,160,50.019
162511,160,50.013
162521,160,50.013
162531,160,50.013
162541,160,49.988
162551,160,50.013
162561,160,50.019
162571,160,49.975
162581,160,50.013
162591,160,50.013
162601,160,49.994
162611,160,50.013
162621,160,49.988
162631,160,50.019
162641,160,49.975
162651,160,49.981
162661,160,49.963
162671,160,50.006
162681,160,49.994
162691,160,49.956
162701,160,49.981
162711,160,49.963
162721,160,49.950
162731,160,49.950
162741,160,49.994
162751,160,49.956
162761,160,49.944
162771,160,49.956
162781,160,49.944
162791,160,49.981
162801,160,49.944
162811,160,49.944
162821,160,49.950
162831,160,49.944
162841,160,49.944
162851,160,49.938
162861,160,49.950
162871,160,49.950
162881,160,49.956
162891,160,49.950
162901,160,49.944
162911,160,49.950
162921,160,49.944
162931,160,49.944
162941,160,49.956
162951,160,49.944
162961,160,49.944
162971,160,49.938
162981,160,49.956
162991,160,49.956
163001,160,49.950
163011,160,49.956
163021,160,49.950
163031,160,49.950
163041,160,49.950
163051,160,49.969
163061,160,49.950
163071,160,49.950
163081,160,49.944
163091,160,49.944
163101,160,49.950
163111,160,49.944
163121,160,49.938
163131,160,49.950
163141,160,49.950
163151,160,49.944
163161,160,49.950
163171,160,49.956
163181,160,49.938
163191,160,49.956
163201,160,49.944
163211,160,49.944
163221,160,49.950
163231,160,49.944
163241,160,49.938
163251,160,49.956
163261,160,49.944
163271,160,49.956
163281,160,49.944
163291,160,49.944
163301,160,49.950
163311,160,49.944
163321,160,49.956
163331,160,49.944
163341,160,49.956
163351,160,49.950
163361,160,49.950
163371,160,49.950
163381,160,49.963
163391,160,49.950
163401,160,49.950
163411,160,49.950
163421,160,49.956
163431,160,49.950
163441,160,49.944
163451,160,49.950
163461,160,49.944
163471,160,49.944
163481,160,49.950
163491,160,49.950
163501,160,49.944
163511,160,49.950
163521,160,49.950
163531,160,49.944
163541,160,49.950
163551,160,49.950
163561,160,49.944
163571,160,49.906
163581,160,49.950
163591,160,49.938
163601,160,49.931
163611,160,49.906
163621,160,49.906
163631,160,49.919
163641,160,49.925
163651,160,49.875
163661,160,49.913
163671,160,49.925
163681,160,49.894
163691,160,49.906
163701,160,49.900
163711,160,49.938
163721,160,49.913
163731,160,49.931
163741,160,49.925
163751,160,49.925
163761,160,49.894
163771,160,49.906
163781,160,49.881
163791,160,49.925
163801,160,49.894
163811,160,49.888
163821,160,49.938
163831,160,49.931
163841,160,49.913
163851,160,49.900
163861,160,49.888
163871,160,49.931
163881,160,49.894
163891,160,49.913
163901,160,49.919
163911,160,49.888
163921,160,49.913
163931,160,49.881
163941,160,49.881
163951,160,49.925
163961,160,49.881
163971,160,49.888
163981,160,49.913
163991,160,49.894
164001,160,49.931
164011,160,49.888
164021,160,49.894
164031,160,49.919
164041,160,49.881
164051,160,49.894
164061,160,49.944
164071,160,49.944
164081,160,49.913
164091,160,49.913
164101,160,49.919
164111,160,49.919
164121,160,49.894
164131,160,49.900
164141,160,49.894
164151,160,49.919
164161,160,49.925
164171,160,49.881
164181,160,49.913
164191,160,49.881
164201,160,49.913
164211,160,49.881
164221,160,49.881
164231,160,49.875
164241,160,49.881
164251,160,49.881
164261,160,49.881
164271,160,49.881
164281,160,49.881
164291,160,49.881
164301,160,49.881
164311,160,49.881
164321,160,49.881
164331,160,49.881
164341,160,49.881
164351,160,49.881
164361,160,49.881
164371,160,49.888
164381,160,49.894
164391,160,49.888
164401,160,49.881
164411,160,49.875
164421,160,49.888
164431,160,49.881
164441,160,49.888
164451,160,49.881
164461,160,49.881
164471,160,49.875
164481,160,49.875
164491,160,49.875
164501,160,49.869
164511,160,49.881
164521,160,49.875
164531,160,49.881
164541,160,49.875
164551,160,49.875
164561,160,49.875
164571,160,49.875
164581,160,49.875
164591,160,49.875
164601,160,49.881
164611,160,49.875
164621,160,49.888
164631,160,49.875
164641,160,49.881
164651,160,49.881
164661,160,49.881
164671,160,49.881
164681,160,49.888
164691,160,49.875
164701,160,49.881
164711,160,49.894
164721,160,49.888
164731,160,49.875
164741,160,49.925
164751,160,49.881
164761,160,49.875
164771,160,49.881
164781,160,49.881
164791,160,49.919
164801,160,49.875
164811,160,49.881
164821,160,49.875
164831,160,49.875
164841,160,49.881
164851,160,49.875
164861,160,49.869
164871,160,49.875
164881,160,49.869
164891,160,49.875
164901,160,49.875
164911,160,49.875
164921,160,49.881
164931,160,49.881
164941,160,49.875
164951,160,49.869
164961,160,49.875
164971,160,49.881
164981,160,49.881
164991,160,49.875
165001,160,49.881
165011,160,49.875
165021,160,49.875
165031,160,49.913
165041,160,49.888
165051,160,49.888
165061,160,49.881
165071,160,49.881
165081,160,49.881
165091,160,49.881
165101,160,49.881
165111,160,49.888
165121,160,49.888
165131,160,49.881
165141,160,49.875
165151,160,49.888
165161,160,49.875
165171,160,49.888
165181,160,49.906
165191,160,49.875
165201,160,49.919
165211,160,49.888
165221,160,49.881
165231,160,49.925
165241,160,49.875
165251,160,49.881
165261,160,49.881
165271,160,49.881
165281,160,49.888
165291,160,49.881
165301,160,49.881
165311,160,49.875
165321,160,49.881
165331,160,49.881
165341,160,49.881
165351,160,49.875
165361,160,49.881
165371,160,49.888
165381,160,49.900
165391,160,49.881
165401,160,49.881
165411,160,49.881
165421,160,49.875
165431,160,49.881
165441,160,49.881
165451,160,49.888
165461,160,49.875
165471,160,49.869
165481,160,49.888
165491,160,49.881
165501,160,49.875
165511,160,49.875
165521,160,49.875
165531,160,49.875
165541,160,49.875
165551,160,49.881
165561,160,49.875
165571,160,49.881
165581,160,49.888
165591,160,49.881
165601,160,49.881
165611,160,49.875
165621,160,49.875
165631,160,49.875
165641,160,49.881
165651,160,49.894
165661,160,49.888
165671,160,49.881
165681,160,49.888
165691,160,49.881
165701,160,49.888
165711,160,49.894
165721,160,49.888
165731,160,49.894
165741,160,49.894
165751,160,49.881
165761,160,49.838
165771,160,49.863
165781,160,49.869
165791,160,49.831
165801,160,49.838
165811,160,49.831
165821,160,49.863
165831,160,49.856
165841,160,49.850
165851,160,49.875
165861,160,49.881
165871,160,49.875
165881,160,49.875
165891,160,49.838
165901,160,49.881
165911,160,49.875
165921,160,49.856
165931,160,49.881
165941,160,49.844
165951,160,49.881
165961,160,49.881
165971,160,49.838
165981,160,49.856
165991,160,49.863
166001,160,49.869
166011,160,49.881
166021,160,49.838
166031,160,49.881
166041,160,49.881
166051,160,49.831
166061,160,49.869
166071,160,49.875
166081,160,49.881
166091,160,49.888
166101,160,49.888
166111,160,49.881
166121,160,49.875
166131,160,49.881
166141,160,49.881
166151,160,49.875
166161,160,49.875
166171,160,49.875
166181,160,49.881
166191,160,49.881
166201,160,49.881
166211,160,49.888
166221,160,49.888
166231,160,49.881
166241,160,49.881
166251,160,49.875
166261,160,49.881
166271,160,49.875
166281,160,49.881
166291,160,49.881
166301,160,49.881
166311,160,49.881
166321,160,49.881
166331,160,49.888
166341,160,49.856
166351,160,49.875
166361,160,49.875
166371,160,49.838
166381,160,49.894
166391,160,49.850
166401,160,49.813
166411,160,49.856
166421,160,49.806
166431,160,49.819
166441,160,49.831
166451,160,49.819
166461,160,49.863
166471,160,49.850
166481,160,49.806
166491,160,49.844
166501,160,49.844
166511,160,49.838
166521,160,49.838
166531,160,49.813
166541,160,49.856
166551,160,49.850
166561,160,49.813
166571,160,49.825
166581,160,49.831
166591,160,49.844
166601,160,49.844
166611,160,49.806
166621,160,49.850
166631,160,49.806
166641,160,49.819
166651,160,49.831
166661,160,49.825
166671,160,49.850
166681,160,49.813
166691,160,49.819
166701,160,49.844
166711,160,49.863
166721,160,49.813
166731,160,49.850
166741,160,49.856
166751,160,49.813
166761,160,49.850
166771,160,49.850
166781,160,49.819
166791,160,49.831
166801,160,49.813
166811,160,49.806
166821,160,49.856
166831,160,49.813
166841,160,49.813
166851,160,49.844
166861,160,49.819
166871,160,49.844
166881,160,49.819
166891,160,49.813
166901,160,49.813
166911,160,49.825
166921,160,49.831
166931,160,49.831
166941,160,49.825
166951,160,49.863
166961,160,49.863
166971,160,49.819
166981,160,49.856
166991,160,49.856
167001,165,49.831
167011,165,49.838
167021,165,49.869
167031,165,49.881
167041,165,49.900
167051,165,49.919
167061,165,49.956
167071,165,49.950
167081,165,49.994
167091,165,50.006
167101,165,50.013
167111,165,50.025
167121,165,50.019
167131,165,50.063
167141,165,50.056
167151,165,50.088
167161,165,50.088
167171,165,50.100
167181,165,50.088
167191,165,50.125
167201,165,50.138
167211,165,50.144
167221,165,50.156
167231,165,50.150
167241,165,50.156
167251,165,50.156
167261,165,50.156
167271,165,50.150
167281,165,50.156
167291,165,50.156
167301,165,50.200
167311,165,50.156
167321,165,50.169
167331,165,50.200
167341,165,50.150
167351,165,50.156
167361,165,50.194
167371,165,50.188
167381,165,50.163
167391,165,50.150
167401,165,50.150
167411,165,50.150
167421,165,50.150
167431,165,50.150
167441,165,50.150
167451,165,50.144
167461,165,50.144
167471,165,50.150
167481,165,50.150
167491,165,50.150
167501,165,50.156
167511,165,50.150
167521,165,50.150
167531,165,50.150
167541,165,50.144
167551,165,50.156
167561,165,50.150
167571,165,50.150
167581,165,50.150
167591,165,50.144
167601,165,50.156
167611,165,50.119
167621,165,50.156
167631,165,50.156
167641,165,50.119
167651,165,50.131
167661,165,50.138
167671,165,50.100
167681,165,50.094
167691,165,50.081
167701,165,50.088
167711,165,50.100
167721,165,50.075
167731,165,50.081
167741,165,50.088
167751,165,50.069
167761,165,50.019
167771,165,50.013
167781,165,50.019
167791,165,50.019
167801,165,50.025
167811,165,50.013
167821,165,50.019
167831,165,50.019
167841,165,50.013
167851,165,50.019
167861,165,50.013
167871,165,50.019
167881,165,50.019
167891,165,50.019
167901,165,50.019
167911,165,50.019
167921,165,50.013
167931,165,50.013
167941,165,50.019
167951,165,50.019
167961,165,50.013
167971,165,50.013
167981,165,50.013
167991,165,50.013
168001,165,50.013
168011,165,50.019
168021,165,50.013
168031,165,50.013
168041,165,50.031
168051,165,50.019
168061,165,50.019
168071,165,50.044
168081,165,50.019
168091,165,50.013
168101,165,50.063
168111,165,50.031
168121,165,50.038
168131,165,50.025
168141,165,50.069
168151,165,50.025
168161,165,50.056
168171,165,50.056
168181,165,50.050
168191,165,50.019
168201,165,50.056
168211,165,50.075
168221,165,50.044
168231,165,50.038
168241,165,50.088
168251,165,50.063
168261,165,50.088
168271,165,50.088
168281,165,50.088
168291,165,50.094
168301,165,50.081
168311,165,50.088
168321,165,50.081
168331,165,50.088
168341,165,50.088
168351,165,50.088
168361,165,50.094
168371,165,50.088
168381,165,50.088
168391,165,50.088
168401,165,50.075
168411,165,50.081
168421,165,50.088
168431,165,50.088
168441,165,50.094
168451,165,50.088
168461,165,50.081
168471,165,50.088
168481,165,50.088
168491,165,50.088
168501,165,50.081
168511,165,50.088
168521,165,50.088
168531,165,50.050
168541,165,50.081
168551,165,50.044
168561,165,50.038
168571,165,50.056
168581,165,50.075
168591,165,50.031
168601,165,50.031
168611,165,50.063
168621,165,50.063
168631,165,50.013
168641,165,50.044
168651,165,50.013
168661,165,50.044
168671,165,50.013
168681,165,50.063
168691,165,50.013
168701,165,50.013
168711,165,50.038
168721,165,50.056
168731,165,50.013
168741,165,50.006
168751,165,50.013
168761,165,50.006
168771,165,50.013
168781,165,50.013
168791,165,50.019
168801,165,50.013
168811,165,50.013
168821,165,49.981
168831,165,49.975
168841,165,49.994
168851,165,50.006
168861,165,49.969
168871,165,50.013
168881,165,50.006
168891,165,49.994
168901,165,50.019
168911,165,50.013
168921,165,50.019
168931,165,50.019
168941,165,50.013
168951,165,50.006
168961,165,50.013
168971,165,50.013
168981,165,50.013
168991,165,50.013
169001,165,50.013
169011,165,50.044
169021,165,50.050
169031,165,50.038
169041,165,50.025
169051,165,50.056
169061,165,50.044
169071,165,50.081
169081,165,50.081
169091,165,50.088
169101,165,50.081
169111,165,50.075
169121,165,50.075
169131,165,50.069
169141,165,50.069
169151,165,50.075
169161,165,50.081
169171,165,50.088
169181,165,50.088
169191,165,50.088
169201,165,50.075
169211,165,50.075
169221,165,50.075
169231,165,50.069
169241,165,50.069
169251,165,50.081
169261,165,50.081
169271,165,50.088
169281,165,50.081
169291,165,50.081
169301,165,50.081
169311,165,50.075
169321,165,50.075
169331,165,50.069
169341,165,50.069
169351,165,50.075
169361,165,50.069
169371,165,50.075
169381,165,50.075
169391,165,50.069
169401,165,50.075
169411,165,50.075
169421,165,50.069
169431,165,50.038
169441,165,50.088
169451,165,50.081
169461,165,50.081
169471,165,50.056
169481,165,50.081
169491,165,50.075
169501,165,50.075
169511,165,50.069
169521,165,50.056
169531,165,50.038
169541,165,50.088
169551,165,50.081
169561,165,50.050
169571,165,50.013
169581,165,50.069
169591,165,50.081
169601,165,50.038
169611,165,50.019
169621,165,50.063
169631,165,50.063
169641,165,50.038
169651,165,50.081
169661,165,50.081
169671,165,50.081
169681,165,50.050
169691,165,50.075
169701,165,50.075
169711,165,50.088
169721,165,50.044
169731,165,50.050
169741,165,50.081
169751,165,50.031
169761,165,50.025
169771,165,50.056
169781,165,50.063
169791,165,50.025
169801,165,50.031
169811,165,50.056
169821,165,50.050
169831,165,50.044
169841,165,50.075
169851,165,50.038
169861,165,50.031
169871,165,50.063
169881,165,50.069
169891,165,50.038
169901,165,50.031
169911,165,50.056
169921,165,50.044
169931,165,50.088
169941,165,50.006
169951,165,50.013
169961,165,50.031
169971,165,50.069
169981,165,50.019
169991,165,50.056
170001,165,50.006
170011,165,50.038
170021,165,50.081
170031,165,50.050
170041,165,50.031
170051,165,50.019
170061,165,50.025
170071,165,50.038
170081,165,50.056
170091,165,50.019
170101,165,50.050
170111,165,50.081
170121,165,50.044
170131,165,50.006
170141,165,50.050
170151,165,50.069
170161,165,50.031
170171,165,50.069
170181,165,50.050
170191,165,50.013
170201,165,50.044
170211,165,50.081
170221,165,50.038
170231,165,50.056
170241,165,50.050
170251,165,50.019
170261,165,50.031
170271,165,50.069
170281,165,50.006
170291,165,50.050
170301,165,50.006
170311,165,50.050
170321,165,50.013
170331,165,50.019
170341,165,50.013
170351,165,50.013
170361,165,50.013
170371,165,50.019
170381,165,50.013
170391,165,50.013
170401,165,50.013
170411,165,50.013
170421,165,50.013
170431,165,50.013
170441,165,50.006
170451,165,50.056
170461,165,50.019
170471,165,50.044
170481,165,50.038
170491,165,50.006
170501,165,50.006
170511,165,50.056
170521,165,50.031
170531,165,50.025
170541,165,50.063
170551,165,50.063
170561,165,50.019
170571,165,50.044
170581,165,50.050
170591,165,50.013
170601,165,50.019
170611,165,50.019
170621,165,50.031
170631,165,50.019
170641,165,50.063
170651,165,50.013
170661,165,50.038
170671,165,50.013
170681,165,50.019
170691,165,50.050
170701,165,50.013
170711,165,50.025
170721,165,50.019
170731,165,50.006
170741,165,50.006
170751,165,50.013
170761,165,50.006
170771,165,50.006
170781,165,50.006
170791,165,50.013
170801,165,50.006
170811,165,50.006
170821,165,50.006
170831,165,50.006
170841,165,50.006
170851,165,50.044
170861,165,50.006
170871,165,50.044
170881,165,50.025
170891,165,50.031
170901,165,50.019
170911,165,50.006
170921,165,50.006
170931,165,50.006
170941,165,50.013
170951,165,50.013
170961,165,50.013
170971,165,50.013
170981,165,50.006
170991,165,50.006
171001,165,50.013
171011,165,50.006
171021,165,50.013
171031,165,50.006
171041,165,50.019
171051,165,50.006
171061,165,50.006
171071,165,50.006
171081,165,49.969
171091,165,49.963
171101,165,50.019
171111,165,49.988
171121,165,49.944
171131,165,49.981
171141,165,49.994
171151,165,49.944
171161,165,49.950
171171,165,49.944
171181,165,49.944
171191,165,49.950
171201,165,49.906
171211,165,49.950
171221,165,49.950
171231,165,49.950
171241,165,49.950
171251,165,49.944
171261,165,49.950
171271,165,49.944
171281,165,49.950
171291,165,49.944
171301,165,49.950
171311,165,49.950
171321,165,49.944
171331,165,49.950
171341,165,49.950
171351,165,49.950
171361,165,49.950
171371,165,49.963
171381,165,49.950
171391,165,49.950
171401,165,49.950
171411,165,49.944
171421,165,49.975
171431,165,49.950
171441,165,49.994
171451,165,50.006
171461,165,49.969
171471,165,50.019
171481,165,49.988
171491,165,49.988
171501,165,50.006
171511,165,50.013
171521,165,50.013
171531,165,50.013
171541,165,50.006
171551,165,50.013
171561,165,50.006
171571,165,50.019
171581,165,50.013
171591,165,50.013
171601,165,50.013
171611,165,50.013
171621,165,50.013
171631,165,50.006
171641,165,50.013
171651,165,50.013
171661,165,50.013
171671,165,50.013
171681,165,50.013
171691,165,50.013
171701,165,50.019
171711,165,50.013
171721,165,50.013
171731,165,50.013
171741,165,50.013
171751,165,49.988
171761,165,50.013
171771,165,49.981
171781,165,50.013
171791,165,49.969
171801,165,49.988
171811,165,49.988
171821,165,49.950
171831,165,49.963
171841,165,50.006
171851,165,49.994
171861,165,49.944
171871,165,49.975
171881,165,49.975
171891,165,49.950
171901,165,49.944
171911,165,49.988
171921,165,49.963
171931,165,49.963
171941,165,50.013
171951,165,49.988
171961,165,49.944
171971,165,49.981
171981,165,50.006
171991,165,50.013
172001,170,49.944
172011,170,50.006
172021,170,50.013
172031,170,50.019
172041,170,50.056
172051,170,50.081
172061,170,50.131
172071,170,50.144
172081,170,50.163
172091,170,50.219
172101,170,50.213
172111,170,50.213
172121,170,50.244
172131,170,50.288
172141,170,50.288
172151,170,50.325
172161,170,50.350
172171,170,50.338
172181,170,50.338
172191,170,50.350
172201,170,50.350
172211,170,50.344
172221,170,50.388
172231,170,50.388
172241,170,50.344
172251,170,50.413
172261,170,50.369
172271,170,50.381
172281,170,50.394
172291,170,50.406
172301,170,50.413
172311,170,50.419
172321,170,50.413
172331,170,50.381
172341,170,50.419
172351,170,50.388
172361,170,50.381
172371,170,50.431
172381,170,50.419
172391,170,50.419
172401,170,50.419
172411,170,50.425
172421,170,50.425
172431,170,50.381
172441,170,50.413
172451,170,50.394
172461,170,50.363
172471,170,50.413
172481,170,50.406
172491,170,50.344
172501,170,50.350
172511,170,50.381
172521,170,50.388
172531,170,50.350
172541,170,50.413
172551,170,50.375
172561,170,50.406
172571,170,50.394
172581,170,50.350
172591,170,50.394
172601,170,50.356
172611,170,50.350
172621,170,50.350
172631,170,50.350
172641,170,50.350
172651,170,50.331
172661,170,50.344
172671,170,50.356
172681,170,50.344
172691,170,50.331
172701,170,50.363
172711,170,50.344
172721,170,50.306
172731,170,50.338
172741,170,50.331
172751,170,50.288
172761,170,50.350
172771,170,50.325
172781,170,50.288
172791,170,50.319
172801,170,50.306
172811,170,50.288
172821,170,50.281
172831,170,50.300
172841,170,50.306
172851,170,50.300
172861,170,50.331
172871,170,50.313
172881,170,50.313
172891,170,50.319
172901,170,50.325
172911,170,50.325
172921,170,50.344
172931,170,50.313
172941,170,50.338
172951,170,50.325
172961,170,50.294
172971,170,50.350
172981,170,50.281
172991,170,50.288
173001,170,50.350
173011,170,50.288
173021,170,50.281
173031,170,50.331
173041,170,50.363
173051,170,50.356
173061,170,50.288
173071,170,50.288
173081,170,50.363
173091,170,50.325
173101,170,50.288
173111,170,50.338
173121,170,50.331
173131,170,50.281
173141,170,50.356
173151,170,50.319
173161,170,50.288
173171,170,50.275
173181,170,50.313
173191,170,50.288
173201,170,50.281
173211,170,50.294
173221,170,50.306
173231,170,50.294
173241,170,50.331
173251,170,50.313
173261,170,50.275
173271,170,50.281
173281,170,50.275
173291,170,50.325
173301,170,50.281
173311,170,50.275
173321,170,50.319
173331,170,50.288
173341,170,50.275
173351,170,50.294
173361,170,50.281
173371,170,50.300
173381,170,50.281
173391,170,50.281
173401,170,50.288
173411,170,50.288
173421,170,50.288
173431,170,50.281
173441,170,50.288
173451,170,50.281
173461,170,50.306
173471,170,50.288
173481,170,50.275
173491,170,50.288
173501,170,50.281
173511,170,50.288
173521,170,50.288
173531,170,50.288
173541,170,50.288
173551,170,50.288
173561,170,50.275
173571,170,50.294
173581,170,50.288
173591,170,50.294
173601,170,50.281
173611,170,50.288
173621,170,50.281
173631,170,50.288
173641,170,50.281
173651,170,50.281
173661,170,50.281
173671,170,50.281
173681,170,50.275
173691,170,50.288
173701,170,50.288
173711,170,50.294
173721,170,50.288
173731,170,50.281
173741,170,50.281
173751,170,50.288
173761,170,50.281
173771,170,50.244
173781,170,50.288
173791,170,50.294
173801,170,50.288
173811,170,50.288
173821,170,50.281
173831,170,50.288
173841,170,50.275
173851,170,50.281
173861,170,50.225
173871,170,50.281
173881,170,50.256
173891,170,50.238
173901,170,50.281
173911,170,50.288
173921,170,50.281
173931,170,50.275
173941,170,50.288
173951,170,50.281
173961,170,50.269
173971,170,50.275
173981,170,50.294
173991,170,50.281
174001,170,50.263
174011,170,50.288
174021,170,50.288
174031,170,50.281
174041,170,50.281
174051,170,50.263
174061,170,50.281
174071,170,50.281
174081,170,50.281
174091,170,50.275
174101,170,50.281
174111,170,50.269
174121,170,50.275
174131,170,50.281
174141,170,50.275
174151,170,50.238
174161,170,50.275
174171,170,50.275
174181,170,50.275
174191,170,50.269
174201,170,50.275
174211,170,50.281
174221,170,50.269
174231,170,50.269
174241,170,50.219
174251,170,50.269
174261,170,50.250
174271,170,50.238
174281,170,50.275
174291,170,50.238
174301,170,50.269
174311,170,50.275
174321,170,50.231
174331,170,50.275
174341,170,50.269
174351,170,50.269
174361,170,50.231
174371,170,50.256
174381,170,50.269
174391,170,50.269
174401,170,50.269
174411,170,50.281
174421,170,50.269
174431,170,50.256
174441,170,50.238
174451,170,50.238
174461,170,50.250
174471,170,50.250
174481,170,50.250
174491,170,50.225
174501,170,50.269
174511,170,50.256
174521,170,50.263
174531,170,50.238
174541,170,50.288
174551,170,50.250
174561,170,50.213
174571,170,50.288
174581,170,50.275
174591,170,50.225
174601,170,50.269
174611,170,50.269
174621,170,50.231
174631,170,50.275
174641,170,50.244
174651,170,50.238
174661,170,50.244
174671,170,50.238
174681,170,50.250
174691,170,50.250
174701,170,50.244
174711,170,50.250
174721,170,50.244
174731,170,50.250
174741,170,50.244
174751,170,50.231
174761,170,50.263
174771,170,50.206
174781,170,50.219
174791,170,50.269
174801,170,50.206
174811,170,50.206
174821,170,50.238
174831,170,50.238
174841,170,50.206
174851,170,50.250
174861,170,50.250
174871,170,50.206
174881,170,50.213
174891,170,50.206
174901,170,50.206
174911,170,50.206
174921,170,50.250
174931,170,50.238
174941,170,50.206
174951,170,50.225
174961,170,50.206
174971,170,50.200
174981,170,50.219
174991,170,50.219
175001,170,50.213
175011,170,50.213
175021,170,50.206
175031,170,50.213
175041,170,50.269
175051,170,50.206
175061,170,50.213
175071,170,50.231
175081,170,50.213
175091,170,50.206
175101,170,50.206
175111,170,50.206
175121,170,50.200
175131,170,50.200
175141,170,50.206
175151,170,50.206
175161,170,50.206
175171,170,50.250
175181,170,50.213
175191,170,50.213
175201,170,50.206
175211,170,50.206
175221,170,50.231
175231,170,50.206
175241,170,50.263
175251,170,50.219
175261,170,50.200
175271,170,50.206
175281,170,50.231
175291,170,50.206
175301,170,50.213
175311,170,50.213
175321,170,50.206
175331,170,50.250
175341,170,50.225
175351,170,50.256
175361,170,50.206
175371,170,50.213
175381,170,50.213
175391,170,50.213
175401,170,50.206
175411,170,50.206
175421,170,50.206
175431,170,50.256
175441,170,50.213
175451,170,50.206
175461,170,50.244
175471,170,50.213
175481,170,50.213
175491,170,50.206
175501,170,50.206
175511,170,50.213
175521,170,50.206
175531,170,50.206
175541,170,50.213
175551,170,50.219
175561,170,50.213
175571,170,50.213
175581,170,50.219
175591,170,50.213
175601,170,50.213
175611,170,50.213
175621,170,50.213
175631,170,50.206
175641,170,50.206
175651,170,50.213
175661,170,50.213
175671,170,50.213
175681,170,50.219
175691,170,50.175
175701,170,50.225
175711,170,50.213
175721,170,50.213
175731,170,50.206
175741,170,50.206
175751,170,50.175
175761,170,50.213
175771,170,50.169
175781,170,50.188
175791,170,50.200
175801,170,50.163
175811,170,50.163
175821,170,50.194
175831,170,50.219
175841,170,50.175
175851,170,50.213
175861,170,50.175
175871,170,50.188
175881,170,50.188
175891,170,50.163
175901,170,50.200
175911,170,50.194
175921,170,50.169
175931,170,50.219
175941,170,50.188
175951,170,50.181
175961,170,50.194
175971,170,50.188
175981,170,50.163
175991,170,50.194
176001,170,50.194
176011,170,50.163
176021,170,50.206
176031,170,50.150
176041,170,50.144
176051,170,50.156
176061,170,50.169
176071,170,50.163
176081,170,50.150
176091,170,50.169
176101,170,50.169
176111,170,50.144
176121,170,50.181
176131,170,50.138
176141,170,50.144
176151,170,50.156
176161,170,50.156
176171,170,50.144
176181,170,50.138
176191,170,50.138
176201,170,50.144
176211,170,50.144
176221,170,50.144
176231,170,50.144
176241,170,50.175
176251,170,50.144
176261,170,50.138
176271,170,50.156
176281,170,50.163
176291,170,50.138
176301,170,50.144
176311,170,50.138
176321,170,50.144
176331,170,50.144
176341,170,50.144
176351,170,50.144
176361,170,50.138
176371,170,50.163
176381,170,50.150
176391,170,50.144
176401,170,50.150
176411,170,50.156
176421,170,50.138
176431,170,50.144
176441,170,50.150
176451,170,50.144
176461,170,50.138
176471,170,50.150
176481,170,50.138
176491,170,50.156
176501,170,50.144
176511,170,50.144
176521,170,50.150
176531,170,50.144
176541,170,50.150
176551,170,50.150
176561,170,50.138
176571,170,50.144
176581,170,50.144
176591,170,50.144
176601,170,50.150
176611,170,50.144
176621,170,50.144
176631,170,50.100
176641,170,50.125
176651,170,50.131
176661,170,50.100
176671,170,50.144
176681,170,50.144
176691,170,50.150
176701,170,50.125
176711,170,50.088
176721,170,50.131
176731,170,50.113
176741,170,50.069
176751,170,50.138
176761,170,50.144
176771,170,50.113
176781,170,50.113
176791,170,50.144
176801,170,50.144
176811,170,50.144
176821,170,50.144
176831,170,50.144
176841,170,50.144
176851,170,50.150
176861,170,50.150
176871,170,50.150
176881,170,50.144
176891,170,50.144
176901,170,50.150
176911,170,50.144
176921,170,50.150
176931,170,50.150
176941,170,50.200
176951,170,50.169
176961,170,50.150
176971,170,50.181
176981,170,50.181
176991,170,50.144
177001,175,50.163
177011,175,50.175
177021,175,50.219
177031,175,50.225
177041,175,50.244
177051,175,50.281
177061,175,50.331
177071,175,50.344
177081,175,50.363
177091,175,50.413
177101,175,50.419
177111,175,50.438
177121,175,50.488
177131,175,50.450
177141,175,50.481
177151,175,50.481
177161,175,50.475
177171,175,50.481
177181,175,50.500
177191,175,50.494
177201,175,50.544
177211,175,50.525
177221,175,50.550
177231,175,50.544
177241,175,50.544
177251,175,50.544
177261,175,50.544
177271,175,50.544
177281,175,50.550
177291,175,50.550
177301,175,50.550
177311,175,50.550
177321,175,50.544
177331,175,50.594
177341,175,50.544
177351,175,50.550
177361,175,50.550
177371,175,50.556
177381,175,50.550
177391,175,50.550
177401,175,50.544
177411,175,50.544
177421,175,50.544
177431,175,50.550
177441,175,50.538
177451,175,50.550
177461,175,50.544
177471,175,50.544
177481,175,50.550
177491,175,50.550
177501,175,50.506
177511,175,50.556
177521,175,50.519
177531,175,50.525
177541,175,50.544
177551,175,50.500
177561,175,50.544
177571,175,50.538
177581,175,50.538
177591,175,50.525
177601,175,50.500
177611,175,50.550
177621,175,50.481
177631,175,50.481
177641,175,50.506
177651,175,50.475
177661,175,50.519
177671,175,50.531
177681,175,50.500
177691,175,50.544
177701,175,50.538
177711,175,50.544
177721,175,50.500
177731,175,50.525
177741,175,50.513
177751,175,50.488
177761,175,50.500
177771,175,50.525
177781,175,50.481
177791,175,50.513
177801,175,50.481
177811,175,50.525
177821,175,50.481
177831,175,50.494
177841,175,50.488
177851,175,50.475
177861,175,50.525
177871,175,50.481
177881,175,50.506
177891,175,50.519
177901,175,50.475
177911,175,50.475
177921,175,50.469
177931,175,50.475
177941,175,50.469
177951,175,50.481
177961,175,50.494
177971,175,50.475
177981,175,50.513
177991,175,50.475
178001,175,50.519
178011,175,50.475
178021,175,50.475
178031,175,50.494
178041,175,50.481
178051,175,50.525
178061,175,50.481
178071,175,50.481
178081,175,50.481
178091,175,50.488
178101,175,50.475
178111,175,50.488
178121,175,50.481
178131,175,50.488
178141,175,50.488
178151,175,50.481
178161,175,50.519
178171,175,50.488
178181,175,50.481
178191,175,50.488
178201,175,50.481
178211,175,50.494
178221,175,50.488
178231,175,50.481
178241,175,50.488
178251,175,50.488
178261,175,50.481
178271,175,50.488
178281,175,50.481
178291,175,50.481
178301,175,50.481
178311,175,50.488
178321,175,50.481
178331,175,50.481
178341,175,50.463
178351,175,50.488
178361,175,50.481
178371,175,50.475
178381,175,50.475
178391,175,50.444
178401,175,50.481
178411,175,50.488
178421,175,50.494
178431,175,50.481
178441,175,50.481
178451,175,50.488
178461,175,50.488
178471,175,50.481
178481,175,50.488
178491,175,50.488
178501,175,50.475
178511,175,50.488
178521,175,50.475
178531,175,50.475
178541,175,50.444
178551,175,50.475
178561,175,50.475
178571,175,50.481
178581,175,50.475
178591,175,50.481
178601,175,50.438
178611,175,50.481
178621,175,50.450
178631,175,50.438
178641,175,50.475
178651,175,50.475
178661,175,50.481
178671,175,50.481
178681,175,50.481
178691,175,50.475
178701,175,50.494
178711,175,50.481
178721,175,50.475
178731,175,50.481
178741,175,50.475
178751,175,50.481
178761,175,50.481
178771,175,50.488
178781,175,50.488
178791,175,50.481
178801,175,50.444
178811,175,50.481
178821,175,50.450
178831,175,50.481
178841,175,50.488
178851,175,50.488
178861,175,50.463
178871,175,50.469
178881,175,50.438
178891,175,50.481
178901,175,50.450
178911,175,50.475
178921,175,50.475
178931,175,50.475
178941,175,50.481
178951,175,50.475
178961,175,50.481
178971,175,50.481
178981,175,50.475
178991,175,50.481
179001,175,50.481
179011,175,50.444
179021,175,50.488
179031,175,50.456
179041,175,50.481
179051,175,50.431
179061,175,50.481
179071,175,50.456
179081,175,50.450
179091,175,50.481
179101,175,50.475
179111,175,50.456
179121,175,50.475
179131,175,50.438
179141,175,50.469
179151,175,50.456
179161,175,50.431
179171,175,50.488
179181,175,50.488
179191,175,50.481
179201,175,50.450
179211,175,50.481
179221,175,50.475
179231,175,50.463
179241,175,50.456
179251,175,50.463
179261,175,50.438
179271,175,50.481
179281,175,50.444
179291,175,50.444
179301,175,50.450
179311,175,50.438
179321,175,50.450
179331,175,50.425
179341,175,50.425
179351,175,50.456
179361,175,50.463
179371,175,50.444
179381,175,50.400
179391,175,50.450
179401,175,50.425
179411,175,50.431
179421,175,50.431
179431,175,50.456
179441,175,50.450
179451,175,50.444
179461,175,50.450
179471,175,50.481
179481,175,50.419
179491,175,50.400
179501,175,50.406
179511,175,50.406
179521,175,50.450
179531,175,50.456
179541,175,50.431
179551,175,50.444
179561,175,50.450
179571,175,50.413
179581,175,50.456
179591,175,50.406
179601,175,50.450
179611,175,50.425
179621,175,50.413
179631,175,50.413
179641,175,50.456
179651,175,50.413
179661,175,50.419
179671,175,50.444
179681,175,50.481
179691,175,50.413
179701,175,50.425
179711,175,50.431
179721,175,50.450
179731,175,50.413
179741,175,50.406
179751,175,50.413
179761,175,50.413
179771,175,50.413
179781,175,50.431
179791,175,50.431
179801,175,50.450
179811,175,50.463
179821,175,50.413
179831,175,50.444
179841,175,50.419
179851,175,50.413
179861,175,50.431
179871,175,50.413
179881,175,50.406
179891,175,50.406
179901,175,50.406
179911,175,50.413
179921,175,50.444
179931,175,50.450
179941,175,50.413
179951,175,50.419
179961,175,50.413
179971,175,50.413
179981,175,50.413
179991,175,50.419
180001,175,50.406
180011,175,50.406
180021,175,50.413
180031,175,50.431
180041,175,50.413
180051,175,50.419
180061,175,50.406
180071,175,50.413
180081,175,50.413
180091,175,50.406
180101,175,50.406
180111,175,50.406
180121,175,50.413
180131,175,50.388
180141,175,50.413
180151,175,50.406
180161,175,50.406
180171,175,50.413
180181,175,50.419
180191,175,50.413
180201,175,50.406
180211,175,50.413
180221,175,50.419
180231,175,50.413
180241,175,50.413
180251,175,50.419
180261,175,50.406
180271,175,50.406
180281,175,50.356
180291,175,50.406
180301,175,50.381
180311,175,50.369
180321,175,50.406
180331,175,50.406
180341,175,50.388
180351,175,50.406
180361,175,50.381
180371,175,50.419
180381,175,50.381
180391,175,50.413
180401,175,50.369
180411,175,50.400
180421,175,50.406
180431,175,50.369
180441,175,50.406
180451,175,50.388
180461,175,50.375
180471,175,50.406
180481,175,50.413
180491,175,50.413
180501,175,50.413
180511,175,50.388
180521,175,50.400
180531,175,50.363
180541,175,50.400
180551,175,50.406
180561,175,50.394
180571,175,50.413
180581,175,50.381
180591,175,50.381
180601,175,50.419
180611,175,50.375
180621,175,50.394
180631,175,50.388
180641,175,50.356
180651,175,50.406
180661,175,50.394
180671,175,50.369
180681,175,50.406
180691,175,50.375
180701,175,50.419
180711,175,50.363
180721,175,50.406
180731,175,50.381
180741,175,50.375
180751,175,50.413
180761,175,50.388
180771,175,50.338
180781,175,50.419
180791,175,50.388
180801,175,50.394
180811,175,50.356
180821,175,50.406
180831,175,50.381
180841,175,50.388
180851,175,50.350
180861,175,50.344
180871,175,50.388
180881,175,50.413
180891,175,50.369
180901,175,50.388
180911,175,50.388
180921,175,50.344
180931,175,50.356
180941,175,50.388
180951,175,50.375
180961,175,50.381
180971,175,50.344
180981,175,50.388
180991,175,50.388
181001,175,50.356
181011,175,50.363
181021,175,50.363
181031,175,50.425
181041,175,50.369
181051,175,50.369
181061,175,50.406
181071,175,50.388
181081,175,50.406
181091,175,50.363
181101,175,50.406
181111,175,50.344
181121,175,50.388
181131,175,50.375
181141,175,50.369
181151,175,50.388
181161,175,50.406
181171,175,50.363
181181,175,50.350
181191,175,50.388
181201,175,50.356
181211,175,50.413
181221,175,50.344
181231,175,50.375
181241,175,50.381
181251,175,50.375
181261,175,50.338
181271,175,50.381
181281,175,50.394
181291,175,50.350
181301,175,50.356
181311,175,50.406
181321,175,50.344
181331,175,50.350
181341,175,50.338
181351,175,50.350
181361,175,50.400
181371,175,50.344
181381,175,50.344
181391,175,50.338
181401,175,50.350
181411,175,50.369
181421,175,50.344
181431,175,50.375
181441,175,50.375
181451,175,50.356
181461,175,50.350
181471,175,50.388
181481,175,50.344
181491,175,50.344
181501,175,50.344
181511,175,50.375
181521,175,50.338
181531,175,50.331
181541,175,50.331
181551,175,50.338
181561,175,50.338
181571,175,50.344
181581,175,50.356
181591,175,50.381
181601,175,50.338
181611,175,50.344
181621,175,50.338
181631,175,50.344
181641,175,50.338
181651,175,50.338
181661,175,50.331
181671,175,50.388
181681,175,50.338
181691,175,50.350
181701,175,50.381
181711,175,50.388
181721,175,50.338
181731,175,50.350
181741,175,50.363
181751,175,50.388
181761,175,50.350
181771,175,50.338
181781,175,50.350
181791,175,50.344
181801,175,50.344
181811,175,50.338
181821,175,50.344
181831,175,50.344
181841,175,50.356
181851,175,50.338
181861,175,50.375
181871,175,50.381
181881,175,50.338
181891,175,50.344
181901,175,50.350
181911,175,50.350
181921,175,50.344
181931,175,50.363
181941,175,50.356
181951,175,50.350
181961,175,50.388
181971,175,50.356
181981,175,50.375
181991,175,50.344
182001,180,50.338
182011,180,50.363
182021,180,50.369
182031,180,50.425
182041,180,50.406
182051,180,50.406
182061,180,50.475
182071,180,50.475
182081,180,50.488
182091,180,50.475
182101,180,50.481
182111,180,50.544
182121,180,50.531
182131,180,50.544
182141,180,50.581
182151,180,50.575
182161,180,50.575
182171,180,50.581
182181,180,50.581
182191,180,50.556
182201,180,50.563
182211,180,50.594
182221,180,50.594
182231,180,50.606
182241,180,50.581
182251,180,50.575
182261,180,50.606
182271,180,50.563
182281,180,50.613
182291,180,50.556
182301,180,50.588
182311,180,50.588
182321,180,50.550
182331,180,50.600
182341,180,50.563
182351,180,50.606
182361,180,50.613
182371,180,50.556
182381,180,50.556
182391,180,50.606
182401,180,50.588
182411,180,50.581
182421,180,50.544
182431,180,50.575
182441,180,50.581
182451,180,50.544
182461,180,50.556
182471,180,50.544
182481,180,50.544
182491,180,50.575
182501,180,50.531
182511,180,50.581
182521,180,50.538
182531,180,50.575
182541,180,50.531
182551,180,50.581
182561,180,50.575
182571,180,50.550
182581,180,50.556
182591,180,50.550
182601,180,50.581
182611,180,50.581
182621,180,50.538
182631,180,50.538
182641,180,50.569
182651,180,50.569
182661,180,50.556
182671,180,50.544
182681,180,50.538
182691,180,50.600
182701,180,50.531
182711,180,50.575
182721,180,50.538
182731,180,50.575
182741,180,50.544
182751,180,50.563
182761,180,50.556
182771,180,50.550
182781,180,50.581
182791,180,50.575
182801,180,50.575
182811,180,50.575
182821,180,50.575
182831,180,50.556
182841,180,50.563
182851,180,50.550
182861,180,50.581
182871,180,50.581
182881,180,50.538
182891,180,50.531
182901,180,50.569
182911,180,50.538
182921,180,50.569
182931,180,50.538
182941,180,50.538
182951,180,50.531
182961,180,50.531
182971,180,50.544
182981,180,50.531
182991,180,50.538
183001,180,50.544
183011,180,50.544
183021,180,50.544
183031,180,50.538
183041,180,50.519
183051,180,50.581
183061,180,50.538
183071,180,50.550
183081,180,50.569
183091,180,50.506
183101,180,50.538
183111,180,50.531
183121,180,50.513
183131,180,50.525
183141,180,50.488
183151,180,50.531
183161,180,50.531
183171,180,50.538
183181,180,50.531
183191,180,50.531
183201,180,50.538
183211,180,50.488
183221,180,50.538
183231,180,50.525
183241,180,50.525
183251,180,50.513
183261,180,50.488
183271,180,50.538
183281,180,50.531
183291,180,50.531
183301,180,50.500
183311,180,50.506
183321,180,50.531
183331,180,50.531
183341,180,50.538
183351,180,50.488
183361,180,50.550
183371,180,50.538
183381,180,50.538
183391,180,50.538
183401,180,50.538
183411,180,50.544
183421,180,50.538
183431,180,50.513
183441,180,50.500
183451,180,50.538
183461,180,50.531
183471,180,50.538
183481,180,50.488
183491,180,50.513
183501,180,50.525
183511,180,50.525
183521,180,50.519
183531,180,50.494
183541,180,50.538
183551,180,50.506
183561,180,50.531
183571,180,50.494
183581,180,50.506
183591,180,50.531
183601,180,50.481
183611,180,50.525
183621,180,50.500
183631,180,50.538
183641,180,50.531
183651,180,50.500
183661,180,50.538
183671,180,50.494
183681,180,50.538
183691,180,50.481
183701,180,50.513
183711,180,50.500
183721,180,50.513
183731,180,50.481
183741,180,50.544
183751,180,50.494
183761,180,50.475
183771,180,50.525
183781,180,50.494
183791,180,50.531
183801,180,50.519
183811,180,50.531
183821,180,50.494
183831,180,50.506
183841,180,50.531
183851,180,50.494
183861,180,50.488
183871,180,50.469
183881,180,50.519
183891,180,50.519
183901,180,50.494
183911,180,50.500
183921,180,50.500
183931,180,50.538
183941,180,50.500
183951,180,50.475
183961,180,50.488
183971,180,50.513
183981,180,50.531
183991,180,50.494
184001,180,50.494
184011,180,50.475
184021,180,50.550
184031,180,50.488
184041,180,50.531
184051,180,50.538
184061,180,50.531
184071,180,50.519
184081,180,50.500
184091,180,50.544
184101,180,50.544
184111,180,50.500
184121,180,50.494
184131,180,50.519
184141,180,50.513
184151,180,50.513
184161,180,50.475
184171,180,50.488
184181,180,50.531
184191,180,50.513
184201,180,50.506
184211,180,50.475
184221,180,50.519
184231,180,50.513
184241,180,50.488
184251,180,50.494
184261,180,50.481
184271,180,50.525
184281,180,50.525
184291,180,50.481
184301,180,50.506
184311,180,50.500
184321,180,50.500
184331,180,50.494
184341,180,50.481
184351,180,50.475
184361,180,50.544
184371,180,50.513
184381,180,50.513
184391,180,50.475
184401,180,50.519
184411,180,50.488
184421,180,50.488
184431,180,50.481
184441,180,50.494
184451,180,50.513
184461,180,50.513
184471,180,50.506
184481,180,50.506
184491,180,50.506
184501,180,50.494
184511,180,50.500
184521,180,50.481
184531,180,50.519
184541,180,50.519
184551,180,50.481
184561,180,50.494
184571,180,50.506
184581,180,50.506
184591,180,50.506
184601,180,50.475
184611,180,50.525
184621,180,50.519
184631,180,50.481
184641,180,50.475
184651,180,50.506
184661,180,50.475
184671,180,50.519
184681,180,50.481
184691,180,50.494
184701,180,50.525
184711,180,50.463
184721,180,50.475
184731,180,50.475
184741,180,50.481
184751,180,50.506
184761,180,50.469
184771,180,50.469
184781,180,50.469
184791,180,50.469
184801,180,50.475
184811,180,50.463
184821,180,50.463
184831,180,50.469
184841,180,50.469
184851,180,50.469
184861,180,50.500
184871,180,50.463
184881,180,50.463
184891,180,50.475
184901,180,50.469
184911,180,50.475
184921,180,50.463
184931,180,50.469
184941,180,50.475
184951,180,50.469
184961,180,50.475
184971,180,50.469
184981,180,50.469
184991,180,50.463
185001,180,50.469
185011,180,50.469
185021,180,50.475
185031,180,50.500
185041,180,50.494
185051,180,50.469
185061,180,50.519
185071,180,50.513
185081,180,50.475
185091,180,50.469
185101,180,50.500
185111,180,50.463
185121,180,50.506
185131,180,50.475
185141,180,50.475
185151,180,50.513
185161,180,50.469
185171,180,50.488
185181,180,50.481
185191,180,50.463
185201,180,50.519
185211,180,50.475
185221,180,50.475
185231,180,50.506
185241,180,50.475
185251,180,50.475
185261,180,50.469
185271,180,50.475
185281,180,50.469
185291,180,50.475
185301,180,50.475
185311,180,50.475
185321,180,50.475
185331,180,50.475
185341,180,50.475
185351,180,50.469
185361,180,50.481
185371,180,50.444
185381,180,50.481
185391,180,50.475
185401,180,50.444
185411,180,50.519
185421,180,50.419
185431,180,50.463
185441,180,50.475
185451,180,50.456
185461,180,50.494
185471,180,50.431
185481,180,50.469
185491,180,50.500
185501,180,50.469
185511,180,50.456
185521,180,50.450
185531,180,50.463
185541,180,50.475
185551,180,50.469
185561,180,50.475
185571,180,50.463
185581,180,50.481
185591,180,50.481
185601,180,50.469
185611,180,50.481
185621,180,50.469
185631,180,50.475
185641,180,50.475
185651,180,50.481
185661,180,50.469
185671,180,50.481
185681,180,50.475
185691,180,50.488
185701,180,50.456
185711,180,50.469
185721,180,50.469
185731,180,50.475
185741,180,50.469
185751,180,50.469
185761,180,50.438
185771,180,50.475
185781,180,50.469
185791,180,50.475
185801,180,50.469
185811,180,50.431
185821,180,50.469
185831,180,50.475
185841,180,50.469
185851,180,50.481
185861,180,50.431
185871,180,50.469
185881,180,50.469
185891,180,50.463
185901,180,50.425
185911,180,50.456
185921,180,50.463
185931,180,50.469
185941,180,50.469
185951,180,50.431
185961,180,50.469
185971,180,50.438
185981,180,50.463
185991,180,50.469
186001,180,50.444
186011,180,50.506
186021,180,50.438
186031,180,50.475
186041,180,50.469
186051,180,50.469
186061,180,50.444
186071,180,50.463
186081,180,50.431
186091,180,50.463
186101,180,50.475
186111,180,50.475
186121,180,50.456
186131,180,50.438
186141,180,50.481
186151,180,50.444
186161,180,50.469
186171,180,50.431
186181,180,50.456
186191,180,50.425
186201,180,50.463
186211,180,50.463
186221,180,50.475
186231,180,50.481
186241,180,50.444
186251,180,50.444
186261,180,50.475
186271,180,50.475
186281,180,50.469
186291,180,50.431
186301,180,50.469
186311,180,50.463
186321,180,50.481
186331,180,50.444
186341,180,50.444
186351,180,50.481
186361,180,50.413
186371,180,50.456
186381,180,50.456
186391,180,50.413
186401,180,50.438
186411,180,50.438
186421,180,50.400
186431,180,50.431
186441,180,50.431
186451,180,50.413
186461,180,50.444
186471,180,50.400
186481,180,50.444
186491,180,50.400
186501,180,50.431
186511,180,50.400
186521,180,50.438
186531,180,50.469
186541,180,50.431
186551,180,50.425
186561,180,50.406
186571,180,50.450
186581,180,50.450
186591,180,50.406
186601,180,50.413
186611,180,50.438
186621,180,50.406
186631,180,50.400
186641,180,50.406
186651,180,50.400
186661,180,50.400
186671,180,50.406
186681,180,50.400
186691,180,50.419
186701,180,50.413
186711,180,50.406
186721,180,50.413
186731,180,50.413
186741,180,50.400
186751,180,50.406
186761,180,50.406
186771,180,50.406
186781,180,50.406
186791,180,50.400
186801,180,50.438
186811,180,50.406
186821,180,50.450
186831,180,50.444
186841,180,50.363
186851,180,50.413
186861,180,50.425
186871,180,50.406
186881,180,50.456
186891,180,50.413
186901,180,50.406
186911,180,50.406
186921,180,50.413
186931,180,50.419
186941,180,50.406
186951,180,50.413
186961,180,50.413
186971,180,50.413
186981,180,50.413
186991,180,50.413
187001,185,50.406
187011,185,50.413
187021,185,50.431
187031,185,50.456
187041,185,50.488
187051,185,50.481
187061,185,50.481
187071,185,50.513
187081,185,50.544
187091,185,50.525
187101,185,50.550
187111,185,50.538
187121,185,50.588
187131,185,50.500
187141,185,50.544
187151,185,50.538
187161,185,50.569
187171,185,50.538
187181,185,50.569
187191,185,50.544
187201,185,50.563
187211,185,50.550
187221,185,50.581
187231,185,50.581
187241,185,50.588
187251,185,50.594
187261,185,50.538
187271,185,50.581
187281,185,50.550
187291,185,50.613
187301,185,50.588
187311,185,50.556
187321,185,50.550
187331,185,50.550
187341,185,50.569
187351,185,50.550
187361,185,50.544
187371,185,50.594
187381,185,50.538
187391,185,50.600
187401,185,50.563
187411,185,50.544
187421,185,50.575
187431,185,50.581
187441,185,50.575
187451,185,50.569
187461,185,50.544
187471,185,50.563
187481,185,50.569
187491,185,50.550
187501,185,50.538
187511,185,50.538
187521,185,50.575
187531,185,50.600
187541,185,50.531
187551,185,50.569
187561,185,50.531
187571,185,50.581
187581,185,50.581
187591,185,50.550
187601,185,50.544
187611,185,50.531
187621,185,50.550
187631,185,50.563
187641,185,50.569
187651,185,50.531
187661,185,50.569
187671,185,50.538
187681,185,50.538
187691,185,50.613
187701,185,50.569
187711,185,50.538
187721,185,50.575
187731,185,50.531
187741,185,50.550
187751,185,50.538
187761,185,50.544
187771,185,50.556
187781,185,50.544
187791,185,50.544
187801,185,50.538
187811,185,50.575
187821,185,50.513
187831,185,50.538
187841,185,50.519
187851,185,50.581
187861,185,50.538
187871,185,50.544
187881,185,50.488
187891,185,50.538
187901,185,50.500
187911,185,50.544
187921,185,50.506
187931,185,50.538
187941,185,50.494
187951,185,50.519
187961,185,50.531
187971,185,50.544
187981,185,50.538
187991,185,50.494
188001,185,50.544
188011,185,50.544
188021,185,50.563
188031,185,50.525
188041,185,50.531
188051,185,50.531
188061,185,50.563
188071,185,50.500
188081,185,50.531
188091,185,50.500
188101,185,50.531
188111,185,50.544
188121,185,50.538
188131,185,50.544
188141,185,50.531
188151,185,50.538
188161,185,50.525
188171,185,50.513
188181,185,50.544
188191,185,50.538
188201,185,50.544
188211,185,50.538
188221,185,50.513
188231,185,50.525
188241,185,50.538
188251,185,50.525
188261,185,50.494
188271,185,50.531
188281,185,50.531
188291,185,50.575
188301,185,50.500
188311,185,50.531
188321,185,50.488
188331,185,50.525
188341,185,50.544
188351,185,50.550
188361,185,50.531
188371,185,50.531
188381,185,50.538
188391,185,50.531
188401,185,50.494
188411,185,50.531
188421,185,50.494
188431,185,50.556
188441,185,50.538
188451,185,50.538
188461,185,50.500
188471,185,50.531
188481,185,50.494
188491,185,50.513
188501,185,50.531
188511,185,50.531
188521,185,50.531
188531,185,50.494
188541,185,50.531
188551,185,50.531
188561,185,50.538
188571,185,50.500
188581,185,50.500
188591,185,50.494
188601,185,50.519
188611,185,50.531
188621,185,50.481
188631,185,50.519
188641,185,50.494
188651,185,50.469
188661,185,50.475
188671,185,50.544
188681,185,50.475
188691,185,50.488
188701,185,50.475
188711,185,50.525
188721,185,50.475
188731,185,50.469
188741,185,50.513
188751,185,50.513
188761,185,50.469
188771,185,50.488
188781,185,50.488
188791,185,50.531
188801,185,50.488
188811,185,50.519
188821,185,50.475
188831,185,50.506
188841,185,50.469
188851,185,50.506
188861,185,50.463
188871,185,50.513
188881,185,50.481
188891,185,50.475
188901,185,50.475
188911,185,50.488
188921,185,50.469
188931,185,50.506
188941,185,50.500
188951,185,50.500
188961,185,50.469
188971,185,50.531
188981,185,50.475
188991,185,50.525
189001,185,50.475
189011,185,50.481
189021,185,50.506
189031,185,50.463
189041,185,50.531
189051,185,50.469
189061,185,50.506
189071,185,50.463
189081,185,50.519
189091,185,50.513
189101,185,50.463
189111,185,50.506
189121,185,50.456
189131,185,50.538
189141,185,50.463
189151,185,50.488
189161,185,50.488
189171,185,50.525
189181,185,50.481
189191,185,50.513
189201,185,50.463
189211,185,50.500
189221,185,50.463
189231,185,50.469
189241,185,50.513
189251,185,50.456
189261,185,50.513
189271,185,50.475
189281,185,50.475
189291,185,50.494
189301,185,50.538
189311,185,50.500
189321,185,50.513
189331,185,50.469
189341,185,50.494
189351,185,50.488
189361,185,50.475
189371,185,50.469
189381,185,50.506
189391,185,50.469
189401,185,50.513
189411,185,50.469
189421,185,50.488
189431,185,50.475
189441,185,50.519
189451,185,50.488
189461,185,50.519
189471,185,50.469
189481,185,50.519
189491,185,50.475
189501,185,50.475
189511,185,50.519
189521,185,50.463
189531,185,50.513
189541,185,50.475
189551,185,50.463
189561,185,50.481
189571,185,50.494
189581,185,50.494
189591,185,50.500
189601,185,50.469
189611,185,50.494
189621,185,50.469
189631,185,50.463
189641,185,50.469
189651,185,50.469
189661,185,50.513
189671,185,50.425
189681,185,50.475
189691,185,50.475
189701,185,50.488
189711,185,50.481
189721,185,50.481
189731,185,50.519
189741,185,50.475
189751,185,50.506
189761,185,50.469
189771,185,50.475
189781,185,50.469
189791,185,50.513
189801,185,50.513
189811,185,50.438
189821,185,50.488
189831,185,50.475
189841,185,50.506
189851,185,50.469
189861,185,50.475
189871,185,50.469
189881,185,50.500
189891,185,50.463
189901,185,50.475
189911,185,50.475
189921,185,50.513
189931,185,50.469
189941,185,50.469
189951,185,50.469
189961,185,50.475
189971,185,50.506
189981,185,50.431
189991,185,50.475
190001,185,50.450
190011,185,50.475
190021,185,50.481
190031,185,50.469
190041,185,50.469
190051,185,50.463
190061,185,50.513
190071,185,50.469
190081,185,50.463
190091,185,50.469
190101,185,50.475
190111,185,50.469
190121,185,50.444
190131,185,50.475
190141,185,50.506
190151,185,50.469
190161,185,50.469
190171,185,50.450
190181,185,50.456
190191,185,50.513
190201,185,50.469
190211,185,50.469
190221,185,50.469
190231,185,50.506
190241,185,50.469
190251,185,50.438
190261,185,50.463
190271,185,50.494
190281,185,50.463
190291,185,50.463
190301,185,50.456
190311,185,50.450
190321,185,50.463
190331,185,50.444
190341,185,50.469
190351,185,50.481
190361,185,50.481
190371,185,50.488
190381,185,50.463
190391,185,50.469
190401,185,50.463
190411,185,50.475
190421,185,50.438
190431,185,50.469
190441,185,50.444
190451,185,50.500
190461,185,50.456
190471,185,50.463
190481,185,50.419
190491,185,50.463
190501,185,50.425
190511,185,50.469
190521,185,50.463
190531,185,50.463
190541,185,50.475
190551,185,50.444
190561,185,50.463
190571,185,50.463
190581,185,50.513
190591,185,50.425
190601,185,50.475
190611,185,50.431
190621,185,50.469
190631,185,50.438
190641,185,50.475
190651,185,50.419
190661,185,50.469
190671,185,50.425
190681,185,50.469
190691,185,50.400
190701,185,50.469
190711,185,50.463
190721,185,50.475
190731,185,50.425
190741,185,50.469
190751,185,50.431
190761,185,50.494
190771,185,50.444
190781,185,50.475
190791,185,50.438
190801,185,50.469
190811,185,50.431
190821,185,50.450
190831,185,50.463
190841,185,50.469
190851,185,50.463
190861,185,50.425
190871,185,50.475
190881,185,50.438
190891,185,50.506
190901,185,50.438
190911,185,50.469
190921,185,50.425
190931,185,50.469
190941,185,50.425
190951,185,50.463
190961,185,50.406
190971,185,50.463
190981,185,50.469
190991,185,50.431
191001,185,50.469
191011,185,50.438
191021,185,50.538
191031,185,50.488
191041,185,50.438
191051,185,50.469
191061,185,50.431
191071,185,50.469
191081,185,50.425
191091,185,50.444
191101,185,50.463
191111,185,50.463
191121,185,50.463
191131,185,50.425
191141,185,50.469
191151,185,50.431
191161,185,50.500
191171,185,50.431
191181,185,50.469
191191,185,50.419
191201,185,50.463
191211,185,50.419
191221,185,50.450
191231,185,50.406
191241,185,50.469
191251,185,50.400
191261,185,50.438
191271,185,50.438
191281,185,50.475
191291,185,50.469
191301,185,50.419
191311,185,50.469
191321,185,50.425
191331,185,50.463
191341,185,50.406
191351,185,50.481
191361,185,50.456
191371,185,50.419
191381,185,50.456
191391,185,50.413
191401,185,50.425
191411,185,50.406
191421,185,50.469
191431,185,50.438
191441,185,50.431
191451,185,50.469
191461,185,50.419
191471,185,50.456
191481,185,50.406
191491,185,50.463
191501,185,50.450
191511,185,50.469
191521,185,50.406
191531,185,50.425
191541,185,50.406
191551,185,50.475
191561,185,50.450
191571,185,50.425
191581,185,50.469
191591,185,50.425
191601,185,50.463
191611,185,50.400
191621,185,50.469
191631,185,50.438
191641,185,50.475
191651,185,50.400
191661,185,50.431
191671,185,50.400
191681,185,50.488
191691,185,50.475
191701,185,50.438
191711,185,50.431
191721,185,50.400
191731,185,50.425
191741,185,50.444
191751,185,50.419
191761,185,50.456
191771,185,50.450
191781,185,50.463
191791,185,50.406
191801,185,50.431
191811,185,50.406
191821,185,50.444
191831,185,50.444
191841,185,50.425
191851,185,50.419
191861,185,50.419
191871,185,50.469
191881,185,50.406
191891,185,50.450
191901,185,50.406
191911,185,50.475
191921,185,50.413
191931,185,50.450
191941,185,50.406
191951,185,50.450
191961,185,50.450
191971,185,50.413
191981,185,50.413
191991,185,50.406
192001,190,50.431
192011,190,50.400
192021,190,50.400
192031,190,50.444
192041,190,50.450
192051,190,50.463
192061,190,50.450
192071,190,50.475
192081,190,50.506
192091,190,50.469
192101,190,50.469
192111,190,50.444
192121,190,50.469
192131,190,50.475
192141,190,50.463
192151,190,50.469
192161,190,50.475
192171,190,50.469
192181,190,50.463
192191,190,50.500
192201,190,50.488
192211,190,50.494
192221,190,50.488
192231,190,50.469
192241,190,50.469
192251,190,50.463
192261,190,50.456
192271,190,50.469
192281,190,50.475
192291,190,50.475
192301,190,50.469
192311,190,50.469
192321,190,50.419
192331,190,50.469
192341,190,50.463
192351,190,50.481
192361,190,50.475
192371,190,50.469
192381,190,50.488
192391,190,50.494
192401,190,50.488
192411,190,50.494
192421,190,50.488
192431,190,50.475
192441,190,50.475
192451,190,50.475
192461,190,50.475
192471,190,50.475
192481,190,50.469
192491,190,50.469
192501,190,50.469
192511,190,50.425
192521,190,50.463
192531,190,50.463
192541,190,50.494
192551,190,50.500
192561,190,50.500
192571,190,50.469
192581,190,50.475
192591,190,50.475
192601,190,50.469
192611,190,50.475
192621,190,50.475
192631,190,50.481
192641,190,50.475
192651,190,50.431
192661,190,50.475
192671,190,50.481
192681,190,50.488
192691,190,50.475
192701,190,50.469
192711,190,50.469
192721,190,50.500
192731,190,50.506
192741,190,50.513
192751,190,50.475
192761,190,50.475
192771,190,50.469
192781,190,50.425
192791,190,50.469
192801,190,50.475
192811,190,50.469
192821,190,50.425
192831,190,50.463
192841,190,50.438
192851,190,50.463
192861,190,50.469
192871,190,50.506
192881,190,50.506
192891,190,50.513
192901,190,50.475
192911,190,50.481
192921,190,50.438
192931,190,50.475
192941,190,50.444
192951,190,50.469
192961,190,50.450
192971,190,50.469
192981,190,50.456
192991,190,50.456
193001,190,50.463
193011,190,50.481
193021,190,50.475
193031,190,50.469
193041,190,50.519
193051,190,50.469
193061,190,50.506
193071,190,50.469
193081,190,50.456
193091,190,50.425
193101,190,50.469
193111,190,50.431
193121,190,50.469
193131,190,50.450
193141,190,50.463
193151,190,50.456
193161,190,50.456
193171,190,50.463
193181,190,50.450
193191,190,50.469
193201,190,50.513
193211,190,50.469
193221,190,50.431
193231,190,50.444
193241,190,50.469
193251,190,50.450
193261,190,50.463
193271,190,50.463
193281,190,50.456
193291,190,50.475
193301,190,50.450
193311,190,50.469
193321,190,50.431
193331,190,50.475
193341,190,50.488
193351,190,50.481
193361,190,50.475
193371,190,50.513
193381,190,50.475
193391,190,50.438
193401,190,50.444
193411,190,50.419
193421,190,50.456
193431,190,50.463
193441,190,50.463
193451,190,50.450
193461,190,50.463
193471,190,50.450
193481,190,50.469
193491,190,50.438
193501,190,50.469
193511,190,50.494
193521,190,50.481
193531,190,50.469
193541,190,50.463
193551,190,50.425
193561,190,50.475
193571,190,50.406
193581,190,50.469
193591,190,50.438
193601,190,50.481
193611,190,50.438
193621,190,50.481
193631,190,50.413
193641,190,50.469
193651,190,50.431
193661,190,50.475
193671,190,50.481
193681,190,50.513
193691,190,50.475
193701,190,50.494
193711,190,50.481
193721,190,50.431
193731,190,50.481
193741,190,50.444
193751,190,50.475
193761,190,50.444
193771,190,50.475
193781,190,50.431
193791,190,50.469
193801,190,50.425
193811,190,50.431
193821,190,50.431
193831,190,50.481
193841,190,50.431
193851,190,50.469
193861,190,50.475
193871,190,50.469
193881,190,50.450
193891,190,50.469
193901,190,50.419
193911,190,50.413
193921,190,50.419
193931,190,50.463
193941,190,50.431
193951,190,50.431
193961,190,50.425
193971,190,50.406
193981,190,50.438
193991,190,50.463
194001,190,50.475
194011,190,50.481
194021,190,50.469
194031,190,50.481
194041,190,50.469
194051,190,50.450
194061,190,50.444
194071,190,50.406
194081,190,50.413
194091,190,50.425
194101,190,50.469
194111,190,50.431
194121,190,50.431
194131,190,50.444
194141,190,50.400
194151,190,50.450
194161,190,50.463
194171,190,50.456
194181,190,50.463
194191,190,50.463
194201,190,50.450
194211,190,50.406
194221,190,50.406
194231,190,50.438
194241,190,50.438
194251,190,50.438
194261,190,50.469
194271,190,50.456
194281,190,50.450
194291,190,50.444
194301,190,50.400
194311,190,50.450
194321,190,50.450
194331,190,50.469
194341,190,50.469
194351,190,50.481
194361,190,50.463
194371,190,50.450
194381,190,50.469
194391,190,50.438
194401,190,50.400
194411,190,50.406
194421,190,50.444
194431,190,50.469
194441,190,50.444
194451,190,50.444
194461,190,50.444
194471,190,50.400
194481,190,50.450
194491,190,50.406
194501,190,50.438
194511,190,50.438
194521,190,50.481
194531,190,50.425
194541,190,50.475
194551,190,50.419
194561,190,50.413
194571,190,50.394
194581,190,50.450
194591,190,50.406
194601,190,50.444
194611,190,50.444
194621,190,50.444
194631,190,50.431
194641,190,50.425
194651,190,50.400
194661,190,50.413
194671,190,50.425
194681,190,50.481
194691,190,50.425
194701,190,50.425
194711,190,50.469
194721,190,50.425
194731,190,50.425
194741,190,50.413
194751,190,50.400
194761,190,50.400
194771,190,50.444
194781,190,50.438
194791,190,50.431
194801,190,50.406
194811,190,50.406
194821,190,50.400
194831,190,50.413
194841,190,50.425
194851,190,50.475
194861,190,50.431
194871,190,50.475
194881,190,50.444
194891,190,50.444
194901,190,50.413
194911,190,50.419
194921,190,50.400
194931,190,50.413
194941,190,50.425
194951,190,50.431
194961,190,50.431
194971,190,50.431
194981,190,50.438
194991,190,50.406
195001,190,50.444
195011,190,50.463
195021,190,50.406
195031,190,50.406
195041,190,50.406
195051,190,50.438
195061,190,50.438
195071,190,50.450
195081,190,50.450
195091,190,50.450
195101,190,50.450
195111,190,50.394
195121,190,50.400
195131,190,50.400
195141,190,50.406
195151,190,50.413
195161,190,50.444
195171,190,50.450
195181,190,50.406
195191,190,50.406
195201,190,50.406
195211,190,50.406
195221,190,50.406
195231,190,50.444
195241,190,50.456
195251,190,50.444
195261,190,50.438
195271,190,50.444
195281,190,50.406
195291,190,50.413
195301,190,50.406
195311,190,50.400
195321,190,50.406
195331,190,50.450
195341,190,50.450
195351,190,50.400
195361,190,50.444
195371,190,50.450
195381,190,50.444
195391,190,50.450
195401,190,50.400
195411,190,50.400
195421,190,50.406
195431,190,50.400
195441,190,50.431
195451,190,50.425
195461,190,50.425
195471,190,50.425
195481,190,50.425
195491,190,50.413
195501,190,50.406
195511,190,50.400
195521,190,50.400
195531,190,50.406
195541,190,50.431
195551,190,50.431
195561,190,50.413
195571,190,50.394
195581,190,50.406
195591,190,50.400
195601,190,50.400
195611,190,50.413
195621,190,50.425
195631,190,50.438
195641,190,50.444
195651,190,50.431
195661,190,50.406
195671,190,50.394
195681,190,50.419
195691,190,50.413
195701,190,50.406
195711,190,50.406
195721,190,50.406
195731,190,50.425
195741,190,50.431
195751,190,50.419
195761,190,50.413
195771,190,50.413
195781,190,50.363
195791,190,50.413
195801,190,50.413
195811,190,50.444
195821,190,50.456
195831,190,50.456
195841,190,50.456
195851,190,50.456
195861,190,50.425
195871,190,50.413
195881,190,50.413
195891,190,50.413
195901,190,50.413
195911,190,50.419
195921,190,50.450
195931,190,50.406
195941,190,50.413
195951,190,50.413
195961,190,50.413
195971,190,50.413
195981,190,50.450
195991,190,50.450
196001,190,50.450
196011,190,50.450
196021,190,50.456
196031,190,50.456
196041,190,50.450
196051,190,50.450
196061,190,50.450
196071,190,50.406
196081,190,50.406
196091,190,50.406
196101,190,50.413
196111,190,50.406
196121,190,50.450
196131,190,50.406
196141,190,50.400
196151,190,50.406
196161,190,50.406
196171,190,50.413
196181,190,50.406
196191,190,50.406
196201,190,50.438
196211,190,50.431
196221,190,50.431
196231,190,50.419
196241,190,50.413
196251,190,50.413
196261,190,50.406
196271,190,50.413
196281,190,50.413
196291,190,50.406
196301,190,50.406
196311,190,50.406
196321,190,50.413
196331,190,50.406
196341,190,50.381
196351,190,50.406
196361,190,50.406
196371,190,50.369
196381,190,50.413
196391,190,50.356
196401,190,50.406
196411,190,50.413
196421,190,50.431
196431,190,50.425
196441,190,50.438
196451,190,50.406
196461,190,50.406
196471,190,50.406
196481,190,50.406
196491,190,50.356
196501,190,50.406
196511,190,50.406
196521,190,50.394
196531,190,50.394
196541,190,50.406
196551,190,50.363
196561,190,50.413
196571,190,50.406
196581,190,50.406
196591,190,50.444
196601,190,50.444
196611,190,50.450
196621,190,50.450
196631,190,50.406
196641,190,50.406
196651,190,50.413
196661,190,50.413
196671,190,50.400
196681,190,50.406
196691,190,50.400
196701,190,50.356
196711,190,50.406
196721,190,50.406
196731,190,50.400
196741,190,50.369
196751,190,50.400
196761,190,50.381
196771,190,50.394
196781,190,50.400
196791,190,50.444
196801,190,50.450
196811,190,50.444
196821,190,50.406
196831,190,50.400
196841,190,50.406
196851,190,50.400
196861,190,50.369
196871,190,50.388
196881,190,50.400
196891,190,50.400
196901,190,50.394
196911,190,50.375
196921,190,50.406
196931,190,50.375
196941,190,50.406
196951,190,50.431
196961,190,50.406
196971,190,50.431
196981,190,50.406
196991,190,50.400
197001,195,50.400
197011,195,50.369
197021,195,50.431
197031,195,50.425
197041,195,50.425
197051,195,50.431
197061,195,50.425
197071,195,50.431
197081,195,50.438
197091,195,50.406
197101,195,50.406
197111,195,50.438
197121,195,50.444
197131,195,50.444
197141,195,50.475
197151,195,50.425
197161,195,50.475
197171,195,50.438
197181,195,50.469
197191,195,50.438
197201,195,50.481
197211,195,50.438
197221,195,50.475
197231,195,50.444
197241,195,50.463
197251,195,50.475
197261,195,50.425
197271,195,50.475
197281,195,50.481
197291,195,50.494
197301,195,50.425
197311,195,50.469
197321,195,50.444
197331,195,50.475
197341,195,50.456
197351,195,50.450
197361,195,50.450
197371,195,50.475
197381,195,50.475
197391,195,50.475
197401,195,50.431
197411,195,50.475
197421,195,50.431
197431,195,50.469
197441,195,50.431
197451,195,50.475
197461,195,50.475
197471,195,50.450
197481,195,50.469
197491,195,50.469
197501,195,50.469
197511,195,50.425
197521,195,50.469
197531,195,50.431
197541,195,50.469
197551,195,50.419
197561,195,50.475
197571,195,50.475
197581,195,50.475
197591,195,50.469
197601,195,50.431
197611,195,50.469
197621,195,50.431
197631,195,50.469
197641,195,50.425
197651,195,50.469
197661,195,50.475
197671,195,50.456
197681,195,50.469
197691,195,50.456
197701,195,50.456
197711,195,50.463
197721,195,50.456
197731,195,50.444
197741,195,50.444
197751,195,50.469
197761,195,50.438
197771,195,50.469
197781,195,50.444
197791,195,50.469
197801,195,50.456
197811,195,50.456
197821,195,50.469
197831,195,50.463
197841,195,50.450
197851,195,50.438
197861,195,50.475
197871,195,50.481
197881,195,50.469
197891,195,50.456
197901,195,50.463
197911,195,50.456
197921,195,50.456
197931,195,50.444
197941,195,50.450
197951,195,50.475
197961,195,50.431
197971,195,50.469
197981,195,50.444
197991,195,50.463
198001,195,50.444
198011,195,50.475
198021,195,50.438
198031,195,50.438
198041,195,50.431
198051,195,50.475
198061,195,50.431
198071,195,50.469
198081,195,50.425
198091,195,50.475
198101,195,50.425
198111,195,50.406
198121,195,50.431
198131,195,50.444
198141,195,50.444
198151,195,50.438
198161,195,50.475
198171,195,50.431
198181,195,50.475
198191,195,50.425
198201,195,50.469
198211,195,50.438
198221,195,50.413
198231,195,50.444
198241,195,50.450
198251,195,50.450
198261,195,50.431
198271,195,50.475
198281,195,50.438
198291,195,50.475
198301,195,50.431
198311,195,50.481
198321,195,50.438
198331,195,50.444
198341,195,50.456
198351,195,50.450
198361,195,50.450
198371,195,50.450
198381,195,50.450
198391,195,50.444
198401,195,50.406
198411,195,50.438
198421,195,50.438
198431,195,50.425
198441,195,50.406
198451,195,50.444
198461,195,50.450
198471,195,50.444
198481,195,50.456
198491,195,50.400
198501,195,50.444
198511,195,50.406
198521,195,50.431
198531,195,50.400
198541,195,50.419
198551,195,50.456
198561,195,50.450
198571,195,50.450
198581,195,50.450
198591,195,50.450
198601,195,50.406
198611,195,50.450
198621,195,50.438
198631,195,50.438
198641,195,50.400
198651,195,50.400
198661,195,50.450
198671,195,50.463
198681,195,50.406
198691,195,50.450
198701,195,50.413
198711,195,50.406
198721,195,50.400
198731,195,50.400
198741,195,50.400
198751,195,50.406
198761,195,50.406
198771,195,50.438
198781,195,50.438
198791,195,50.438
198801,195,50.438
198811,195,50.400
198821,195,50.381
198831,195,50.400
198841,195,50.400
198851,195,50.406
198861,195,50.406
198871,195,50.400
198881,195,50.438
198891,195,50.438
198901,195,50.444
198911,195,50.444
198921,195,50.400
198931,195,50.400
198941,195,50.400
198951,195,50.406
198961,195,50.400
198971,195,50.406
198981,195,50.400
198991,195,50.438
199001,195,50.444
199011,195,50.475
199021,195,50.406
199031,195,50.406
199041,195,50.406
199051,195,50.406
199061,195,50.431
199071,195,50.438
199081,195,50.438
199091,195,50.419
199101,195,50.413
199111,195,50.406
199121,195,50.400
199131,195,50.400
199141,195,50.400
199151,195,50.400
199161,195,50.438
199171,195,50.431
199181,195,50.431
199191,195,50.400
199201,195,50.419
199211,195,50.419
199221,195,50.400
199231,195,50.406
199241,195,50.406
199251,195,50.406
199261,195,50.406
199271,195,50.406
199281,195,50.431
199291,195,50.431
199301,195,50.406
199311,195,50.406
199321,195,50.356
199331,195,50.406
199341,195,50.425
199351,195,50.406
199361,195,50.450
199371,195,50.450
199381,195,50.444
199391,195,50.444
199401,195,50.400
199411,195,50.406
199421,195,50.375
199431,195,50.400
199441,195,50.363
199451,195,50.400
199461,195,50.400
199471,195,50.400
199481,195,50.400
199491,195,50.444
199501,195,50.400
199511,195,50.400
199521,195,50.406
199531,195,50.381
199541,195,50.400
199551,195,50.369
199561,195,50.406
199571,195,50.356
199581,195,50.400
199591,195,50.356
199601,195,50.400
199611,195,50.400
199621,195,50.450
199631,195,50.400
199641,195,50.438
199651,195,50.400
199661,195,50.369
199671,195,50.419
199681,195,50.406
199691,195,50.381
199701,195,50.406
199711,195,50.406
199721,195,50.400
199731,195,50.381
199741,195,50.400
199751,195,50.400
199761,195,50.400
199771,195,50.394
199781,195,50.381
199791,195,50.406
199801,195,50.381
199811,195,50.406
199821,195,50.369
199831,195,50.406
199841,195,50.356
199851,195,50.356
199861,195,50.338
199871,195,50.388
199881,195,50.394
199891,195,50.375
199901,195,50.406
199911,195,50.400
199921,195,50.406
199931,195,50.406
199941,195,50.406
199951,195,50.356
199961,195,50.406
199971,195,50.344
199981,195,50.388
199991,195,50.356
200001,195,50.406
200011,195,50.400
200021,195,50.388
200031,195,50.388
200041,195,50.394
200051,195,50.381
200061,195,50.406
200071,195,50.381
200081,195,50.413
200091,195,50.369
200101,195,50.406
200111,195,50.356
200121,195,50.400
200131,195,50.363
200141,195,50.363
200151,195,50.363
200161,195,50.356
200171,195,50.369
200181,195,50.369
200191,195,50.369
200201,195,50.363
200211,195,50.406
200221,195,50.356
200231,195,50.400
200241,195,50.363
200251,195,50.400
200261,195,50.356
200271,195,50.406
200281,195,50.363
200291,195,50.406
200301,195,50.369
200311,195,50.406
200321,195,50.381
200331,195,50.400
200341,195,50.419
200351,195,50.406
200361,195,50.369
200371,195,50.406
200381,195,50.400
200391,195,50.406
200401,195,50.363
200411,195,50.413
200421,195,50.369
200431,195,50.363
200441,195,50.363
200451,195,50.375
200461,195,50.381
200471,195,50.375
200481,195,50.419
200491,195,50.369
200501,195,50.413
200511,195,50.369
200521,195,50.406
200531,195,50.369
200541,195,50.413
200551,195,50.375
200561,195,50.369
200571,195,50.375
200581,195,50.381
200591,195,50.381
200601,195,50.356
200611,195,50.413
200621,195,50.356
200631,195,50.406
200641,195,50.406
200651,195,50.413
200661,195,50.369
200671,195,50.419
200681,195,50.406
200691,195,50.363
200701,195,50.406
200711,195,50.406
200721,195,50.381
200731,195,50.413
200741,195,50.406
200751,195,50.406
200761,195,50.363
200771,195,50.406
200781,195,50.356
200791,195,50.406
200801,195,50.369
200811,195,50.406
200821,195,50.369
200831,195,50.375
200841,195,50.381
200851,195,50.375
200861,195,50.419
200871,195,50.369
200881,195,50.413
200891,195,50.369
200901,195,50.406
200911,195,50.369
200921,195,50.388
200931,195,50.375
200941,195,50.375
200951,195,50.369
200961,195,50.413
200971,195,50.381
200981,195,50.356
200991,195,50.406
201001,195,50.375
201011,195,50.413
201021,195,50.406
201031,195,50.363
201041,195,50.413
201051,195,50.363
201061,195,50.406
201071,195,50.356
201081,195,50.388
201091,195,50.413
201101,195,50.381
201111,195,50.406
201121,195,50.369
201131,195,50.406
201141,195,50.363
201151,195,50.413
201161,195,50.363
201171,195,50.406
201181,195,50.363
201191,195,50.369
201201,195,50.419
201211,195,50.381
201221,195,50.419
201231,195,50.375
201241,195,50.413
201251,195,50.369
201261,195,50.406
201271,195,50.363
201281,195,50.363
201291,195,50.375
201301,195,50.406
201311,195,50.375
201321,195,50.381
201331,195,50.413
201341,195,50.356
201351,195,50.388
201361,195,50.413
201371,195,50.388
201381,195,50.375
201391,195,50.375
201401,195,50.413
201411,195,50.344
201421,195,50.400
201431,195,50.400
201441,195,50.400
201451,195,50.400
201461,195,50.388
201471,195,50.406
201481,195,50.381
201491,195,50.381
201501,195,50.375
201511,195,50.369
201521,195,50.369
201531,195,50.400
201541,195,50.394
201551,195,50.394
201561,195,50.419
201571,195,50.413
201581,195,50.413
201591,195,50.381
201601,195,50.406
201611,195,50.369
201621,195,50.363
201631,195,50.363
201641,195,50.406
201651,195,50.400
201661,195,50.388
201671,195,50.419
201681,195,50.388
201691,195,50.388
201701,195,50.388
201711,195,50.394
201721,195,50.388
201731,195,50.388
201741,195,50.413
201751,195,50.381
201761,195,50.406
201771,195,50.388
201781,195,50.406
201791,195,50.381
201801,195,50.381
201811,195,50.388
201821,195,50.381
201831,195,50.381
201841,195,50.388
201851,195,50.381
201861,195,50.344
201871,195,50.375
201881,195,50.388
201891,195,50.381
201901,195,50.388
201911,195,50.381
201921,195,50.388
201931,195,50.381
201941,195,50.394
201951,195,50.344
201961,195,50.344
201971,195,50.344
201981,195,50.375
201991,195,50.363
202001,200,50.356
202011,200,50.344
202021,200,50.381
202031,200,50.375
202041,200,50.375
202051,200,50.413
202061,200,50.388
202071,200,50.388
202081,200,50.413
202091,200,50.413
202101,200,50.431
202111,200,50.431
202121,200,50.444
202131,200,50.438
202141,200,50.444
202151,200,50.469
202161,200,50.425
202171,200,50.475
202181,200,50.431
202191,200,50.481
202201,200,50.475
202211,200,50.475
202221,200,50.481
202231,200,50.475
202241,200,50.469
202251,200,50.513
202261,200,50.513
202271,200,50.469
202281,200,50.469
202291,200,50.481
202301,200,50.488
202311,200,50.494
202321,200,50.513
202331,200,50.513
202341,200,50.525
202351,200,50.519
202361,200,50.513
202371,200,50.525
202381,200,50.506
202391,200,50.544
202401,200,50.513
202411,200,50.550
202421,200,50.550
202431,200,50.500
202441,200,50.538
202451,200,50.500
202461,200,50.544
202471,200,50.538
202481,200,50.519
202491,200,50.544
202501,200,50.513
202511,200,50.544
202521,200,50.513
202531,200,50.525
202541,200,50.519
202551,200,50.488
202561,200,50.506
202571,200,50.494
202581,200,50.500
202591,200,50.544
202601,200,50.519
202611,200,50.544
202621,200,50.506
202631,200,50.506
202641,200,50.525
202651,200,50.544
202661,200,50.538
202671,200,50.550
202681,200,50.513
202691,200,50.550
202701,200,50.506
202711,200,50.544
202721,200,50.544
202731,200,50.531
202741,200,50.538
202751,200,50.525
202761,200,50.556
202771,200,50.506
202781,200,50.538
202791,200,50.519
202801,200,50.506
202811,200,50.544
202821,200,50.500
202831,200,50.506
202841,200,50.544
202851,200,50.525
202861,200,50.531
202871,200,50.525
202881,200,50.513
202891,200,50.519
202901,200,50.519
202911,200,50.525
202921,200,50.525
202931,200,50.531
202941,200,50.500
202951,200,50.544
202961,200,50.506
202971,200,50.500
202981,200,50.550
202991,200,50.506
203001,200,50.556
203011,200,50.544
203021,200,50.500
203031,200,50.500
203041,200,50.506
203051,200,50.506
203061,200,50.544
203071,200,50.506
203081,200,50.500
203091,200,50.481
203101,200,50.494
203111,200,50.538
203121,200,50.525
203131,200,50.488
203141,200,50.475
203151,200,50.506
203161,200,50.513
203171,200,50.475
203181,200,50.481
203191,200,50.494
203201,200,50.500
203211,200,50.488
203221,200,50.481
203231,200,50.488
203241,200,50.525
203251,200,50.519
203261,200,50.481
203271,200,50.488
203281,200,50.481
203291,200,50.531
203301,200,50.519
203311,200,50.519
203321,200,50.525
203331,200,50.494
203341,200,50.519
203351,200,50.475
203361,200,50.481
203371,200,50.519
203381,200,50.519
203391,200,50.475
203401,200,50.488
203411,200,50.481
203421,200,50.519
203431,200,50.519
203441,200,50.481
203451,200,50.481
203461,200,50.500
203471,200,50.500
203481,200,50.500
203491,200,50.494
203501,200,50.500
203511,200,50.525
203521,200,50.525
203531,200,50.519
203541,200,50.513
203551,200,50.513
203561,200,50.525
203571,200,50.519
203581,200,50.469
203591,200,50.538
203601,200,50.500
203611,200,50.500
203621,200,50.506
203631,200,50.481
203641,200,50.544
203651,200,50.513
203661,200,50.506
203671,200,50.488
203681,200,50.475
203691,200,50.513
203701,200,50.506
203711,200,50.475
203721,200,50.488
203731,200,50.494
203741,200,50.500
203751,200,50.444
203761,200,50.475
203771,200,50.475
203781,200,50.525
203791,200,50.519
203801,200,50.444
203811,200,50.481
203821,200,50.475
203831,200,50.525
203841,200,50.525
203851,200,50.469
203861,200,50.481
203871,200,50.488
203881,200,50.500
203891,200,50.506
203901,200,50.481
203911,200,50.513
203921,200,50.506
203931,200,50.481
203941,200,50.481
203951,200,50.481
203961,200,50.519
203971,200,50.481
203981,200,50.481
203991,200,50.481
204001,200,50.494
204011,200,50.500
204021,200,50.481
204031,200,50.475
204041,200,50.519
204051,200,50.519
204061,200,50.513
204071,200,50.469
204081,200,50.475
204091,200,50.513
204101,200,50.513
204111,200,50.481
204121,200,50.469
204131,200,50.494
204141,200,50.488
204151,200,50.475
204161,200,50.481
204171,200,50.475
204181,200,50.513
204191,200,50.481
204201,200,50.481
204211,200,50.481
204221,200,50.519
204231,200,50.519
204241,200,50.475
204251,200,50.481
204261,200,50.488
204271,200,50.500
204281,200,50.506
204291,200,50.475
204301,200,50.469
204311,200,50.494
204321,200,50.469
204331,200,50.481
204341,200,50.475
204351,200,50.475
204361,200,50.513
204371,200,50.475
204381,200,50.475
204391,200,50.500
204401,200,50.494
204411,200,50.494
204421,200,50.469
204431,200,50.469
204441,200,50.519
204451,200,50.513
204461,200,50.481
204471,200,50.469
204481,200,50.481
204491,200,50.513
204501,200,50.519
204511,200,50.469
204521,200,50.463
204531,200,50.481
204541,200,50.500
204551,200,50.500
204561,200,50.469
204571,200,50.469
204581,200,50.506
204591,200,50.488
204601,200,50.431
204611,200,50.475
204621,200,50.469
204631,200,50.519
204641,200,50.519
204651,200,50.450
204661,200,50.475
204671,200,50.494
204681,200,50.463
204691,200,50.488
204701,200,50.488
204711,200,50.525
204721,200,50.531
204731,200,50.450
204741,200,50.481
204751,200,50.488
204761,200,50.519
204771,200,50.519
204781,200,50.469
204791,200,50.481
204801,200,50.481
204811,200,50.500
204821,200,50.438
204831,200,50.475
204841,200,50.488
204851,200,50.481
204861,200,50.481
204871,200,50.438
204881,200,50.475
204891,200,50.475
204901,200,50.481
204911,200,50.481
204921,200,50.450
204931,200,50.488
204941,200,50.481
204951,200,50.481
204961,200,50.463
204971,200,50.475
204981,200,50.481
204991,200,50.481
205001,200,50.494
205011,200,50.481
205021,200,50.475
205031,200,50.475
205041,200,50.463
205051,200,50.463
205061,200,50.481
205071,200,50.475
205081,200,50.481
205091,200,50.438
205101,200,50.481
205111,200,50.481
205121,200,50.475
205131,200,50.481
205141,200,50.431
205151,200,50.481
205161,200,50.469
205171,200,50.481
205181,200,50.475
205191,200,50.456
205201,200,50.513
205211,200,50.481
205221,200,50.481
205231,200,50.475
205241,200,50.494
205251,200,50.481
205261,200,50.431
205271,200,50.481
205281,200,50.475
205291,200,50.531
205301,200,50.519
205311,200,50.450
205321,200,50.481
205331,200,50.500
205341,200,50.475
205351,200,50.488
205361,200,50.488
205371,200,50.519
205381,200,50.513
205391,200,50.450
205401,200,50.481
205411,200,50.481
205421,200,50.525
205431,200,50.513
205441,200,50.463
205451,200,50.481
205461,200,50.481
205471,200,50.506
205481,200,50.481
205491,200,50.481
205501,200,50.481
205511,200,50.481
205521,200,50.481
205531,200,50.475
205541,200,50.475
205551,200,50.488
205561,200,50.481
205571,200,50.481
205581,200,50.481
205591,200,50.513
205601,200,50.519
205611,200,50.481
205621,200,50.488
205631,200,50.488
205641,200,50.506
205651,200,50.494
205661,200,50.488
205671,200,50.475
205681,200,50.531
205691,200,50.488
205701,200,50.481
205711,200,50.500
205721,200,50.506
205731,200,50.463
205741,200,50.488
205751,200,50.494
205761,200,50.519
205771,200,50.519
205781,200,50.444
205791,200,50.488
205801,200,50.494
205811,200,50.525
205821,200,50.531
205831,200,50.488
205841,200,50.488
205851,200,50.488
205861,200,50.494
205871,200,50.488
205881,200,50.481
205891,200,50.488
205901,200,50.488
205911,200,50.481
205921,200,50.488
205931,200,50.525
205941,200,50.488
205951,200,50.481
205961,200,50.481
205971,200,50.488
205981,200,50.525
205991,200,50.513
206001,200,50.494
206011,200,50.525
206021,200,50.488
206031,200,50.488
206041,200,50.494
206051,200,50.488
206061,200,50.519
206071,200,50.519
206081,200,50.475
206091,200,50.488
206101,200,50.494
206111,200,50.519
206121,200,50.475
206131,200,50.481
206141,200,50.488
206151,200,50.519
206161,200,50.488
206171,200,50.438
206181,200,50.488
206191,200,50.494
206201,200,50.494
206211,200,50.481
206221,200,50.469
206231,200,50.481
206241,200,50.494
206251,200,50.494
206261,200,50.463
206271,200,50.481
206281,200,50.488
206291,200,50.488
206301,200,50.488
206311,200,50.444
206321,200,50.488
206331,200,50.500
206341,200,50.456
206351,200,50.456
206361,200,50.481
206371,200,50.444
206381,200,50.488
206391,200,50.450
206401,200,50.450
206411,200,50.488
206421,200,50.450
206431,200,50.450
206441,200,50.438
206451,200,50.444
206461,200,50.475
206471,200,50.469
206481,200,50.463
206491,200,50.463
206501,200,50.469
206511,200,50.425
206521,200,50.456
206531,200,50.469
206541,200,50.463
206551,200,50.463
206561,200,50.431
206571,200,50.444
206581,200,50.444
206591,200,50.438
206601,200,50.450
206611,200,50.463
206621,200,50.456
206631,200,50.419
206641,200,50.444
206651,200,50.425
206661,200,50.481
206671,200,50.425
206681,200,50.450
206691,200,50.456
206701,200,50.488
206711,200,50.450
206721,200,50.444
206731,200,50.444
206741,200,50.438
206751,200,50.481
206761,200,50.475
206771,200,50.469
206781,200,50.463
206791,200,50.463
206801,200,50.463
206811,200,50.494
206821,200,50.475
206831,200,50.463
206841,200,50.475
206851,200,50.450
206861,200,50.488
206871,200,50.450
206881,200,50.463
206891,200,50.494
206901,200,50.456
206911,200,50.494
206921,200,50.444
206931,200,50.444
206941,200,50.463
206951,200,50.475
206961,200,50.481
206971,200,50.456
206981,200,50.450
206991,200,50.444
207001,205,50.481
207011,205,50.431
207021,205,50.488
207031,205,50.494
207041,205,50.488
207051,205,50.488
207061,205,50.525
207071,205,50.525
207081,205,50.556
207091,205,50.569
207101,205,50.575
207111,205,50.575
207121,205,50.606
207131,205,50.606
207141,205,50.625
207151,205,50.625
207161,205,50.619
207171,205,50.625
207181,205,50.650
207191,205,50.625
207201,205,50.625
207211,205,50.675
207221,205,50.669
207231,205,50.631
207241,205,50.644
207251,205,50.650
207261,205,50.663
207271,205,50.663
207281,205,50.656
207291,205,50.650
207301,205,50.675
207311,205,50.669
207321,205,50.688
207331,205,50.663
207341,205,50.631
207351,205,50.669
207361,205,50.669
207371,205,50.644
207381,205,50.638
207391,205,50.631
207401,205,50.669
207411,205,50.675
207421,205,50.625
207431,205,50.656
207441,205,50.656
207451,205,50.688
207461,205,50.650
207471,205,50.644
207481,205,50.663
207491,205,50.669
207501,205,50.675
207511,205,50.694
207521,205,50.650
207531,205,50.644
207541,205,50.688
207551,205,50.656
207561,205,50.644
207571,205,50.663
207581,205,50.663
207591,205,50.675
207601,205,50.638
207611,205,50.644
207621,205,50.688
207631,205,50.663
207641,205,50.656
207651,205,50.656
207661,205,50.669
207671,205,50.669
207681,205,50.688
207691,205,50.619
207701,205,50.688
207711,205,50.656
207721,205,50.650
207731,205,50.650
207741,205,50.619
207751,205,50.656
207761,205,50.669
207771,205,50.663
207781,205,50.638
207791,205,50.650
207801,205,50.681
207811,205,50.656
207821,205,50.650
207831,205,50.656
207841,205,50.663
207851,205,50.688
207861,205,50.681
207871,205,50.638
207881,205,50.644
207891,205,50.681
207901,205,50.663
207911,205,50.656
207921,205,50.650
207931,205,50.656
207941,205,50.681
207951,205,50.644
207961,205,50.638
207971,205,50.675
207981,205,50.669
207991,205,50.625
208001,205,50.681
208011,205,50.613
208021,205,50.669
208031,205,50.656
208041,205,50.619
208051,205,50.638
208061,205,50.631
208071,205,50.638
208081,205,50.675
208091,205,50.650
208101,205,50.644
208111,205,50.656
208121,205,50.663
208131,205,50.669
208141,205,50.638
208151,205,50.631
208161,205,50.675
208171,205,50.669
208181,205,50.656
208191,205,50.650
208201,205,50.644
208211,205,50.681
208221,205,50.650
208231,205,50.656
208241,205,50.663
208251,205,50.663
208261,205,50.675
208271,205,50.644
208281,205,50.638
208291,205,50.644
208301,205,50.650
208311,205,50.644
208321,205,50.613
208331,205,50.700
208341,205,50.638
208351,205,50.669
208361,205,50.650
208371,205,50.644
208381,205,50.650
208391,205,50.663
208401,205,50.625
208411,205,50.631
208421,205,50.638
208431,205,50.663
208441,205,50.663
208451,205,50.625
208461,205,50.644
208471,205,50.650
208481,205,50.638
208491,205,50.644
208501,205,50.675
208511,205,50.663
208521,205,50.675
208531,205,50.681
208541,205,50.638
208551,205,50.681
208561,205,50.638
208571,205,50.650
208581,205,50.644
208591,205,50.613
208601,205,50.663
208611,205,50.650
208621,205,50.625
208631,205,50.638
208641,205,50.631
208651,205,50.656
208661,205,50.669
208671,205,50.681
208681,205,50.631
208691,205,50.631
208701,205,50.675
208711,205,50.663
208721,205,50.656
208731,205,50.644
208741,205,50.650
208751,205,50.681
208761,205,50.644
208771,205,50.638
208781,205,50.663
208791,205,50.663
208801,205,50.663
208811,205,50.638
208821,205,50.638
208831,205,50.675
208841,205,50.650
208851,205,50.650
208861,205,50.650
208871,205,50.656
208881,205,50.675
208891,205,50.638
208901,205,50.631
208911,205,50.669
208921,205,50.663
208931,205,50.656
208941,205,50.638
208951,205,50.650
208961,205,50.688
208971,205,50.638
208981,205,50.638
208991,205,50.688
209001,205,50.619
209011,205,50.650
209021,205,50.675
209031,205,50.631
209041,205,50.681
209051,205,50.656
209061,205,50.625
209071,205,50.631
209081,205,50.631
209091,205,50.656
209101,205,50.656
209111,205,50.613
209121,205,50.650
209131,205,50.650
209141,205,50.644
209151,205,50.631
209161,205,50.625
209171,205,50.656
209181,205,50.663
209191,205,50.619
209201,205,50.638
209211,205,50.644
209221,205,50.613
209231,205,50.613
209241,205,50.613
209251,205,50.613
209261,205,50.619
209271,205,50.613
209281,205,50.606
209291,205,50.606
209301,205,50.606
209311,205,50.606
209321,205,50.606
209331,205,50.625
209341,205,50.638
209351,205,50.588
209361,205,50.606
209371,205,50.613
209381,205,50.588
209391,205,50.613
209401,205,50.581
209411,205,50.606
209421,205,50.613
209431,205,50.606
209441,205,50.613
209451,205,50.613
209461,205,50.613
209471,205,50.619
209481,205,50.606
209491,205,50.606
209501,205,50.619
209511,205,50.613
209521,205,50.619
209531,205,50.606
209541,205,50.656
209551,205,50.594
209561,205,50.606
209571,205,50.631
209581,205,50.588
209591,205,50.650
209601,205,50.650
209611,205,50.575
209621,205,50.613
209631,205,50.594
209641,205,50.606
209651,205,50.606
209661,205,50.569
209671,205,50.619
209681,205,50.613
209691,205,50.588
209701,205,50.625
209711,205,50.613
209721,205,50.563
209731,205,50.606
209741,205,50.650
209751,205,50.594
209761,205,50.619
209771,205,50.575
209781,205,50.606
209791,205,50.606
209801,205,50.563
209811,205,50.619
209821,205,50.613
209831,205,50.613
209841,205,50.613
209851,205,50.619
209861,205,50.613
209871,205,50.606
209881,205,50.613
209891,205,50.613
209901,205,50.613
209911,205,50.613
209921,205,50.606
209931,205,50.619
209941,205,50.625
209951,205,50.619
209961,205,50.663
209971,205,50.613
209981,205,50.619
209991,205,50.656
210001,205,50.606
210011,205,50.656
210021,205,50.619
210031,205,50.619
210041,205,50.619
210051,205,50.613
210061,205,50.650
210071,205,50.606
210081,205,50.625
210091,205,50.619
210101,205,50.619
210111,205,50.613
210121,205,50.638
210131,205,50.625
210141,205,50.650
210151,205,50.613
210161,205,50.613
210171,205,50.619
210181,205,50.606
210191,205,50.613
210201,205,50.631
210211,205,50.631
210221,205,50.613
210231,205,50.663
210241,205,50.619
210251,205,50.619
210261,205,50.650
210271,205,50.606
210281,205,50.638
210291,205,50.619
210301,205,50.606
210311,205,50.656
210321,205,50.663
210331,205,50.650
210341,205,50.613
210351,205,50.638
210361,205,50.619
210371,205,50.606
210381,205,50.669
210391,205,50.631
210401,205,50.619
210411,205,50.650
210421,205,50.613
210431,205,50.606
210441,205,50.650
210451,205,50.613
210461,205,50.631
210471,205,50.619
210481,205,50.606
210491,205,50.613
210501,205,50.663
210511,205,50.619
210521,205,50.613
210531,205,50.650
210541,205,50.613
210551,205,50.631
210561,205,50.619
210571,205,50.613
210581,205,50.656
210591,205,50.656
210601,205,50.594
210611,205,50.638
210621,205,50.613
210631,205,50.656
210641,205,50.650
210651,205,50.575
210661,205,50.625
210671,205,50.613
210681,205,50.619
210691,205,50.619
210701,205,50.625
210711,205,50.613
210721,205,50.613
210731,205,50.619
210741,205,50.631
210751,205,50.625
210761,205,50.575
210771,205,50.663
210781,205,50.663
210791,205,50.613
210801,205,50.650
210811,205,50.650
210821,205,50.638
210831,205,50.638
210841,205,50.625
210851,205,50.663
210861,205,50.656
210871,205,50.619
210881,205,50.631
210891,205,50.644
210901,205,50.650
210911,205,50.638
210921,205,50.619
210931,205,50.656
210941,205,50.656
210951,205,50.625
210961,205,50.638
210971,205,50.625
210981,205,50.650
210991,205,50.663
211001,205,50.681
211011,205,50.613
211021,205,50.613
211031,205,50.650
211041,205,50.606
211051,205,50.606
211061,205,50.606
211071,205,50.606
211081,205,50.613
211091,205,50.638
211101,205,50.606
211111,205,50.600
211121,205,50.650
211131,205,50.606
211141,205,50.613
211151,205,50.631
211161,205,50.613
211171,205,50.650
211181,205,50.638
211191,205,50.569
211201,205,50.650
211211,205,50.631
211221,205,50.625
211231,205,50.638
211241,205,50.581
211251,205,50.613
211261,205,50.613
211271,205,50.588
211281,205,50.575
211291,205,50.581
211301,205,50.588
211311,205,50.625
211321,205,50.581
211331,205,50.613
211341,205,50.575
211351,205,50.581
211361,205,50.613
211371,205,50.619
211381,205,50.563
211391,205,50.606
211401,205,50.594
211411,205,50.600
211421,205,50.600
211431,205,50.569
211441,205,50.581
211451,205,50.619
211461,205,50.575
211471,205,50.613
211481,205,50.619
211491,205,50.613
211501,205,50.613
211511,205,50.613
211521,205,50.613
211531,205,50.613
211541,205,50.619
211551,205,50.613
211561,205,50.638
211571,205,50.619
211581,205,50.638
211591,205,50.613
211601,205,50.606
211611,205,50.656
211621,205,50.619
211631,205,50.613
211641,205,50.638
211651,205,50.650
211661,205,50.619
211671,205,50.663
211681,205,50.619
211691,205,50.638
211701,205,50.638
211711,205,50.650
211721,205,50.644
211731,205,50.613
211741,205,50.656
211751,205,50.650
211761,205,50.625
211771,205,50.631
211781,205,50.625
211791,205,50.656
211801,205,50.656
211811,205,50.619
211821,205,50.675
211831,205,50.681
211841,205,50.638
211851,205,50.681
211861,205,50.656
211871,205,50.681
211881,205,50.681
211891,205,50.644
211901,205,50.638
211911,205,50.681
211921,205,50.663
211931,205,50.650
211941,205,50.644
211951,205,50.644
211961,205,50.681
211971,205,50.631
211981,205,50.625
211991,205,50.694
212001,210,50.650
212011,210,50.638
212021,210,50.638
212031,210,50.675
212041,210,50.681
212051,210,50.694
212061,210,50.706
212071,210,50.700
212081,210,50.750
212091,210,50.719
212101,210,50.781
212111,210,50.750
212121,210,50.744
212131,210,50.750
212141,210,50.744
212151,210,50.763
212161,210,50.763
212171,210,50.744
212181,210,50.794
212191,210,50.788
212201,210,50.750
212211,210,50.775
212221,210,50.769
212231,210,50.750
212241,210,50.788
212251,210,50.788
212261,210,50.750
212271,210,50.794
212281,210,50.788
212291,210,50.750
212301,210,50.775
212311,210,50.756
212321,210,50.756
212331,210,50.744
212341,210,50.756
212351,210,50.813
212361,210,50.756
212371,210,50.781
212381,210,50.750
212391,210,50.775
212401,210,50.775
212411,210,50.794
212421,210,50.763
212431,210,50.763
212441,210,50.788
212451,210,50.788
212461,210,50.788
212471,210,50.781
212481,210,50.775
212491,210,50.750
212501,210,50.775
212511,210,50.794
212521,210,50.800
212531,210,50.750
212541,210,50.788
212551,210,50.756
212561,210,50.769
212571,210,50.781
212581,210,50.813
212591,210,50.750
212601,210,50.775
212611,210,50.769
212621,210,50.744
212631,210,50.763
212641,210,50.806
212651,210,50.756
212661,210,50.781
212671,210,50.788
212681,210,50.788
212691,210,50.763
212701,210,50.763
212711,210,50.750
212721,210,50.750
212731,210,50.744
212741,210,50.781
212751,210,50.788
212761,210,50.756
212771,210,50.750
212781,210,50.750
212791,210,50.769
212801,210,50.713
212811,210,50.794
212821,210,50.750
212831,210,50.744
212841,210,50.750
212851,210,50.756
212861,210,50.713
212871,210,50.788
212881,210,50.750
212891,210,50.750
212901,210,50.750
212911,210,50.738
212921,210,50.744
212931,210,50.775
212941,210,50.750
212951,210,50.750
212961,210,50.750
212971,210,50.750
212981,210,50.775
212991,210,50.769
213001,210,50.750
213011,210,50.731
213021,210,50.781
213031,210,50.744
213041,210,50.750
213051,210,50.744
213061,210,50.750
213071,210,50.700
213081,210,50.788
213091,210,50.744
213101,210,50.744
213111,210,50.750
213121,210,50.750
213131,210,50.719
213141,210,50.788
213151,210,50.744
213161,210,50.756
213171,210,50.744
213181,210,50.738
213191,210,50.731
213201,210,50.750
213211,210,50.769
213221,210,50.750
213231,210,50.744
213241,210,50.750
213251,210,50.750
213261,210,50.769
213271,210,50.706
213281,210,50.794
213291,210,50.744
213301,210,50.750
213311,210,50.750
213321,210,50.800
213331,210,50.744
213341,210,50.700
213351,210,50.788
213361,210,50.750
213371,210,50.744
213381,210,50.750
213391,210,50.744
213401,210,50.719
213411,210,50.788
213421,210,50.744
213431,210,50.744
213441,210,50.750
213451,210,50.731
213461,210,50.744
213471,210,50.763
213481,210,50.750
213491,210,50.750
213501,210,50.750
213511,210,50.719
213521,210,50.794
213531,210,50.750
213541,210,50.750
213551,210,50.744
213561,210,50.756
213571,210,50.700
213581,210,50.794
213591,210,50.750
213601,210,50.750
213611,210,50.744
213621,210,50.750
213631,210,50.706
213641,210,50.794
213651,210,50.756
213661,210,50.794
213671,210,50.719
213681,210,50.781
213691,210,50.750
213701,210,50.750
213711,210,50.750
213721,210,50.775
213731,210,50.750
213741,210,50.756
213751,210,50.744
213761,210,50.750
213771,210,50.744
213781,210,50.719
213791,210,50.781
213801,210,50.744
213811,210,50.750
213821,210,50.744
213831,210,50.744
213841,210,50.694
213851,210,50.788
213861,210,50.744
213871,210,50.738
213881,210,50.744
213891,210,50.744
213901,210,50.713
213911,210,50.788
213921,210,50.738
213931,210,50.744
213941,210,50.738
213951,210,50.738
213961,210,50.719
213971,210,50.744
213981,210,50.750
213991,210,50.719
214001,210,50.750
214011,210,50.756
214021,210,50.744
214031,210,50.744
214041,210,50.713
214051,210,50.706
214061,210,50.775
214071,210,50.750
214081,210,50.725
214091,210,50.744
214101,210,50.750
214111,210,50.700
214121,210,50.744
214131,210,50.719
214141,210,50.681
214151,210,50.713
214161,210,50.688
214171,210,50.713
214181,210,50.688
214191,210,50.675
214201,210,50.681
214211,210,50.694
214221,210,50.656
214231,210,50.725
214241,210,50.725
214251,210,50.688
214261,210,50.713
214271,210,50.713
214281,210,50.688
214291,210,50.713
214301,210,50.731
214311,210,50.694
214321,210,50.713
214331,210,50.719
214341,210,50.731
214351,210,50.706
214361,210,50.706
214371,210,50.688
214381,210,50.725
214391,210,50.694
214401,210,50.694
214411,210,50.681
214421,210,50.744
214431,210,50.681
214441,210,50.719
214451,210,50.738
214461,210,50.706
214471,210,50.700
214481,210,50.738
214491,210,50.738
214501,210,50.700
214511,210,50.706
214521,210,50.719
214531,210,50.744
214541,210,50.713
214551,210,50.744
214561,210,50.750
214571,210,50.700
214581,210,50.744
214591,210,50.744
214601,210,50.700
214611,210,50.706
214621,210,50.750
214631,210,50.719
214641,210,50.750
214651,210,50.756
214661,210,50.731
214671,210,50.688
214681,210,50.750
214691,210,50.750
214701,210,50.713
214711,210,50.750
214721,210,50.781
214731,210,50.744
214741,210,50.750
214751,210,50.731
214761,210,50.744
214771,210,50.769
214781,210,50.744
214791,210,50.750
214801,210,50.750
214811,210,50.719
214821,210,50.788
214831,210,50.744
214841,210,50.744
214851,210,50.750
214861,210,50.744
214871,210,50.700
214881,210,50.781
214891,210,50.750
214901,210,50.750
214911,210,50.744
214921,210,50.750
214931,210,50.713
214941,210,50.794
214951,210,50.750
214961,210,50.744
214971,210,50.738
214981,210,50.794
214991,210,50.706
215001,210,50.744
215011,210,50.794
215021,210,50.744
215031,210,50.750
215041,210,50.750
215051,210,50.744
215061,210,50.731
215071,210,50.775
215081,210,50.750
215091,210,50.756
215101,210,50.744
215111,210,50.769
215121,210,50.763
215131,210,50.750
215141,210,50.744
215151,210,50.750
215161,210,50.775
215171,210,50.775
215181,210,50.781
215191,210,50.750
215201,210,50.744
215211,210,50.769
215221,210,50.750
215231,210,50.744
215241,210,50.744
215251,210,50.750
215261,210,50.719
215271,210,50.794
215281,210,50.750
215291,210,50.744
215301,210,50.750
215311,210,50.750
215321,210,50.694
215331,210,50.750
215341,210,50.750
215351,210,50.788
215361,210,50.763
215371,210,50.756
215381,210,50.756
215391,210,50.706
215401,210,50.750
215411,210,50.794
215421,210,50.750
215431,210,50.756
215441,210,50.750
215451,210,50.725
215461,210,50.775
215471,210,50.750
215481,210,50.744
215491,210,50.756
215501,210,50.731
215511,210,50.750
215521,210,50.756
215531,210,50.756
215541,210,50.744
215551,210,50.750
215561,210,50.713
215571,210,50.781
215581,210,50.756
215591,210,50.750
215601,210,50.750
215611,210,50.763
215621,210,50.706
215631,210,50.794
215641,210,50.750
215651,210,50.719
215661,210,50.744
215671,210,50.750
215681,210,50.750
215691,210,50.706
215701,210,50.744
215711,210,50.731
215721,210,50.713
215731,210,50.756
215741,210,50.750
215751,210,50.706
215761,210,50.725
215771,210,50.725
215781,210,50.700
215791,210,50.750
215801,210,50.744
215811,210,50.731
215821,210,50.750
215831,210,50.744
215841,210,50.750
215851,210,50.750
215861,210,50.719
215871,210,50.750
215881,210,50.763
215891,210,50.713
215901,210,50.750
215911,210,50.744
215921,210,50.706
215931,210,50.744
215941,210,50.756
215951,210,50.713
215961,210,50.744
215971,210,50.750
215981,210,50.713
215991,210,50.700
216001,210,50.713
216011,210,50.744
216021,210,50.713
216031,210,50.725
216041,210,50.750
216051,210,50.706
216061,210,50.750
216071,210,50.750
216081,210,50.731
216091,210,50.719
216101,210,50.706
216111,210,50.719
216121,210,50.744
216131,210,50.725
216141,210,50.750
216151,210,50.706
216161,210,50.688
216171,210,50.731
216181,210,50.744
216191,210,50.706
216201,210,50.750
216211,210,50.744
216221,210,50.688
216231,210,50.750
216241,210,50.706
216251,210,50.700
216261,210,50.706
216271,210,50.738
216281,210,50.700
216291,210,50.706
216301,210,50.750
216311,210,50.725
216321,210,50.706
216331,210,50.731
216341,210,50.731
216351,210,50.738
216361,210,50.731
216371,210,50.713
216381,210,50.725
216391,210,50.681
216401,210,50.725
216411,210,50.725
216421,210,50.744
216431,210,50.694
216441,210,50.719
216451,210,50.731
216461,210,50.681
216471,210,50.706
216481,210,50.713
216491,210,50.713
216501,210,50.675
216511,210,50.725
216521,210,50.694
216531,210,50.681
216541,210,50.719
216551,210,50.719
216561,210,50.725
216571,210,50.700
216581,210,50.719
216591,210,50.681
216601,210,50.719
216611,210,50.725
216621,210,50.744
216631,210,50.688
216641,210,50.719
216651,210,50.750
216661,210,50.744
216671,210,50.681
216681,210,50.725
216691,210,50.725
216701,210,50.706
216711,210,50.706
216721,210,50.738
216731,210,50.688
216741,210,50.706
216751,210,50.713
216761,210,50.719
216771,210,50.681
216781,210,50.731
216791,210,50.675
216801,210,50.750
216811,210,50.688
216821,210,50.725
216831,210,50.688
216841,210,50.706
216851,210,50.706
216861,210,50.756
216871,210,50.688
216881,210,50.719
216891,210,50.725
216901,210,50.694
216911,210,50.681
216921,210,50.725
216931,210,50.681
216941,210,50.688
216951,210,50.706
216961,210,50.713
216971,210,50.681
216981,210,50.738
216991,210,50.688
217001,215,50.725
217011,215,50.681
217021,215,50.706
217031,215,50.750
217041,215,50.775
217051,215,50.750
217061,215,50.750
217071,215,50.813
217081,215,50.763
217091,215,50.806
217101,215,50.819
217111,215,50.769
217121,215,50.825
217131,215,50.819
217141,215,50.794
217151,215,50.850
217161,215,50.825
217171,215,50.869
217181,215,50.831
217191,215,50.844
217201,215,50.881
217211,215,50.819
217221,215,50.850
217231,215,50.881
217241,215,50.825
217251,215,50.850
217261,215,50.888
217271,215,50.819
217281,215,50.856
217291,215,50.875
217301,215,50.831
217311,215,50.869
217321,215,50.850
217331,215,50.831
217341,215,50.856
217351,215,50.831
217361,215,50.831
217371,215,50.869
217381,215,50.838
217391,215,50.825
217401,215,50.856
217411,215,50.856
217421,215,50.850
217431,215,50.819
217441,215,50.863
217451,215,50.831
217461,215,50.825
217471,215,50.863
217481,215,50.825
217491,215,50.838
217501,215,50.869
217511,215,50.819
217521,215,50.856
217531,215,50.825
217541,215,50.825
217551,215,50.869
217561,215,50.825
217571,215,50.813
217581,215,50.863
217591,215,50.825
217601,215,50.819
217611,215,50.856
217621,215,50.825
217631,215,50.819
217641,215,50.844
217651,215,50.844
217661,215,50.844
217671,215,50.819
217681,215,50.788
217691,215,50.825
217701,215,50.813
217711,215,50.781
217721,215,50.813
217731,215,50.819
217741,215,50.769
217751,215,50.819
217761,215,50.819
217771,215,50.769
217781,215,50.819
217791,215,50.825
217801,215,50.819
217811,215,50.819
217821,215,50.819
217831,215,50.813
217841,215,50.819
217851,215,50.819
217861,215,50.819
217871,215,50.819
217881,215,50.825
217891,215,50.850
217901,215,50.781
217911,215,50.825
217921,215,50.863
217931,215,50.769
217941,215,50.819
217951,215,50.863
217961,215,50.806
217971,215,50.819
217981,215,50.831
217991,215,50.819
218001,215,50.775
218011,215,50.819
218021,215,50.825
218031,215,50.769
218041,215,50.819
218051,215,50.819
218061,215,50.781
218071,215,50.819
218081,215,50.825
218091,215,50.800
218101,215,50.806
218111,215,50.775
218121,215,50.813
218131,215,50.788
218141,215,50.769
218151,215,50.819
218161,215,50.788
218171,215,50.788
218181,215,50.819
218191,215,50.781
218201,215,50.819
218211,215,50.856
218221,215,50.775
218231,215,50.769
218241,215,50.813
218251,215,50.756
218261,215,50.781
218271,215,50.819
218281,215,50.756
218291,215,50.813
218301,215,50.813
218311,215,50.788
218321,215,50.775
218331,215,50.819
218341,215,50.813
218351,215,50.781
218361,215,50.813
218371,215,50.813
218381,215,50.800
218391,215,50.794
218401,215,50.813
218411,215,50.813
218421,215,50.788
218431,215,50.775
218441,215,50.806
218451,215,50.775
218461,215,50.788
218471,215,50.806
218481,215,50.763
218491,215,50.794
218501,215,50.794
218511,215,50.763
218521,215,50.819
218531,215,50.788
218541,215,50.781
218551,215,50.806
218561,215,50.806
218571,215,50.794
218581,215,50.794
218591,215,50.806
218601,215,50.756
218611,215,50.800
218621,215,50.800
218631,215,50.775
218641,215,50.788
218651,215,50.813
218661,215,50.819
218671,215,50.806
218681,215,50.788
218691,215,50.813
218701,215,50.819
218711,215,50.775
218721,215,50.806
218731,215,50.813
218741,215,50.775
218751,215,50.806
218761,215,50.819
218771,215,50.769
218781,215,50.813
218791,215,50.794
218801,215,50.769
218811,215,50.813
218821,215,50.775
218831,215,50.781
218841,215,50.806
218851,215,50.756
218861,215,50.794
218871,215,50.794
218881,215,50.763
218891,215,50.806
218901,215,50.788
218911,215,50.806
218921,215,50.813
218931,215,50.775
218941,215,50.775
218951,215,50.788
218961,215,50.763
218971,215,50.775
218981,215,50.825
218991,215,50.819
219001,215,50.744
219011,215,50.788
219021,215,50.806
219031,215,50.750
219041,215,50.788
219051,215,50.794
219061,215,50.769
219071,215,50.813
219081,215,50.788
219091,215,50.781
219101,215,50.775
219111,215,50.819
219121,215,50.794
219131,215,50.756
219141,215,50.769
219151,215,50.800
219161,215,50.744
219171,215,50.819
219181,215,50.813
219191,215,50.750
219201,215,50.813
219211,215,50.813
219221,215,50.750
219231,215,50.806
219241,215,50.819
219251,215,50.763
219261,215,50.794
219271,215,50.788
219281,215,50.769
219291,215,50.813
219301,215,50.750
219311,215,50.800
219321,215,50.794
219331,215,50.794
219341,215,50.769
219351,215,50.794
219361,215,50.781
219371,215,50.788
219381,215,50.775
219391,215,50.769
219401,215,50.788
219411,215,50.800
219421,215,50.763
219431,215,50.800
219441,215,50.788
219451,215,50.769
219461,215,50.813
219471,215,50.825
219481,215,50.781
219491,215,50.819
219501,215,50.744
219511,215,50.794
219521,215,50.794
219531,215,50.756
219541,215,50.788
219551,215,50.744
219561,215,50.775
219571,215,50.819
219581,215,50.775
219591,215,50.744
219601,215,50.813
219611,215,50.769
219621,215,50.756
219631,215,50.794
219641,215,50.750
219651,215,50.788
219661,215,50.794
219671,215,50.819
219681,215,50.756
219691,215,50.794
219701,215,50.806
219711,215,50.769
219721,215,50.794
219731,215,50.788
219741,215,50.788
219751,215,50.781
219761,215,50.750
219771,215,50.744
219781,215,50.763
219791,215,50.763
219801,215,50.794
219811,215,50.756
219821,215,50.781
219831,215,50.788
219841,215,50.750
219851,215,50.775
219861,215,50.744
219871,215,50.744
219881,215,50.750
219891,215,50.788
219901,215,50.744
219911,215,50.750
219921,215,50.794
219931,215,50.750
219941,215,50.781
219951,215,50.813
219961,215,50.756
219971,215,50.794
219981,215,50.819
219991,215,50.800
220001,215,50.781
220011,215,50.781
220021,215,50.788
220031,215,50.794
220041,215,50.775
220051,215,50.763
220061,215,50.750
220071,215,50.763
220081,215,50.769
220091,215,50.750
220101,215,50.750
220111,215,50.781
220121,215,50.788
220131,215,50.750
220141,215,50.794
220151,215,50.769
220161,215,50.756
220171,215,50.794
220181,215,50.756
220191,215,50.775
220201,215,50.788
220211,215,50.794
220221,215,50.781
220231,215,50.781
220241,215,50.781
220251,215,50.794
220261,215,50.750
220271,215,50.769
220281,215,50.769
220291,215,50.794
220301,215,50.750
220311,215,50.781
220321,215,50.794
220331,215,50.750
220341,215,50.756
220351,215,50.800
220361,215,50.750
220371,215,50.781
220381,215,50.825
220391,215,50.756
220401,215,50.788
220411,215,50.819
220421,215,50.750
220431,215,50.794
220441,215,50.813
220451,215,50.769
220461,215,50.794
220471,215,50.788
220481,215,50.781
220491,215,50.781
220501,215,50.750
220511,215,50.744
220521,215,50.769
220531,215,50.750
220541,215,50.738
220551,215,50.756
220561,215,50.763
220571,215,50.750
220581,215,50.744
220591,215,50.775
220601,215,50.750
220611,215,50.744
220621,215,50.788
220631,215,50.769
220641,215,50.763
220651,215,50.738
220661,215,50.775
220671,215,50.750
220681,215,50.788
220691,215,50.769
220701,215,50.750
220711,215,50.788
220721,215,50.750
220731,215,50.756
220741,215,50.794
220751,215,50.744
220761,215,50.781
220771,215,50.775
220781,215,50.775
220791,215,50.788
220801,215,50.763
220811,215,50.769
220821,215,50.800
220831,215,50.750
220841,215,50.769
220851,215,50.819
220861,215,50.819
220871,215,50.781
220881,215,50.813
220891,215,50.819
220901,215,50.788
220911,215,50.806
220921,215,50.806
220931,215,50.800
220941,215,50.756
220951,215,50.769
220961,215,50.850
220971,215,50.781
220981,215,50.806
220991,215,50.806
221001,215,50.819
221011,215,50.819
221021,215,50.794
221031,215,50.775
221041,215,50.825
221051,215,50.775
221061,215,50.788
221071,215,50.819
221081,215,50.775
221091,215,50.806
221101,215,50.800
221111,215,50.769
221121,215,50.819
221131,215,50.819
221141,215,50.781
221151,215,50.819
221161,215,50.831
221171,215,50.788
221181,215,50.806
221191,215,50.813
221201,215,50.813
221211,215,50.800
221221,215,50.819
221231,215,50.825
221241,215,50.788
221251,215,50.813
221261,215,50.813
221271,215,50.769
221281,215,50.813
221291,215,50.825
221301,215,50.763
221311,215,50.813
221321,215,50.788
221331,215,50.781
221341,215,50.844
221351,215,50.769
221361,215,50.769
221371,215,50.863
221381,215,50.769
221391,215,50.819
221401,215,50.819
221411,215,50.781
221421,215,50.813
221431,215,50.775
221441,215,50.800
221451,215,50.813
221461,215,50.769
221471,215,50.806
221481,215,50.806
221491,215,50.775
221501,215,50.825
221511,215,50.781
221521,215,50.788
221531,215,50.813
221541,215,50.775
221551,215,50.794
221561,215,50.813
221571,215,50.781
221581,215,50.819
221591,215,50.825
221601,215,50.775
221611,215,50.819
221621,215,50.831
221631,215,50.794
221641,215,50.831
221651,215,50.825
221661,215,50.819
221671,215,50.819
221681,215,50.794
221691,215,50.819
221701,215,50.819
221711,215,50.788
221721,215,50.819
221731,215,50.838
221741,215,50.769
221751,215,50.813
221761,215,50.819
221771,215,50.844
221781,215,50.788
221791,215,50.825
221801,215,50.819
221811,215,50.781
221821,215,50.800
221831,215,50.813
221841,215,50.781
221851,215,50.813
221861,215,50.806
221871,215,50.769
221881,215,50.831
221891,215,50.794
221901,215,50.794
221911,215,50.825
221921,215,50.775
221931,215,50.794
221941,215,50.806
221951,215,50.825
221961,215,50.813
221971,215,50.800
221981,215,50.819
221991,215,50.819
222001,220,50.813
222011,220,50.775
222021,220,50.831
222031,220,50.819
222041,220,50.844
222051,220,50.825
222061,220,50.844
222071,220,50.850
222081,220,50.844
222091,220,50.888
222101,220,50.906
222111,220,50.869
222121,220,50.881
222131,220,50.881
222141,220,50.881
222151,220,50.869
222161,220,50.888
222171,220,50.894
222181,220,50.888
222191,220,50.925
222201,220,50.888
222211,220,50.931
222221,220,50.888
222231,220,50.931
222241,220,50.888
222251,220,50.894
222261,220,50.881
222271,220,50.881
222281,220,50.888
222291,220,50.888
222301,220,50.931
222311,220,50.913
222321,220,50.888
222331,220,50.881
222341,220,50.888
222351,220,50.925
222361,220,50.906
222371,220,50.881
222381,220,50.900
222391,220,50.894
222401,220,50.875
222411,220,50.869
222421,220,50.888
222431,220,50.888
222441,220,50.856
222451,220,50.925
222461,220,50.894
222471,220,50.925
222481,220,50.888
222491,220,50.919
222501,220,50.900
222511,220,50.894
222521,220,50.881
222531,220,50.881
222541,220,50.881
222551,220,50.875
222561,220,50.925
222571,220,50.913
222581,220,50.931
222591,220,50.900
222601,220,50.894
222611,220,50.925
222621,220,50.888
222631,220,50.938
222641,220,50.900
222651,220,50.900
222661,220,50.931
222671,220,50.875
222681,220,50.931
222691,220,50.881
222701,220,50.913
222711,220,50.925
222721,220,50.888
222731,220,50.888
222741,220,50.881
222751,220,50.931
222761,220,50.894
222771,220,50.938
222781,220,50.894
222791,220,50.906
222801,220,50.950
222811,220,50.881
222821,220,50.913
222831,220,50.881
222841,220,50.919
222851,220,50.906
222861,220,50.919
222871,220,50.894
222881,220,50.894
222891,220,50.931
222901,220,50.900
222911,220,50.950
222921,220,50.888
222931,220,50.925
222941,220,50.956
222951,220,50.938
222961,220,50.956
222971,220,50.969
222981,220,50.925
222991,220,50.956
223001,220,50.925
223011,220,50.956
223021,220,50.913
223031,220,50.950
223041,220,50.906
223051,220,50.944
223061,220,50.931
223071,220,50.950
223081,220,50.925
223091,220,50.950
223101,220,50.950
223111,220,50.925
223121,220,50.956
223131,220,50.956
223141,220,50.944
223151,220,50.906
223161,220,50.950
223171,220,50.956
223181,220,50.950
223191,220,50.925
223201,220,50.919
223211,220,50.950
223221,220,50.931
223231,220,50.950
223241,220,50.913
223251,220,50.944
223261,220,50.938
223271,220,50.956
223281,220,50.950
223291,220,50.913
223301,220,50.956
223311,220,50.950
223321,220,50.956
223331,220,50.950
223341,220,50.950
223351,220,50.931
223361,220,50.956
223371,220,50.956
223381,220,50.888
223391,220,50.950
223401,220,50.956
223411,220,50.938
223421,220,50.944
223431,220,50.944
223441,220,50.931
223451,220,50.906
223461,220,50.950
223471,220,50.950
223481,220,50.950
223491,220,50.913
223501,220,50.956
223511,220,50.950
223521,220,50.931
223531,220,50.938
223541,220,50.956
223551,220,50.956
223561,220,50.919
223571,220,50.950
223581,220,50.913
223591,220,50.925
223601,220,50.913
223611,220,50.925
223621,220,50.906
223631,220,50.906
223641,220,50.963
223651,220,50.919
223661,220,50.925
223671,220,50.950
223681,220,50.894
223691,220,50.938
223701,220,50.906
223711,220,50.944
223721,220,50.938
223731,220,50.956
223741,220,50.919
223751,220,50.925
223761,220,50.950
223771,220,50.944
223781,220,50.950
223791,220,50.906
223801,220,50.950
223811,220,50.950
223821,220,50.963
223831,220,50.931
223841,220,50.950
223851,220,50.950
223861,220,50.913
223871,220,50.944
223881,220,50.913
223891,220,50.938
223901,220,50.900
223911,220,50.944
223921,220,50.938
223931,220,50.919
223941,220,50.956
223951,220,50.956
223961,220,50.950
223971,220,50.931
223981,220,50.900
223991,220,50.950
224001,220,50.913
224011,220,50.956
224021,220,50.919
224031,220,50.950
224041,220,50.950
224051,220,50.919
224061,220,50.950
224071,220,50.944
224081,220,50.944
224091,220,50.900
224101,220,50.944
224111,220,50.925
224121,220,50.919
224131,220,50.906
224141,220,50.919
224151,220,50.944
224161,220,50.906
224171,220,50.925
224181,220,50.925
224191,220,50.938
224201,220,50.881
224211,220,50.906
224221,220,50.944
224231,220,50.875
224241,220,50.950
224251,220,50.875
224261,220,50.913
224271,220,50.900
224281,220,50.900
224291,220,50.938
224301,220,50.906
224311,220,50.881
224321,220,50.900
224331,220,50.900
224341,220,50.931
224351,220,50.888
224361,220,50.944
224371,220,50.881
224381,220,50.913
224391,220,50.919
224401,220,50.875
224411,220,50.950
224421,220,50.881
224431,220,50.925
224441,220,50.944
224451,220,50.888
224461,220,50.938
224471,220,50.900
224481,220,50.925
224491,220,50.881
224501,220,50.919
224511,220,50.944
224521,220,50.919
224531,220,50.900
224541,220,50.900
224551,220,50.931
224561,220,50.888
224571,220,50.900
224581,220,50.881
224591,220,50.900
224601,220,50.913
224611,220,50.913
224621,220,50.944
224631,220,50.875
224641,220,50.956
224651,220,50.925
224661,220,50.919
224671,220,50.913
224681,220,50.906
224691,220,50.919
224701,220,50.906
224711,220,50.888
224721,220,50.938
224731,220,50.938
224741,220,50.950
224751,220,50.888
224761,220,50.913
224771,220,50.919
224781,220,50.881
224791,220,50.925
224801,220,50.906
224811,220,50.925
224821,220,50.888
224831,220,50.906
224841,220,50.944
224851,220,50.906
224861,220,50.925
224871,220,50.925
224881,220,50.925
224891,220,50.913
224901,220,50.888
224911,220,50.950
224921,220,50.894
224931,220,50.931
224941,220,50.944
224951,220,50.944
224961,220,50.888
224971,220,50.931
224981,220,50.944
224991,220,50.950
225001,220,50.894
225011,220,50.931
225021,220,50.906
225031,220,50.925
225041,220,50.913
225051,220,50.950
225061,220,50.950
225071,220,50.931
225081,220,50.956
225091,220,50.950
225101,220,50.950
225111,220,50.900
225121,220,50.944
225131,220,50.931
225141,220,50.919
225151,220,50.956
225161,220,50.919
225171,220,50.944
225181,220,50.913
225191,220,50.956
225201,220,50.950
225211,220,50.938
225221,220,50.938
225231,220,50.906
225241,220,50.950
225251,220,50.888
225261,220,50.950
225271,220,50.906
225281,220,50.931
225291,220,50.950
225301,220,50.975
225311,220,50.950
225321,220,50.950
225331,220,50.919
225341,220,50.950
225351,220,50.950
225361,220,50.988
225371,220,50.906
225381,220,50.956
225391,220,50.963
225401,220,50.906
225411,220,50.925
225421,220,50.913
225431,220,50.950
225441,220,50.906
225451,220,50.925
225461,220,50.950
225471,220,50.938
225481,220,50.944
225491,220,50.906
225501,220,50.950
225511,220,50.888
225521,220,50.956
225531,220,50.919
225541,220,50.919
225551,220,50.956
225561,220,50.950
225571,220,50.944
225581,220,50.906
225591,220,50.950
225601,220,50.956
225611,220,50.950
225621,220,50.925
225631,220,50.919
225641,220,50.950
225651,220,50.950
225661,220,50.906
225671,220,50.931
225681,220,50.913
225691,220,50.956
225701,220,50.913
225711,220,50.919
225721,220,50.956
225731,220,50.931
225741,220,50.906
225751,220,50.906
225761,220,50.950
225771,220,50.888
225781,220,50.963
225791,220,50.925
225801,220,50.931
225811,220,50.925
225821,220,50.913
225831,220,50.931
225841,220,50.913
225851,220,50.938
225861,220,50.900
225871,220,50.900
225881,220,50.931
225891,220,50.931
225901,220,50.919
225911,220,50.913
225921,220,50.919
225931,220,50.913
225941,220,50.888
225951,220,50.938
225961,220,50.944
225971,220,50.969
225981,220,50.963
225991,220,50.913
226001,220,50.950
226011,220,50.969
226021,220,50.950
226031,220,50.938
226041,220,50.963
226051,220,50.956
226061,220,50.894
226071,220,50.950
226081,220,50.925
226091,220,50.925
226101,220,50.950
226111,220,50.950
226121,220,50.956
226131,220,50.906
226141,220,50.956
226151,220,50.956
226161,220,50.975
226171,220,50.925
226181,220,50.956
226191,220,50.950
226201,220,50.913
226211,220,50.956
226221,220,50.906
226231,220,50.944
226241,220,50.938
226251,220,50.950
226261,220,50.963
226271,220,50.931
226281,220,50.963
226291,220,50.963
226301,220,51.013
226311,220,50.950
226321,220,50.913
226331,220,50.956
226341,220,50.956
226351,220,50.988
226361,220,50.919
226371,220,50.938
226381,220,50.950
226391,220,50.913
226401,220,50.956
226411,220,50.919
226421,220,50.950
226431,220,50.925
226441,220,50.956
226451,220,50.994
226461,220,50.931
226471,220,50.963
226481,220,50.913
226491,220,50.938
226501,220,50.906
226511,220,50.950
226521,220,50.938
226531,220,50.913
226541,220,50.963
226551,220,50.963
226561,220,50.956
226571,220,50.931
226581,220,50.963
226591,220,50.963
226601,220,50.900
226611,220,50.944
226621,220,50.913
226631,220,50.963
226641,220,50.919
226651,220,50.894
226661,220,50.956
226671,220,50.913
226681,220,50.950
226691,220,50.944
226701,220,50.963
226711,220,50.956
226721,220,50.925
226731,220,50.963
226741,220,50.963
226751,220,50.994
226761,220,50.913
226771,220,50.950
226781,220,50.950
226791,220,50.913
226801,220,50.969
226811,220,50.913
226821,220,50.956
226831,220,50.925
226841,220,50.950
226851,220,50.956
226861,220,50.931
226871,220,50.956
226881,220,50.956
226891,220,50.956
226901,220,50.900
226911,220,50.956
226921,220,50.894
226931,220,50.931
226941,220,50.931
226951,220,50.925
226961,220,50.963
226971,220,50.919
226981,220,50.925
226991,220,50.969
227001,225,50.956
227011,225,50.963
227021,225,50.919
227031,225,51.013
227041,225,50.975
227051,225,50.969
227061,225,50.963
227071,225,50.975
227081,225,51.025
227091,225,50.988
227101,225,51.025
227111,225,50.994
227121,225,51.025
227131,225,50.969
227141,225,51.013
227151,225,51.019
227161,225,51.063
227171,225,50.969
227181,225,51.069
227191,225,51.019
227201,225,51.050
227211,225,50.981
227221,225,51.056
227231,225,51.019
227241,225,51.019
227251,225,51.019
227261,225,51.013
227271,225,51.019
227281,225,51.019
227291,225,50.994
227301,225,51.063
227311,225,51.063
227321,225,51.006
227331,225,51.006
227341,225,51.000
227351,225,51.006
227361,225,51.025
227371,225,51.013
227381,225,50.981
227391,225,51.019
227401,225,51.038
227411,225,51.000
227421,225,51.013
227431,225,51.019
227441,225,51.019
227451,225,50.975
227461,225,51.019
227471,225,51.013
227481,225,51.019
227491,225,50.981
227501,225,51.025
227511,225,51.019
227521,225,51.019
227531,225,50.975
227541,225,51.025
227551,225,51.013
227561,225,51.044
227571,225,50.994
227581,225,51.056
227591,225,51.025
227601,225,50.994
227611,225,51.025
227621,225,51.019
227631,225,51.038
227641,225,51.025
227651,225,51.069
227661,225,50.988
227671,225,51.063
227681,225,51.019
227691,225,51.006
227701,225,51.006
227711,225,51.019
227721,225,51.019
227731,225,51.025
227741,225,50.994
227751,225,51.025
227761,225,51.025
227771,225,50.994
227781,225,51.025
227791,225,51.019
227801,225,51.025
227811,225,50.975
227821,225,51.031
227831,225,50.981
227841,225,51.019
227851,225,50.988
227861,225,51.031
227871,225,51.025
227881,225,51.019
227891,225,50.975
227901,225,51.025
227911,225,51.019
227921,225,51.013
227931,225,51.000
227941,225,51.025
227951,225,51.025
227961,225,50.988
227971,225,51.019
227981,225,50.963
227991,225,51.019
228001,225,50.994
228011,225,50.988
228021,225,50.956
228031,225,51.025
228041,225,51.019
228051,225,50.994
228061,225,51.019
228071,225,51.019
228081,225,51.013
228091,225,50.963
228101,225,51.019
228111,225,50.981
228121,225,51.025
228131,225,50.988
228141,225,51.019
228151,225,50.975
228161,225,51.006
228171,225,50.969
228181,225,51.025
228191,225,51.019
228201,225,51.019
228211,225,50.963
228221,225,51.031
228231,225,51.025
228241,225,50.994
228251,225,51.019
228261,225,51.019
228271,225,51.019
228281,225,50.975
228291,225,51.025
228301,225,50.988
228311,225,51.000
228321,225,51.025
228331,225,51.000
228341,225,50.969
228351,225,50.975
228361,225,51.025
228371,225,50.981
228381,225,51.025
228391,225,50.994
228401,225,51.025
228411,225,50.988
228421,225,51.025
228431,225,50.981
228441,225,51.013
228451,225,51.019
228461,225,51.013
228471,225,51.006
228481,225,50.981
228491,225,51.000
228501,225,51.019
228511,225,51.019
228521,225,50.994
228531,225,50.975
228541,225,51.025
228551,225,51.025
228561,225,50.975
228571,225,51.019
228581,225,51.000
228591,225,51.019
228601,225,50.988
228611,225,51.025
228621,225,50.988
228631,225,51.019
228641,225,51.006
228651,225,50.981
228661,225,51.000
228671,225,51.025
228681,225,51.025
228691,225,50.963
228701,225,51.000
228711,225,51.019
228721,225,51.013
228731,225,51.000
228741,225,50.975
228751,225,51.006
228761,225,50.994
228771,225,51.000
228781,225,50.988
228791,225,50.981
228801,225,50.956
228811,225,51.019
228821,225,50.963
228831,225,51.000
228841,225,50.963
228851,225,51.025
228861,225,51.025
228871,225,51.019
228881,225,50.988
228891,225,51.025
228901,225,51.025
228911,225,51.000
228921,225,51.013
228931,225,51.025
228941,225,51.019
228951,225,51.013
228961,225,51.006
228971,225,51.019
228981,225,51.063
228991,225,51.025
229001,225,51.025
229011,225,51.025
229021,225,51.075
229031,225,51.031
229041,225,51.050
229051,225,50.988
229061,225,51.025
229071,225,51.025
229081,225,51.013
229091,225,51.019
229101,225,51.019
229111,225,51.025
229121,225,51.031
229131,225,50.994
229141,225,51.019
229151,225,51.050
229161,225,50.981
229171,225,51.044
229181,225,51.019
229191,225,51.019
229201,225,50.975
229211,225,51.013
229221,225,50.969
229231,225,51.031
229241,225,50.981
229251,225,51.019
229261,225,51.019
229271,225,51.050
229281,225,50.975
229291,225,51.019
229301,225,51.038
229311,225,51.019
229321,225,51.063
229331,225,51.019
229341,225,51.044
229351,225,51.013
229361,225,51.038
229371,225,51.019
229381,225,51.031
229391,225,51.031
229401,225,51.069
229411,225,51.019
229421,225,51.063
229431,225,51.019
229441,225,51.025
229451,225,51.019
229461,225,51.038
229471,225,51.025
229481,225,51.063
229491,225,50.969
229501,225,51.069
229511,225,51.025
229521,225,51.019
229531,225,51.019
229541,225,51.050
229551,225,51.050
229561,225,51.063
229571,225,51.013
229581,225,51.063
229591,225,51.019
229601,225,51.019
229611,225,51.000
229621,225,51.019
229631,225,51.038
229641,225,51.019
229651,225,51.019
229661,225,51.019
229671,225,51.019
229681,225,51.019
229691,225,51.056
229701,225,50.988
229711,225,51.050
229721,225,51.019
229731,225,51.044
229741,225,51.025
229751,225,51.031
229761,225,51.050
229771,225,51.094
229781,225,51.038
229791,225,51.056
229801,225,51.050
229811,225,51.050
229821,225,51.013
229831,225,51.038
229841,225,51.019
229851,225,51.038
229861,225,51.031
229871,225,51.038
229881,225,51.044
229891,225,51.088
229901,225,51.050
229911,225,51.050
229921,225,51.019
229931,225,51.044
229941,225,51.019
229951,225,51.044
229961,225,51.044
229971,225,51.031
229981,225,51.025
229991,225,51.063
230001,225,51.031
230011,225,51.069
230021,225,51.019
230031,225,51.025
230041,225,51.025
230051,225,51.044
230061,225,51.025
230071,225,51.056
230081,225,51.025
230091,225,51.056
230101,225,51.019
230111,225,51.056
230121,225,51.019
230131,225,51.075
230141,225,51.094
230151,225,51.088
230161,225,51.019
230171,225,51.088
230181,225,51.056
230191,225,51.088
230201,225,51.019
230211,225,51.063
230221,225,51.019
230231,225,51.019
230241,225,51.019
230251,225,51.069
230261,225,51.069
230271,225,51.094
230281,225,51.025
230291,225,51.088
230301,225,51.038
230311,225,51.044
230321,225,51.025
230331,225,51.056
230341,225,51.025
230351,225,51.025
230361,225,51.050
230371,225,50.994
230381,225,51.044
230391,225,51.031
230401,225,51.025
230411,225,51.019
230421,225,51.025
230431,225,51.050
230441,225,51.063
230451,225,50.994
230461,225,51.063
230471,225,51.025
230481,225,51.019
230491,225,51.019
230501,225,51.038
230511,225,51.031
230521,225,51.069
230531,225,51.019
230541,225,51.063
230551,225,51.019
230561,225,51.025
230571,225,50.981
230581,225,51.019
230591,225,51.019
230601,225,51.063
230611,225,51.019
230621,225,51.063
230631,225,51.038
230641,225,51.025
230651,225,51.038
230661,225,51.006
230671,225,51.025
230681,225,51.031
230691,225,51.025
230701,225,51.025
230711,225,51.025
230721,225,51.025
230731,225,51.019
230741,225,50.994
230751,225,51.019
230761,225,51.019
230771,225,51.019
230781,225,50.975
230791,225,51.025
230801,225,50.975
230811,225,51.025
230821,225,50.963
230831,225,51.025
230841,225,51.025
230851,225,51.056
230861,225,50.969
230871,225,51.019
230881,225,51.019
230891,225,51.006
230901,225,51.000
230911,225,51.013
230921,225,50.988
230931,225,51.013
230941,225,50.981
230951,225,51.019
230961,225,51.031
230971,225,50.975
230981,225,51.025
230991,225,50.950
231001,225,51.025
231011,225,51.025
231021,225,51.019
231031,225,50.969
231041,225,51.019
231051,225,51.019
231061,225,51.006
231071,225,50.994
231081,225,51.019
231091,225,50.988
231101,225,51.013
231111,225,50.981
231121,225,51.019
231131,225,51.019
231141,225,51.000
231151,225,51.013
231161,225,51.019
231171,225,51.019
231181,225,50.975
231191,225,51.019
231201,225,50.975
231211,225,50.988
231221,225,50.950
231231,225,51.019
231241,225,50.981
231251,225,51.019
231261,225,50.975
231271,225,51.025
231281,225,51.019
231291,225,51.019
231301,225,50.969
231311,225,50.994
231321,225,51.013
231331,225,51.019
231341,225,51.019
231351,225,50.975
231361,225,51.025
231371,225,50.981
231381,225,51.019
231391,225,50.950
231401,225,51.013
231411,225,50.969
231421,225,51.013
231431,225,50.963
231441,225,51.000
231451,225,50.988
231461,225,51.019
231471,225,50.994
231481,225,51.019
231491,225,51.013
231501,225,50.988
231511,225,51.019
231521,225,51.006
231531,225,51.006
231541,225,51.006
231551,225,51.006
231561,225,51.019
231571,225,51.013
231581,225,50.981
231591,225,51.013
231601,225,50.975
231611,225,51.013
231621,225,50.969
231631,225,51.031
231641,225,50.950
231651,225,50.981
231661,225,51.019
231671,225,50.944
231681,225,50.969
231691,225,50.975
231701,225,51.013
231711,225,50.969
231721,225,51.000
231731,225,50.956
231741,225,50.994
231751,225,50.963
231761,225,51.019
231771,225,50.975
231781,225,50.988
231791,225,50.950
231801,225,51.000
231811,225,51.006
231821,225,51.006
231831,225,50.950
231841,225,50.975
231851,225,51.019
231861,225,50.981
231871,225,50.981
231881,225,50.988
231891,225,50.975
231901,225,50.950
231911,225,51.000
231921,225,50.969
231931,225,51.019
231941,225,50.975
231951,225,50.994
231961,225,51.006
231971,225,51.000
231981,225,51.006
231991,225,50.969
232001,230,50.950
232011,230,50.981
232021,230,51.019
232031,230,50.988
232041,230,51.044
232051,230,51.013
232061,230,51.069
232071,230,51.069
232081,230,51.069
232091,230,51.081
232101,230,51.088
232111,230,51.081
232121,230,51.050
232131,230,51.081
232141,230,51.088
232151,230,51.081
232161,230,51.056
232171,230,51.081
232181,230,51.088
232191,230,51.081
232201,230,51.031
232211,230,51.019
232221,230,51.088
232231,230,51.088
232241,230,51.050
232251,230,51.050
232261,230,51.081
232271,230,51.081
232281,230,51.069
232291,230,51.019
232301,230,51.019
232311,230,51.075
232321,230,51.063
232331,230,51.081
232341,230,51.063
232351,230,51.069
232361,230,51.075
232371,230,51.063
232381,230,51.081
232391,230,51.056
232401,230,51.081
232411,230,51.075
232421,230,51.081
232431,230,51.044
232441,230,51.081
232451,230,51.081
232461,230,51.081
232471,230,51.038
232481,230,51.088
232491,230,51.081
232501,230,51.088
232511,230,51.050
232521,230,51.088
232531,230,51.063
232541,230,51.088
232551,230,51.069
232561,230,51.075
232571,230,51.081
232581,230,51.069
232591,230,51.094
232601,230,51.069
232611,230,51.094
232621,230,51.050
232631,230,51.081
232641,230,51.069
232651,230,51.088
232661,230,51.063
232671,230,51.088
232681,230,51.050
232691,230,51.088
232701,230,51.050
232711,230,51.081
232721,230,51.044
232731,230,51.088
232741,230,51.044
232751,230,51.081
232761,230,51.050
232771,230,51.088
232781,230,51.050
232791,230,51.081
232801,230,51.063
232811,230,51.088
232821,230,51.069
232831,230,51.081
232841,230,51.081
232851,230,51.069
232861,230,51.094
232871,230,51.069
232881,230,51.088
232891,230,51.050
232901,230,51.081
232911,230,51.038
232921,230,51.081
232931,230,51.038
232941,230,51.081
232951,230,51.038
232961,230,51.094
232971,230,51.038
232981,230,51.088
232991,230,51.038
233001,230,51.081
233011,230,51.031
233021,230,51.069
233031,230,51.038
233041,230,51.088
233051,230,51.050
233061,230,51.050
233071,230,51.050
233081,230,51.081
233091,230,51.063
233101,230,51.031
233111,230,51.069
233121,230,51.063
233131,230,51.094
233141,230,51.025
233151,230,51.088
233161,230,51.056
233171,230,51.088
233181,230,51.050
233191,230,51.088
233201,230,51.038
233211,230,51.081
233221,230,51.031
233231,230,51.069
233241,230,51.044
233251,230,51.088
233261,230,51.056
233271,230,51.088
233281,230,51.056
233291,230,51.106
233301,230,51.044
233311,230,51.069
233321,230,51.056
233331,230,51.056
233341,230,51.063
233351,230,51.050
233361,230,51.063
233371,230,51.044
233381,230,51.075
233391,230,51.038
233401,230,51.081
233411,230,51.025
233421,230,51.088
233431,230,51.050
233441,230,51.081
233451,230,51.019
233461,230,51.088
233471,230,51.031
233481,230,51.081
233491,230,51.038
233501,230,51.063
233511,230,51.044
233521,230,51.088
233531,230,51.050
233541,230,51.050
233551,230,51.063
233561,230,51.088
233571,230,51.069
233581,230,51.031
233591,230,51.075
233601,230,51.025
233611,230,51.081
233621,230,51.019
233631,230,51.063
233641,230,51.038
233651,230,51.050
233661,230,51.088
233671,230,51.038
233681,230,51.019
233691,230,51.050
233701,230,51.088
233711,230,51.056
233721,230,51.025
233731,230,51.056
233741,230,51.081
233751,230,51.069
233761,230,51.013
233771,230,51.063
233781,230,51.063
233791,230,51.081
233801,230,51.019
233811,230,51.044
233821,230,51.050
233831,230,51.081
233841,230,51.013
233851,230,51.044
233861,230,51.044
233871,230,51.088
233881,230,51.038
233891,230,51.019
233901,230,51.044
233911,230,51.050
233921,230,51.050
233931,230,51.019
233941,230,51.063
233951,230,51.038
233961,230,51.106
233971,230,51.094
233981,230,51.063
233991,230,51.056
234001,230,51.069
234011,230,51.094
234021,230,51.075
234031,230,51.025
234041,230,51.069
234051,230,51.075
234061,230,51.094
234071,230,51.025
234081,230,51.069
234091,230,51.050
234101,230,51.094
234111,230,51.025
234121,230,51.038
234131,230,51.044
234141,230,51.094
234151,230,51.038
234161,230,51.025
234171,230,51.050
234181,230,51.094
234191,230,51.056
234201,230,51.025
234211,230,51.063
234221,230,51.088
234231,230,51.075
234241,230,51.025
234251,230,51.081
234261,230,51.081
234271,230,51.100
234281,230,51.031
234291,230,51.081
234301,230,51.044
234311,230,51.088
234321,230,51.069
234331,230,51.094
234341,230,51.031
234351,230,51.088
234361,230,51.050
234371,230,51.088
234381,230,51.025
234391,230,51.081
234401,230,51.038
234411,230,51.088
234421,230,51.031
234431,230,51.063
234441,230,51.044
234451,230,51.088
234461,230,51.056
234471,230,51.050
234481,230,51.056
234491,230,51.081
234501,230,51.063
234511,230,51.025
234521,230,51.081
234531,230,51.063
234541,230,51.088
234551,230,51.019
234561,230,51.081
234571,230,51.044
234581,230,51.081
234591,230,51.013
234601,230,51.081
234611,230,51.038
234621,230,51.100
234631,230,51.088
234641,230,51.081
234651,230,51.025
234661,230,51.075
234671,230,51.044
234681,230,51.088
234691,230,51.038
234701,230,51.069
234711,230,51.044
234721,230,51.088
234731,230,51.050
234741,230,51.056
234751,230,51.056
234761,230,51.081
234771,230,51.063
234781,230,51.031
234791,230,51.081
234801,230,51.069
234811,230,51.081
234821,230,51.019
234831,230,51.081
234841,230,51.050
234851,230,51.081
234861,230,51.013
234871,230,51.081
234881,230,51.038
234891,230,51.069
234901,230,51.013
234911,230,51.063
234921,230,51.044
234931,230,51.088
234941,230,51.019
234951,230,51.038
234961,230,51.081
234971,230,51.069
234981,230,51.044
234991,230,51.056
235001,230,51.019
235011,230,51.050
235021,230,51.050
235031,230,51.038
235041,230,51.013
235051,230,51.025
235061,230,51.063
235071,230,51.013
235081,230,51.031
235091,230,51.013
235101,230,51.075
235111,230,51.013
235121,230,51.069
235131,230,51.006
235141,230,51.075
235151,230,51.019
235161,230,51.050
235171,230,51.013
235181,230,51.069
235191,230,51.038
235201,230,51.050
235211,230,51.019
235221,230,51.050
235231,230,51.056
235241,230,51.038
235251,230,51.019
235261,230,51.031
235271,230,51.069
235281,230,51.019
235291,230,51.044
235301,230,51.038
235311,230,51.013
235321,230,51.031
235331,230,51.025
235341,230,51.025
235351,230,51.025
235361,230,51.013
235371,230,51.038
235381,230,51.013
235391,230,51.044
235401,230,51.013
235411,230,51.056
235421,230,51.006
235431,230,51.063
235441,230,51.013
235451,230,51.063
235461,230,51.025
235471,230,51.050
235481,230,51.031
235491,230,51.044
235501,230,51.044
235511,230,51.075
235521,230,51.056
235531,230,51.069
235541,230,51.056
235551,230,51.056
235561,230,51.075
235571,230,51.063
235581,230,51.075
235591,230,51.050
235601,230,51.081
235611,230,51.038
235621,230,51.094
235631,230,51.075
235641,230,51.075
235651,230,51.050
235661,230,51.075
235671,230,51.006
235681,230,51.081
235691,230,51.075
235701,230,51.081
235711,230,51.063
235721,230,51.063
235731,230,51.069
235741,230,51.056
235751,230,51.088
235761,230,51.050
235771,230,51.081
235781,230,51.038
235791,230,51.081
235801,230,51.038
235811,230,51.075
235821,230,51.038
235831,230,51.081
235841,230,51.031
235851,230,51.075
235861,230,51.038
235871,230,51.081
235881,230,51.050
235891,230,51.044
235901,230,51.056
235911,230,51.069
235921,230,51.063
235931,230,51.019
235941,230,51.075
235951,230,51.081
235961,230,51.075
235971,230,51.075
235981,230,51.075
235991,230,51.038
236001,230,51.081
236011,230,51.038
236021,230,51.081
236031,230,51.044
236041,230,51.081
236051,230,51.056
236061,230,51.075
236071,230,51.056
236081,230,51.031
236091,230,51.069
236101,230,51.063
236111,230,51.081
236121,230,51.013
236131,230,51.075
236141,230,51.050
236151,230,51.044
236161,230,51.013
236171,230,51.081
236181,230,51.019
236191,230,51.056
236201,230,51.013
236211,230,51.063
236221,230,51.038
236231,230,51.044
236241,230,51.006
236251,230,51.044
236261,230,51.056
236271,230,51.038
236281,230,51.013
236291,230,51.031
236301,230,51.013
236311,230,51.038
236321,230,51.006
236331,230,51.038
236341,230,51.006
236351,230,51.025
236361,230,51.019
236371,230,51.025
236381,230,51.031
236391,230,51.019
236401,230,51.044
236411,230,51.013
236421,230,51.050
236431,230,51.019
236441,230,51.056
236451,230,51.013
236461,230,51.050
236471,230,51.013
236481,230,51.063
236491,230,51.031
236501,230,51.056
236511,230,51.019
236521,230,51.044
236531,230,51.050
236541,230,51.038
236551,230,51.056
236561,230,51.025
236571,230,51.063
236581,230,51.063
236591,230,51.075
236601,230,51.050
236611,230,51.075
236621,230,51.088
236631,230,51.056
236641,230,51.063
236651,230,51.081
236661,230,51.063
236671,230,51.075
236681,230,51.075
236691,230,51.075
236701,230,51.050
236711,230,51.100
236721,230,51.075
236731,230,51.094
236741,230,51.075
236751,230,51.069
236761,230,51.075
236771,230,51.081
236781,230,51.081
236791,230,51.050
236801,230,51.075
236811,230,51.069
236821,230,51.100
236831,230,51.063
236841,230,51.069
236851,230,51.075
236861,230,51.081
236871,230,51.081
236881,230,51.038
236891,230,51.075
236901,230,51.075
236911,230,51.100
236921,230,51.050
236931,230,51.075
236941,230,51.081
236951,230,51.088
236961,230,51.088
236971,230,51.088
236981,230,51.125
236991,230,51.038
237001,235,51.125
237011,235,51.081
237021,235,51.131
237031,235,51.081
237041,235,51.081
237051,235,51.156
237061,235,51.125
237071,235,51.169
237081,235,51.131
237091,235,51.156
237101,235,51.163
237111,235,51.106
237121,235,51.150
237131,235,51.150
237141,235,51.138
237151,235,51.156
237161,235,51.163
237171,235,51.163
237181,235,51.131
237191,235,51.125
237201,235,51.156
237211,235,51.163
237221,235,51.156
237231,235,51.150
237241,235,51.138
237251,235,51.156
237261,235,51.125
237271,235,51.156
237281,235,51.163
237291,235,51.106
237301,235,51.156
237311,235,51.131
237321,235,51.163
237331,235,51.125
237341,235,51.156
237351,235,51.163
237361,235,51.113
237371,235,51.156
237381,235,51.169
237391,235,51.163
237401,235,51.144
237411,235,51.138
237421,235,51.156
237431,235,51.119
237441,235,51.163
237451,235,51.156
237461,235,51.119
237471,235,51.163
237481,235,51.150
237491,235,51.150
237501,235,51.150
237511,235,51.138
237521,235,51.156
237531,235,51.125
237541,235,51.156
237551,235,51.150
237561,235,51.119
237571,235,51.156
237581,235,51.144
237591,235,51.150
237601,235,51.144
237611,235,51.138
237621,235,51.175
237631,235,51.088
237641,235,51.150
237651,235,51.106
237661,235,51.156
237671,235,51.150
237681,235,51.144
237691,235,51.163
237701,235,51.113
237711,235,51.156
237721,235,51.131
237731,235,51.094
237741,235,51.156
237751,235,51.113
237761,235,51.156
237771,235,51.156
237781,235,51.094
237791,235,51.156
237801,235,51.138
237811,235,51.156
237821,235,51.131
237831,235,51.163
237841,235,51.163
237851,235,51.113
237861,235,51.163
237871,235,51.106
237881,235,51.100
237891,235,51.150
237901,235,51.131
237911,235,51.156
237921,235,51.119
237931,235,51.119
237941,235,51.131
237951,235,51.169
237961,235,51.163
237971,235,51.131
237981,235,51.156
237991,235,51.094
238001,235,51.119
238011,235,51.131
238021,235,51.156
238031,235,51.150
238041,235,51.106
238051,235,51.156
238061,235,51.150
238071,235,51.150
238081,235,51.163
238091,235,51.094
238101,235,51.119
238111,235,51.125
238121,235,51.150
238131,235,51.156
238141,235,51.100
238151,235,51.138
238161,235,51.106
238171,235,51.150
238181,235,51.150
238191,235,51.125
238201,235,51.163
238211,235,51.088
238221,235,51.150
238231,235,51.131
238241,235,51.125
238251,235,51.150
238261,235,51.100
238271,235,51.150
238281,235,51.106
238291,235,51.100
238301,235,51.131
238311,235,51.094
238321,235,51.138
238331,235,51.138
238341,235,51.156
238351,235,51.113
238361,235,51.156
238371,235,51.156
238381,235,51.113
238391,235,51.156
238401,235,51.088
238411,235,51.106
238421,235,51.138
238431,235,51.138
238441,235,51.156
238451,235,51.113
238461,235,51.156
238471,235,51.156
238481,235,51.113
238491,235,51.156
238501,235,51.081
238511,235,51.106
238521,235,51.138
238531,235,51.138
238541,235,51.163
238551,235,51.106
238561,235,51.150
238571,235,51.156
238581,235,51.163
238591,235,51.163
238601,235,51.119
238611,235,51.113
238621,235,51.163
238631,235,51.119
238641,235,51.113
238651,235,51.144
238661,235,51.150
238671,235,51.106
238681,235,51.144
238691,235,51.138
238701,235,51.131
238711,235,51.144
238721,235,51.088
238731,235,51.125
238741,235,51.113
238751,235,51.150
238761,235,51.144
238771,235,51.113
238781,235,51.138
238791,235,51.131
238801,235,51.138
238811,235,51.150
238821,235,51.106
238831,235,51.150
238841,235,51.144
238851,235,51.150
238861,235,51.150
238871,235,51.106
238881,235,51.150
238891,235,51.125
238901,235,51.138
238911,235,51.144
238921,235,51.100
238931,235,51.150
238941,235,51.150
238951,235,51.163
238961,235,51.131
238971,235,51.144
238981,235,51.156
238991,235,51.106
239001,235,51.131
239011,235,51.119
239021,235,51.156
239031,235,51.156
239041,235,51.119
239051,235,51.156
239061,235,51.131
239071,235,51.144
239081,235,51.150
239091,235,51.100
239101,235,51.131
239111,235,51.113
239121,235,51.163
239131,235,51.150
239141,235,51.113
239151,235,51.150
239161,235,51.144
239171,235,51.150
239181,235,51.150
239191,235,51.094
239201,235,51.131
239211,235,51.113
239221,235,51.150
239231,235,51.156
239241,235,51.113
239251,235,51.150
239261,235,51.131
239271,235,51.150
239281,235,51.156
239291,235,51.125
239301,235,51.156
239311,235,51.094
239321,235,51.156
239331,235,51.113
239341,235,51.119
239351,235,51.156
239361,235,51.088
239371,235,51.138
239381,235,51.113
239391,235,51.163
239401,235,51.088
239411,235,51.088
239421,235,51.156
239431,235,51.106
239441,235,51.150
239451,235,51.144
239461,235,51.100
239471,235,51.150
239481,235,51.088
239491,235,51.125
239501,235,51.088
239511,235,51.094
239521,235,51.150
239531,235,51.100
239541,235,51.150
239551,235,51.094
239561,235,51.094
239571,235,51.150
239581,235,51.131
239591,235,51.156
239601,235,51.119
239611,235,51.156
239621,235,51.150
239631,235,51.088
239641,235,51.150
239651,235,51.131
239661,235,51.156
239671,235,51.119
239681,235,51.119
239691,235,51.125
239701,235,51.088
239711,235,51.144
239721,235,51.100
239731,235,51.100
239741,235,51.150
239751,235,51.131
239761,235,51.113
239771,235,51.088
239781,235,51.119
239791,235,51.125
239801,235,51.156
239811,235,51.144
239821,235,51.081
239831,235,51.138
239841,235,51.106
239851,235,51.088
239861,235,51.113
239871,235,51.088
239881,235,51.113
239891,235,51.119
239901,235,51.156
239911,235,51.081
239921,235,51.088
239931,235,51.131
239941,235,51.094
239951,235,51.163
239961,235,51.081
239971,235,51.100
239981,235,51.088
239991,235,51.081
240001,235,51.125
240011,235,51.088
240021,235,51.131
240031,235,51.081
240041,235,51.088
240051,235,51.150
240061,235,51.113
240071,235,51.150
240081,235,51.131
240091,235,51.100
240101,235,51.138
240111,235,51.094
240121,235,51.125
240131,235,51.088
240141,235,51.088
240151,235,51.119
240161,235,51.113
240171,235,51.131
240181,235,51.094
240191,235,51.106
240201,235,51.138
240211,235,51.138
240221,235,51.150
240231,235,51.106
240241,235,51.125
240251,235,51.125
240261,235,51.088
240271,235,51.125
240281,235,51.100
240291,235,51.088
240301,235,51.088
240311,235,51.131
240321,235,51.125
240331,235,51.125
240341,235,51.125
240351,235,51.094
240361,235,51.156
240371,235,51.100
240381,235,51.094
240391,235,51.106
240401,235,51.088
240411,235,51.131
240421,235,51.094
240431,235,51.119
240441,235,51.094
240451,235,51.094
240461,235,51.150
240471,235,51.094
240481,235,51.131
240491,235,51.094
240501,235,51.088
240511,235,51.156
240521,235,51.094
240531,235,51.125
240541,235,51.094
240551,235,51.113
240561,235,51.131
240571,235,51.094
240581,235,51.131
240591,235,51.081
240601,235,51.094
240611,235,51.113
240621,235,51.106
240631,235,51.131
240641,235,51.100
240651,235,51.094
240661,235,51.088
240671,235,51.131
240681,235,51.113
240691,235,51.100
240701,235,51.125
240711,235,51.088
240721,235,51.150
240731,235,51.088
240741,235,51.106
240751,235,51.100
240761,235,51.088
240771,235,51.131
240781,235,51.094
240791,235,51.131
240801,235,51.088
240811,235,51.094
240821,235,51.156
240831,235,51.094
240841,235,51.156
240851,235,51.100
240861,235,51.100
240871,235,51.150
240881,235,51.094
240891,235,51.131
240901,235,51.088
240911,235,51.100
240921,235,51.125
240931,235,51.100
240941,235,51.138
240951,235,51.106
240961,235,51.119
240971,235,51.094
240981,235,51.119
240991,235,51.131
241001,235,51.094
241011,235,51.138
241021,235,51.050
241031,235,51.138
241041,235,51.106
241051,235,51.094
241061,235,51.119
241071,235,51.094
241081,235,51.125
241091,235,51.088
241101,235,51.113
241111,235,51.094
241121,235,51.088
241131,235,51.144
241141,235,51.100
241151,235,51.131
241161,235,51.088
241171,235,51.088
241181,235,51.156
241191,235,51.081
241201,235,51.113
241211,235,51.088
241221,235,51.088
241231,235,51.131
241241,235,51.088
241251,235,51.131
241261,235,51.094
241271,235,51.094
241281,235,51.169
241291,235,51.119
241301,235,51.144
241311,235,51.088
241321,235,51.131
241331,235,51.094
241341,235,51.088
241351,235,51.156
241361,235,51.119
241371,235,51.156
241381,235,51.131
241391,235,51.106
241401,235,51.144
241411,235,51.094
241421,235,51.138
241431,235,51.094
241441,235,51.094
241451,235,51.156
241461,235,51.125
241471,235,51.138
241481,235,51.088
241491,235,51.106
241501,235,51.144
241511,235,51.094
241521,235,51.131
241531,235,51.094
241541,235,51.094
241551,235,51.119
241561,235,51.088
241571,235,51.125
241581,235,51.094
241591,235,51.113
241601,235,51.138
241611,235,51.100
241621,235,51.088
241631,235,51.094
241641,235,51.125
241651,235,51.081
241661,235,51.106
241671,235,51.094
241681,235,51.094
241691,235,51.113
241701,235,51.088
241711,235,51.125
241721,235,51.119
241731,235,51.094
241741,235,51.125
241751,235,51.044
241761,235,51.150
241771,235,51.088
241781,235,51.100
241791,235,51.100
241801,235,51.081
241811,235,51.125
241821,235,51.119
241831,235,51.150
241841,235,51.088
241851,235,51.088
241861,235,51.150
241871,235,51.088
241881,235,51.100
241891,235,51.094
241901,235,51.081
241911,235,51.131
241921,235,51.088
241931,235,51.119
241941,235,51.094
241951,235,51.088
241961,235,51.069
241971,235,51.063
241981,235,51.106
241991,235,51.088
242001,240,51.119
242011,240,51.063
242021,240,51.088
242031,240,51.150
242041,240,51.106
242051,240,51.156
242061,240,51.144
242071,240,51.088
242081,240,51.125
242091,240,51.113
242101,240,51.156
242111,240,51.156
242121,240,51.125
242131,240,51.156
242141,240,51.150
242151,240,51.100
242161,240,51.144
242171,240,51.156
242181,240,51.088
242191,240,51.188
242201,240,51.144
242211,240,51.119
242221,240,51.150
242231,240,51.119
242241,240,51.150
242251,240,51.150
242261,240,51.150
242271,240,51.150
242281,240,51.163
242291,240,51.156
242301,240,51.194
242311,240,51.138
242321,240,51.144
242331,240,51.150
242341,240,51.100
242351,240,51.156
242361,240,51.150
242371,240,51.119
242381,240,51.119
242391,240,51.150
242401,240,51.144
242411,240,51.150
242421,240,51.125
242431,240,51.138
242441,240,51.144
242451,240,51.100
242461,240,51.150
242471,240,51.150
242481,240,51.113
242491,240,51.106
242501,240,51.144
242511,240,51.150
242521,240,51.138
242531,240,51.131
242541,240,51.131
242551,240,51.150
242561,240,51.094
242571,240,51.150
242581,240,51.144
242591,240,51.081
242601,240,51.144
242611,240,51.163
242621,240,51.144
242631,240,51.169
242641,240,51.144
242651,240,51.150
242661,240,51.150
242671,240,51.106
242681,240,51.144
242691,240,51.144
242701,240,51.144
242711,240,51.144
242721,240,51.144
242731,240,51.125
242741,240,51.144
242751,240,51.150
242761,240,51.144
242771,240,51.144
242781,240,51.125
242791,240,51.144
242801,240,51.144
242811,240,51.144
242821,240,51.156
242831,240,51.169
242841,240,51.106
242851,240,51.156
242861,240,51.163
242871,240,51.156
242881,240,51.181
242891,240,51.163
242901,240,51.106
242911,240,51.150
242921,240,51.144
242931,240,51.138
242941,240,51.163
242951,240,51.150
242961,240,51.150
242971,240,51.144
242981,240,51.106
242991,240,51.194
243001,240,51.156
243011,240,51.131
243021,240,51.156
243031,240,51.125
243041,240,51.156
243051,240,51.194
243061,240,51.150
243071,240,51.150
243081,240,51.150
243091,240,51.100
243101,240,51.156
243111,240,51.175
243121,240,51.163
243131,240,51.156
243141,240,51.150
243151,240,51.113
243161,240,51.156
243171,240,51.156
243181,240,51.156
243191,240,51.156
243201,240,51.150
243211,240,51.138
243221,240,51.156
243231,240,51.156
243241,240,51.156
243251,240,51.156
243261,240,51.125
243271,240,51.150
243281,240,51.163
243291,240,51.138
243301,240,51.156
243311,240,51.125
243321,240,51.156
243331,240,51.150
243341,240,51.081
243351,240,51.144
243361,240,51.150
243371,240,51.100
243381,240,51.150
243391,240,51.156
243401,240,51.125
243411,240,51.119
243421,240,51.156
243431,240,51.113
243441,240,51.156
243451,240,51.138
243461,240,51.125
243471,240,51.181
243481,240,51.150
243491,240,51.131
243501,240,51.156
243511,240,51.150
243521,240,51.119
243531,240,51.156
243541,240,51.150
243551,240,51.156
243561,240,51.156
243571,240,51.138
243581,240,51.131
243591,240,51.156
243601,240,51.150
243611,240,51.163
243621,240,51.156
243631,240,51.150
243641,240,51.150
243651,240,51.150
243661,240,51.131
243671,240,51.163
243681,240,51.113
243691,240,51.156
243701,240,51.156
243711,240,51.125
243721,240,51.150
243731,240,51.144
243741,240,51.163
243751,240,51.150
243761,240,51.156
243771,240,51.106
243781,240,51.150
243791,240,51.156
243801,240,51.125
243811,240,51.156
243821,240,51.150
243831,240,51.113
243841,240,51.156
243851,240,51.144
243861,240,51.131
243871,240,51.150
243881,240,51.150
243891,240,51.125
243901,240,51.156
243911,240,51.150
243921,240,51.156
243931,240,51.150
243941,240,51.150
243951,240,51.119
243961,240,51.156
243971,240,51.113
243981,240,51.150
243991,240,51.156
244001,240,51.156
244011,240,51.150
244021,240,51.144
244031,240,51.131
244041,240,51.131
244051,240,51.156
244061,240,51.156
244071,240,51.150
244081,240,51.131
244091,240,51.150
244101,240,51.150
244111,240,51.106
244121,240,51.156
244131,240,51.150
244141,240,51.113
244151,240,51.131
244161,240,51.156
244171,240,51.119
244181,240,51.156
244191,240,51.131
244201,240,51.081
244211,240,51.144
244221,240,51.138
244231,240,51.138
244241,240,51.150
244251,240,51.119
244261,240,51.081
244271,240,51.150
244281,240,51.138
244291,240,51.138
244301,240,51.150
244311,240,51.150
244321,240,51.150
244331,240,51.113
244341,240,51.119
244351,240,51.156
244361,240,51.125
244371,240,51.150
244381,240,51.150
244391,240,51.113
244401,240,51.113
244411,240,51.150
244421,240,51.150
244431,240,51.150
244441,240,51.150
244451,240,51.106
244461,240,51.113
244471,240,51.150
244481,240,51.113
244491,240,51.150
244501,240,51.138
244511,240,51.081
244521,240,51.125
244531,240,51.156
244541,240,51.119
244551,240,51.150
244561,240,51.125
244571,240,51.106
244581,240,51.144
244591,240,51.131
244601,240,51.131
244611,240,51.156
244621,240,51.119
244631,240,51.150
244641,240,51.144
244651,240,51.100
244661,240,51.144
244671,240,51.144
244681,240,51.144
244691,240,51.144
244701,240,51.150
244711,240,51.106
244721,240,51.106
244731,240,51.144
244741,240,51.138
244751,240,51.138
244761,240,51.131
244771,240,51.081
244781,240,51.131
244791,240,51.150
244801,240,51.125
244811,240,51.188
244821,240,51.150
244831,240,51.106
244841,240,51.144
244851,240,51.131
244861,240,51.144
244871,240,51.150
244881,240,51.138
244891,240,51.125
244901,240,51.150
244911,240,51.144
244921,240,51.150
244931,240,51.144
244941,240,51.138
244951,240,51.125
244961,240,51.150
244971,240,51.113
244981,240,51.150
244991,240,51.144
245001,240,51.144
245011,240,51.144
245021,240,51.125
245031,240,51.131
245041,240,51.138
245051,240,51.138
245061,240,51.144
245071,240,51.150
245081,240,51.106
245091,240,51.119
245101,240,51.144
245111,240,51.138
245121,240,51.150
245131,240,51.144
245141,240,51.106
245151,240,51.100
245161,240,51.138
245171,240,51.138
245181,240,51.138
245191,240,51.150
245201,240,51.106
245211,240,51.150
245221,240,51.119
245231,240,51.150
245241,240,51.131
245251,240,51.081
245261,240,51.081
245271,240,51.156
245281,240,51.119
245291,240,51.144
245301,240,51.081
245311,240,51.131
245321,240,51.144
245331,240,51.106
245341,240,51.106
245351,240,51.150
245361,240,51.113
245371,240,51.106
245381,240,51.106
245391,240,51.075
245401,240,51.138
245411,240,51.125
245421,240,51.119
245431,240,51.119
245441,240,51.125
245451,240,51.075
245461,240,51.144
245471,240,51.113
245481,240,51.144
245491,240,51.125
245501,240,51.075
245511,240,51.094
245521,240,51.144
245531,240,51.100
245541,240,51.144
245551,240,51.150
245561,240,51.081
245571,240,51.113
245581,240,51.113
245591,240,51.100
245601,240,51.144
245611,240,51.156
245621,240,51.150
245631,240,51.144
245641,240,51.119
245651,240,51.106
245661,240,51.119
245671,240,51.094
245681,240,51.131
245691,240,51.125
245701,240,51.094
245711,240,51.150
245721,240,51.106
245731,240,51.106
245741,240,51.113
245751,240,51.113
245761,240,51.106
245771,240,51.144
245781,240,51.106
245791,240,51.144
245801,240,51.100
245811,240,51.081
245821,240,51.125
245831,240,51.150
245841,240,51.113
245851,240,51.150
245861,240,51.125
245871,240,51.081
245881,240,51.144
245891,240,51.088
245901,240,51.131
245911,240,51.144
245921,240,51.100
245931,240,51.081
245941,240,51.156
245951,240,51.088
245961,240,51.131
245971,240,51.094
245981,240,51.100
245991,240,51.100
246001,240,51.106
246011,240,51.106
246021,240,51.144
246031,240,51.106
246041,240,51.138
246051,240,51.075
246061,240,51.075
246071,240,51.125
246081,240,51.088
246091,240,51.119
246101,240,51.144
246111,240,51.119
246121,240,51.081
246131,240,51.144
246141,240,51.081
246151,240,51.144
246161,240,51.144
246171,240,51.100
246181,240,51.088
246191,240,51.138
246201,240,51.075
246211,240,51.106
246221,240,51.075
246231,240,51.081
246241,240,51.150
246251,240,51.119
246261,240,51.144
246271,240,51.138
246281,240,51.113
246291,240,51.150
246301,240,51.119
246311,240,51.081
246321,240,51.138
246331,240,51.094
246341,240,51.081
246351,240,51.100
246361,240,51.081
246371,240,51.119
246381,240,51.144
246391,240,51.113
246401,240,51.106
246411,240,51.075
246421,240,51.075
246431,240,51.138
246441,240,51.088
246451,240,51.131
246461,240,51.150
246471,240,51.100
246481,240,51.075
246491,240,51.138
246501,240,51.081
246511,240,51.100
246521,240,51.069
246531,240,51.075
246541,240,51.131
246551,240,51.138
246561,240,51.113
246571,240,51.113
246581,240,51.075
246591,240,51.081
246601,240,51.144
246611,240,51.069
246621,240,51.125
246631,240,51.094
246641,240,51.075
246651,240,51.106
246661,240,51.106
246671,240,51.081
246681,240,51.144
246691,240,51.069
246701,240,51.094
246711,240,51.088
246721,240,51.069
246731,240,51.125
246741,240,51.100
246751,240,51.113
246761,240,51.138
246771,240,51.075
246781,240,51.081
246791,240,51.144
246801,240,51.075
246811,240,51.088
246821,240,51.100
246831,240,51.050
246841,240,51.081
246851,240,51.144
246861,240,51.081
246871,240,51.113
246881,240,51.075
246891,240,51.069
246901,240,51.138
246911,240,51.119
246921,240,51.119
246931,240,51.113
246941,240,51.088
246951,240,51.100
246961,240,51.075
246971,240,51.075
246981,240,51.131
246991,240,51.088
247001,245,51.119
247011,245,51.138
247021,245,51.075
247031,245,51.075
247041,245,51.144
247051,245,51.113
247061,245,51.100
247071,245,51.144
247081,245,51.100
247091,245,51.100
247101,245,51.100
247111,245,51.138
247121,245,51.094
247131,245,51.144
247141,245,51.150
247151,245,51.144
247161,245,51.106
247171,245,51.144
247181,245,51.144
247191,245,51.100
247201,245,51.138
247211,245,51.138
247221,245,51.138
247231,245,51.125
247241,245,51.138
247251,245,51.138
247261,245,51.100
247271,245,51.150
247281,245,51.138
247291,245,51.119
247301,245,51.144
247311,245,51.138
247321,245,51.075
247331,245,51.138
247341,245,51.144
247351,245,51.119
247361,245,51.125
247371,245,51.144
247381,245,51.131
247391,245,51.100
247401,245,51.100
247411,245,51.138
247421,245,51.144
247431,245,51.144
247441,245,51.144
247451,245,51.144
247461,245,51.100
247471,245,51.100
247481,245,51.144
247491,245,51.150
247501,245,51.138
247511,245,51.150
247521,245,51.138
247531,245,51.106
247541,245,51.100
247551,245,51.138
247561,245,51.138
247571,245,51.144
247581,245,51.138
247591,245,51.125
247601,245,51.125
247611,245,51.113
247621,245,51.125
247631,245,51.119
247641,245,51.131
247651,245,51.131
247661,245,51.125
247671,245,51.150
247681,245,51.144
247691,245,51.081
247701,245,51.113
247711,245,51.144
247721,245,51.131
247731,245,51.144
247741,245,51.131
247751,245,51.131
247761,245,51.125
247771,245,51.125
247781,245,51.144
247791,245,51.119
247801,245,51.156
247811,245,51.150
247821,245,51.125
247831,245,51.131
247841,245,51.138
247851,245,51.138
247861,245,51.131
247871,245,51.150
247881,245,51.150
247891,245,51.081
247901,245,51.119
247911,245,51.150
247921,245,51.125
247931,245,51.150
247941,245,51.163
247951,245,51.081
247961,245,51.150
247971,245,51.119
247981,245,51.113
247991,245,51.119
248001,245,51.144
248011,245,51.119
248021,245,51.138
248031,245,51.138
248041,245,51.144
248051,245,51.088
248061,245,51.119
248071,245,51.156
248081,245,51.125
248091,245,51.150
248101,245,51.125
248111,245,51.131
248121,245,51.081
248131,245,51.131
248141,245,51.150
248151,245,51.125
248161,245,51.156
248171,245,51.113
248181,245,51.119
248191,245,51.119
248201,245,51.150
248211,245,51.125
248221,245,51.138
248231,245,51.150
248241,245,51.100
248251,245,51.100
248261,245,51.113
248271,245,51.163
248281,245,51.094
248291,245,51.138
248301,245,51.138
248311,245,51.106
248321,245,51.144
248331,245,51.150
248341,245,51.106
248351,245,51.075
248361,245,51.144
248371,245,51.156
248381,245,51.100
248391,245,51.144
248401,245,51.106
248411,245,51.100
248421,245,51.100
248431,245,51.144
248441,245,51.106
248451,245,51.113
248461,245,51.150
248471,245,51.100
248481,245,51.106
248491,245,51.100
248501,245,51.138
248511,245,51.094
248521,245,51.131
248531,245,51.138
248541,245,51.113
248551,245,51.113
248561,245,51.100
248571,245,51.138
248581,245,51.100
248591,245,51.131
248601,245,51.150
248611,245,51.138
248621,245,51.144
248631,245,51.138
248641,245,51.069
248651,245,51.081
248661,245,51.131
248671,245,51.119
248681,245,51.125
248691,245,51.125
248701,245,51.113
248711,245,51.075
248721,245,51.100
248731,245,51.131
248741,245,51.069
248751,245,51.131
248761,245,51.119
248771,245,51.119
248781,245,51.113
248791,245,51.113
248801,245,51.131
248811,245,51.113
248821,245,51.138
248831,245,51.138
248841,245,51.075
248851,245,51.075
248861,245,51.131
248871,245,51.125
248881,245,51.138
248891,245,51.138
248901,245,51.119
248911,245,51.081
248921,245,51.106
248931,245,51.138
248941,245,51.081
248951,245,51.119
248961,245,51.131
248971,245,51.119
248981,245,51.113
248991,245,51.138
249001,245,51.075
249011,245,51.100
249021,245,51.138
249031,245,51.081
249041,245,51.131
249051,245,51.125
249061,245,51.119
249071,245,51.125
249081,245,51.119
249091,245,51.144
249101,245,51.113
249111,245,51.106
249121,245,51.144
249131,245,51.075
249141,245,51.081
249151,245,51.138
249161,245,51.088
249171,245,51.125
249181,245,51.138
249191,245,51.125
249201,245,51.075
249211,245,51.106
249221,245,51.138
249231,245,51.100
249241,245,51.094
249251,245,51.131
249261,245,51.075
249271,245,51.075
249281,245,51.100
249291,245,51.069
249301,245,51.094
249311,245,51.131
249321,245,51.088
249331,245,51.125
249341,245,51.138
249351,245,51.069
249361,245,51.081
249371,245,51.113
249381,245,51.144
249391,245,51.106
249401,245,51.100
249411,245,51.094
249421,245,51.081
249431,245,51.081
249441,245,51.144
249451,245,51.094
249461,245,51.119
249471,245,51.150
249481,245,51.113
249491,245,51.075
249501,245,51.106
249511,245,51.144
249521,245,51.100
249531,245,51.094
249541,245,51.138
249551,245,51.075
249561,245,51.075
249571,245,51.106
249581,245,51.138
249591,245,51.106
249601,245,51.113
249611,245,51.094
249621,245,51.119
249631,245,51.144
249641,245,51.119
249651,245,51.069
249661,245,51.100
249671,245,51.138
249681,245,51.094
249691,245,51.094
249701,245,51.150
249711,245,51.088
249721,245,51.069
249731,245,51.144
249741,245,51.106
249751,245,51.100
249761,245,51.131
249771,245,51.094
249781,245,51.069
249791,245,51.088
249801,245,51.138
249811,245,51.100
249821,245,51.100
249831,245,51.144
249841,245,51.100
249851,245,51.075
249861,245,51.138
249871,245,51.113
249881,245,51.100
249891,245,51.138
249901,245,51.100
249911,245,51.081
249921,245,51.075
249931,245,51.150
249941,245,51.113
249951,245,51.131
249961,245,51.125
249971,245,51.081
249981,245,51.131
249991,245,51.094
250001,245,51.094
250011,245,51.075
250021,245,51.138
250031,245,51.113
250041,245,51.069
250051,245,51.131
250061,245,51.069
250071,245,51.069
250081,245,51.081
250091,245,51.138
250101,245,51.081
250111,245,51.106
250121,245,51.106
250131,245,51.106
250141,245,51.075
250151,245,51.138
250161,245,51.119
250171,245,51.088
250181,245,51.144
250191,245,51.094
250201,245,51.100
250211,245,51.075
250221,245,51.138
250231,245,51.106
250241,245,51.075
250251,245,51.138
250261,245,51.075
250271,245,51.088
250281,245,51.100
250291,245,51.100
250301,245,51.069
250311,245,51.138
250321,245,51.125
250331,245,51.088
250341,245,51.138
250351,245,51.088
250361,245,51.075
250371,245,51.069
250381,245,51.131
250391,245,51.094
250401,245,51.106
250411,245,51.131
250421,245,51.113
250431,245,51.069
250441,245,51.125
250451,245,51.119
250461,245,51.081
250471,245,51.088
250481,245,51.094
250491,245,51.100
250501,245,51.069
250511,245,51.138
250521,245,51.113
250531,245,51.094
250541,245,51.131
250551,245,51.094
250561,245,51.031
250571,245,51.075
250581,245,51.138
250591,245,51.094
250601,245,51.081
250611,245,51.106
250621,245,51.075
250631,245,51.088
250641,245,51.088
250651,245,51.044
250661,245,51.069
250671,245,51.138
250681,245,51.106
250691,245,51.069
250701,245,51.144
250711,245,51.069
250721,245,51.031
250731,245,51.081
250741,245,51.138
250751,245,51.094
250761,245,51.075
250771,245,51.100
250781,245,51.075
250791,245,51.069
250801,245,51.131
250811,245,51.119
250821,245,51.088
250831,245,51.100
250841,245,51.094
250851,245,51.050
250861,245,51.081
250871,245,51.144
250881,245,51.106
250891,245,51.075
250901,245,51.144
250911,245,51.075
250921,245,51.038
250931,245,51.100
250941,245,51.100
250951,245,51.069
250961,245,51.144
250971,245,51.119
250981,245,51.094
250991,245,51.094
251001,245,51.088
251011,245,51.038
251021,245,51.075
251031,245,51.138
251041,245,51.100
251051,245,51.106
251061,245,51.100
251071,245,51.100
251081,245,51.069
251091,245,51.088
251101,245,51.138
251111,245,51.088
251121,245,51.113
251131,245,51.106
251141,245,51.113
251151,245,51.081
251161,245,51.081
251171,245,51.144
251181,245,51.113
251191,245,51.094
251201,245,51.144
251211,245,51.094
251221,245,51.094
251231,245,51.075
251241,245,51.119
251251,245,51.144
251261,245,51.075
251271,245,51.144
251281,245,51.138
251291,245,51.075
251301,245,51.138
251311,245,51.100
251321,245,51.113
251331,245,51.081
251341,245,51.106
251351,245,51.138
251361,245,51.075
251371,245,51.094
251381,245,51.131
251391,245,51.113
251401,245,51.056
251411,245,51.119
251421,245,51.144
251431,245,51.081
251441,245,51.106
251451,245,51.144
251461,245,51.075
251471,245,51.075
251481,245,51.088
251491,245,51.138
251501,245,51.088
251511,245,51.119
251521,245,51.113
251531,245,51.119
251541,245,51.075
251551,245,51.075
251561,245,51.144
251571,245,51.131
251581,245,51.088
251591,245,51.144
251601,245,51.106
251611,245,51.100
251621,245,51.100
251631,245,51.094
251641,245,51.075
251651,245,51.075
251661,245,51.125
251671,245,51.138
251681,245,51.075
251691,245,51.144
251701,245,51.113
251711,245,51.119
251721,245,51.081
251731,245,51.144
251741,245,51.125
251751,245,51.081
251761,245,51.088
251771,245,51.138
251781,245,51.125
251791,245,51.056
251801,245,51.106
251811,245,51.144
251821,245,51.081
251831,245,51.119
251841,245,51.125
251851,245,51.081
251861,245,51.069
251871,245,51.081
251881,245,51.094
251891,245,51.094
251901,245,51.075
251911,245,51.138
251921,245,51.106
251931,245,51.050
251941,245,51.119
251951,245,51.075
251961,245,51.044
251971,245,51.113
251981,245,51.150
251991,245,51.075
252001,250,51.075
252011,250,51.119
252021,250,51.100
252031,250,51.063
252041,250,51.081
252051,250,51.100
252061,250,51.094
252071,250,51.069
252081,250,51.106
252091,250,51.106
252101,250,51.075
252111,250,51.069
252121,250,51.125
252131,250,51.125
252141,250,51.081
252151,250,51.094
252161,250,51.138
252171,250,51.106
252181,250,51.038
252191,250,51.069
252201,250,51.144
252211,250,51.113
252221,250,51.094
252231,250,51.094
252241,250,51.131
252251,250,51.106
252261,250,51.050
252271,250,51.081
252281,250,51.119
252291,250,51.075
252301,250,51.088
252311,250,51.138
252321,250,51.106
252331,250,51.119
252341,250,51.125
252351,250,51.106
252361,250,51.113
252371,250,51.075
252381,250,51.106
252391,250,51.138
252401,250,51.081
252411,250,51.119
252421,250,51.125
252431,250,51.100
252441,250,51.063
252451,250,51.075
252461,250,51.138
252471,250,51.144
252481,250,51.081
252491,250,51.113
252501,250,51.119
252511,250,51.075
252521,250,51.069
252531,250,51.075
252541,250,51.144
252551,250,51.138
252561,250,51.113
252571,250,51.113
252581,250,51.119
252591,250,51.119
252601,250,51.088
252611,250,51.144
252621,250,51.119
252631,250,51.050
252641,250,51.113
252651,250,51.144
252661,250,51.131
252671,250,51.094
252681,250,51.106
252691,250,51.100
252701,250,51.081
252711,250,51.063
252721,250,51.119
252731,250,51.150
252741,250,51.081
252751,250,51.081
252761,250,51.150
252771,250,51.100
252781,250,51.038
252791,250,51.075
252801,250,51.125
252811,250,51.131
252821,250,51.075
252831,250,51.081
252841,250,51.119
252851,250,51.081
252861,250,51.081
252871,250,51.100
252881,250,51.150
252891,250,51.088
252901,250,51.081
252911,250,51.125
252921,250,51.081
252931,250,51.050
252941,250,51.113
252951,250,51.069
252961,250,51.031
252971,250,51.081
252981,250,51.144
252991,250,51.100
253001,250,51.069
253011,250,51.106
253021,250,51.075
253031,250,51.075
253041,250,51.075
253051,250,51.119
253061,250,51.075
253071,250,51.069
253081,250,51.081
253091,250,51.100
253101,250,51.063
253111,250,51.075
253121,250,51.106
253131,250,51.069
253141,250,51.069
253151,250,51.088
253161,250,51.125
253171,250,51.063
253181,250,51.050
253191,250,51.119
253201,250,51.075
253211,250,51.075
253221,250,51.075
253231,250,51.113
253241,250,51.056
253251,250,51.069
253261,250,51.106
253271,250,51.069
253281,250,51.081
253291,250,51.113
253301,250,51.081
253311,250,51.075
253321,250,51.094
253331,250,51.081
253341,250,51.069
253351,250,51.056
253361,250,51.119
253371,250,51.075
253381,250,51.075
253391,250,51.081
253401,250,51.113
253411,250,51.050
253421,250,51.069
253431,250,51.094
253441,250,51.088
253451,250,51.075
253461,250,51.075
253471,250,51.100
253481,250,51.069
253491,250,51.044
253501,250,51.100
253511,250,51.075
253521,250,51.075
253531,250,51.069
253541,250,51.119
253551,250,51.075
253561,250,51.056
253571,250,51.081
253581,250,51.106
253591,250,51.075
253601,250,51.094
253611,250,51.088
253621,250,51.075
253631,250,51.081
253641,250,51.106
253651,250,51.075
253661,250,51.044
253671,250,51.106
253681,250,51.075
253691,250,51.069
253701,250,51.075
253711,250,51.113
253721,250,51.075
253731,250,51.031
253741,250,51.075
253751,250,51.100
253761,250,51.069
253771,250,51.069
253781,250,51.094
253791,250,51.069
253801,250,51.063
253811,250,51.075
253821,250,51.113
253831,250,51.063
253841,250,51.063
253851,250,51.075
253861,250,51.100
253871,250,51.069
253881,250,51.031
253891,250,51.094
253901,250,51.094
253911,250,51.075
253921,250,51.075
253931,250,51.138
253941,250,51.069
253951,250,51.075
253961,250,51.113
253971,250,51.069
253981,250,51.019
253991,250,51.081
254001,250,51.131
254011,250,51.069
254021,250,51.069
254031,250,51.113
254041,250,51.100
254051,250,51.044
254061,250,51.069
254071,250,51.094
254081,250,51.081
254091,250,51.075
254101,250,51.069
254111,250,51.113
254121,250,51.113
254131,250,51.044
254141,250,51.069
254151,250,51.106
254161,250,51.075
254171,250,51.069
254181,250,51.088
254191,250,51.075
254201,250,51.031
254211,250,51.069
254221,250,51.113
254231,250,51.069
254241,250,51.069
254251,250,51.069
254261,250,51.119
254271,250,51.075
254281,250,51.069
254291,250,51.100
254301,250,51.038
254311,250,51.075
254321,250,51.100
254331,250,51.063
254341,250,51.063
254351,250,51.069
254361,250,51.106
254371,250,51.069
254381,250,51.050
254391,250,51.075
254401,250,51.069
254411,250,51.069
254421,250,51.069
254431,250,51.106
254441,250,51.063
254451,250,51.025
254461,250,51.075
254471,250,51.088
254481,250,51.063
254491,250,51.063
254501,250,51.113
254511,250,51.075
254521,250,51.031
254531,250,51.069
254541,250,51.113
254551,250,51.069
254561,250,51.069
254571,250,51.063
254581,250,51.069
254591,250,51.031
254601,250,51.069
254611,250,51.063
254621,250,51.019
254631,250,51.075
254641,250,51.081
254651,250,51.075
254661,250,51.069
254671,250,51.113
254681,250,51.069
254691,250,51.044
254701,250,51.075
254711,250,51.081
254721,250,51.056
254731,250,51.069
254741,250,51.075
254751,250,51.075
254761,250,51.025
254771,250,51.069
254781,250,51.100
254791,250,51.069
254801,250,51.075
254811,250,51.094
254821,250,51.075
254831,250,51.056
254841,250,51.063
254851,250,51.113
254861,250,51.069
254871,250,51.069
254881,250,51.069
254891,250,51.106
254901,250,51.081
254911,250,51.038
254921,250,51.094
254931,250,51.094
254941,250,51.050
254951,250,51.113
254961,250,51.075
254971,250,51.075
254981,250,51.081
254991,250,51.119
255001,250,51.075
255011,250,51.019
255021,250,51.075
255031,250,51.100
255041,250,51.075
255051,250,51.075
255061,250,51.075
255071,250,51.075
255081,250,51.044
255091,250,51.069
255101,250,51.088
255111,250,51.088
255121,250,51.069
255131,250,51.075
255141,250,51.125
255151,250,51.069
255161,250,51.044
255171,250,51.081
255181,250,51.113
255191,250,51.069
255201,250,51.069
255211,250,51.088
255221,250,51.081
255231,250,51.025
255241,250,51.056
255251,250,51.113
255261,250,51.094
255271,250,51.069
255281,250,51.113
255291,250,51.075
255301,250,51.081
255311,250,51.075
255321,250,51.106
255331,250,51.075
255341,250,51.044
255351,250,51.106
255361,250,51.081
255371,250,51.069
255381,250,51.069
255391,250,51.069
255401,250,51.075
255411,250,51.031
255421,250,51.069
255431,250,51.100
255441,250,51.075
255451,250,51.075
255461,250,51.075
255471,250,51.075
255481,250,51.056
255491,250,51.063
255501,250,51.113
255511,250,51.075
255521,250,51.069
255531,250,51.075
255541,250,51.075
255551,250,51.069
255561,250,51.031
255571,250,51.056
255581,250,51.081
255591,250,51.088
255601,250,51.075
255611,250,51.106
255621,250,51.069
255631,250,51.069
255641,250,51.088
255651,250,51.081
255661,250,51.063
255671,250,51.056
255681,250,51.119
255691,250,51.100
255701,250,51.075
255711,250,51.069
255721,250,51.106
255731,250,51.075
255741,250,51.050
255751,250,51.069
255761,250,51.088
255771,250,51.088
255781,250,51.081
255791,250,51.075
255801,250,51.075
255811,250,51.113
255821,250,51.044
255831,250,51.038
255841,250,51.100
255851,250,51.075
255861,250,51.069
255871,250,51.069
255881,250,51.069
255891,250,51.094
255901,250,51.038
255911,250,51.044
255921,250,51.113
255931,250,51.063
255941,250,51.056
255951,250,51.069
255961,250,51.075
255971,250,51.075
255981,250,51.075
255991,250,51.106
256001,250,51.069
256011,250,51.044
256021,250,51.050
256031,250,51.106
256041,250,51.075
256051,250,51.031
256061,250,51.063
256071,250,51.113
256081,250,51.063
256091,250,51.000
256101,250,51.069
256111,250,51.119
256121,250,51.069
256131,250,51.069
256141,250,51.075
256151,250,51.119
256161,250,51.075
256171,250,51.013
256181,250,51.075
256191,250,51.100
256201,250,51.069
256211,250,51.075
256221,250,51.069
256231,250,51.113
256241,250,51.056
256251,250,51.019
256261,250,51.088
256271,250,51.069
256281,250,51.031
256291,250,51.075
256301,250,51.069
256311,250,51.069
256321,250,51.069
256331,250,51.081
256341,250,51.100
256351,250,51.075
256361,250,51.044
256371,250,51.075
256381,250,51.075
256391,250,51.081
256401,250,51.069
256411,250,51.088
256421,250,51.088
256431,250,51.063
256441,250,51.050
256451,250,51.075
256461,250,51.100
256471,250,51.075
256481,250,51.075
256491,250,51.075
256501,250,51.075
256511,250,51.056
256521,250,51.069
256531,250,51.094
256541,250,51.100
256551,250,51.081
256561,250,51.075
256571,250,51.081
256581,250,51.113
256591,250,51.050
256601,250,51.056
256611,250,51.094
256621,250,51.069
256631,250,51.038
256641,250,51.069
256651,250,51.113
256661,250,51.069
256671,250,51.075
256681,250,51.088
256691,250,51.081
256701,250,51.063
256711,250,51.050
256721,250,51.075
256731,250,51.106
256741,250,51.075
256751,250,51.069
256761,250,51.075
256771,250,51.119
256781,250,51.050
256791,250,51.019
256801,250,51.075
256811,250,51.094
256821,250,51.081
256831,250,51.075
256841,250,51.075
256851,250,51.113
256861,250,51.075
256871,250,51.031
256881,250,51.075
256891,250,51.119
256901,250,51.069
256911,250,51.063
256921,250,51.075
256931,250,51.113
256941,250,51.075
256951,250,51.069
256961,250,51.113
256971,250,51.075
256981,250,51.025
256991,250,51.031
257001,255,51.094
257011,255,51.069
257021,255,51.075
257031,255,51.075
257041,255,51.138
257051,255,51.138
257061,255,51.150
257071,255,51.200
257081,255,51.194
257091,255,51.206
257101,255,51.269
257111,255,51.275
257121,255,51.269
257131,255,51.300
257141,255,51.331
257151,255,51.331
257161,255,51.331
257171,255,51.338
257181,255,51.331
257191,255,51.344
257201,255,51.338
257211,255,51.344
257221,255,51.338
257231,255,51.338
257241,255,51.350
257251,255,51.338
257261,255,51.344
257271,255,51.338
257281,255,51.331
257291,255,51.338
257301,255,51.344
257311,255,51.331
257321,255,51.338
257331,255,51.331
257341,255,51.338
257351,255,51.338
257361,255,51.338
257371,255,51.338
257381,255,51.344
257391,255,51.338
257401,255,51.344
257411,255,51.344
257421,255,51.338
257431,255,51.338
257441,255,51.344
257451,255,51.331
257461,255,51.338
257471,255,51.338
257481,255,51.338
257491,255,51.338
257501,255,51.331
257511,255,51.331
257521,255,51.331
257531,255,51.325
257541,255,51.338
257551,255,51.325
257561,255,51.331
257571,255,51.338
257581,255,51.331
257591,255,51.350
257601,255,51.331
257611,255,51.338
257621,255,51.331
257631,255,51.331
257641,255,51.344
257651,255,51.331
257661,255,51.338
257671,255,51.338
257681,255,51.338
257691,255,51.338
257701,255,51.331
257711,255,51.325
257721,255,51.338
257731,255,51.331
257741,255,51.338
257751,255,51.338
257761,255,51.344
257771,255,51.331
257781,255,51.344
257791,255,51.338
257801,255,51.338
257811,255,51.331
257821,255,51.331
257831,255,51.344
257841,255,51.325
257851,255,51.338
257861,255,51.338
257871,255,51.331
257881,255,51.331
257891,255,51.344
257901,255,51.331
257911,255,51.338
257921,255,51.350
257931,255,51.300
257941,255,51.269
257951,255,51.275
257961,255,51.275
257971,255,51.269
257981,255,51.269
257991,255,51.269
258001,255,51.275
258011,255,51.269
258021,255,51.275
258031,255,51.281
258041,255,51.275
258051,255,51.275
258061,255,51.275
258071,255,51.269
258081,255,51.281
258091,255,51.275
258101,255,51.281
258111,255,51.275
258121,255,51.281
258131,255,51.275
258141,255,51.281
258151,255,51.281
258161,255,51.275
258171,255,51.263
258181,255,51.275
258191,255,51.275
258201,255,51.269
258211,255,51.269
258221,255,51.275
258231,255,51.269
258241,255,51.269
258251,255,51.275
258261,255,51.269
258271,255,51.263
258281,255,51.281
258291,255,51.275
258301,255,51.281
258311,255,51.275
258321,255,51.281
258331,255,51.269
258341,255,51.275
258351,255,51.275
258361,255,51.269
258371,255,51.269
258381,255,51.275
258391,255,51.275
258401,255,51.281
258411,255,51.269
258421,255,51.269
258431,255,51.275
258441,255,51.269
258451,255,51.269
258461,255,51.269
258471,255,51.269
258481,255,51.269
258491,255,51.275
258501,255,51.294
258511,255,51.306
258521,255,51.300
258531,255,51.306
258541,255,51.269
258551,255,51.269
258561,255,51.275
258571,255,51.281
258581,255,51.281
258591,255,51.288
258601,255,51.331
258611,255,51.338
258621,255,51.325
258631,255,51.331
258641,255,51.331
258651,255,51.331
258661,255,51.338
258671,255,51.338
258681,255,51.338
258691,255,51.269
258701,255,51.269
258711,255,51.263
258721,255,51.263
258731,255,51.263
258741,255,51.263
258751,255,51.263
258761,255,51.269
258771,255,51.269
258781,255,51.269
258791,255,51.269
258801,255,51.269
258811,255,51.269
258821,255,51.275
258831,255,51.269
258841,255,51.269
258851,255,51.275
258861,255,51.269
258871,255,51.269
258881,255,51.281
258891,255,51.275
258901,255,51.281
258911,255,51.275
258921,255,51.288
258931,255,51.263
258941,255,51.275
258951,255,51.269
258961,255,51.269
258971,255,51.275
258981,255,51.269
258991,255,51.269
259001,255,51.263
259011,255,51.269
259021,255,51.263
259031,255,51.263
259041,255,51.269
259051,255,51.269
259061,255,51.269
259071,255,51.269
259081,255,51.269
259091,255,51.263
259101,255,51.263
259111,255,51.263
259121,255,51.263
259131,255,51.269
259141,255,51.263
259151,255,51.263
259161,255,51.269
259171,255,51.269
259181,255,51.269
259191,255,51.269
259201,255,51.269
259211,255,51.269
259221,255,51.269
259231,255,51.263
259241,255,51.256
259251,255,51.275
259261,255,51.275
259271,255,51.313
259281,255,51.269
259291,255,51.269
259301,255,51.269
259311,255,51.269
259321,255,51.275
259331,255,51.275
259341,255,51.275
259351,255,51.281
259361,255,51.269
259371,255,51.269
259381,255,51.275
259391,255,51.275
259401,255,51.275
259411,255,51.269
259421,255,51.269
259431,255,51.269
259441,255,51.275
259451,255,51.269
259461,255,51.269
259471,255,51.275
259481,255,51.269
259491,255,51.263
259501,255,51.275
259511,255,51.263
259521,255,51.269
259531,255,51.269
259541,255,51.269
259551,255,51.269
259561,255,51.281
259571,255,51.269
259581,255,51.269
259591,255,51.281
259601,255,51.269
259611,255,51.269
259621,255,51.275
259631,255,51.269
259641,255,51.263
259651,255,51.281
259661,255,51.206
259671,255,51.200
259681,255,51.200
259691,255,51.200
259701,255,51.200
259711,255,51.200
259721,255,51.200
259731,255,51.206
259741,255,51.206
259751,255,51.206
259761,255,51.219
259771,255,51.269
259781,255,51.269
259791,255,51.263
259801,255,51.263
259811,255,51.269
259821,255,51.269
259831,255,51.275
259841,255,51.269
259851,255,51.269
259861,255,51.269
259871,255,51.269
259881,255,51.275
259891,255,51.269
259901,255,51.269
259911,255,51.275
259921,255,51.281
259931,255,51.275
259941,255,51.269
259951,255,51.269
259961,255,51.269
259971,255,51.281
259981,255,51.269
259991,255,51.281
260001,255,51.281
260011,255,51.281
260021,255,51.269
260031,255,51.269
260041,255,51.275
260051,255,51.269
260061,255,51.269
260071,255,51.281
260081,255,51.269
260091,255,51.281
260101,255,51.275
260111,255,51.269
260121,255,51.275
260131,255,51.269
260141,255,51.263
260151,255,51.269
260161,255,51.269
260171,255,51.206
260181,255,51.206
260191,255,51.213
260201,255,51.206
260211,255,51.206
260221,255,51.213
260231,255,51.213
260241,255,51.206
260251,255,51.213
260261,255,51.206
260271,255,51.200
260281,255,51.194
260291,255,51.200
260301,255,51.200
260311,255,51.200
260321,255,51.263
260331,255,51.269
260341,255,51.275
260351,255,51.275
260361,255,51.269
260371,255,51.275
260381,255,51.275
260391,255,51.275
260401,255,51.269
260411,255,51.269
260421,255,51.275
260431,255,51.269
260441,255,51.219
260451,255,51.213
260461,255,51.206
260471,255,51.206
260481,255,51.200
260491,255,51.200
260501,255,51.200
260511,255,51.200
260521,255,51.200
260531,255,51.200
260541,255,51.200
260551,255,51.200
260561,255,51.200
260571,255,51.200
260581,255,51.206
260591,255,51.206
260601,255,51.206
260611,255,51.194
260621,255,51.200
260631,255,51.200
260641,255,51.206
260651,255,51.200
260661,255,51.206
260671,255,51.200
260681,255,51.200
260691,255,51.206
260701,255,51.206
260711,255,51.200
260721,255,51.200
260731,255,51.206
260741,255,51.206
260751,255,51.200
260761,255,51.200
260771,255,51.200
260781,255,51.200
260791,255,51.200
260801,255,51.206
260811,255,51.206
260821,255,51.200
260831,255,51.206
260841,255,51.213
260851,255,51.213
260861,255,51.206
260871,255,51.206
260881,255,51.200
260891,255,51.188
260901,255,51.138
260911,255,51.138
260921,255,51.150
260931,255,51.206
260941,255,51.206
260951,255,51.206
260961,255,51.206
260971,255,51.200
260981,255,51.206
260991,255,51.200
261001,255,51.206
261011,255,51.213
261021,255,51.213
261031,255,51.219
261041,255,51.213
261051,255,51.213
261061,255,51.206
261071,255,51.206
261081,255,51.213
261091,255,51.206
261101,255,51.213
261111,255,51.206
261121,255,51.206
261131,255,51.200
261141,255,51.194
261151,255,51.138
261161,255,51.138
261171,255,51.138
261181,255,51.138
261191,255,51.138
261201,255,51.138
261211,255,51.206
261221,255,51.200
261231,255,51.200
261241,255,51.169
261251,255,51.150
261261,255,51.181
261271,255,51.200
261281,255,51.200
261291,255,51.200
261301,255,51.206
261311,255,51.200
261321,255,51.200
261331,255,51.206
261341,255,51.206
261351,255,51.200
261361,255,51.200
261371,255,51.206
261381,255,51.206
261391,255,51.206
261401,255,51.206
261411,255,51.200
261421,255,51.131
261431,255,51.144
261441,255,51.138
261451,255,51.138
261461,255,51.138
261471,255,51.138
261481,255,51.144
261491,255,51.138
261501,255,51.150
261511,255,51.138
261521,255,51.144
261531,255,51.138
261541,255,51.163
261551,255,51.206
261561,255,51.213
261571,255,51.206
261581,255,51.206
261591,255,51.206
261601,255,51.206
261611,255,51.200
261621,255,51.206
261631,255,51.150
261641,255,51.138
261651,255,51.150
261661,255,51.144
261671,255,51.150
261681,255,51.144
261691,255,51.150
261701,255,51.131
261711,255,51.138
261721,255,51.131
261731,255,51.138
261741,255,51.138
261751,255,51.150
261761,255,51.181
261771,255,51.213
261781,255,51.213
261791,255,51.206
261801,255,51.206
261811,255,51.206
261821,255,51.200
261831,255,51.200
261841,255,51.206
261851,255,51.206
261861,255,51.213
261871,255,51.206
261881,255,51.200
261891,255,51.200
261901,255,51.200
261911,255,51.200
261921,255,51.219
261931,255,51.206
261941,255,51.206
261951,255,51.206
261961,255,51.200
261971,255,51.200
261981,255,51.200
261991,255,51.200
262001,0,51.175
262011,0,51.163
262021,0,50.944
262031,0,50.538
262041,0,49.981
262051,0,49.213
262061,0,48.419
262071,0,47.606
262081,0,46.938
262091,0,46.256
262101,0,45.638
262111,0,45.069
262121,0,44.513
262131,0,43.931
262141,0,43.381
262151,0,42.831
262161,0,42.381
262171,0,41.881
262181,0,41.444
262191,0,41.019
262201,0,40.625
262211,0,40.194
262221,0,39.825
262231,0,39.438
262241,0,39.131
262251,0,38.750
262261,0,38.438
262271,0,38.119
262281,0,37.800
262291,0,37.494
262301,0,37.200
262311,0,36.919
262321,0,36.625
262331,0,36.331
262341,0,36.081
262351,0,35.831
262361,0,35.588
262371,0,35.331
262381,0,35.125
262391,0,34.894
262401,0,34.650
262411,0,34.456
262421,0,34.225
262431,0,34.000
262441,0,33.813
262451,0,33.581
262461,0,33.394
262471,0,33.200
262481,0,33.025
262491,0,32.831
262501,0,32.650
262511,0,32.463
262521,0,32.300
262531,0,32.100
262541,0,31.956
262551,0,31.781
262561,0,31.600
262571,0,31.463
262581,0,31.288
262591,0,31.150
262601,0,30.975
262611,0,30.794
262621,0,30.663
262631,0,30.488
262641,0,30.350
262651,0,30.225
262661,0,30.063
262671,0,29.906
262681,0,29.769
262691,0,29.644
262701,0,29.506
262711,0,29.319
262721,0,29.188
262731,0,29.063
262741,0,28.950
262751,0,28.819
262761,0,28.694
262771,0,28.575
262781,0,28.444
262791,0,28.313
262801,0,28.188
262811,0,28.056
262821,0,27.938
262831,0,27.806
262841,0,27.681
262851,0,27.563
262861,0,27.438
262871,0,27.338
262881,0,27.238
262891,0,27.113
262901,0,26.981
262911,0,26.856
262921,0,26.763
262931,0,26.638
262941,0,26.506
262951,0,26.450
262961,0,26.319
262971,0,26.194
262981,0,26.069
262991,0,26.006
263001,0,25.894
263011,0,25.769
263021,0,25.681
263031,0,25.581
263041,0,25.450
263051,0,25.350
263061,0,25.256
263071,0,25.138
263081,0,25.069
263091,0,24.956
263101,0,24.831
263111,0,24.769
263121,0,24.644
263131,0,24.550
263141,0,24.450
263151,0,24.319
263161,0,24.263
263171,0,24.131
263181,0,24.069
263191,0,23.944
263201,0,23.881
263211,0,23.769
263221,0,23.644
263231,0,23.581
263241,0,23.456
263251,0,23.400
263261,0,23.288
263271,0,23.169
263281,0,23.113
263291,0,23.013
263301,0,22.919
263311,0,22.813
263321,0,22.725
263331,0,22.619
263341,0,22.538
263351,0,22.469
263361,0,22.356
263371,0,22.281
263381,0,22.175
263391,0,22.119
263401,0,21.994
263411,0,21.925
263421,0,21.825
263431,0,21.731
263441,0,21.669
263451,0,21.550
263461,0,21.481
263471,0,21.375
263481,0,21.313
263491,0,21.219
263501,0,21.125
263511,0,21.050
263521,0,20.925
263531,0,20.863
263541,0,20.756
263551,0,20.681
263561,0,20.613
263571,0,20.500
263581,0,20.444
263591,0,20.331
263601,0,20.269
263611,0,20.163
263621,0,20.094
263631,0,20.019
263641,0,19.913
263651,0,19.844
263661,0,19.756
263671,0,19.663
263681,0,19.594
263691,0,19.494
263701,0,19.406
263711,0,19.338
263721,0,19.231
263731,0,19.163
263741,0,19.088
263751,0,18.988
263761,0,18.919
263771,0,18.819
263781,0,18.719
263791,0,18.669
263801,0,18.600
263811,0,18.494
263821,0,18.425
263831,0,18.350
263841,0,18.244
263851,0,18.188
263861,0,18.088
263871,0,17.981
263881,0,17.925
263891,0,17.813
263901,0,17.731
263911,0,17.663
263921,0,17.631
263931,0,17.525
263941,0,17.425
263951,0,17.325
263961,0,17.269
263971,0,17.156
263981,0,17.100
263991,0,17.031
