t_ms,PWM,Presion_kPa
10,0,0.475
20,0,0.475
30,0,0.475
40,0,0.469
50,0,0.481
60,0,0.475
70,0,0.475
80,0,0.475
90,0,0.475
100,0,0.481
110,0,0.481
120,0,0.463
130,0,0.481
140,0,0.475
150,0,0.475
160,0,0.488
170,0,0.488
180,0,0.488
190,0,0.488
200,0,0.488
210,0,0.488
220,0,0.494
230,0,0.494
240,0,0.488
250,0,0.494
260,0,0.494
270,0,0.488
280,0,0.494
290,0,0.494
300,0,0.488
310,0,0.488
320,0,0.500
330,0,0.494
340,0,0.494
350,0,0.500
360,0,0.500
370,0,0.506
380,0,0.494
390,0,0.500
400,0,0.506
410,0,0.500
420,0,0.506
430,0,0.506
440,0,0.513
450,0,0.506
460,0,0.500
470,0,0.513
480,0,0.506
490,0,0.519
500,0,0.513
510,0,0.513
520,0,0.506
530,0,0.506
540,0,0.506
550,0,0.513
560,0,0.513
570,0,0.506
580,0,0.513
590,0,0.519
600,0,0.519
610,0,0.519
620,0,0.513
630,0,0.506
640,0,0.519
650,0,0.513
660,0,0.513
670,0,0.506
680,0,0.513
690,0,0.513
700,0,0.513
710,0,0.513
720,0,0.519
730,0,0.506
740,0,0.506
750,0,0.506
760,0,0.506
770,0,0.513
780,0,0.513
790,0,0.519
800,0,0.513
810,0,0.513
820,0,0.525
830,0,0.500
840,0,0.506
850,0,0.506
860,0,0.506
870,0,0.506
880,0,0.513
890,0,0.513
900,0,0.500
910,0,0.506
920,0,0.506
930,0,0.506
940,0,0.506
950,0,0.506
960,0,0.513
970,0,0.506
980,0,0.513
990,0,0.506
1000,0,0.513
1010,0,0.506
1020,0,0.506
1030,0,0.513
1040,0,0.519
1050,0,0.519
1060,0,0.513
1070,0,0.519
1080,0,0.519
1090,0,0.506
1100,0,0.513
1110,0,0.519
1120,0,0.513
1130,0,0.513
1140,0,0.500
1150,0,0.513
1160,0,0.519
1170,0,0.519
1180,0,0.519
1190,0,0.519
1200,0,0.519
1210,0,0.519
1220,0,0.513
1230,0,0.525
1240,0,0.525
1250,0,0.519
1260,0,0.519
1270,0,0.525
1280,0,0.513
1290,0,0.525
1300,0,0.513
1310,0,0.519
1320,0,0.519
1330,0,0.525
1340,0,0.525
1350,0,0.519
1360,0,0.525
1370,0,0.519
1380,0,0.525
1390,0,0.519
1400,0,0.513
1410,0,0.519
1420,0,0.519
1430,0,0.525
1440,0,0.519
1450,0,0.525
1460,0,0.519
1470,0,0.513
1480,0,0.519
1490,0,0.531
1500,0,0.519
1510,0,0.513
1520,0,0.513
1530,0,0.525
1540,0,0.525
1550,0,0.525
1560,0,0.519
1570,0,0.519
1580,0,0.513
1590,0,0.519
1600,0,0.525
1610,0,0.519
1620,0,0.525
1630,0,0.519
1640,0,0.519
1650,0,0.525
1660,0,0.525
1670,0,0.519
1680,0,0.525
1690,0,0.531
1700,0,0.525
1710,0,0.525
1720,0,0.531
1730,0,0.525
1740,0,0.519
1750,0,0.513
1760,0,0.519
1770,0,0.519
1780,0,0.513
1790,0,0.513
1800,0,0.525
1810,0,0.531
1820,0,0.538
1830,0,0.519
1840,0,0.519
1850,0,0.525
1860,0,0.519
1870,0,0.531
1880,0,0.525
1890,0,0.525
1900,0,0.525
1910,0,0.525
1920,0,0.525
1930,0,0.519
1940,0,0.525
1950,0,0.519
1960,0,0.519
1970,0,0.525
1980,0,0.525
1990,0,0.531
2000,0,0.525
2010,0,0.531
2020,0,0.538
2030,0,0.525
2040,0,0.531
2050,0,0.525
2060,0,0.538
2070,0,0.525
2080,0,0.538
2090,0,0.538
2100,0,0.538
2110,0,0.538
2120,0,0.544
2130,0,0.538
2140,0,0.538
2150,0,0.544
2160,0,0.544
2170,0,0.544
2180,0,0.544
2190,0,0.538
2200,0,0.544
2210,0,0.544
2220,0,0.550
2230,0,0.525
2240,0,0.531
2250,0,0.544
2260,0,0.538
2270,0,0.525
2280,0,0.538
2290,0,0.531
2300,0,0.538
2310,0,0.531
2320,0,0.531
2330,0,0.525
2340,0,0.531
2350,0,0.531
2360,0,0.538
2370,0,0.538
2380,0,0.544
2390,0,0.538
2400,0,0.538
2410,0,0.538
2420,0,0.531
2430,0,0.531
2440,0,0.544
2450,0,0.538
2460,0,0.544
2470,0,0.544
2480,0,0.550
2490,0,0.531
2500,0,0.525
2510,0,0.538
2520,0,0.538
2530,0,0.538
2540,0,0.538
2550,0,0.538
2560,0,0.538
2570,0,0.531
2580,0,0.538
2590,0,0.531
2600,0,0.538
2610,0,0.531
2620,0,0.544
2630,0,0.544
2640,0,0.550
2650,0,0.544
2660,0,0.544
2670,0,0.531
2680,0,0.538
2690,0,0.538
2700,0,0.538
2710,0,0.531
2720,0,0.544
2730,0,0.538
2740,0,0.538
2750,0,0.538
2760,0,0.544
2770,0,0.538
2780,0,0.538
2790,0,0.538
2800,0,0.538
2810,0,0.544
2820,0,0.563
2830,0,0.538
2840,0,0.538
2850,0,0.544
2860,0,0.544
2870,0,0.544
2880,0,0.550
2890,0,0.544
2900,0,0.544
2910,0,0.550
2920,0,0.550
2930,0,0.550
2940,0,0.550
2950,0,0.538
2960,0,0.538
2970,0,0.538
2980,0,0.550
2990,0,0.544
3000,0,0.538
3010,0,0.544
3020,0,0.550
3030,0,0.544
3040,0,0.550
3050,0,0.550
3060,0,0.544
3070,0,0.544
3080,0,0.544
3090,0,0.550
3100,0,0.556
3110,0,0.556
3120,0,0.556
3130,0,0.550
3140,0,0.550
3150,0,0.569
3160,0,0.550
3170,0,0.544
3180,0,0.550
3190,0,0.550
3200,0,0.550
3210,0,0.538
3220,0,0.544
3230,0,0.556
3240,0,0.556
3250,0,0.556
3260,0,0.550
3270,0,0.556
3280,0,0.556
3290,0,0.550
3300,0,0.556
3310,0,0.550
3320,0,0.556
3330,0,0.556
3340,0,0.550
3350,0,0.544
3360,0,0.550
3370,0,0.550
3380,0,0.544
3390,0,0.550
3400,0,0.556
3410,0,0.550
3420,0,0.550
3430,0,0.538
3440,0,0.544
3450,0,0.544
3460,0,0.544
3470,0,0.544
3480,0,0.550
3490,0,0.550
3500,0,0.550
3510,0,0.544
3520,0,0.544
3530,0,0.550
3540,0,0.556
3550,0,0.550
3560,0,0.556
3570,0,0.550
3580,0,0.556
3590,0,0.550
3600,0,0.550
3610,0,0.538
3620,0,0.550
3630,0,0.550
3640,0,0.550
3650,0,0.563
3660,0,0.563
3670,0,0.563
3680,0,0.569
3690,0,0.556
3700,0,0.556
3710,0,0.550
3720,0,0.550
3730,0,0.556
3740,0,0.563
3750,0,0.556
3760,0,0.569
3770,0,0.569
3780,0,0.563
3790,0,0.563
3800,0,0.556
3810,0,0.556
3820,0,0.575
3830,0,0.556
3840,0,0.556
3850,0,0.563
3860,0,0.556
3870,0,0.550
3880,0,0.544
3890,0,0.550
3900,0,0.556
3910,0,0.556
3920,0,0.563
3930,0,0.556
3940,0,0.563
3950,0,0.563
3960,0,0.550
3970,0,0.550
3980,0,0.550
3990,0,0.563
4000,0,0.563
4010,0,0.563
4020,0,0.569
4030,0,0.563
4040,0,0.569
4050,0,0.569
4060,0,0.575
4070,0,0.563
4080,0,0.563
4090,0,0.556
4100,0,0.563
4110,0,0.563
4120,0,0.569
4130,0,0.563
4140,0,0.569
4150,0,0.575
4160,0,0.563
4170,0,0.550
4180,0,0.556
4190,0,0.563
4200,0,0.563
4210,0,0.563
4220,0,0.569
4230,0,0.556
4240,0,0.563
4250,0,0.556
4260,0,0.563
4270,0,0.563
4280,0,0.575
4290,0,0.563
4300,0,0.563
4310,0,0.569
4320,0,0.569
4330,0,0.563
4340,0,0.569
4350,0,0.569
4360,0,0.569
4370,0,0.569
4380,0,0.569
4390,0,0.569
4400,0,0.569
4410,0,0.569
4420,0,0.569
4430,0,0.569
4440,0,0.575
4450,0,0.563
4460,0,0.563
4470,0,0.556
4480,0,0.563
4490,0,0.544
4500,0,0.544
4510,0,0.544
4520,0,0.550
4530,0,0.544
4540,0,0.544
4550,0,0.500
4560,0,0.519
4570,0,0.594
4580,0,0.531
4590,0,0.913
4600,0,1.888
4610,0,2.119
4620,0,2.900
4630,0,3.231
4640,0,4.219
4650,0,3.881
4660,0,4.781
4670,0,6.200
4680,0,6.706
4690,0,5.525
4700,0,5.375
4710,0,5.275
4720,0,4.900
4730,0,5.275
4740,0,5.813
4750,0,6.213
4760,0,6.706
4770,0,6.963
4780,0,6.944
4790,0,6.888
4800,0,6.981
4810,0,7.150
4820,0,7.406
4830,0,7.625
4840,0,8.106
4850,0,8.531
4860,0,8.869
4870,0,9.344
4880,0,9.431
4890,0,9.706
4900,0,10.269
4910,0,10.581
4920,0,11.750
4930,0,12.781
4940,0,13.069
4950,0,12.675
4960,0,12.581
4970,0,10.463
4980,0,10.425
4990,0,10.456
5000,0,10.600
5010,0,10.550
5020,0,10.581
5030,0,10.669
5040,0,10.781
5050,0,10.819
5060,0,10.594
5070,0,10.850
5080,0,11.469
5090,0,11.650
5100,0,11.794
5110,0,11.725
5120,0,11.556
5130,0,11.463
5140,0,11.281
5150,0,11.425
5160,0,11.563
5170,0,11.131
5180,0,8.669
5190,0,11.631
5200,0,13.256
5210,0,3.931
5220,0,3.944
5230,0,3.969
5240,0,3.956
5250,0,3.125
5260,0,2.813
5270,0,2.813
5280,0,2.819
5290,0,6.469
5300,0,6.381
5310,0,2.000
5320,0,2.819
5330,0,5.181
5340,0,4.425
5350,0,2.769
5360,0,2.388
5370,0,1.419
5380,0,0.800
5390,0,1.163
5400,0,2.381
5410,0,2.063
5420,0,1.775
5430,0,1.138
5440,0,0.869
5450,0,1.163
5460,0,1.838
5470,0,2.419
5480,0,2.681
5490,0,1.856
5500,0,3.044
5510,0,2.700
5520,0,1.725
5530,0,2.638
5540,0,2.013
5550,0,1.438
5560,0,1.256
5570,0,0.844
5580,0,0.806
5590,0,0.794
5600,0,0.806
5610,0,0.794
5620,0,0.806
5630,0,0.806
5640,0,0.838
5650,0,1.000
5660,0,2.294
5670,0,2.950
5680,0,2.744
5690,0,0.813
5700,0,1.063
5710,0,2.138
5720,0,3.050
5730,0,1.938
5740,0,2.081
5750,0,1.169
5760,0,1.588
5770,0,1.963
5780,0,2.056
5790,0,2.419
5800,0,2.850
5810,0,4.275
5820,0,2.169
5830,0,1.006
5840,0,0.994
5850,0,0.825
5860,0,0.819
5870,0,0.756
5880,0,0.288
5890,0,0.806
5900,0,0.831
5910,0,0.819
5920,0,0.713
5930,0,0.650
5940,0,0.575
5950,0,0.488
5960,0,0.388
5970,0,0.350
5980,0,0.356
5990,0,0.306
6000,0,0.738
6010,0,0.500
6020,0,0.556
6030,0,0.613
6040,0,0.556
6050,0,0.450
6060,0,0.425
6070,0,0.444
6080,0,0.431
6090,0,0.425
6100,0,0.419
6110,0,0.419
6120,0,0.375
6130,0,0.306
6140,0,0.300
6150,0,0.306
6160,0,0.344
6170,0,0.375
6180,0,0.375
6190,0,0.369
6200,0,0.375
6210,0,0.369
6220,0,0.369
6230,0,0.363
6240,0,0.375
6250,0,0.450
6260,0,0.588
6270,0,0.631
6280,0,0.913
6290,0,0.600
6300,0,0.406
6310,0,0.394
6320,0,0.388
6330,0,0.375
6340,0,0.375
6350,0,0.375
6360,0,0.375
6370,0,0.369
6380,0,0.388
6390,0,0.394
6400,0,0.381
6410,0,0.381
6420,0,0.406
6430,0,0.413
6440,0,0.406
6450,0,0.388
6460,0,0.319
6470,0,0.300
6480,0,0.269
6490,0,0.275
6500,0,0.400
6510,0,0.425
6520,0,0.131
6530,0,0.031
6540,0,0.031
6550,0,0.019
6560,0,0.025
6570,0,0.019
6580,0,0.019
6590,0,0.013
6600,0,0.019
6610,0,0.013
6620,0,0.013
6630,0,0.006
6640,0,0.000
6650,0,-0.006
6660,0,-0.012
6670,0,-0.006
6680,0,-0.012
6690,0,0.000
6700,0,-0.025
6710,0,-0.031
6720,0,-0.031
6730,0,-0.019
6740,0,-0.037
6750,0,-0.044
6760,0,-0.044
6770,0,-0.025
6780,0,-0.037
6790,0,-0.031
6800,0,-0.037
6810,0,-0.031
6820,0,-0.044
6830,0,-0.044
6840,0,-0.044
6850,0,-0.025
6860,0,-0.037
6870,0,-0.044
6880,0,-0.037
6890,0,-0.019
6900,0,-0.031
6910,0,-0.037
6920,0,-0.012
6930,0,-0.031
6940,0,-0.037
6950,0,-0.019
6960,0,-0.031
6970,0,-0.037
6980,0,-0.012
6990,0,-0.037
7000,0,-0.031
7010,5,-0.019
7020,5,-0.037
7030,5,-0.019
7040,5,-0.031
7050,5,-0.037
7060,5,-0.019
7070,5,-0.031
7080,5,-0.044
7090,5,-0.012
7100,5,-0.031
7110,5,-0.037
7120,5,-0.019
7130,5,-0.031
7140,5,-0.031
7150,5,-0.025
7160,5,-0.037
7170,5,-0.044
7180,5,-0.044
7190,5,-0.019
7200,5,-0.031
7210,5,-0.037
7220,5,-0.019
7230,5,-0.037
7240,5,-0.031
7250,5,-0.037
7260,5,-0.031
7270,5,-0.044
7280,5,-0.044
7290,5,-0.044
7300,5,-0.019
7310,5,-0.044
7320,5,-0.044
7330,5,-0.025
7340,5,-0.044
7350,5,-0.044
7360,5,-0.044
7370,5,-0.025
7380,5,-0.037
7390,5,-0.044
7400,5,-0.037
7410,5,-0.025
7420,5,-0.044
7430,5,-0.037
7440,5,-0.044
7450,5,-0.037
7460,5,-0.025
7470,5,-0.044
7480,5,-0.031
7490,5,-0.044
7500,5,-0.037
7510,5,-0.019
7520,5,-0.037
7530,5,-0.044
7540,5,-0.044
7550,5,-0.019
7560,5,-0.031
7570,5,-0.044
7580,5,-0.019
7590,5,-0.031
7600,5,-0.037
7610,5,-0.019
7620,5,-0.037
7630,5,-0.044
7640,5,-0.044
7650,5,-0.025
7660,5,-0.037
7670,5,-0.044
7680,5,-0.044
7690,5,-0.025
7700,5,-0.037
7710,5,-0.037
7720,5,-0.037
7730,5,-0.037
7740,5,-0.044
7750,5,-0.044
7760,5,-0.019
7770,5,-0.037
7780,5,-0.050
7790,5,-0.050
7800,5,-0.031
7810,5,-0.025
7820,5,-0.050
7830,5,-0.044
7840,5,-0.037
7850,5,-0.044
7860,5,-0.044
7870,5,-0.044
7880,5,-0.031
7890,5,-0.044
7900,5,-0.044
7910,5,-0.044
7920,5,-0.025
7930,5,-0.025
7940,5,-0.031
7950,5,-0.031
7960,5,-0.031
7970,5,-0.031
7980,5,-0.037
7990,5,-0.019
8000,5,-0.025
8010,5,-0.037
8020,5,-0.037
8030,5,-0.031
8040,5,-0.037
8050,5,-0.031
8060,5,-0.031
8070,5,-0.031
8080,5,-0.031
8090,5,-0.031
8100,5,-0.031
8110,5,-0.031
8120,5,-0.037
8130,5,-0.037
8140,5,-0.031
8150,5,-0.037
8160,5,-0.031
8170,5,-0.031
8180,5,-0.037
8190,5,-0.031
8200,5,-0.025
8210,5,-0.031
8220,5,-0.031
8230,5,-0.025
8240,5,-0.025
8250,5,-0.031
8260,5,-0.031
8270,5,-0.031
8280,5,-0.031
8290,5,-0.031
8300,5,-0.031
8310,5,-0.031
8320,5,-0.025
8330,5,-0.031
8340,5,-0.025
8350,5,-0.025
8360,5,-0.025
8370,5,-0.031
8380,5,-0.025
8390,5,-0.031
8400,5,-0.031
8410,5,-0.031
8420,5,-0.031
8430,5,-0.031
8440,5,-0.031
8450,5,-0.031
8460,5,-0.031
8470,5,-0.031
8480,5,-0.019
8490,5,-0.025
8500,5,-0.006
8510,5,-0.031
8520,5,-0.031
8530,5,-0.012
8540,5,-0.025
8550,5,-0.031
8560,5,-0.037
8570,5,-0.025
8580,5,-0.031
8590,5,-0.006
8600,5,-0.019
8610,5,-0.025
8620,5,-0.012
8630,5,-0.025
8640,5,-0.031
8650,5,-0.037
8660,5,-0.025
8670,5,-0.025
8680,5,-0.006
8690,5,-0.031
8700,5,-0.031
8710,5,-0.012
8720,5,-0.025
8730,5,-0.031
8740,5,-0.031
8750,5,-0.025
8760,5,-0.019
8770,5,-0.031
8780,5,-0.006
8790,5,-0.025
8800,5,-0.031
8810,5,-0.006
8820,5,-0.037
8830,5,-0.019
8840,5,-0.025
8850,5,-0.031
8860,5,-0.031
8870,5,-0.025
8880,5,-0.019
8890,5,-0.031
8900,5,-0.037
8910,5,-0.031
8920,5,-0.037
8930,5,-0.031
8940,5,-0.037
8950,5,-0.031
8960,5,-0.037
8970,5,-0.031
8980,5,-0.031
8990,5,-0.031
9000,5,-0.025
9010,5,-0.031
9020,5,-0.031
9030,5,-0.025
9040,5,-0.031
9050,5,-0.012
9060,5,-0.025
9070,5,-0.031
9080,5,-0.031
9090,5,-0.025
9100,5,-0.031
9110,5,-0.031
9120,5,-0.031
9130,5,-0.031
9140,5,-0.012
9150,5,-0.019
9160,5,-0.031
9170,5,0.000
9180,5,-0.012
9190,5,-0.025
9200,5,-0.031
9210,5,-0.031
9220,5,-0.025
9230,5,-0.031
9240,5,-0.031
9250,5,-0.031
9260,5,-0.025
9270,5,-0.025
9280,5,-0.031
9290,5,-0.025
9300,5,-0.025
9310,5,-0.031
9320,5,-0.012
9330,5,-0.019
9340,5,-0.031
9350,5,-0.031
9360,5,-0.031
9370,5,-0.031
9380,5,-0.031
9390,5,-0.037
9400,5,-0.012
9410,5,-0.037
9420,5,-0.031
9430,5,-0.025
9440,5,-0.025
9450,5,-0.025
9460,5,-0.012
9470,5,-0.025
9480,5,-0.006
9490,5,-0.025
9500,5,-0.012
9510,5,-0.025
9520,5,-0.025
9530,5,-0.031
9540,5,-0.012
9550,5,-0.031
9560,5,-0.031
9570,5,-0.012
9580,5,-0.031
9590,5,-0.025
9600,5,-0.019
9610,5,-0.031
9620,5,-0.031
9630,5,-0.019
9640,5,-0.037
9650,5,-0.037
9660,5,-0.037
9670,5,-0.037
9680,5,-0.037
9690,5,-0.031
9700,5,-0.031
9710,5,-0.031
9720,5,-0.037
9730,5,-0.037
9740,5,-0.037
9750,5,-0.037
9760,5,-0.044
9770,5,-0.037
9780,5,-0.012
9790,5,-0.031
9800,5,-0.031
9810,5,0.000
9820,5,-0.037
9830,5,-0.031
9840,5,-0.031
9850,5,-0.012
9860,5,-0.031
9870,5,-0.031
9880,5,-0.019
9890,5,-0.031
9900,5,-0.037
9910,5,-0.019
9920,5,-0.031
9930,5,-0.037
9940,5,-0.019
9950,5,-0.037
9960,5,-0.031
9970,5,-0.031
9980,5,-0.025
9990,5,-0.031
10000,5,-0.031
10010,5,-0.025
10020,5,-0.031
10030,5,-0.025
10040,5,-0.031
10050,5,-0.031
10060,5,-0.031
10070,5,-0.025
10080,5,-0.031
10090,5,-0.025
10100,5,-0.025
10110,5,-0.031
10120,5,-0.031
10130,5,-0.031
10140,5,-0.019
10150,5,-0.031
10160,5,-0.012
10170,5,-0.006
10180,5,-0.031
10190,5,-0.025
10200,5,-0.012
10210,5,-0.025
10220,5,-0.025
10230,5,-0.012
10240,5,-0.025
10250,5,-0.025
10260,5,-0.006
10270,5,-0.025
10280,5,-0.031
10290,5,-0.012
10300,5,-0.012
10310,5,-0.019
10320,5,-0.025
10330,5,-0.012
10340,5,-0.025
10350,5,-0.025
10360,5,-0.012
10370,5,-0.025
10380,5,-0.025
10390,5,-0.012
10400,5,-0.031
10410,5,-0.031
10420,5,-0.037
10430,5,-0.025
10440,5,-0.025
10450,5,-0.025
10460,5,-0.031
10470,5,-0.025
10480,5,-0.019
10490,5,-0.031
10500,5,-0.006
10510,5,-0.006
10520,5,-0.019
10530,5,-0.025
10540,5,-0.012
10550,5,-0.025
10560,5,-0.031
10570,5,-0.012
10580,5,-0.012
10590,5,-0.025
10600,5,-0.025
10610,5,-0.006
10620,5,-0.012
10630,5,-0.025
10640,5,-0.019
10650,5,-0.025
10660,5,-0.031
10670,5,-0.031
10680,5,-0.006
10690,5,-0.019
10700,5,-0.025
10710,5,-0.025
10720,5,-0.006
10730,5,-0.019
10740,5,-0.031
10750,5,-0.012
10760,5,-0.006
10770,5,-0.031
10780,5,-0.031
10790,5,-0.012
10800,5,-0.006
10810,5,-0.012
10820,5,-0.031
10830,5,-0.012
10840,5,-0.012
10850,5,-0.025
10860,5,-0.025
10870,5,-0.012
10880,5,-0.025
10890,5,-0.031
10900,5,-0.019
10910,5,-0.006
10920,5,-0.031
10930,5,-0.031
10940,5,-0.019
10950,5,-0.012
10960,5,-0.025
10970,5,-0.025
10980,5,-0.012
10990,5,-0.025
11000,5,-0.025
11010,5,-0.031
11020,5,-0.031
11030,5,-0.025
11040,5,-0.031
11050,5,-0.031
11060,5,-0.031
11070,5,-0.025
11080,5,-0.031
11090,5,-0.031
11100,5,-0.025
11110,5,-0.025
11120,5,-0.031
11130,5,-0.037
11140,5,-0.012
11150,5,-0.037
11160,5,-0.012
11170,5,-0.006
11180,5,-0.031
11190,5,-0.031
11200,5,-0.019
11210,5,-0.012
11220,5,-0.025
11230,5,-0.037
11240,5,-0.012
11250,5,-0.006
11260,5,-0.025
11270,5,-0.025
11280,5,-0.012
11290,5,-0.025
11300,5,-0.025
11310,5,-0.012
11320,5,-0.031
11330,5,-0.025
11340,5,-0.031
11350,5,-0.025
11360,5,-0.025
11370,5,-0.019
11380,5,-0.025
11390,5,-0.006
11400,5,-0.025
11410,5,-0.025
11420,5,-0.012
11430,5,-0.031
11440,5,-0.019
11450,5,-0.025
11460,5,-0.006
11470,5,-0.025
11480,5,-0.025
11490,5,-0.006
11500,5,-0.025
11510,5,-0.031
11520,5,-0.012
11530,5,-0.006
11540,5,-0.019
11550,5,-0.019
11560,5,-0.019
11570,5,-0.031
11580,5,-0.012
11590,5,0.000
11600,5,-0.019
11610,5,-0.012
11620,5,-0.025
11630,5,-0.025
11640,5,-0.019
11650,5,0.000
11660,5,-0.025
11670,5,-0.019
11680,5,-0.025
11690,5,0.000
11700,5,-0.025
11710,5,-0.019
11720,5,-0.025
11730,5,-0.006
11740,5,-0.012
11750,5,-0.012
11760,5,-0.012
11770,5,-0.019
11780,5,-0.019
11790,5,-0.025
11800,5,-0.006
11810,5,-0.006
11820,5,-0.019
11830,5,-0.019
11840,5,-0.025
11850,5,-0.006
11860,5,-0.019
11870,5,-0.025
11880,5,0.000
11890,5,-0.019
11900,5,-0.019
11910,5,-0.025
11920,5,-0.006
11930,5,-0.019
11940,5,-0.025
11950,5,0.000
11960,5,-0.031
11970,5,-0.031
11980,5,-0.037
11990,5,-0.019
12000,5,-0.019
12010,10,-0.012
12020,10,-0.031
12030,10,-0.031
12040,10,-0.037
12050,10,-0.037
12060,10,-0.031
12070,10,-0.025
12080,10,-0.037
12090,10,-0.031
12100,10,-0.037
12110,10,-0.031
12120,10,-0.031
12130,10,-0.025
12140,10,-0.031
12150,10,-0.037
12160,10,-0.025
12170,10,-0.037
12180,10,-0.037
12190,10,-0.025
12200,10,-0.037
12210,10,-0.037
12220,10,-0.037
12230,10,-0.025
12240,10,-0.019
12250,10,-0.037
12260,10,-0.025
12270,10,-0.031
12280,10,-0.025
12290,10,-0.031
12300,10,-0.037
12310,10,-0.069
12320,10,-0.031
12330,10,-0.031
12340,10,-0.037
12350,10,-0.031
12360,10,-0.012
12370,10,-0.031
12380,10,-0.044
12390,10,-0.031
12400,10,-0.025
12410,10,-0.044
12420,10,-0.025
12430,10,-0.037
12440,10,-0.050
12450,10,-0.037
12460,10,-0.037
12470,10,-0.044
12480,10,-0.044
12490,10,-0.050
12500,10,-0.044
12510,10,-0.044
12520,10,-0.031
12530,10,-0.025
12540,10,-0.019
12550,10,-0.025
12560,10,-0.081
12570,10,-0.050
12580,10,-0.044
12590,10,-0.037
12600,10,-0.050
12610,10,-0.044
12620,10,-0.050
12630,10,-0.037
12640,10,-0.044
12650,10,-0.037
12660,10,-0.044
12670,10,-0.044
12680,10,-0.044
12690,10,-0.050
12700,10,-0.050
12710,10,-0.050
12720,10,-0.044
12730,10,-0.050
12740,10,-0.044
12750,10,-0.044
12760,10,-0.044
12770,10,-0.044
12780,10,-0.044
12790,10,-0.050
12800,10,-0.044
12810,10,-0.025
12820,10,-0.044
12830,10,-0.044
12840,10,-0.044
12850,10,-0.050
12860,10,-0.044
12870,10,-0.044
12880,10,-0.050
12890,10,-0.044
12900,10,-0.044
12910,10,-0.050
12920,10,-0.044
12930,10,-0.044
12940,10,-0.037
12950,10,-0.044
12960,10,-0.050
12970,10,-0.044
12980,10,-0.044
12990,10,-0.044
13000,10,-0.037
13010,10,-0.037
13020,10,-0.044
13030,10,-0.050
13040,10,-0.044
13050,10,-0.050
13060,10,-0.037
13070,10,-0.044
13080,10,-0.044
13090,10,-0.062
13100,10,-0.062
13110,10,-0.056
13120,10,-0.062
13130,10,-0.056
13140,10,-0.050
13150,10,-0.069
13160,10,-0.075
13170,10,-0.069
13180,10,-0.069
13190,10,-0.069
13200,10,-0.062
13210,10,-0.062
13220,10,-0.062
13230,10,-0.069
13240,10,-0.069
13250,10,-0.069
13260,10,-0.069
13270,10,-0.069
13280,10,-0.069
13290,10,-0.075
13300,10,-0.062
13310,10,-0.062
13320,10,-0.069
13330,10,-0.069
13340,10,-0.069
13350,10,-0.069
13360,10,-0.069
13370,10,-0.069
13380,10,-0.069
13390,10,-0.069
13400,10,-0.069
13410,10,-0.069
13420,10,-0.075
13430,10,-0.062
13440,10,-0.069
13450,10,-0.069
13460,10,-0.075
13470,10,-0.069
13480,10,-0.069
13490,10,-0.069
13500,10,-0.075
13510,10,-0.069
13520,10,-0.069
13530,10,-0.075
13540,10,-0.069
13550,10,-0.069
13560,10,-0.069
13570,10,-0.069
13580,10,-0.069
13590,10,-0.069
13600,10,-0.069
13610,10,-0.069
13620,10,-0.075
13630,10,-0.069
13640,10,-0.069
13650,10,-0.069
13660,10,-0.069
13670,10,-0.062
13680,10,-0.062
13690,10,-0.069
13700,10,-0.069
13710,10,-0.069
13720,10,-0.075
13730,10,-0.069
13740,10,-0.062
13750,10,-0.062
13760,10,-0.069
13770,10,-0.069
13780,10,-0.069
13790,10,-0.069
13800,10,-0.069
13810,10,-0.056
13820,10,-0.069
13830,10,-0.062
13840,10,-0.062
13850,10,-0.062
13860,10,-0.075
13870,10,-0.075
13880,10,-0.069
13890,10,-0.069
13900,10,-0.069
13910,10,-0.069
13920,10,-0.069
13930,10,-0.069
13940,10,-0.062
13950,10,-0.062
13960,10,-0.069
13970,10,-0.069
13980,10,-0.062
13990,10,-0.062
14000,10,-0.069
14010,10,-0.062
14020,10,-0.062
14030,10,-0.069
14040,10,-0.062
14050,10,-0.056
14060,10,-0.062
14070,10,-0.069
14080,10,-0.069
14090,10,-0.062
14100,10,-0.062
14110,10,-0.062
14120,10,-0.062
14130,10,-0.056
14140,10,-0.044
14150,10,-0.069
14160,10,-0.062
14170,10,-0.056
14180,10,-0.056
14190,10,-0.062
14200,10,-0.056
14210,10,-0.056
14220,10,-0.056
14230,10,-0.056
14240,10,-0.056
14250,10,-0.062
14260,10,-0.050
14270,10,-0.056
14280,10,-0.056
14290,10,-0.056
14300,10,-0.056
14310,10,-0.050
14320,10,-0.044
14330,10,-0.056
14340,10,-0.056
14350,10,-0.062
14360,10,-0.050
14370,10,-0.044
14380,10,-0.056
14390,10,-0.056
14400,10,-0.050
14410,10,-0.050
14420,10,-0.056
14430,10,-0.056
14440,10,-0.056
14450,10,-0.056
14460,10,-0.056
14470,10,-0.037
14480,10,-0.044
14490,10,-0.050
14500,10,-0.056
14510,10,-0.044
14520,10,-0.056
14530,10,-0.056
14540,10,-0.037
14550,10,-0.044
14560,10,-0.044
14570,10,-0.044
14580,10,-0.050
14590,10,-0.050
14600,10,-0.056
14610,10,-0.062
14620,10,-0.056
14630,10,-0.056
14640,10,-0.062
14650,10,-0.050
14660,10,-0.050
14670,10,-0.056
14680,10,-0.050
14690,10,-0.056
14700,10,-0.056
14710,10,-0.056
14720,10,-0.056
14730,10,-0.062
14740,10,-0.056
14750,10,-0.062
14760,10,-0.056
14770,10,-0.056
14780,10,-0.056
14790,10,-0.056
14800,10,-0.044
14810,10,-0.044
14820,10,-0.056
14830,10,-0.050
14840,10,-0.050
14850,10,-0.062
14860,10,-0.050
14870,10,-0.056
14880,10,-0.062
14890,10,-0.056
14900,10,-0.056
14910,10,-0.062
14920,10,-0.050
14930,10,-0.056
14940,10,-0.062
14950,10,-0.044
14960,10,-0.056
14970,10,-0.056
14980,10,-0.056
14990,10,-0.056
15000,10,-0.062
15010,10,-0.050
15020,10,-0.050
15030,10,-0.050
15040,10,-0.044
15050,10,-0.050
15060,10,-0.050
15070,10,-0.062
15080,10,-0.050
15090,10,-0.050
15100,10,-0.056
15110,10,-0.050
15120,10,-0.056
15130,10,-0.050
15140,10,-0.031
15150,10,-0.056
15160,10,-0.050
15170,10,-0.050
15180,10,-0.044
15190,10,-0.050
15200,10,-0.044
15210,10,-0.050
15220,10,-0.044
15230,10,-0.050
15240,10,-0.050
15250,10,-0.050
15260,10,-0.050
15270,10,-0.044
15280,10,-0.044
15290,10,-0.050
15300,10,-0.050
15310,10,-0.037
15320,10,-0.056
15330,10,-0.050
15340,10,-0.050
15350,10,-0.050
15360,10,-0.056
15370,10,-0.050
15380,10,-0.050
15390,10,-0.050
15400,10,-0.044
15410,10,-0.050
15420,10,-0.050
15430,10,-0.056
15440,10,-0.050
15450,10,-0.056
15460,10,-0.050
15470,10,-0.031
15480,10,-0.056
15490,10,-0.056
15500,10,-0.056
15510,10,-0.062
15520,10,-0.062
15530,10,-0.056
15540,10,-0.062
15550,10,-0.050
15560,10,-0.056
15570,10,-0.056
15580,10,-0.056
15590,10,-0.056
15600,10,-0.062
15610,10,-0.050
15620,10,-0.050
15630,10,-0.056
15640,10,-0.056
15650,10,-0.050
15660,10,-0.044
15670,10,-0.044
15680,10,-0.056
15690,10,-0.056
15700,10,-0.056
15710,10,-0.056
15720,10,-0.056
15730,10,-0.056
15740,10,-0.069
15750,10,-0.062
15760,10,-0.056
15770,10,-0.056
15780,10,-0.062
15790,10,-0.056
15800,10,-0.050
15810,10,-0.044
15820,10,-0.056
15830,10,-0.056
15840,10,-0.056
15850,10,-0.056
15860,10,-0.056
15870,10,-0.056
15880,10,-0.062
15890,10,-0.056
15900,10,-0.044
15910,10,-0.062
15920,10,-0.050
15930,10,-0.050
15940,10,-0.044
15950,10,-0.044
15960,10,-0.050
15970,10,-0.044
15980,10,-0.037
15990,10,-0.044
16000,10,-0.050
16010,10,-0.037
16020,10,-0.044
16030,10,-0.056
16040,10,-0.050
16050,10,-0.056
16060,10,-0.044
16070,10,-0.044
16080,10,-0.050
16090,10,-0.050
16100,10,-0.050
16110,10,-0.044
16120,10,-0.050
16130,10,-0.050
16140,10,-0.037
16150,10,-0.056
16160,10,-0.056
16170,10,-0.050
16180,10,-0.056
16190,10,-0.044
16200,10,-0.056
16210,10,-0.056
16220,10,-0.056
16230,10,-0.056
16240,10,-0.062
16250,10,-0.056
16260,10,-0.056
16270,10,-0.069
16280,10,-0.056
16290,10,-0.069
16300,10,-0.062
16310,10,-0.050
16320,10,-0.050
16330,10,-0.044
16340,10,-0.050
16350,10,-0.050
16360,10,-0.056
16370,10,-0.056
16380,10,-0.062
16390,10,-0.075
16400,10,-0.056
16410,10,-0.056
16420,10,-0.056
16430,10,-0.062
16440,10,-0.069
16450,10,-0.062
16460,10,-0.069
16470,10,-0.056
16480,10,-0.062
16490,10,-0.062
16500,10,-0.062
16510,10,-0.069
16520,10,-0.062
16530,10,-0.069
16540,10,-0.069
16550,10,-0.069
16560,10,-0.069
16570,10,-0.069
16580,10,-0.069
16590,10,-0.069
16600,10,-0.069
16610,10,-0.075
16620,10,-0.075
16630,10,-0.075
16640,10,-0.069
16650,10,-0.069
16660,10,-0.075
16670,10,-0.069
16680,10,-0.075
16690,10,-0.069
16700,10,-0.069
16710,10,-0.069
16720,10,-0.069
16730,10,-0.069
16740,10,-0.075
16750,10,-0.075
16760,10,-0.075
16770,10,-0.081
16780,10,-0.075
16790,10,-0.075
16800,10,-0.075
16810,10,-0.069
16820,10,-0.069
16830,10,-0.075
16840,10,-0.075
16850,10,-0.075
16860,10,-0.075
16870,10,-0.075
16880,10,-0.075
16890,10,-0.062
16900,10,-0.075
16910,10,-0.075
16920,10,-0.081
16930,10,-0.081
16940,10,-0.075
16950,10,-0.081
16960,10,-0.087
16970,10,-0.075
16980,10,-0.075
16990,10,-0.075
17000,10,-0.081
17010,15,-0.069
17020,15,-0.075
17030,15,-0.069
17040,15,-0.069
17050,15,-0.075
17060,15,-0.075
17070,15,-0.075
17080,15,-0.075
17090,15,-0.075
17100,15,-0.081
17110,15,-0.087
17120,15,-0.081
17130,15,-0.081
17140,15,-0.062
17150,15,-0.075
17160,15,-0.075
17170,15,-0.075
17180,15,-0.075
17190,15,-0.075
17200,15,-0.081
17210,15,-0.081
17220,15,-0.081
17230,15,-0.075
17240,15,-0.081
17250,15,-0.081
17260,15,-0.075
17270,15,-0.087
17280,15,-0.081
17290,15,-0.081
17300,15,-0.075
17310,15,-0.075
17320,15,-0.075
17330,15,-0.075
17340,15,-0.075
17350,15,-0.075
17360,15,-0.075
17370,15,-0.075
17380,15,-0.081
17390,15,-0.081
17400,15,-0.081
17410,15,-0.081
17420,15,-0.081
17430,15,-0.075
17440,15,-0.081
17450,15,-0.075
17460,15,-0.075
17470,15,-0.062
17480,15,-0.075
17490,15,-0.075
17500,15,-0.075
17510,15,-0.069
17520,15,-0.075
17530,15,-0.075
17540,15,-0.075
17550,15,-0.081
17560,15,-0.087
17570,15,-0.081
17580,15,-0.081
17590,15,-0.081
17600,15,-0.081
17610,15,-0.087
17620,15,-0.087
17630,15,-0.087
17640,15,-0.081
17650,15,-0.081
17660,15,-0.087
17670,15,-0.087
17680,15,-0.087
17690,15,-0.081
17700,15,-0.081
17710,15,-0.087
17720,15,-0.075
17730,15,-0.075
17740,15,-0.081
17750,15,-0.081
17760,15,-0.075
17770,15,-0.081
17780,15,-0.081
17790,15,-0.081
17800,15,-0.075
17810,15,-0.081
17820,15,-0.081
17830,15,-0.087
17840,15,-0.081
17850,15,-0.081
17860,15,-0.081
17870,15,-0.075
17880,15,-0.075
17890,15,-0.075
17900,15,-0.081
17910,15,-0.075
17920,15,-0.075
17930,15,-0.081
17940,15,-0.081
17950,15,-0.081
17960,15,-0.075
17970,15,-0.075
17980,15,-0.075
17990,15,-0.075
18000,15,-0.075
18010,15,-0.069
18020,15,-0.069
18030,15,-0.081
18040,15,-0.081
18050,15,-0.075
18060,15,-0.069
18070,15,-0.075
18080,15,-0.069
18090,15,-0.075
18100,15,-0.075
18110,15,-0.075
18120,15,-0.075
18130,15,-0.075
18140,15,-0.062
18150,15,-0.069
18160,15,-0.069
18170,15,-0.075
18180,15,-0.075
18190,15,-0.075
18200,15,-0.075
18210,15,-0.075
18220,15,-0.081
18230,15,-0.069
18240,15,-0.037
18250,15,-0.037
18260,15,-0.031
18270,15,-0.037
18280,15,-0.031
18290,15,-0.044
18300,15,-0.037
18310,15,-0.037
18320,15,-0.037
18330,15,-0.044
18340,15,-0.031
18350,15,-0.037
18360,15,-0.037
18370,15,-0.031
18380,15,-0.037
18390,15,-0.044
18400,15,-0.037
18410,15,-0.044
18420,15,-0.037
18430,15,-0.044
18440,15,-0.037
18450,15,-0.037
18460,15,-0.044
18470,15,-0.031
18480,15,-0.044
18490,15,-0.044
18500,15,-0.044
18510,15,-0.037
18520,15,-0.044
18530,15,-0.044
18540,15,-0.037
18550,15,-0.037
18560,15,-0.044
18570,15,-0.044
18580,15,-0.037
18590,15,-0.037
18600,15,-0.037
18610,15,-0.037
18620,15,-0.037
18630,15,-0.037
18640,15,-0.037
18650,15,-0.031
18660,15,-0.044
18670,15,-0.037
18680,15,-0.044
18690,15,-0.037
18700,15,-0.037
18710,15,-0.037
18720,15,-0.044
18730,15,-0.037
18740,15,-0.037
18750,15,-0.037
18760,15,-0.031
18770,15,-0.044
18780,15,-0.044
18790,15,-0.044
18800,15,-0.031
18810,15,-0.037
18820,15,-0.037
18830,15,-0.037
18840,15,-0.037
18850,15,-0.044
18860,15,-0.037
18870,15,-0.044
18880,15,-0.044
18890,15,-0.037
18900,15,-0.037
18910,15,-0.044
18920,15,-0.031
18930,15,-0.037
18940,15,-0.037
18950,15,-0.037
18960,15,-0.044
18970,15,-0.044
18980,15,-0.037
18990,15,-0.037
19000,15,-0.031
19010,15,-0.031
19020,15,-0.044
19030,15,-0.044
19040,15,-0.044
19050,15,-0.050
19060,15,-0.037
19070,15,-0.031
19080,15,-0.037
19090,15,-0.037
19100,15,-0.037
19110,15,-0.037
19120,15,-0.044
19130,15,-0.037
19140,15,-0.031
19150,15,-0.037
19160,15,-0.044
19170,15,-0.037
19180,15,-0.037
19190,15,-0.037
19200,15,-0.037
19210,15,-0.037
19220,15,-0.044
19230,15,-0.044
19240,15,-0.050
19250,15,-0.031
19260,15,-0.037
19270,15,-0.037
19280,15,-0.037
19290,15,-0.037
19300,15,-0.044
19310,15,-0.037
19320,15,-0.031
19330,15,-0.037
19340,15,-0.037
19350,15,-0.037
19360,15,-0.037
19370,15,-0.044
19380,15,-0.044
19390,15,-0.037
19400,15,-0.044
19410,15,-0.050
19420,15,-0.037
19430,15,-0.044
19440,15,-0.044
19450,15,-0.044
19460,15,-0.044
19470,15,-0.025
19480,15,-0.050
19490,15,-0.044
19500,15,-0.050
19510,15,-0.044
19520,15,-0.044
19530,15,-0.050
19540,15,-0.037
19550,15,-0.037
19560,15,-0.037
19570,15,-0.044
19580,15,-0.044
19590,15,-0.044
19600,15,-0.044
19610,15,-0.044
19620,15,-0.044
19630,15,-0.044
19640,15,-0.044
19650,15,-0.037
19660,15,-0.037
19670,15,-0.050
19680,15,-0.037
19690,15,-0.037
19700,15,-0.037
19710,15,-0.056
19720,15,-0.044
19730,15,-0.044
19740,15,-0.050
19750,15,-0.037
19760,15,-0.044
19770,15,-0.044
19780,15,-0.044
19790,15,-0.044
19800,15,-0.044
19810,15,-0.050
19820,15,-0.044
19830,15,-0.044
19840,15,-0.050
19850,15,-0.044
19860,15,-0.056
19870,15,-0.044
19880,15,-0.044
19890,15,-0.044
19900,15,-0.050
19910,15,-0.044
19920,15,-0.037
19930,15,-0.044
19940,15,-0.050
19950,15,-0.044
19960,15,-0.050
19970,15,-0.056
19980,15,-0.044
19990,15,-0.044
20000,15,-0.050
20010,15,-0.037
20020,15,-0.037
20030,15,-0.050
20040,15,-0.037
20050,15,-0.044
20060,15,-0.044
20070,15,-0.044
20080,15,-0.050
20090,15,-0.037
20100,15,-0.031
20110,15,-0.037
20120,15,-0.050
20130,15,-0.031
20140,15,-0.025
20150,15,-0.044
20160,15,-0.037
20170,15,-0.044
20180,15,-0.044
20190,15,-0.044
20200,15,-0.044
20210,15,-0.037
20220,15,-0.044
20230,15,-0.050
20240,15,-0.050
20250,15,-0.050
20260,15,-0.044
20270,15,-0.044
20280,15,-0.044
20290,15,-0.050
20300,15,-0.037
20310,15,-0.044
20320,15,-0.044
20330,15,-0.044
20340,15,-0.044
20350,15,-0.044
20360,15,-0.044
20370,15,-0.037
20380,15,-0.037
20390,15,-0.044
20400,15,-0.050
20410,15,-0.037
20420,15,-0.044
20430,15,-0.044
20440,15,-0.050
20450,15,-0.050
20460,15,-0.044
20470,15,-0.031
20480,15,-0.050
20490,15,-0.037
20500,15,-0.037
20510,15,-0.050
20520,15,-0.044
20530,15,-0.044
20540,15,-0.044
20550,15,-0.044
20560,15,-0.044
20570,15,-0.037
20580,15,-0.044
20590,15,-0.044
20600,15,-0.044
20610,15,-0.044
20620,15,-0.044
20630,15,-0.044
20640,15,-0.037
20650,15,-0.044
20660,15,-0.044
20670,15,-0.037
20680,15,-0.044
20690,15,-0.050
20700,15,-0.050
20710,15,-0.050
20720,15,-0.037
20730,15,-0.031
20740,15,-0.006
20750,15,-0.037
20760,15,-0.031
20770,15,-0.031
20780,15,-0.037
20790,15,-0.037
20800,15,-0.006
20810,15,-0.006
20820,15,-0.012
20830,15,-0.019
20840,15,-0.006
20850,15,-0.025
20860,15,-0.025
20870,15,-0.031
20880,15,-0.044
20890,15,-0.044
20900,15,-0.044
20910,15,-0.044
20920,15,-0.044
20930,15,-0.044
20940,15,-0.044
20950,15,-0.037
20960,15,-0.050
20970,15,-0.050
20980,15,-0.044
20990,15,-0.037
21000,15,-0.037
21010,15,-0.044
21020,15,-0.031
21030,15,-0.044
21040,15,-0.044
21050,15,-0.050
21060,15,-0.037
21070,15,-0.044
21080,15,-0.050
21090,15,-0.044
21100,15,-0.037
21110,15,-0.044
21120,15,-0.044
21130,15,-0.037
21140,15,-0.044
21150,15,-0.044
21160,15,-0.050
21170,15,-0.050
21180,15,-0.050
21190,15,-0.050
21200,15,-0.044
21210,15,-0.031
21220,15,-0.037
21230,15,-0.031
21240,15,-0.037
21250,15,-0.050
21260,15,-0.056
21270,15,-0.044
21280,15,-0.044
21290,15,-0.037
21300,15,-0.037
21310,15,-0.037
21320,15,-0.025
21330,15,-0.025
21340,15,-0.025
21350,15,-0.056
21360,15,-0.062
21370,15,-0.056
21380,15,-0.056
21390,15,-0.056
21400,15,-0.056
21410,15,-0.056
21420,15,-0.056
21430,15,-0.062
21440,15,-0.062
21450,15,-0.056
21460,15,-0.062
21470,15,-0.037
21480,15,-0.050
21490,15,-0.050
21500,15,-0.062
21510,15,-0.062
21520,15,-0.062
21530,15,-0.056
21540,15,-0.056
21550,15,-0.062
21560,15,-0.056
21570,15,-0.056
21580,15,-0.056
21590,15,-0.056
21600,15,-0.062
21610,15,-0.056
21620,15,-0.056
21630,15,-0.062
21640,15,-0.062
21650,15,-0.062
21660,15,-0.062
21670,15,-0.050
21680,15,-0.062
21690,15,-0.062
21700,15,-0.056
21710,15,-0.062
21720,15,-0.062
21730,15,-0.056
21740,15,-0.062
21750,15,-0.056
21760,15,-0.056
21770,15,-0.056
21780,15,-0.056
21790,15,-0.056
21800,15,-0.044
21810,15,-0.062
21820,15,-0.056
21830,15,-0.050
21840,15,-0.050
21850,15,-0.056
21860,15,-0.056
21870,15,-0.056
21880,15,-0.056
21890,15,-0.062
21900,15,-0.056
21910,15,-0.062
21920,15,-0.062
21930,15,-0.062
21940,15,-0.056
21950,15,-0.062
21960,15,-0.050
21970,15,-0.050
21980,15,-0.050
21990,15,-0.056
22000,15,-0.056
22010,20,-0.050
22020,20,-0.056
22030,20,-0.056
22040,20,-0.062
22050,20,-0.050
22060,20,-0.050
22070,20,-0.056
22080,20,-0.056
22090,20,-0.056
22100,20,-0.056
22110,20,-0.062
22120,20,-0.056
22130,20,-0.050
22140,20,-0.056
22150,20,-0.056
22160,20,-0.056
22170,20,-0.062
22180,20,-0.056
22190,20,-0.050
22200,20,-0.056
22210,20,-0.050
22220,20,-0.056
22230,20,-0.062
22240,20,-0.062
22250,20,-0.056
22260,20,-0.056
22270,20,-0.062
22280,20,-0.050
22290,20,-0.056
22300,20,-0.056
22310,20,-0.056
22320,20,-0.050
22330,20,-0.050
22340,20,-0.056
22350,20,-0.056
22360,20,-0.056
22370,20,-0.056
22380,20,-0.056
22390,20,-0.056
22400,20,-0.056
22410,20,-0.056
22420,20,-0.050
22430,20,-0.050
22440,20,-0.056
22450,20,-0.050
22460,20,-0.050
22470,20,-0.037
22480,20,-0.056
22490,20,-0.056
22500,20,-0.056
22510,20,-0.062
22520,20,-0.050
22530,20,-0.050
22540,20,-0.050
22550,20,-0.050
22560,20,-0.050
22570,20,-0.056
22580,20,-0.056
22590,20,-0.056
22600,20,-0.056
22610,20,-0.062
22620,20,-0.050
22630,20,-0.062
22640,20,-0.056
22650,20,-0.056
22660,20,-0.056
22670,20,-0.050
22680,20,-0.050
22690,20,-0.050
22700,20,-0.050
22710,20,-0.056
22720,20,-0.056
22730,20,-0.056
22740,20,-0.056
22750,20,-0.056
22760,20,-0.056
22770,20,-0.056
22780,20,-0.056
22790,20,-0.056
22800,20,-0.044
22810,20,-0.056
22820,20,-0.056
22830,20,-0.050
22840,20,-0.044
22850,20,-0.050
22860,20,-0.050
22870,20,-0.056
22880,20,-0.056
22890,20,-0.056
22900,20,-0.056
22910,20,-0.056
22920,20,-0.056
22930,20,-0.056
22940,20,-0.044
22950,20,-0.056
22960,20,-0.050
22970,20,-0.056
22980,20,-0.050
22990,20,-0.050
23000,20,-0.056
23010,20,-0.056
23020,20,-0.056
23030,20,-0.056
23040,20,-0.056
23050,20,-0.050
23060,20,-0.044
23070,20,-0.056
23080,20,-0.056
23090,20,-0.056
23100,20,-0.056
23110,20,-0.056
23120,20,-0.056
23130,20,-0.044
23140,20,-0.056
23150,20,-0.056
23160,20,-0.056
23170,20,-0.056
23180,20,-0.062
23190,20,-0.056
23200,20,-0.050
23210,20,-0.056
23220,20,-0.050
23230,20,-0.050
23240,20,-0.056
23250,20,-0.050
23260,20,-0.056
23270,20,-0.062
23280,20,-0.056
23290,20,-0.056
23300,20,-0.056
23310,20,-0.056
23320,20,-0.056
23330,20,-0.056
23340,20,-0.056
23350,20,-0.056
23360,20,-0.062
23370,20,-0.050
23380,20,-0.056
23390,20,-0.056
23400,20,-0.056
23410,20,-0.056
23420,20,-0.056
23430,20,-0.056
23440,20,-0.056
23450,20,-0.056
23460,20,-0.062
23470,20,-0.037
23480,20,-0.050
23490,20,-0.050
23500,20,-0.056
23510,20,-0.056
23520,20,-0.062
23530,20,-0.056
23540,20,-0.056
23550,20,-0.056
23560,20,-0.062
23570,20,-0.056
23580,20,-0.050
23590,20,-0.050
23600,20,-0.056
23610,20,-0.056
23620,20,-0.050
23630,20,-0.056
23640,20,-0.062
23650,20,-0.056
23660,20,-0.062
23670,20,-0.050
23680,20,-0.056
23690,20,-0.056
23700,20,-0.062
23710,20,-0.050
23720,20,-0.062
23730,20,-0.069
23740,20,-0.062
23750,20,-0.056
23760,20,-0.062
23770,20,-0.062
23780,20,-0.056
23790,20,-0.056
23800,20,-0.044
23810,20,-0.062
23820,20,-0.050
23830,20,-0.056
23840,20,-0.062
23850,20,-0.050
23860,20,-0.050
23870,20,-0.050
23880,20,-0.056
23890,20,-0.056
23900,20,-0.056
23910,20,-0.056
23920,20,-0.062
23930,20,-0.056
23940,20,-0.056
23950,20,-0.056
23960,20,-0.056
23970,20,-0.056
23980,20,-0.056
23990,20,-0.050
24000,20,-0.056
24010,20,-0.062
24020,20,-0.050
24030,20,-0.056
24040,20,-0.056
24050,20,-0.056
24060,20,-0.050
24070,20,-0.050
24080,20,-0.056
24090,20,-0.056
24100,20,-0.050
24110,20,-0.056
24120,20,-0.056
24130,20,-0.044
24140,20,-0.056
24150,20,-0.062
24160,20,-0.050
24170,20,-0.056
24180,20,-0.062
24190,20,-0.062
24200,20,-0.056
24210,20,-0.056
24220,20,-0.062
24230,20,-0.056
24240,20,-0.056
24250,20,-0.056
24260,20,-0.062
24270,20,-0.062
24280,20,-0.062
24290,20,-0.062
24300,20,-0.062
24310,20,-0.056
24320,20,-0.062
24330,20,-0.050
24340,20,-0.056
24350,20,-0.056
24360,20,-0.062
24370,20,-0.056
24380,20,-0.056
24390,20,-0.062
24400,20,-0.069
24410,20,-0.056
24420,20,-0.056
24430,20,-0.062
24440,20,-0.056
24450,20,-0.056
24460,20,-0.062
24470,20,-0.056
24480,20,-0.056
24490,20,-0.062
24500,20,-0.050
24510,20,-0.056
24520,20,-0.062
24530,20,-0.050
24540,20,-0.069
24550,20,-0.062
24560,20,-0.062
24570,20,-0.062
24580,20,-0.069
24590,20,-0.062
24600,20,-0.056
24610,20,-0.050
24620,20,-0.056
24630,20,-0.050
24640,20,-0.056
24650,20,-0.062
24660,20,-0.062
24670,20,-0.062
24680,20,-0.062
24690,20,-0.056
24700,20,-0.044
24710,20,-0.062
24720,20,-0.050
24730,20,-0.056
24740,20,-0.056
24750,20,-0.062
24760,20,-0.056
24770,20,-0.056
24780,20,-0.056
24790,20,-0.056
24800,20,-0.044
24810,20,-0.062
24820,20,-0.062
24830,20,-0.056
24840,20,-0.062
24850,20,-0.056
24860,20,-0.050
24870,20,-0.056
24880,20,-0.056
24890,20,-0.056
24900,20,-0.056
24910,20,-0.062
24920,20,-0.056
24930,20,-0.056
24940,20,-0.062
24950,20,-0.056
24960,20,-0.050
24970,20,-0.056
24980,20,-0.056
24990,20,-0.050
25000,20,-0.050
25010,20,-0.056
25020,20,-0.056
25030,20,-0.056
25040,20,-0.062
25050,20,-0.056
25060,20,-0.050
25070,20,-0.056
25080,20,-0.056
25090,20,-0.056
25100,20,-0.056
25110,20,-0.062
25120,20,-0.056
25130,20,-0.044
25140,20,-0.062
25150,20,-0.050
25160,20,-0.050
25170,20,-0.050
25180,20,-0.056
25190,20,-0.062
25200,20,-0.056
25210,20,-0.056
25220,20,-0.062
25230,20,-0.050
25240,20,-0.050
25250,20,-0.050
25260,20,-0.037
25270,20,-0.050
25280,20,-0.037
25290,20,-0.044
25300,20,-0.062
25310,20,-0.050
25320,20,-0.044
25330,20,-0.056
25340,20,-0.050
25350,20,-0.056
25360,20,-0.050
25370,20,-0.050
25380,20,-0.062
25390,20,-0.050
25400,20,-0.056
25410,20,-0.050
25420,20,-0.050
25430,20,-0.056
25440,20,-0.044
25450,20,-0.050
25460,20,-0.056
25470,20,-0.044
25480,20,-0.050
25490,20,-0.056
25500,20,-0.056
25510,20,-0.050
25520,20,-0.050
25530,20,-0.056
25540,20,-0.056
25550,20,-0.056
25560,20,-0.056
25570,20,-0.056
25580,20,-0.056
25590,20,-0.062
25600,20,-0.050
25610,20,-0.050
25620,20,-0.050
25630,20,-0.050
25640,20,-0.050
25650,20,-0.050
25660,20,-0.050
25670,20,-0.056
25680,20,-0.062
25690,20,-0.056
25700,20,-0.050
25710,20,-0.062
25720,20,-0.056
25730,20,-0.062
25740,20,-0.056
25750,20,-0.050
25760,20,-0.062
25770,20,-0.062
25780,20,-0.062
25790,20,-0.056
25800,20,-0.050
25810,20,-0.062
25820,20,-0.062
25830,20,-0.056
25840,20,-0.056
25850,20,-0.056
25860,20,-0.062
25870,20,-0.056
25880,20,-0.050
25890,20,-0.062
25900,20,-0.062
25910,20,-0.062
25920,20,-0.056
25930,20,-0.062
25940,20,-0.062
25950,20,-0.056
25960,20,-0.062
25970,20,-0.056
25980,20,-0.056
25990,20,-0.062
26000,20,-0.062
26010,20,-0.050
26020,20,-0.050
26030,20,-0.056
26040,20,-0.056
26050,20,-0.062
26060,20,-0.050
26070,20,-0.056
26080,20,-0.062
26090,20,-0.062
26100,20,-0.050
26110,20,-0.056
26120,20,-0.062
26130,20,-0.044
26140,20,-0.056
26150,20,-0.062
26160,20,-0.056
26170,20,-0.056
26180,20,-0.056
26190,20,-0.062
26200,20,-0.056
26210,20,-0.062
26220,20,-0.062
26230,20,-0.056
26240,20,-0.062
26250,20,-0.062
26260,20,-0.056
26270,20,-0.056
26280,20,-0.069
26290,20,-0.062
26300,20,-0.069
26310,20,-0.062
26320,20,-0.075
26330,20,-0.062
26340,20,-0.056
26350,20,-0.062
26360,20,-0.069
26370,20,-0.069
26380,20,-0.062
26390,20,-0.056
26400,20,-0.062
26410,20,-0.069
26420,20,-0.062
26430,20,-0.062
26440,20,-0.056
26450,20,-0.069
26460,20,-0.062
26470,20,-0.050
26480,20,-0.062
26490,20,-0.062
26500,20,-0.062
26510,20,-0.062
26520,20,-0.069
26530,20,-0.062
26540,20,-0.062
26550,20,-0.056
26560,20,-0.069
26570,20,-0.062
26580,20,-0.056
26590,20,-0.062
26600,20,-0.069
26610,20,-0.069
26620,20,-0.062
26630,20,-0.056
26640,20,-0.056
26650,20,-0.069
26660,20,-0.069
26670,20,-0.062
26680,20,-0.062
26690,20,-0.062
26700,20,-0.069
26710,20,-0.069
26720,20,-0.069
26730,20,-0.062
26740,20,-0.056
26750,20,-0.050
26760,20,-0.062
26770,20,-0.056
26780,20,-0.062
26790,20,-0.062
26800,20,-0.037
26810,20,-0.062
26820,20,-0.056
26830,20,-0.056
26840,20,-0.069
26850,20,-0.062
26860,20,-0.056
26870,20,-0.069
26880,20,-0.069
26890,20,-0.069
26900,20,-0.062
26910,20,-0.062
26920,20,-0.062
26930,20,-0.062
26940,20,-0.062
26950,20,-0.062
26960,20,-0.069
26970,20,-0.069
26980,20,-0.069
26990,20,-0.069
27000,20,-0.056
27010,25,-0.044
27020,25,-0.062
27030,25,-0.062
27040,25,-0.056
27050,25,-0.056
27060,25,-0.062
27070,25,-0.069
27080,25,-0.056
27090,25,-0.062
27100,25,-0.056
27110,25,-0.069
27120,25,-0.062
27130,25,-0.050
27140,25,-0.069
27150,25,-0.069
27160,25,-0.062
27170,25,-0.056
27180,25,-0.062
27190,25,-0.062
27200,25,-0.062
27210,25,-0.056
27220,25,-0.069
27230,25,-0.075
27240,25,-0.069
27250,25,-0.069
27260,25,-0.069
27270,25,-0.069
27280,25,-0.069
27290,25,-0.069
27300,25,-0.069
27310,25,-0.069
27320,25,-0.069
27330,25,-0.069
27340,25,-0.075
27350,25,-0.075
27360,25,-0.069
27370,25,-0.062
27380,25,-0.062
27390,25,-0.056
27400,25,-0.062
27410,25,-0.062
27420,25,-0.069
27430,25,-0.069
27440,25,-0.069
27450,25,-0.069
27460,25,-0.062
27470,25,-0.062
27480,25,-0.056
27490,25,-0.069
27500,25,-0.069
27510,25,-0.069
27520,25,-0.075
27530,25,-0.075
27540,25,-0.075
27550,25,-0.075
27560,25,-0.069
27570,25,-0.062
27580,25,-0.062
27590,25,-0.069
27600,25,-0.062
27610,25,-0.062
27620,25,-0.062
27630,25,-0.075
27640,25,-0.069
27650,25,-0.062
27660,25,-0.069
27670,25,-0.062
27680,25,-0.062
27690,25,-0.069
27700,25,-0.056
27710,25,-0.069
27720,25,-0.069
27730,25,-0.069
27740,25,-0.075
27750,25,-0.069
27760,25,-0.069
27770,25,-0.069
27780,25,-0.075
27790,25,-0.075
27800,25,-0.056
27810,25,-0.069
27820,25,-0.062
27830,25,-0.069
27840,25,-0.069
27850,25,-0.069
27860,25,-0.081
27870,25,-0.069
27880,25,-0.075
27890,25,-0.075
27900,25,-0.069
27910,25,-0.075
27920,25,-0.069
27930,25,-0.075
27940,25,-0.069
27950,25,-0.062
27960,25,-0.075
27970,25,-0.069
27980,25,-0.075
27990,25,-0.081
28000,25,-0.069
28010,25,-0.069
28020,25,-0.075
28030,25,-0.069
28040,25,-0.069
28050,25,-0.075
28060,25,-0.075
28070,25,-0.081
28080,25,-0.075
28090,25,-0.081
28100,25,-0.081
28110,25,-0.075
28120,25,-0.075
28130,25,-0.056
28140,25,-0.075
28150,25,-0.075
28160,25,-0.087
28170,25,-0.075
28180,25,-0.075
28190,25,-0.075
28200,25,-0.075
28210,25,-0.081
28220,25,-0.075
28230,25,-0.075
28240,25,-0.081
28250,25,-0.075
28260,25,-0.081
28270,25,-0.081
28280,25,-0.075
28290,25,-0.075
28300,25,-0.075
28310,25,-0.075
28320,25,-0.075
28330,25,-0.075
28340,25,-0.075
28350,25,-0.081
28360,25,-0.075
28370,25,-0.075
28380,25,-0.081
28390,25,-0.075
28400,25,-0.075
28410,25,-0.075
28420,25,-0.075
28430,25,-0.075
28440,25,-0.081
28450,25,-0.075
28460,25,-0.062
28470,25,-0.069
28480,25,-0.069
28490,25,-0.081
28500,25,-0.075
28510,25,-0.075
28520,25,-0.075
28530,25,-0.075
28540,25,-0.081
28550,25,-0.081
28560,25,-0.075
28570,25,-0.075
28580,25,-0.075
28590,25,-0.075
28600,25,-0.081
28610,25,-0.081
28620,25,-0.087
28630,25,-0.081
28640,25,-0.081
28650,25,-0.075
28660,25,-0.075
28670,25,-0.081
28680,25,-0.075
28690,25,-0.075
28700,25,-0.075
28710,25,-0.081
28720,25,-0.081
28730,25,-0.081
28740,25,-0.087
28750,25,-0.075
28760,25,-0.081
28770,25,-0.081
28780,25,-0.075
28790,25,-0.075
28800,25,-0.069
28810,25,-0.081
28820,25,-0.075
28830,25,-0.081
28840,25,-0.081
28850,25,-0.087
28860,25,-0.081
28870,25,-0.081
28880,25,-0.081
28890,25,-0.081
28900,25,-0.087
28910,25,-0.075
28920,25,-0.087
28930,25,-0.081
28940,25,-0.081
28950,25,-0.081
28960,25,-0.075
28970,25,-0.081
28980,25,-0.081
28990,25,-0.087
29000,25,-0.081
29010,25,-0.081
29020,25,-0.075
29030,25,-0.081
29040,25,-0.081
29050,25,-0.087
29060,25,-0.087
29070,25,-0.081
29080,25,-0.087
29090,25,-0.087
29100,25,-0.081
29110,25,-0.087
29120,25,-0.087
29130,25,-0.075
29140,25,-0.081
29150,25,-0.081
29160,25,-0.081
29170,25,-0.081
29180,25,-0.075
29190,25,-0.081
29200,25,-0.075
29210,25,-0.081
29220,25,-0.081
29230,25,-0.075
29240,25,-0.087
29250,25,-0.081
29260,25,-0.081
29270,25,-0.087
29280,25,-0.075
29290,25,-0.087
29300,25,-0.087
29310,25,-0.081
29320,25,-0.081
29330,25,-0.075
29340,25,-0.081
29350,25,-0.081
29360,25,-0.087
29370,25,-0.087
29380,25,-0.081
29390,25,-0.081
29400,25,-0.081
29410,25,-0.081
29420,25,-0.087
29430,25,-0.087
29440,25,-0.087
29450,25,-0.087
29460,25,-0.075
29470,25,-0.081
29480,25,-0.081
29490,25,-0.081
29500,25,-0.087
29510,25,-0.081
29520,25,-0.087
29530,25,-0.087
29540,25,-0.081
29550,25,-0.087
29560,25,-0.087
29570,25,-0.081
29580,25,-0.081
29590,25,-0.081
29600,25,-0.081
29610,25,-0.081
29620,25,-0.094
29630,25,-0.087
29640,25,-0.087
29650,25,-0.087
29660,25,-0.081
29670,25,-0.081
29680,25,-0.081
29690,25,-0.081
29700,25,-0.087
29710,25,-0.087
29720,25,-0.087
29730,25,-0.087
29740,25,-0.087
29750,25,-0.087
29760,25,-0.087
29770,25,-0.081
29780,25,-0.081
29790,25,-0.081
29800,25,-0.081
29810,25,-0.081
29820,25,-0.081
29830,25,-0.081
29840,25,-0.069
29850,25,-0.075
29860,25,-0.081
29870,25,-0.087
29880,25,-0.075
29890,25,-0.087
29900,25,-0.081
29910,25,-0.081
29920,25,-0.087
29930,25,-0.081
29940,25,-0.081
29950,25,-0.081
29960,25,-0.081
29970,25,-0.081
29980,25,-0.087
29990,25,-0.087
30000,25,-0.081
30010,25,-0.081
30020,25,-0.081
30030,25,-0.087
30040,25,-0.081
30050,25,-0.081
30060,25,-0.087
30070,25,-0.081
30080,25,-0.081
30090,25,-0.081
30100,25,-0.081
30110,25,-0.087
30120,25,-0.087
30130,25,-0.062
30140,25,-0.075
30150,25,-0.081
30160,25,-0.087
30170,25,-0.087
30180,25,-0.087
30190,25,-0.087
30200,25,-0.094
30210,25,-0.087
30220,25,-0.081
30230,25,-0.081
30240,25,-0.081
30250,25,-0.075
30260,25,-0.087
30270,25,-0.087
30280,25,-0.087
30290,25,-0.087
30300,25,-0.087
30310,25,-0.081
30320,25,-0.081
30330,25,-0.081
30340,25,-0.081
30350,25,-0.087
30360,25,-0.087
30370,25,-0.087
30380,25,-0.087
30390,25,-0.087
30400,25,-0.087
30410,25,-0.081
30420,25,-0.087
30430,25,-0.081
30440,25,-0.087
30450,25,-0.081
30460,25,-0.075
30470,25,-0.081
30480,25,-0.081
30490,25,-0.075
30500,25,-0.075
30510,25,-0.081
30520,25,-0.075
30530,25,-0.081
30540,25,-0.087
30550,25,-0.081
30560,25,-0.081
30570,25,-0.081
30580,25,-0.081
30590,25,-0.081
30600,25,-0.081
30610,25,-0.087
30620,25,-0.081
30630,25,-0.081
30640,25,-0.081
30650,25,-0.087
30660,25,-0.081
30670,25,-0.087
30680,25,-0.081
30690,25,-0.081
30700,25,-0.081
30710,25,-0.075
30720,25,-0.075
30730,25,-0.075
30740,25,-0.075
30750,25,-0.075
30760,25,-0.081
30770,25,-0.081
30780,25,-0.081
30790,25,-0.081
30800,25,-0.087
30810,25,-0.087
30820,25,-0.087
30830,25,-0.094
30840,25,-0.087
30850,25,-0.087
30860,25,-0.075
30870,25,-0.081
30880,25,-0.081
30890,25,-0.081
30900,25,-0.081
30910,25,-0.075
30920,25,-0.075
30930,25,-0.081
30940,25,-0.087
30950,25,-0.075
30960,25,-0.075
30970,25,-0.075
30980,25,-0.081
30990,25,-0.075
31000,25,-0.075
31010,25,-0.087
31020,25,-0.094
31030,25,-0.094
31040,25,-0.094
31050,25,-0.087
31060,25,-0.087
31070,25,-0.081
31080,25,-0.081
31090,25,-0.081
31100,25,-0.081
31110,25,-0.075
31120,25,-0.081
31130,25,-0.069
31140,25,-0.075
31150,25,-0.069
31160,25,-0.081
31170,25,-0.087
31180,25,-0.087
31190,25,-0.094
31200,25,-0.087
31210,25,-0.087
31220,25,-0.087
31230,25,-0.081
31240,25,-0.081
31250,25,-0.081
31260,25,-0.081
31270,25,-0.087
31280,25,-0.087
31290,25,-0.087
31300,25,-0.087
31310,25,-0.087
31320,25,-0.081
31330,25,-0.081
31340,25,-0.081
31350,25,-0.075
31360,25,-0.081
31370,25,-0.081
31380,25,-0.081
31390,25,-0.087
31400,25,-0.081
31410,25,-0.081
31420,25,-0.081
31430,25,-0.087
31440,25,-0.075
31450,25,-0.087
31460,25,-0.062
31470,25,-0.087
31480,25,-0.081
31490,25,-0.087
31500,25,-0.081
31510,25,-0.087
31520,25,-0.081
31530,25,-0.087
31540,25,-0.081
31550,25,-0.087
31560,25,-0.087
31570,25,-0.087
31580,25,-0.087
31590,25,-0.087
31600,25,-0.094
31610,25,-0.087
31620,25,-0.081
31630,25,-0.081
31640,25,-0.081
31650,25,-0.081
31660,25,-0.081
31670,25,-0.087
31680,25,-0.087
31690,25,-0.081
31700,25,-0.094
31710,25,-0.081
31720,25,-0.087
31730,25,-0.081
31740,25,-0.081
31750,25,-0.094
31760,25,-0.087
31770,25,-0.087
31780,25,-0.087
31790,25,-0.075
31800,25,-0.087
31810,25,-0.087
31820,25,-0.081
31830,25,-0.087
31840,25,-0.087
31850,25,-0.087
31860,25,-0.087
31870,25,-0.087
31880,25,-0.087
31890,25,-0.081
31900,25,-0.087
31910,25,-0.087
31920,25,-0.081
31930,25,-0.087
31940,25,-0.087
31950,25,-0.094
31960,25,-0.087
31970,25,-0.087
31980,25,-0.087
31990,25,-0.087
32000,25,-0.081
32010,30,-0.062
32020,30,-0.087
32030,30,-0.081
32040,30,-0.094
32050,30,-0.087
32060,30,-0.087
32070,30,-0.094
32080,30,-0.087
32090,30,-0.087
32100,30,-0.081
32110,30,-0.087
32120,30,-0.094
32130,30,-0.081
32140,30,-0.087
32150,30,-0.094
32160,30,-0.087
32170,30,-0.094
32180,30,-0.094
32190,30,-0.087
32200,30,-0.087
32210,30,-0.087
32220,30,-0.094
32230,30,-0.087
32240,30,-0.087
32250,30,-0.081
32260,30,-0.087
32270,30,-0.087
32280,30,-0.094
32290,30,-0.087
32300,30,-0.100
32310,30,-0.087
32320,30,-0.087
32330,30,-0.081
32340,30,-0.087
32350,30,-0.094
32360,30,-0.094
32370,30,-0.087
32380,30,-0.087
32390,30,-0.087
32400,30,-0.087
32410,30,-0.087
32420,30,-0.087
32430,30,-0.087
32440,30,-0.094
32450,30,-0.094
32460,30,-0.075
32470,30,-0.081
32480,30,-0.081
32490,30,-0.087
32500,30,-0.094
32510,30,-0.087
32520,30,-0.081
32530,30,-0.087
32540,30,-0.087
32550,30,-0.081
32560,30,-0.087
32570,30,-0.087
32580,30,-0.087
32590,30,-0.087
32600,30,-0.087
32610,30,-0.087
32620,30,-0.087
32630,30,-0.081
32640,30,-0.081
32650,30,-0.081
32660,30,-0.075
32670,30,-0.081
32680,30,-0.081
32690,30,-0.075
32700,30,-0.087
32710,30,-0.081
32720,30,-0.075
32730,30,-0.081
32740,30,-0.075
32750,30,-0.075
32760,30,-0.075
32770,30,-0.081
32780,30,-0.075
32790,30,-0.069
32800,30,-0.081
32810,30,-0.081
32820,30,-0.075
32830,30,-0.081
32840,30,-0.081
32850,30,-0.087
32860,30,-0.081
32870,30,-0.081
32880,30,-0.081
32890,30,-0.081
32900,30,-0.081
32910,30,-0.075
32920,30,-0.075
32930,30,-0.081
32940,30,-0.081
32950,30,-0.081
32960,30,-0.081
32970,30,-0.081
32980,30,-0.081
32990,30,-0.075
33000,30,-0.075
33010,30,-0.075
33020,30,-0.081
33030,30,-0.081
33040,30,-0.081
33050,30,-0.081
33060,30,-0.087
33070,30,-0.094
33080,30,-0.087
33090,30,-0.087
33100,30,-0.081
33110,30,-0.087
33120,30,-0.087
33130,30,-0.087
33140,30,-0.094
33150,30,-0.094
33160,30,-0.094
33170,30,-0.087
33180,30,-0.087
33190,30,-0.087
33200,30,-0.087
33210,30,-0.094
33220,30,-0.094
33230,30,-0.087
33240,30,-0.087
33250,30,-0.087
33260,30,-0.087
33270,30,-0.087
33280,30,-0.081
33290,30,-0.087
33300,30,-0.087
33310,30,-0.087
33320,30,-0.094
33330,30,-0.094
33340,30,-0.094
33350,30,-0.087
33360,30,-0.087
33370,30,-0.094
33380,30,-0.087
33390,30,-0.087
33400,30,-0.087
33410,30,-0.094
33420,30,-0.094
33430,30,-0.087
33440,30,-0.094
33450,30,-0.094
33460,30,-0.075
33470,30,-0.081
33480,30,-0.087
33490,30,-0.087
33500,30,-0.094
33510,30,-0.094
33520,30,-0.087
33530,30,-0.087
33540,30,-0.087
33550,30,-0.081
33560,30,-0.087
33570,30,-0.094
33580,30,-0.087
33590,30,-0.087
33600,30,-0.087
33610,30,-0.094
33620,30,-0.094
33630,30,-0.087
33640,30,-0.087
33650,30,-0.081
33660,30,-0.081
33670,30,-0.087
33680,30,-0.087
33690,30,-0.087
33700,30,-0.087
33710,30,-0.087
33720,30,-0.087
33730,30,-0.087
33740,30,-0.087
33750,30,-0.081
33760,30,-0.081
33770,30,-0.081
33780,30,-0.081
33790,30,-0.069
33800,30,-0.087
33810,30,-0.087
33820,30,-0.087
33830,30,-0.087
33840,30,-0.087
33850,30,-0.087
33860,30,-0.087
33870,30,-0.081
33880,30,-0.087
33890,30,-0.087
33900,30,-0.087
33910,30,-0.094
33920,30,-0.087
33930,30,-0.087
33940,30,-0.087
33950,30,-0.081
33960,30,-0.081
33970,30,-0.087
33980,30,-0.087
33990,30,-0.081
34000,30,-0.081
34010,30,-0.081
34020,30,-0.081
34030,30,-0.081
34040,30,-0.081
34050,30,-0.081
34060,30,-0.087
34070,30,-0.087
34080,30,-0.081
34090,30,-0.087
34100,30,-0.087
34110,30,-0.087
34120,30,-0.081
34130,30,-0.081
34140,30,-0.081
34150,30,-0.087
34160,30,-0.087
34170,30,-0.087
34180,30,-0.087
34190,30,-0.081
34200,30,-0.087
34210,30,-0.087
34220,30,-0.087
34230,30,-0.087
34240,30,-0.087
34250,30,-0.087
34260,30,-0.087
34270,30,-0.087
34280,30,-0.087
34290,30,-0.087
34300,30,-0.087
34310,30,-0.087
34320,30,-0.081
34330,30,-0.087
34340,30,-0.087
34350,30,-0.087
34360,30,-0.087
34370,30,-0.087
34380,30,-0.087
34390,30,-0.087
34400,30,-0.087
34410,30,-0.087
34420,30,-0.081
34430,30,-0.087
34440,30,-0.087
34450,30,-0.081
34460,30,-0.075
34470,30,-0.087
34480,30,-0.087
34490,30,-0.081
34500,30,-0.087
34510,30,-0.087
34520,30,-0.087
34530,30,-0.087
34540,30,-0.087
34550,30,-0.087
34560,30,-0.087
34570,30,-0.081
34580,30,-0.087
34590,30,-0.081
34600,30,-0.087
34610,30,-0.087
34620,30,-0.087
34630,30,-0.087
34640,30,-0.087
34650,30,-0.087
34660,30,-0.081
34670,30,-0.087
34680,30,-0.087
34690,30,-0.081
34700,30,-0.081
34710,30,-0.081
34720,30,-0.087
34730,30,-0.087
34740,30,-0.087
34750,30,-0.087
34760,30,-0.087
34770,30,-0.081
34780,30,-0.087
34790,30,-0.075
34800,30,-0.094
34810,30,-0.081
34820,30,-0.087
34830,30,-0.087
34840,30,-0.087
34850,30,-0.094
34860,30,-0.087
34870,30,-0.087
34880,30,-0.087
34890,30,-0.081
34900,30,-0.087
34910,30,-0.081
34920,30,-0.087
34930,30,-0.087
34940,30,-0.087
34950,30,-0.087
34960,30,-0.081
34970,30,-0.081
34980,30,-0.087
34990,30,-0.087
35000,30,-0.081
35010,30,-0.081
35020,30,-0.087
35030,30,-0.087
35040,30,-0.094
35050,30,-0.081
35060,30,-0.087
35070,30,-0.081
35080,30,-0.087
35090,30,-0.087
35100,30,-0.081
35110,30,-0.087
35120,30,-0.075
35130,30,-0.087
35140,30,-0.081
35150,30,-0.087
35160,30,-0.081
35170,30,-0.087
35180,30,-0.075
35190,30,-0.075
35200,30,-0.081
35210,30,-0.069
35220,30,-0.075
35230,30,-0.081
35240,30,-0.081
35250,30,-0.075
35260,30,-0.081
35270,30,-0.075
35280,30,-0.081
35290,30,-0.075
35300,30,-0.075
35310,30,-0.075
35320,30,-0.081
35330,30,-0.075
35340,30,-0.081
35350,30,-0.081
35360,30,-0.087
35370,30,-0.081
35380,30,-0.075
35390,30,-0.087
35400,30,-0.087
35410,30,-0.075
35420,30,-0.075
35430,30,-0.081
35440,30,-0.081
35450,30,-0.081
35460,30,-0.075
35470,30,-0.075
35480,30,-0.087
35490,30,-0.081
35500,30,-0.075
35510,30,-0.075
35520,30,-0.081
35530,30,-0.087
35540,30,-0.081
35550,30,-0.081
35560,30,-0.081
35570,30,-0.087
35580,30,-0.087
35590,30,-0.087
35600,30,-0.081
35610,30,-0.087
35620,30,-0.081
35630,30,-0.081
35640,30,-0.087
35650,30,-0.081
35660,30,-0.075
35670,30,-0.075
35680,30,-0.069
35690,30,-0.081
35700,30,-0.081
35710,30,-0.069
35720,30,-0.075
35730,30,-0.075
35740,30,-0.069
35750,30,-0.075
35760,30,-0.075
35770,30,-0.075
35780,30,-0.081
35790,30,-0.075
35800,30,-0.081
35810,30,-0.081
35820,30,-0.081
35830,30,-0.075
35840,30,-0.075
35850,30,-0.081
35860,30,-0.081
35870,30,-0.075
35880,30,-0.081
35890,30,-0.087
35900,30,-0.087
35910,30,-0.087
35920,30,-0.087
35930,30,-0.087
35940,30,-0.087
35950,30,-0.081
35960,30,-0.081
35970,30,-0.081
35980,30,-0.081
35990,30,-0.075
36000,30,-0.081
36010,30,-0.087
36020,30,-0.087
36030,30,-0.087
36040,30,-0.087
36050,30,-0.081
36060,30,-0.081
36070,30,-0.081
36080,30,-0.081
36090,30,-0.087
36100,30,-0.087
36110,30,-0.081
36120,30,-0.069
36130,30,-0.087
36140,30,-0.087
36150,30,-0.087
36160,30,-0.081
36170,30,-0.081
36180,30,-0.087
36190,30,-0.075
36200,30,-0.087
36210,30,-0.094
36220,30,-0.087
36230,30,-0.087
36240,30,-0.081
36250,30,-0.081
36260,30,-0.081
36270,30,-0.094
36280,30,-0.087
36290,30,-0.087
36300,30,-0.087
36310,30,-0.094
36320,30,-0.094
36330,30,-0.087
36340,30,-0.087
36350,30,-0.081
36360,30,-0.081
36370,30,-0.094
36380,30,-0.094
36390,30,-0.094
36400,30,-0.100
36410,30,-0.094
36420,30,-0.094
36430,30,-0.094
36440,30,-0.094
36450,30,-0.094
36460,30,-0.094
36470,30,-0.087
36480,30,-0.094
36490,30,-0.087
36500,30,-0.094
36510,30,-0.081
36520,30,-0.081
36530,30,-0.087
36540,30,-0.094
36550,30,-0.094
36560,30,-0.094
36570,30,-0.094
36580,30,-0.094
36590,30,-0.094
36600,30,-0.087
36610,30,-0.087
36620,30,-0.087
36630,30,-0.087
36640,30,-0.087
36650,30,-0.087
36660,30,-0.087
36670,30,-0.094
36680,30,-0.087
36690,30,-0.087
36700,30,-0.094
36710,30,-0.087
36720,30,-0.094
36730,30,-0.087
36740,30,-0.087
36750,30,-0.087
36760,30,-0.094
36770,30,-0.087
36780,30,-0.094
36790,30,-0.075
36800,30,-0.087
36810,30,-0.087
36820,30,-0.087
36830,30,-0.087
36840,30,-0.087
36850,30,-0.094
36860,30,-0.087
36870,30,-0.087
36880,30,-0.087
36890,30,-0.094
36900,30,-0.094
36910,30,-0.087
36920,30,-0.094
36930,30,-0.087
36940,30,-0.087
36950,30,-0.087
36960,30,-0.094
36970,30,-0.087
36980,30,-0.087
36990,30,-0.081
37000,30,-0.087
37010,35,-0.069
37020,35,-0.081
37030,35,-0.100
37040,35,-0.087
37050,35,-0.087
37060,35,-0.094
37070,35,-0.087
37080,35,-0.094
37090,35,-0.094
37100,35,-0.087
37110,35,-0.081
37120,35,-0.069
37130,35,-0.081
37140,35,-0.087
37150,35,-0.081
37160,35,-0.075
37170,35,-0.081
37180,35,-0.087
37190,35,-0.087
37200,35,-0.087
37210,35,-0.094
37220,35,-0.094
37230,35,-0.094
37240,35,-0.087
37250,35,-0.087
37260,35,-0.087
37270,35,-0.087
37280,35,-0.094
37290,35,-0.087
37300,35,-0.087
37310,35,-0.081
37320,35,-0.087
37330,35,-0.094
37340,35,-0.087
37350,35,-0.087
37360,35,-0.087
37370,35,-0.081
37380,35,-0.081
37390,35,-0.081
37400,35,-0.087
37410,35,-0.094
37420,35,-0.087
37430,35,-0.094
37440,35,-0.094
37450,35,-0.087
37460,35,-0.087
37470,35,-0.087
37480,35,-0.094
37490,35,-0.094
37500,35,-0.087
37510,35,-0.087
37520,35,-0.094
37530,35,-0.094
37540,35,-0.094
37550,35,-0.094
37560,35,-0.087
37570,35,-0.094
37580,35,-0.094
37590,35,-0.094
37600,35,-0.094
37610,35,-0.094
37620,35,-0.087
37630,35,-0.081
37640,35,-0.087
37650,35,-0.087
37660,35,-0.081
37670,35,-0.087
37680,35,-0.087
37690,35,-0.087
37700,35,-0.087
37710,35,-0.081
37720,35,-0.081
37730,35,-0.075
37740,35,-0.081
37750,35,-0.087
37760,35,-0.087
37770,35,-0.087
37780,35,-0.081
37790,35,-0.075
37800,35,-0.087
37810,35,-0.087
37820,35,-0.081
37830,35,-0.087
37840,35,-0.094
37850,35,-0.094
37860,35,-0.094
37870,35,-0.087
37880,35,-0.081
37890,35,-0.087
37900,35,-0.087
37910,35,-0.094
37920,35,-0.087
37930,35,-0.087
37940,35,-0.094
37950,35,-0.075
37960,35,-0.087
37970,35,-0.075
37980,35,-0.087
37990,35,-0.081
38000,35,-0.087
38010,35,-0.087
38020,35,-0.087
38030,35,-0.094
38040,35,-0.087
38050,35,-0.094
38060,35,-0.087
38070,35,-0.087
38080,35,-0.094
38090,35,-0.087
38100,35,-0.094
38110,35,-0.087
38120,35,-0.069
38130,35,-0.100
38140,35,-0.094
38150,35,-0.094
38160,35,-0.081
38170,35,-0.094
38180,35,-0.094
38190,35,-0.081
38200,35,-0.087
38210,35,-0.094
38220,35,-0.081
38230,35,-0.094
38240,35,-0.087
38250,35,-0.094
38260,35,-0.087
38270,35,-0.094
38280,35,-0.087
38290,35,-0.087
38300,35,-0.094
38310,35,-0.087
38320,35,-0.081
38330,35,-0.094
38340,35,-0.094
38350,35,-0.094
38360,35,-0.081
38370,35,-0.087
38380,35,-0.087
38390,35,-0.094
38400,35,-0.094
38410,35,-0.081
38420,35,-0.087
38430,35,-0.081
38440,35,-0.081
38450,35,-0.081
38460,35,-0.094
38470,35,-0.094
38480,35,-0.094
38490,35,-0.094
38500,35,-0.094
38510,35,-0.100
38520,35,-0.087
38530,35,-0.094
38540,35,-0.100
38550,35,-0.087
38560,35,-0.087
38570,35,-0.087
38580,35,-0.087
38590,35,-0.100
38600,35,-0.094
38610,35,-0.094
38620,35,-0.094
38630,35,-0.100
38640,35,-0.087
38650,35,-0.094
38660,35,-0.094
38670,35,-0.094
38680,35,-0.100
38690,35,-0.094
38700,35,-0.100
38710,35,-0.087
38720,35,-0.094
38730,35,-0.094
38740,35,-0.087
38750,35,-0.094
38760,35,-0.094
38770,35,-0.094
38780,35,-0.094
38790,35,-0.087
38800,35,-0.094
38810,35,-0.100
38820,35,-0.100
38830,35,-0.094
38840,35,-0.087
38850,35,-0.100
38860,35,-0.100
38870,35,-0.100
38880,35,-0.094
38890,35,-0.094
38900,35,-0.094
38910,35,-0.094
38920,35,-0.100
38930,35,-0.094
38940,35,-0.094
38950,35,-0.100
38960,35,-0.087
38970,35,-0.094
38980,35,-0.094
38990,35,-0.094
39000,35,-0.094
39010,35,-0.094
39020,35,-0.100
39030,35,-0.094
39040,35,-0.100
39050,35,-0.100
39060,35,-0.100
39070,35,-0.094
39080,35,-0.100
39090,35,-0.100
39100,35,-0.106
39110,35,-0.100
39120,35,-0.081
39130,35,-0.094
39140,35,-0.100
39150,35,-0.100
39160,35,-0.106
39170,35,-0.094
39180,35,-0.094
39190,35,-0.100
39200,35,-0.094
39210,35,-0.094
39220,35,-0.094
39230,35,-0.094
39240,35,-0.094
39250,35,-0.094
39260,35,-0.094
39270,35,-0.100
39280,35,-0.100
39290,35,-0.100
39300,35,-0.094
39310,35,-0.100
39320,35,-0.087
39330,35,-0.094
39340,35,-0.094
39350,35,-0.094
39360,35,-0.094
39370,35,-0.094
39380,35,-0.087
39390,35,-0.087
39400,35,-0.094
39410,35,-0.094
39420,35,-0.094
39430,35,-0.100
39440,35,-0.100
39450,35,-0.081
39460,35,-0.087
39470,35,-0.081
39480,35,-0.094
39490,35,-0.094
39500,35,-0.087
39510,35,-0.087
39520,35,-0.094
39530,35,-0.100
39540,35,-0.094
39550,35,-0.081
39560,35,-0.087
39570,35,-0.087
39580,35,-0.094
39590,35,-0.087
39600,35,-0.087
39610,35,-0.094
39620,35,-0.087
39630,35,-0.087
39640,35,-0.087
39650,35,-0.094
39660,35,-0.087
39670,35,-0.094
39680,35,-0.081
39690,35,-0.087
39700,35,-0.094
39710,35,-0.094
39720,35,-0.094
39730,35,-0.100
39740,35,-0.094
39750,35,-0.087
39760,35,-0.087
39770,35,-0.087
39780,35,-0.094
39790,35,-0.087
39800,35,-0.087
39810,35,-0.087
39820,35,-0.087
39830,35,-0.094
39840,35,-0.094
39850,35,-0.087
39860,35,-0.094
39870,35,-0.094
39880,35,-0.087
39890,35,-0.100
39900,35,-0.094
39910,35,-0.094
39920,35,-0.087
39930,35,-0.094
39940,35,-0.094
39950,35,-0.087
39960,35,-0.094
39970,35,-0.094
39980,35,-0.094
39990,35,-0.094
40000,35,-0.100
40010,35,-0.100
40020,35,-0.087
40030,35,-0.100
40040,35,-0.094
40050,35,-0.100
40060,35,-0.094
40070,35,-0.094
40080,35,-0.094
40090,35,-0.100
40100,35,-0.094
40110,35,-0.094
40120,35,-0.081
40130,35,-0.100
40140,35,-0.100
40150,35,-0.100
40160,35,-0.100
40170,35,-0.100
40180,35,-0.094
40190,35,-0.094
40200,35,-0.094
40210,35,-0.087
40220,35,-0.094
40230,35,-0.094
40240,35,-0.094
40250,35,-0.100
40260,35,-0.100
40270,35,-0.100
40280,35,-0.094
40290,35,-0.094
40300,35,-0.087
40310,35,-0.094
40320,35,-0.087
40330,35,-0.100
40340,35,-0.087
40350,35,-0.094
40360,35,-0.100
40370,35,-0.100
40380,35,-0.100
40390,35,-0.094
40400,35,-0.094
40410,35,-0.094
40420,35,-0.094
40430,35,-0.100
40440,35,-0.094
40450,35,-0.081
40460,35,-0.100
40470,35,-0.094
40480,35,-0.100
40490,35,-0.100
40500,35,-0.106
40510,35,-0.094
40520,35,-0.100
40530,35,-0.100
40540,35,-0.100
40550,35,-0.106
40560,35,-0.100
40570,35,-0.100
40580,35,-0.094
40590,35,-0.100
40600,35,-0.094
40610,35,-0.094
40620,35,-0.094
40630,35,-0.100
40640,35,-0.100
40650,35,-0.094
40660,35,-0.094
40670,35,-0.100
40680,35,-0.100
40690,35,-0.100
40700,35,-0.106
40710,35,-0.106
40720,35,-0.094
40730,35,-0.094
40740,35,-0.094
40750,35,-0.100
40760,35,-0.100
40770,35,-0.100
40780,35,-0.094
40790,35,-0.094
40800,35,-0.094
40810,35,-0.100
40820,35,-0.094
40830,35,-0.094
40840,35,-0.100
40850,35,-0.100
40860,35,-0.100
40870,35,-0.094
40880,35,-0.094
40890,35,-0.094
40900,35,-0.100
40910,35,-0.094
40920,35,-0.100
40930,35,-0.100
40940,35,-0.094
40950,35,-0.087
40960,35,-0.087
40970,35,-0.094
40980,35,-0.094
40990,35,-0.100
41000,35,-0.106
41010,35,-0.094
41020,35,-0.100
41030,35,-0.100
41040,35,-0.094
41050,35,-0.100
41060,35,-0.094
41070,35,-0.094
41080,35,-0.100
41090,35,-0.094
41100,35,-0.100
41110,35,-0.100
41120,35,-0.087
41130,35,-0.094
41140,35,-0.100
41150,35,-0.094
41160,35,-0.094
41170,35,-0.100
41180,35,-0.094
41190,35,-0.094
41200,35,-0.100
41210,35,-0.094
41220,35,-0.094
41230,35,-0.094
41240,35,-0.087
41250,35,-0.094
41260,35,-0.094
41270,35,-0.094
41280,35,-0.100
41290,35,-0.100
41300,35,-0.106
41310,35,-0.106
41320,35,-0.094
41330,35,-0.100
41340,35,-0.100
41350,35,-0.087
41360,35,-0.094
41370,35,-0.094
41380,35,-0.087
41390,35,-0.094
41400,35,-0.094
41410,35,-0.094
41420,35,-0.100
41430,35,-0.094
41440,35,-0.087
41450,35,-0.075
41460,35,-0.100
41470,35,-0.100
41480,35,-0.094
41490,35,-0.094
41500,35,-0.100
41510,35,-0.100
41520,35,-0.094
41530,35,-0.094
41540,35,-0.094
41550,35,-0.100
41560,35,-0.100
41570,35,-0.094
41580,35,-0.100
41590,35,-0.100
41600,35,-0.100
41610,35,-0.100
41620,35,-0.094
41630,35,-0.094
41640,35,-0.100
41650,35,-0.094
41660,35,-0.100
41670,35,-0.100
41680,35,-0.094
41690,35,-0.100
41700,35,-0.094
41710,35,-0.094
41720,35,-0.100
41730,35,-0.094
41740,35,-0.094
41750,35,-0.094
41760,35,-0.100
41770,35,-0.094
41780,35,-0.087
41790,35,-0.094
41800,35,-0.100
41810,35,-0.094
41820,35,-0.094
41830,35,-0.094
41840,35,-0.094
41850,35,-0.094
41860,35,-0.100
41870,35,-0.094
41880,35,-0.094
41890,35,-0.087
41900,35,-0.094
41910,35,-0.087
41920,35,-0.094
41930,35,-0.094
41940,35,-0.094
41950,35,-0.094
41960,35,-0.094
41970,35,-0.087
41980,35,-0.081
41990,35,-0.087
42000,35,-0.094
42010,40,-0.087
42020,40,-0.094
42030,40,-0.087
42040,40,-0.094
42050,40,-0.094
42060,40,-0.094
42070,40,-0.094
42080,40,-0.087
42090,40,-0.094
42100,40,-0.094
42110,40,-0.087
42120,40,-0.087
42130,40,-0.094
42140,40,-0.087
42150,40,-0.087
42160,40,-0.087
42170,40,-0.087
42180,40,-0.094
42190,40,-0.094
42200,40,-0.094
42210,40,-0.087
42220,40,-0.094
42230,40,-0.094
42240,40,-0.094
42250,40,-0.094
42260,40,-0.094
42270,40,-0.094
42280,40,-0.094
42290,40,-0.087
42300,40,-0.087
42310,40,-0.087
42320,40,-0.087
42330,40,-0.094
42340,40,-0.094
42350,40,-0.087
42360,40,-0.087
42370,40,-0.087
42380,40,-0.087
42390,40,-0.087
42400,40,-0.087
42410,40,-0.094
42420,40,-0.087
42430,40,-0.094
42440,40,-0.094
42450,40,-0.075
42460,40,-0.081
42470,40,-0.087
42480,40,-0.094
42490,40,-0.087
42500,40,-0.087
42510,40,-0.094
42520,40,-0.081
42530,40,-0.075
42540,40,-0.087
42550,40,-0.087
42560,40,-0.087
42570,40,-0.087
42580,40,-0.094
42590,40,-0.087
42600,40,-0.087
42610,40,-0.087
42620,40,-0.081
42630,40,-0.087
42640,40,-0.087
42650,40,-0.087
42660,40,-0.087
42670,40,-0.094
42680,40,-0.094
42690,40,-0.087
42700,40,-0.087
42710,40,-0.087
42720,40,-0.094
42730,40,-0.087
42740,40,-0.087
42750,40,-0.087
42760,40,-0.087
42770,40,-0.081
42780,40,-0.075
42790,40,-0.087
42800,40,-0.094
42810,40,-0.081
42820,40,-0.087
42830,40,-0.081
42840,40,-0.094
42850,40,-0.087
42860,40,-0.087
42870,40,-0.087
42880,40,-0.094
42890,40,-0.094
42900,40,-0.087
42910,40,-0.087
42920,40,-0.094
42930,40,-0.094
42940,40,-0.094
42950,40,-0.087
42960,40,-0.100
42970,40,-0.087
42980,40,-0.087
42990,40,-0.094
43000,40,-0.094
43010,40,-0.087
43020,40,-0.094
43030,40,-0.094
43040,40,-0.094
43050,40,-0.094
43060,40,-0.100
43070,40,-0.087
43080,40,-0.094
43090,40,-0.094
43100,40,-0.094
43110,40,-0.094
43120,40,-0.100
43130,40,-0.087
43140,40,-0.087
43150,40,-0.094
43160,40,-0.087
43170,40,-0.094
43180,40,-0.094
43190,40,-0.087
43200,40,-0.087
43210,40,-0.094
43220,40,-0.094
43230,40,-0.100
43240,40,-0.100
43250,40,-0.100
43260,40,-0.100
43270,40,-0.094
43280,40,-0.087
43290,40,-0.094
43300,40,-0.087
43310,40,-0.094
43320,40,-0.100
43330,40,-0.094
43340,40,-0.100
43350,40,-0.094
43360,40,-0.106
43370,40,-0.094
43380,40,-0.100
43390,40,-0.094
43400,40,-0.094
43410,40,-0.106
43420,40,-0.106
43430,40,-0.106
43440,40,-0.106
43450,40,-0.087
43460,40,-0.087
43470,40,-0.094
43480,40,-0.100
43490,40,-0.100
43500,40,-0.106
43510,40,-0.106
43520,40,-0.106
43530,40,-0.106
43540,40,-0.100
43550,40,-0.100
43560,40,-0.094
43570,40,-0.100
43580,40,-0.094
43590,40,-0.094
43600,40,-0.094
43610,40,-0.106
43620,40,-0.106
43630,40,-0.100
43640,40,-0.094
43650,40,-0.100
43660,40,-0.100
43670,40,-0.094
43680,40,-0.100
43690,40,-0.094
43700,40,-0.094
43710,40,-0.106
43720,40,-0.100
43730,40,-0.100
43740,40,-0.094
43750,40,-0.100
43760,40,-0.094
43770,40,-0.094
43780,40,-0.087
43790,40,-0.100
43800,40,-0.100
43810,40,-0.094
43820,40,-0.094
43830,40,-0.100
43840,40,-0.094
43850,40,-0.100
43860,40,-0.100
43870,40,-0.100
43880,40,-0.100
43890,40,-0.100
43900,40,-0.094
43910,40,-0.106
43920,40,-0.100
43930,40,-0.094
43940,40,-0.100
43950,40,-0.094
43960,40,-0.094
43970,40,-0.100
43980,40,-0.087
43990,40,-0.094
44000,40,-0.106
44010,40,-0.100
44020,40,-0.094
44030,40,-0.094
44040,40,-0.100
44050,40,-0.094
44060,40,-0.094
44070,40,-0.100
44080,40,-0.100
44090,40,-0.100
44100,40,-0.094
44110,40,-0.087
44120,40,-0.094
44130,40,-0.100
44140,40,-0.094
44150,40,-0.094
44160,40,-0.100
44170,40,-0.094
44180,40,-0.094
44190,40,-0.094
44200,40,-0.094
44210,40,-0.100
44220,40,-0.094
44230,40,-0.087
44240,40,-0.100
44250,40,-0.094
44260,40,-0.087
44270,40,-0.100
44280,40,-0.087
44290,40,-0.094
44300,40,-0.094
44310,40,-0.087
44320,40,-0.094
44330,40,-0.100
44340,40,-0.094
44350,40,-0.094
44360,40,-0.094
44370,40,-0.100
44380,40,-0.094
44390,40,-0.094
44400,40,-0.094
44410,40,-0.100
44420,40,-0.087
44430,40,-0.094
44440,40,-0.100
44450,40,-0.087
44460,40,-0.100
44470,40,-0.094
44480,40,-0.087
44490,40,-0.100
44500,40,-0.100
44510,40,-0.100
44520,40,-0.094
44530,40,-0.094
44540,40,-0.100
44550,40,-0.100
44560,40,-0.094
44570,40,-0.081
44580,40,-0.094
44590,40,-0.087
44600,40,-0.087
44610,40,-0.094
44620,40,-0.094
44630,40,-0.094
44640,40,-0.100
44650,40,-0.094
44660,40,-0.094
44670,40,-0.094
44680,40,-0.100
44690,40,-0.094
44700,40,-0.094
44710,40,-0.094
44720,40,-0.094
44730,40,-0.094
44740,40,-0.094
44750,40,-0.094
44760,40,-0.106
44770,40,-0.094
44780,40,-0.075
44790,40,-0.100
44800,40,-0.100
44810,40,-0.100
44820,40,-0.094
44830,40,-0.094
44840,40,-0.100
44850,40,-0.100
44860,40,-0.087
44870,40,-0.100
44880,40,-0.100
44890,40,-0.100
44900,40,-0.100
44910,40,-0.094
44920,40,-0.100
44930,40,-0.100
44940,40,-0.087
44950,40,-0.094
44960,40,-0.094
44970,40,-0.100
44980,40,-0.087
44990,40,-0.100
45000,40,-0.100
45010,40,-0.094
45020,40,-0.094
45030,40,-0.094
45040,40,-0.087
45050,40,-0.100
45060,40,-0.087
45070,40,-0.094
45080,40,-0.094
45090,40,-0.100
45100,40,-0.106
45110,40,-0.081
45120,40,-0.094
45130,40,-0.094
45140,40,-0.094
45150,40,-0.087
45160,40,-0.100
45170,40,-0.094
45180,40,-0.094
45190,40,-0.100
45200,40,-0.094
45210,40,-0.100
45220,40,-0.094
45230,40,-0.106
45240,40,-0.106
45250,40,-0.094
45260,40,-0.100
45270,40,-0.087
45280,40,-0.106
45290,40,-0.100
45300,40,-0.087
45310,40,-0.087
45320,40,-0.087
45330,40,-0.094
45340,40,-0.087
45350,40,-0.081
45360,40,-0.075
45370,40,-0.094
45380,40,-0.087
45390,40,-0.087
45400,40,-0.087
45410,40,-0.081
45420,40,-0.081
45430,40,-0.087
45440,40,-0.087
45450,40,-0.087
45460,40,-0.094
45470,40,-0.094
45480,40,-0.087
45490,40,-0.087
45500,40,-0.087
45510,40,-0.094
45520,40,-0.094
45530,40,-0.094
45540,40,-0.087
45550,40,-0.094
45560,40,-0.087
45570,40,-0.094
45580,40,-0.094
45590,40,-0.094
45600,40,-0.094
45610,40,-0.094
45620,40,-0.087
45630,40,-0.094
45640,40,-0.094
45650,40,-0.094
45660,40,-0.094
45670,40,-0.094
45680,40,-0.087
45690,40,-0.087
45700,40,-0.087
45710,40,-0.087
45720,40,-0.087
45730,40,-0.081
45740,40,-0.100
45750,40,-0.094
45760,40,-0.094
45770,40,-0.087
45780,40,-0.081
45790,40,-0.094
45800,40,-0.094
45810,40,-0.094
45820,40,-0.094
45830,40,-0.094
45840,40,-0.087
45850,40,-0.087
45860,40,-0.094
45870,40,-0.087
45880,40,-0.094
45890,40,-0.087
45900,40,-0.087
45910,40,-0.094
45920,40,-0.087
45930,40,-0.094
45940,40,-0.094
45950,40,-0.094
45960,40,-0.094
45970,40,-0.087
45980,40,-0.087
45990,40,-0.087
46000,40,-0.081
46010,40,-0.087
46020,40,-0.100
46030,40,-0.094
46040,40,-0.094
46050,40,-0.094
46060,40,-0.087
46070,40,-0.087
46080,40,-0.094
46090,40,-0.087
46100,40,-0.094
46110,40,-0.081
46120,40,-0.094
46130,40,-0.094
46140,40,-0.087
46150,40,-0.094
46160,40,-0.087
46170,40,-0.094
46180,40,-0.094
46190,40,-0.094
46200,40,-0.094
46210,40,-0.087
46220,40,-0.094
46230,40,-0.094
46240,40,-0.087
46250,40,-0.087
46260,40,-0.094
46270,40,-0.094
46280,40,-0.094
46290,40,-0.094
46300,40,-0.100
46310,40,-0.094
46320,40,-0.094
46330,40,-0.094
46340,40,-0.087
46350,40,-0.094
46360,40,-0.087
46370,40,-0.094
46380,40,-0.094
46390,40,-0.094
46400,40,-0.094
46410,40,-0.094
46420,40,-0.100
46430,40,-0.087
46440,40,-0.094
46450,40,-0.094
46460,40,-0.094
46470,40,-0.100
46480,40,-0.087
46490,40,-0.094
46500,40,-0.087
46510,40,-0.094
46520,40,-0.094
46530,40,-0.094
46540,40,-0.087
46550,40,-0.094
46560,40,-0.087
46570,40,-0.094
46580,40,-0.100
46590,40,-0.087
46600,40,-0.087
46610,40,-0.094
46620,40,-0.087
46630,40,-0.094
46640,40,-0.087
46650,40,-0.094
46660,40,-0.094
46670,40,-0.094
46680,40,-0.100
46690,40,-0.100
46700,40,-0.087
46710,40,-0.094
46720,40,-0.094
46730,40,-0.094
46740,40,-0.094
46750,40,-0.087
46760,40,-0.094
46770,40,-0.094
46780,40,-0.075
46790,40,-0.094
46800,40,-0.094
46810,40,-0.094
46820,40,-0.094
46830,40,-0.094
46840,40,-0.094
46850,40,-0.100
46860,40,-0.087
46870,40,-0.087
46880,40,-0.094
46890,40,-0.087
46900,40,-0.087
46910,40,-0.087
46920,40,-0.094
46930,40,-0.100
46940,40,-0.100
46950,40,-0.087
46960,40,-0.087
46970,40,-0.100
46980,40,-0.094
46990,40,-0.087
47000,40,-0.094
47010,45,-0.094
47020,45,-0.094
47030,45,-0.094
47040,45,-0.087
47050,45,-0.094
47060,45,-0.094
47070,45,-0.100
47080,45,-0.081
47090,45,-0.087
47100,45,-0.087
47110,45,-0.075
47120,45,-0.094
47130,45,-0.094
47140,45,-0.094
47150,45,-0.094
47160,45,-0.094
47170,45,-0.094
47180,45,-0.087
47190,45,-0.094
47200,45,-0.094
47210,45,-0.094
47220,45,-0.094
47230,45,-0.094
47240,45,-0.094
47250,45,-0.094
47260,45,-0.094
47270,45,-0.094
47280,45,-0.094
47290,45,-0.094
47300,45,-0.100
47310,45,-0.094
47320,45,-0.106
47330,45,-0.094
47340,45,-0.094
47350,45,-0.100
47360,45,-0.094
47370,45,-0.100
47380,45,-0.094
47390,45,-0.087
47400,45,-0.094
47410,45,-0.094
47420,45,-0.094
47430,45,-0.094
47440,45,-0.081
47450,45,-0.087
47460,45,-0.094
47470,45,-0.100
47480,45,-0.094
47490,45,-0.094
47500,45,-0.100
47510,45,-0.087
47520,45,-0.087
47530,45,-0.094
47540,45,-0.094
47550,45,-0.081
47560,45,-0.081
47570,45,-0.087
47580,45,-0.087
47590,45,-0.087
47600,45,-0.094
47610,45,-0.087
47620,45,-0.087
47630,45,-0.087
47640,45,-0.081
47650,45,-0.087
47660,45,-0.087
47670,45,-0.087
47680,45,-0.094
47690,45,-0.087
47700,45,-0.094
47710,45,-0.094
47720,45,-0.094
47730,45,-0.087
47740,45,-0.087
47750,45,-0.094
47760,45,-0.094
47770,45,-0.094
47780,45,-0.087
47790,45,-0.087
47800,45,-0.094
47810,45,-0.094
47820,45,-0.087
47830,45,-0.087
47840,45,-0.094
47850,45,-0.094
47860,45,-0.087
47870,45,-0.094
47880,45,-0.087
47890,45,-0.094
47900,45,-0.087
47910,45,-0.087
47920,45,-0.094
47930,45,-0.094
47940,45,-0.094
47950,45,-0.094
47960,45,-0.094
47970,45,-0.094
47980,45,-0.094
47990,45,-0.081
48000,45,-0.087
48010,45,-0.087
48020,45,-0.094
48030,45,-0.087
48040,45,-0.094
48050,45,-0.087
48060,45,-0.094
48070,45,-0.094
48080,45,-0.094
48090,45,-0.094
48100,45,-0.087
48110,45,-0.075
48120,45,-0.087
48130,45,-0.094
48140,45,-0.100
48150,45,-0.094
48160,45,-0.087
48170,45,-0.094
48180,45,-0.094
48190,45,-0.087
48200,45,-0.094
48210,45,-0.094
48220,45,-0.094
48230,45,-0.094
48240,45,-0.094
48250,45,-0.087
48260,45,-0.094
48270,45,-0.094
48280,45,-0.087
48290,45,-0.087
48300,45,-0.081
48310,45,-0.087
48320,45,-0.087
48330,45,-0.087
48340,45,-0.094
48350,45,-0.094
48360,45,-0.087
48370,45,-0.087
48380,45,-0.081
48390,45,-0.087
48400,45,-0.081
48410,45,-0.087
48420,45,-0.087
48430,45,-0.094
48440,45,-0.075
48450,45,-0.087
48460,45,-0.094
48470,45,-0.094
48480,45,-0.087
48490,45,-0.094
48500,45,-0.094
48510,45,-0.087
48520,45,-0.100
48530,45,-0.100
48540,45,-0.094
48550,45,-0.094
48560,45,-0.094
48570,45,-0.094
48580,45,-0.087
48590,45,-0.100
48600,45,-0.094
48610,45,-0.094
48620,45,-0.100
48630,45,-0.094
48640,45,-0.087
48650,45,-0.100
48660,45,-0.100
48670,45,-0.094
48680,45,-0.100
48690,45,-0.100
48700,45,-0.094
48710,45,-0.100
48720,45,-0.094
48730,45,-0.094
48740,45,-0.094
48750,45,-0.087
48760,45,-0.100
48770,45,-0.094
48780,45,-0.081
48790,45,-0.100
48800,45,-0.094
48810,45,-0.087
48820,45,-0.087
48830,45,-0.087
48840,45,-0.100
48850,45,-0.087
48860,45,-0.087
48870,45,-0.100
48880,45,-0.094
48890,45,-0.094
48900,45,-0.100
48910,45,-0.081
48920,45,-0.087
48930,45,-0.100
48940,45,-0.094
48950,45,-0.094
48960,45,-0.100
48970,45,-0.100
48980,45,-0.094
48990,45,-0.100
49000,45,-0.100
49010,45,-0.100
49020,45,-0.094
49030,45,-0.094
49040,45,-0.100
49050,45,-0.094
49060,45,-0.094
49070,45,-0.106
49080,45,-0.106
49090,45,-0.100
49100,45,-0.094
49110,45,-0.081
49120,45,-0.100
49130,45,-0.100
49140,45,-0.106
49150,45,-0.106
49160,45,-0.106
49170,45,-0.106
49180,45,-0.100
49190,45,-0.100
49200,45,-0.106
49210,45,-0.106
49220,45,-0.106
49230,45,-0.106
49240,45,-0.100
49250,45,-0.106
49260,45,-0.106
49270,45,-0.100
49280,45,-0.100
49290,45,-0.106
49300,45,-0.100
49310,45,-0.094
49320,45,-0.100
49330,45,-0.100
49340,45,-0.094
49350,45,-0.100
49360,45,-0.094
49370,45,-0.094
49380,45,-0.100
49390,45,-0.106
49400,45,-0.094
49410,45,-0.094
49420,45,-0.094
49430,45,-0.094
49440,45,-0.081
49450,45,-0.081
49460,45,-0.087
49470,45,-0.094
49480,45,-0.081
49490,45,-0.094
49500,45,-0.094
49510,45,-0.094
49520,45,-0.094
49530,45,-0.087
49540,45,-0.081
49550,45,-0.087
49560,45,-0.081
49570,45,-0.081
49580,45,-0.081
49590,45,-0.087
49600,45,-0.087
49610,45,-0.087
49620,45,-0.094
49630,45,-0.087
49640,45,-0.081
49650,45,-0.081
49660,45,-0.087
49670,45,-0.081
49680,45,-0.087
49690,45,-0.094
49700,45,-0.094
49710,45,-0.087
49720,45,-0.087
49730,45,-0.081
49740,45,-0.087
49750,45,-0.087
49760,45,-0.087
49770,45,-0.094
49780,45,-0.094
49790,45,-0.094
49800,45,-0.087
49810,45,-0.087
49820,45,-0.094
49830,45,-0.087
49840,45,-0.087
49850,45,-0.094
49860,45,-0.094
49870,45,-0.094
49880,45,-0.094
49890,45,-0.100
49900,45,-0.094
49910,45,-0.094
49920,45,-0.100
49930,45,-0.087
49940,45,-0.087
49950,45,-0.094
49960,45,-0.087
49970,45,-0.094
49980,45,-0.087
49990,45,-0.094
50000,45,-0.094
50010,45,-0.100
50020,45,-0.094
50030,45,-0.094
50040,45,-0.094
50050,45,-0.094
50060,45,-0.087
50070,45,-0.094
50080,45,-0.087
50090,45,-0.087
50100,45,-0.094
50110,45,-0.075
50120,45,-0.087
50130,45,-0.094
50140,45,-0.087
50150,45,-0.087
50160,45,-0.087
50170,45,-0.094
50180,45,-0.094
50190,45,-0.087
50200,45,-0.094
50210,45,-0.094
50220,45,-0.094
50230,45,-0.087
50240,45,-0.094
50250,45,-0.094
50260,45,-0.094
50270,45,-0.094
50280,45,-0.100
50290,45,-0.094
50300,45,-0.094
50310,45,-0.087
50320,45,-0.094
50330,45,-0.094
50340,45,-0.094
50350,45,-0.094
50360,45,-0.100
50370,45,-0.087
50380,45,-0.094
50390,45,-0.094
50400,45,-0.094
50410,45,-0.087
50420,45,-0.087
50430,45,-0.087
50440,45,-0.075
50450,45,-0.094
50460,45,-0.100
50470,45,-0.094
50480,45,-0.094
50490,45,-0.087
50500,45,-0.094
50510,45,-0.094
50520,45,-0.094
50530,45,-0.100
50540,45,-0.100
50550,45,-0.100
50560,45,-0.094
50570,45,-0.094
50580,45,-0.094
50590,45,-0.094
50600,45,-0.094
50610,45,-0.087
50620,45,-0.087
50630,45,-0.094
50640,45,-0.087
50650,45,-0.100
50660,45,-0.094
50670,45,-0.094
50680,45,-0.094
50690,45,-0.094
50700,45,-0.094
50710,45,-0.094
50720,45,-0.094
50730,45,-0.094
50740,45,-0.100
50750,45,-0.094
50760,45,-0.094
50770,45,-0.087
50780,45,-0.094
50790,45,-0.100
50800,45,-0.094
50810,45,-0.094
50820,45,-0.094
50830,45,-0.100
50840,45,-0.094
50850,45,-0.094
50860,45,-0.094
50870,45,-0.094
50880,45,-0.094
50890,45,-0.094
50900,45,-0.106
50910,45,-0.100
50920,45,-0.100
50930,45,-0.094
50940,45,-0.100
50950,45,-0.094
50960,45,-0.094
50970,45,-0.100
50980,45,-0.094
50990,45,-0.094
51000,45,-0.100
51010,45,-0.094
51020,45,-0.100
51030,45,-0.094
51040,45,-0.106
51050,45,-0.094
51060,45,-0.094
51070,45,-0.100
51080,45,-0.087
51090,45,-0.094
51100,45,-0.100
51110,45,-0.081
51120,45,-0.094
51130,45,-0.094
51140,45,-0.094
51150,45,-0.094
51160,45,-0.094
51170,45,-0.100
51180,45,-0.094
51190,45,-0.094
51200,45,-0.094
51210,45,-0.100
51220,45,-0.100
51230,45,-0.094
51240,45,-0.094
51250,45,-0.087
51260,45,-0.094
51270,45,-0.100
51280,45,-0.094
51290,45,-0.087
51300,45,-0.094
51310,45,-0.094
51320,45,-0.094
51330,45,-0.087
51340,45,-0.087
51350,45,-0.100
51360,45,-0.094
51370,45,-0.100
51380,45,-0.100
51390,45,-0.094
51400,45,-0.094
51410,45,-0.094
51420,45,-0.094
51430,45,-0.100
51440,45,-0.075
51450,45,-0.094
51460,45,-0.100
51470,45,-0.094
51480,45,-0.094
51490,45,-0.094
51500,45,-0.087
51510,45,-0.087
51520,45,-0.094
51530,45,-0.094
51540,45,-0.094
51550,45,-0.087
51560,45,-0.094
51570,45,-0.094
51580,45,-0.094
51590,45,-0.094
51600,45,-0.087
51610,45,-0.094
51620,45,-0.094
51630,45,-0.087
51640,45,-0.087
51650,45,-0.094
51660,45,-0.087
51670,45,-0.094
51680,45,-0.094
51690,45,-0.094
51700,45,-0.094
51710,45,-0.094
51720,45,-0.094
51730,45,-0.094
51740,45,-0.087
51750,45,-0.094
51760,45,-0.094
51770,45,-0.075
51780,45,-0.087
51790,45,-0.087
51800,45,-0.094
51810,45,-0.094
51820,45,-0.094
51830,45,-0.094
51840,45,-0.087
51850,45,-0.094
51860,45,-0.094
51870,45,-0.081
51880,45,-0.094
51890,45,-0.081
51900,45,-0.087
51910,45,-0.087
51920,45,-0.087
51930,45,-0.087
51940,45,-0.087
51950,45,-0.094
51960,45,-0.094
51970,45,-0.081
51980,45,-0.087
51990,45,-0.081
52000,45,-0.087
52010,50,-0.087
52020,50,-0.087
52030,50,-0.087
52040,50,-0.087
52050,50,-0.087
52060,50,-0.087
52070,50,-0.081
52080,50,-0.087
52090,50,-0.087
52100,50,-0.087
52110,50,-0.081
52120,50,-0.094
52130,50,-0.081
52140,50,-0.087
52150,50,-0.087
52160,50,-0.081
52170,50,-0.087
52180,50,-0.081
52190,50,-0.087
52200,50,-0.087
52210,50,-0.087
52220,50,-0.081
52230,50,-0.081
52240,50,-0.087
52250,50,-0.081
52260,50,-0.081
52270,50,-0.087
52280,50,-0.081
52290,50,-0.081
52300,50,-0.087
52310,50,-0.081
52320,50,-0.087
52330,50,-0.094
52340,50,-0.087
52350,50,-0.087
52360,50,-0.081
52370,50,-0.087
52380,50,-0.081
52390,50,-0.081
52400,50,-0.087
52410,50,-0.081
52420,50,-0.087
52430,50,-0.081
52440,50,-0.075
52450,50,-0.087
52460,50,-0.081
52470,50,-0.081
52480,50,-0.087
52490,50,-0.087
52500,50,-0.087
52510,50,-0.087
52520,50,-0.087
52530,50,-0.081
52540,50,-0.087
52550,50,-0.081
52560,50,-0.087
52570,50,-0.081
52580,50,-0.081
52590,50,-0.087
52600,50,-0.081
52610,50,-0.081
52620,50,-0.087
52630,50,-0.081
52640,50,-0.081
52650,50,-0.087
52660,50,-0.081
52670,50,-0.081
52680,50,-0.087
52690,50,-0.094
52700,50,-0.087
52710,50,-0.087
52720,50,-0.087
52730,50,-0.081
52740,50,-0.081
52750,50,-0.081
52760,50,-0.081
52770,50,-0.069
52780,50,-0.081
52790,50,-0.081
52800,50,-0.081
52810,50,-0.081
52820,50,-0.075
52830,50,-0.094
52840,50,-0.087
52850,50,-0.087
52860,50,-0.087
52870,50,-0.081
52880,50,-0.081
52890,50,-0.081
52900,50,-0.081
52910,50,-0.087
52920,50,-0.081
52930,50,-0.081
52940,50,-0.081
52950,50,-0.087
52960,50,-0.087
52970,50,-0.087
52980,50,-0.087
52990,50,-0.075
53000,50,-0.087
53010,50,-0.081
53020,50,-0.075
53030,50,-0.081
53040,50,-0.087
53050,50,-0.087
53060,50,-0.075
53070,50,-0.081
53080,50,-0.081
53090,50,-0.081
53100,50,-0.081
53110,50,-0.081
53120,50,-0.081
53130,50,-0.075
53140,50,-0.081
53150,50,-0.087
53160,50,-0.081
53170,50,-0.075
53180,50,-0.081
53190,50,-0.081
53200,50,-0.087
53210,50,-0.087
53220,50,-0.087
53230,50,-0.087
53240,50,-0.087
53250,50,-0.087
53260,50,-0.087
53270,50,-0.081
53280,50,-0.087
53290,50,-0.087
53300,50,-0.087
53310,50,-0.094
53320,50,-0.094
53330,50,-0.087
53340,50,-0.087
53350,50,-0.087
53360,50,-0.087
53370,50,-0.087
53380,50,-0.081
53390,50,-0.081
53400,50,-0.087
53410,50,-0.087
53420,50,-0.094
53430,50,-0.094
53440,50,-0.075
53450,50,-0.087
53460,50,-0.087
53470,50,-0.094
53480,50,-0.100
53490,50,-0.094
53500,50,-0.094
53510,50,-0.094
53520,50,-0.100
53530,50,-0.094
53540,50,-0.087
53550,50,-0.094
53560,50,-0.081
53570,50,-0.081
53580,50,-0.087
53590,50,-0.094
53600,50,-0.094
53610,50,-0.100
53620,50,-0.087
53630,50,-0.094
53640,50,-0.081
53650,50,-0.094
53660,50,-0.087
53670,50,-0.094
53680,50,-0.087
53690,50,-0.094
53700,50,-0.094
53710,50,-0.100
53720,50,-0.094
53730,50,-0.094
53740,50,-0.094
53750,50,-0.094
53760,50,-0.094
53770,50,-0.081
53780,50,-0.100
53790,50,-0.094
53800,50,-0.094
53810,50,-0.094
53820,50,-0.094
53830,50,-0.094
53840,50,-0.087
53850,50,-0.094
53860,50,-0.100
53870,50,-0.100
53880,50,-0.100
53890,50,-0.094
53900,50,-0.094
53910,50,-0.094
53920,50,-0.087
53930,50,-0.094
53940,50,-0.094
53950,50,-0.081
53960,50,-0.094
53970,50,-0.094
53980,50,-0.100
53990,50,-0.100
54000,50,-0.087
54010,50,-0.094
54020,50,-0.087
54030,50,-0.087
54040,50,-0.087
54050,50,-0.087
54060,50,-0.094
54070,50,-0.094
54080,50,-0.094
54090,50,-0.094
54100,50,-0.087
54110,50,-0.094
54120,50,-0.094
54130,50,-0.087
54140,50,-0.094
54150,50,-0.100
54160,50,-0.094
54170,50,-0.094
54180,50,-0.094
54190,50,-0.087
54200,50,-0.094
54210,50,-0.094
54220,50,-0.087
54230,50,-0.081
54240,50,-0.087
54250,50,-0.087
54260,50,-0.087
54270,50,-0.094
54280,50,-0.087
54290,50,-0.081
54300,50,-0.087
54310,50,-0.087
54320,50,-0.087
54330,50,-0.094
54340,50,-0.094
54350,50,-0.087
54360,50,-0.087
54370,50,-0.087
54380,50,-0.087
54390,50,-0.087
54400,50,-0.094
54410,50,-0.087
54420,50,-0.087
54430,50,-0.087
54440,50,-0.081
54450,50,-0.094
54460,50,-0.094
54470,50,-0.094
54480,50,-0.094
54490,50,-0.087
54500,50,-0.087
54510,50,-0.087
54520,50,-0.094
54530,50,-0.094
54540,50,-0.094
54550,50,-0.100
54560,50,-0.094
54570,50,-0.087
54580,50,-0.094
54590,50,-0.087
54600,50,-0.094
54610,50,-0.094
54620,50,-0.094
54630,50,-0.087
54640,50,-0.087
54650,50,-0.087
54660,50,-0.087
54670,50,-0.094
54680,50,-0.087
54690,50,-0.094
54700,50,-0.087
54710,50,-0.094
54720,50,-0.087
54730,50,-0.094
54740,50,-0.094
54750,50,-0.094
54760,50,-0.087
54770,50,-0.075
54780,50,-0.087
54790,50,-0.087
54800,50,-0.087
54810,50,-0.094
54820,50,-0.094
54830,50,-0.094
54840,50,-0.087
54850,50,-0.094
54860,50,-0.087
54870,50,-0.087
54880,50,-0.087
54890,50,-0.087
54900,50,-0.087
54910,50,-0.087
54920,50,-0.087
54930,50,-0.081
54940,50,-0.075
54950,50,-0.081
54960,50,-0.081
54970,50,-0.087
54980,50,-0.087
54990,50,-0.094
55000,50,-0.081
55010,50,-0.087
55020,50,-0.081
55030,50,-0.087
55040,50,-0.087
55050,50,-0.094
55060,50,-0.081
55070,50,-0.087
55080,50,-0.081
55090,50,-0.094
55100,50,-0.069
55110,50,-0.081
55120,50,-0.081
55130,50,-0.087
55140,50,-0.087
55150,50,-0.087
55160,50,-0.087
55170,50,-0.087
55180,50,-0.087
55190,50,-0.087
55200,50,-0.087
55210,50,-0.081
55220,50,-0.081
55230,50,-0.087
55240,50,-0.087
55250,50,-0.087
55260,50,-0.094
55270,50,-0.087
55280,50,-0.081
55290,50,-0.087
55300,50,-0.081
55310,50,-0.081
55320,50,-0.081
55330,50,-0.081
55340,50,-0.081
55350,50,-0.081
55360,50,-0.081
55370,50,-0.081
55380,50,-0.087
55390,50,-0.081
55400,50,-0.081
55410,50,-0.081
55420,50,-0.081
55430,50,-0.081
55440,50,-0.081
55450,50,-0.087
55460,50,-0.087
55470,50,-0.087
55480,50,-0.081
55490,50,-0.081
55500,50,-0.081
55510,50,-0.087
55520,50,-0.087
55530,50,-0.087
55540,50,-0.094
55550,50,-0.087
55560,50,-0.087
55570,50,-0.075
55580,50,-0.087
55590,50,-0.081
55600,50,-0.087
55610,50,-0.087
55620,50,-0.087
55630,50,-0.087
55640,50,-0.087
55650,50,-0.094
55660,50,-0.081
55670,50,-0.100
55680,50,-0.094
55690,50,-0.094
55700,50,-0.100
55710,50,-0.087
55720,50,-0.087
55730,50,-0.106
55740,50,-0.100
55750,50,-0.094
55760,50,-0.094
55770,50,-0.081
55780,50,-0.087
55790,50,-0.087
55800,50,-0.100
55810,50,-0.100
55820,50,-0.087
55830,50,-0.075
55840,50,-0.094
55850,50,-0.087
55860,50,-0.087
55870,50,-0.094
55880,50,-0.100
55890,50,-0.100
55900,50,-0.087
55910,50,-0.094
55920,50,-0.081
55930,50,-0.100
55940,50,-0.094
55950,50,-0.087
55960,50,-0.094
55970,50,-0.087
55980,50,-0.087
55990,50,-0.100
56000,50,-0.087
56010,50,-0.087
56020,50,-0.094
56030,50,-0.081
56040,50,-0.094
56050,50,-0.087
56060,50,-0.087
56070,50,-0.081
56080,50,-0.081
56090,50,-0.100
56100,50,-0.081
56110,50,-0.094
56120,50,-0.100
56130,50,-0.094
56140,50,-0.087
56150,50,-0.094
56160,50,-0.087
56170,50,-0.094
56180,50,-0.100
56190,50,-0.094
56200,50,-0.094
56210,50,-0.100
56220,50,-0.087
56230,50,-0.087
56240,50,-0.094
56250,50,-0.087
56260,50,-0.087
56270,50,-0.100
56280,50,-0.094
56290,50,-0.087
56300,50,-0.094
56310,50,-0.094
56320,50,-0.087
56330,50,-0.094
56340,50,-0.094
56350,50,-0.087
56360,50,-0.094
56370,50,-0.100
56380,50,-0.100
56390,50,-0.100
56400,50,-0.106
56410,50,-0.094
56420,50,-0.094
56430,50,-0.094
56440,50,-0.100
56450,50,-0.094
56460,50,-0.087
56470,50,-0.094
56480,50,-0.094
56490,50,-0.087
56500,50,-0.094
56510,50,-0.087
56520,50,-0.087
56530,50,-0.094
56540,50,-0.087
56550,50,-0.087
56560,50,-0.100
56570,50,-0.087
56580,50,-0.094
56590,50,-0.087
56600,50,-0.087
56610,50,-0.087
56620,50,-0.087
56630,50,-0.081
56640,50,-0.087
56650,50,-0.094
56660,50,-0.094
56670,50,-0.087
56680,50,-0.087
56690,50,-0.081
56700,50,-0.087
56710,50,-0.087
56720,50,-0.087
56730,50,-0.087
56740,50,-0.094
56750,50,-0.087
56760,50,-0.087
56770,50,-0.075
56780,50,-0.087
56790,50,-0.094
56800,50,-0.094
56810,50,-0.094
56820,50,-0.087
56830,50,-0.087
56840,50,-0.087
56850,50,-0.087
56860,50,-0.087
56870,50,-0.087
56880,50,-0.087
56890,50,-0.081
56900,50,-0.087
56910,50,-0.081
56920,50,-0.087
56930,50,-0.087
56940,50,-0.081
56950,50,-0.087
56960,50,-0.094
56970,50,-0.075
56980,50,-0.087
56990,50,-0.087
57000,50,-0.094
57010,55,-0.087
57020,55,-0.087
57030,55,-0.087
57040,55,-0.087
57050,55,-0.087
57060,55,-0.087
57070,55,-0.087
57080,55,-0.094
57090,55,-0.081
57100,55,-0.075
57110,55,-0.094
57120,55,-0.075
57130,55,-0.081
57140,55,-0.087
57150,55,-0.075
57160,55,-0.075
57170,55,-0.087
57180,55,-0.081
57190,55,-0.087
57200,55,-0.081
57210,55,-0.081
57220,55,-0.081
57230,55,-0.087
57240,55,-0.075
57250,55,-0.081
57260,55,-0.075
57270,55,-0.075
57280,55,-0.081
57290,55,-0.087
57300,55,-0.081
57310,55,-0.081
57320,55,-0.081
57330,55,-0.081
57340,55,-0.087
57350,55,-0.081
57360,55,-0.075
57370,55,-0.081
57380,55,-0.087
57390,55,-0.081
57400,55,-0.087
57410,55,-0.087
57420,55,-0.081
57430,55,-0.069
57440,55,-0.087
57450,55,-0.081
57460,55,-0.081
57470,55,-0.094
57480,55,-0.087
57490,55,-0.075
57500,55,-0.087
57510,55,-0.075
57520,55,-0.081
57530,55,-0.094
57540,55,-0.075
57550,55,-0.081
57560,55,-0.094
57570,55,-0.081
57580,55,-0.087
57590,55,-0.087
57600,55,-0.081
57610,55,-0.075
57620,55,-0.087
57630,55,-0.075
57640,55,-0.081
57650,55,-0.081
57660,55,-0.081
57670,55,-0.087
57680,55,-0.087
57690,55,-0.081
57700,55,-0.094
57710,55,-0.087
57720,55,-0.087
57730,55,-0.075
57740,55,-0.075
57750,55,-0.087
57760,55,-0.081
57770,55,-0.069
57780,55,-0.087
57790,55,-0.081
57800,55,-0.081
57810,55,-0.094
57820,55,-0.087
57830,55,-0.081
57840,55,-0.094
57850,55,-0.081
57860,55,-0.087
57870,55,-0.087
57880,55,-0.081
57890,55,-0.081
57900,55,-0.094
57910,55,-0.081
57920,55,-0.075
57930,55,-0.087
57940,55,-0.081
57950,55,-0.081
57960,55,-0.081
57970,55,-0.075
57980,55,-0.081
57990,55,-0.075
58000,55,-0.075
58010,55,-0.081
58020,55,-0.069
58030,55,-0.075
58040,55,-0.069
58050,55,-0.075
58060,55,-0.069
58070,55,-0.081
58080,55,-0.081
58090,55,-0.075
58100,55,-0.050
58110,55,-0.075
58120,55,-0.069
58130,55,-0.075
58140,55,-0.075
58150,55,-0.069
58160,55,-0.081
58170,55,-0.069
58180,55,-0.075
58190,55,-0.081
58200,55,-0.081
58210,55,-0.069
58220,55,-0.075
58230,55,-0.075
58240,55,-0.081
58250,55,-0.087
58260,55,-0.075
58270,55,-0.075
58280,55,-0.081
58290,55,-0.069
58300,55,-0.069
58310,55,-0.075
58320,55,-0.075
58330,55,-0.075
58340,55,-0.081
58350,55,-0.075
58360,55,-0.081
58370,55,-0.081
58380,55,-0.069
58390,55,-0.075
58400,55,-0.081
58410,55,-0.075
58420,55,-0.081
58430,55,-0.075
58440,55,-0.075
58450,55,-0.075
58460,55,-0.087
58470,55,-0.081
58480,55,-0.081
58490,55,-0.094
58500,55,-0.087
58510,55,-0.087
58520,55,-0.094
58530,55,-0.081
58540,55,-0.081
58550,55,-0.094
58560,55,-0.081
58570,55,-0.075
58580,55,-0.087
58590,55,-0.081
58600,55,-0.081
58610,55,-0.087
58620,55,-0.081
58630,55,-0.081
58640,55,-0.087
58650,55,-0.075
58660,55,-0.087
58670,55,-0.087
58680,55,-0.087
58690,55,-0.081
58700,55,-0.094
58710,55,-0.087
58720,55,-0.081
58730,55,-0.094
58740,55,-0.087
58750,55,-0.087
58760,55,-0.094
58770,55,-0.081
58780,55,-0.087
58790,55,-0.087
58800,55,-0.081
58810,55,-0.081
58820,55,-0.087
58830,55,-0.075
58840,55,-0.081
58850,55,-0.094
58860,55,-0.087
58870,55,-0.087
58880,55,-0.094
58890,55,-0.087
58900,55,-0.087
58910,55,-0.087
58920,55,-0.087
58930,55,-0.081
58940,55,-0.094
58950,55,-0.087
58960,55,-0.081
58970,55,-0.087
58980,55,-0.081
58990,55,-0.087
59000,55,-0.094
59010,55,-0.094
59020,55,-0.087
59030,55,-0.081
59040,55,-0.087
59050,55,-0.081
59060,55,-0.087
59070,55,-0.094
59080,55,-0.087
59090,55,-0.087
59100,55,-0.081
59110,55,-0.081
59120,55,-0.081
59130,55,-0.094
59140,55,-0.087
59150,55,-0.087
59160,55,-0.094
59170,55,-0.087
59180,55,-0.087
59190,55,-0.094
59200,55,-0.075
59210,55,-0.075
59220,55,-0.081
59230,55,-0.081
59240,55,-0.081
59250,55,-0.087
59260,55,-0.081
59270,55,-0.087
59280,55,-0.094
59290,55,-0.081
59300,55,-0.075
59310,55,-0.087
59320,55,-0.081
59330,55,-0.081
59340,55,-0.094
59350,55,-0.081
59360,55,-0.087
59370,55,-0.094
59380,55,-0.087
59390,55,-0.081
59400,55,-0.087
59410,55,-0.081
59420,55,-0.081
59430,55,-0.075
59440,55,-0.087
59450,55,-0.087
59460,55,-0.094
59470,55,-0.081
59480,55,-0.081
59490,55,-0.087
59500,55,-0.087
59510,55,-0.081
59520,55,-0.087
59530,55,-0.087
59540,55,-0.081
59550,55,-0.087
59560,55,-0.075
59570,55,-0.075
59580,55,-0.081
59590,55,-0.081
59600,55,-0.081
59610,55,-0.087
59620,55,-0.081
59630,55,-0.081
59640,55,-0.087
59650,55,-0.081
59660,55,-0.081
59670,55,-0.087
59680,55,-0.081
59690,55,-0.075
59700,55,-0.087
59710,55,-0.075
59720,55,-0.081
59730,55,-0.094
59740,55,-0.087
59750,55,-0.081
59760,55,-0.081
59770,55,-0.075
59780,55,-0.087
59790,55,-0.087
59800,55,-0.087
59810,55,-0.087
59820,55,-0.087
59830,55,-0.087
59840,55,-0.081
59850,55,-0.087
59860,55,-0.081
59870,55,-0.081
59880,55,-0.087
59890,55,-0.081
59900,55,-0.094
59910,55,-0.094
59920,55,-0.087
59930,55,-0.087
59940,55,-0.087
59950,55,-0.087
59960,55,-0.087
59970,55,-0.087
59980,55,-0.087
59990,55,-0.081
60000,55,-0.094
60010,55,-0.094
60020,55,-0.087
60030,55,-0.087
60040,55,-0.094
60050,55,-0.081
60060,55,-0.081
60070,55,-0.094
60080,55,-0.087
60090,55,-0.081
60100,55,-0.087
60110,55,-0.081
60120,55,-0.075
60130,55,-0.094
60140,55,-0.081
60150,55,-0.081
60160,55,-0.087
60170,55,-0.087
60180,55,-0.081
60190,55,-0.094
60200,55,-0.087
60210,55,-0.087
60220,55,-0.087
60230,55,-0.081
60240,55,-0.081
60250,55,-0.094
60260,55,-0.087
60270,55,-0.087
60280,55,-0.087
60290,55,-0.081
60300,55,-0.081
60310,55,-0.094
60320,55,-0.081
60330,55,-0.075
60340,55,-0.094
60350,55,-0.081
60360,55,-0.081
60370,55,-0.094
60380,55,-0.081
60390,55,-0.081
60400,55,-0.087
60410,55,-0.081
60420,55,-0.075
60430,55,-0.075
60440,55,-0.081
60450,55,-0.087
60460,55,-0.094
60470,55,-0.087
60480,55,-0.081
60490,55,-0.094
60500,55,-0.075
60510,55,-0.081
60520,55,-0.087
60530,55,-0.081
60540,55,-0.081
60550,55,-0.087
60560,55,-0.081
60570,55,-0.081
60580,55,-0.087
60590,55,-0.081
60600,55,-0.087
60610,55,-0.087
60620,55,-0.081
60630,55,-0.087
60640,55,-0.087
60650,55,-0.087
60660,55,-0.087
60670,55,-0.100
60680,55,-0.087
60690,55,-0.081
60700,55,-0.094
60710,55,-0.087
60720,55,-0.081
60730,55,-0.081
60740,55,-0.087
60750,55,-0.081
60760,55,-0.062
60770,55,-0.081
60780,55,-0.081
60790,55,-0.081
60800,55,-0.081
60810,55,-0.087
60820,55,-0.087
60830,55,-0.087
60840,55,-0.081
60850,55,-0.081
60860,55,-0.081
60870,55,-0.087
60880,55,-0.075
60890,55,-0.081
60900,55,-0.081
60910,55,-0.087
60920,55,-0.087
60930,55,-0.081
60940,55,-0.087
60950,55,-0.094
60960,55,-0.087
60970,55,-0.094
60980,55,-0.087
60990,55,-0.081
61000,55,-0.094
61010,55,-0.094
61020,55,-0.087
61030,55,-0.087
61040,55,-0.100
61050,55,-0.087
61060,55,-0.087
61070,55,-0.094
61080,55,-0.087
61090,55,-0.087
61100,55,-0.087
61110,55,-0.087
61120,55,-0.081
61130,55,-0.094
61140,55,-0.087
61150,55,-0.087
61160,55,-0.094
61170,55,-0.087
61180,55,-0.087
61190,55,-0.094
61200,55,-0.087
61210,55,-0.081
61220,55,-0.087
61230,55,-0.081
61240,55,-0.081
61250,55,-0.094
61260,55,-0.081
61270,55,-0.081
61280,55,-0.094
61290,55,-0.081
61300,55,-0.087
61310,55,-0.094
61320,55,-0.087
61330,55,-0.087
61340,55,-0.087
61350,55,-0.087
61360,55,-0.081
61370,55,-0.094
61380,55,-0.087
61390,55,-0.087
61400,55,-0.100
61410,55,-0.094
61420,55,-0.094
61430,55,-0.081
61440,55,-0.087
61450,55,-0.087
61460,55,-0.094
61470,55,-0.087
61480,55,-0.081
61490,55,-0.094
61500,55,-0.075
61510,55,-0.081
61520,55,-0.087
61530,55,-0.075
61540,55,-0.081
61550,55,-0.087
61560,55,-0.081
61570,55,-0.081
61580,55,-0.087
61590,55,-0.087
61600,55,-0.087
61610,55,-0.081
61620,55,-0.081
61630,55,-0.069
61640,55,-0.087
61650,55,-0.075
61660,55,-0.081
61670,55,-0.087
61680,55,-0.075
61690,55,-0.087
61700,55,-0.094
61710,55,-0.081
61720,55,-0.081
61730,55,-0.087
61740,55,-0.075
61750,55,-0.081
61760,55,-0.075
61770,55,-0.081
61780,55,-0.081
61790,55,-0.087
61800,55,-0.081
61810,55,-0.081
61820,55,-0.087
61830,55,-0.087
61840,55,-0.087
61850,55,-0.100
61860,55,-0.094
61870,55,-0.081
61880,55,-0.087
61890,55,-0.081
61900,55,-0.081
61910,55,-0.094
61920,55,-0.087
61930,55,-0.094
61940,55,-0.094
61950,55,-0.087
61960,55,-0.087
61970,55,-0.094
61980,55,-0.081
61990,55,-0.081
62000,55,-0.087
62010,60,-0.087
62020,60,-0.094
62030,60,-0.094
62040,60,-0.081
62050,60,-0.081
62060,60,-0.087
62070,60,-0.094
62080,60,-0.087
62090,60,-0.094
62100,60,-0.094
62110,60,-0.087
62120,60,-0.094
62130,60,-0.087
62140,60,-0.081
62150,60,-0.087
62160,60,-0.081
62170,60,-0.081
62180,60,-0.087
62190,60,-0.081
62200,60,-0.081
62210,60,-0.087
62220,60,-0.087
62230,60,-0.087
62240,60,-0.081
62250,60,-0.087
62260,60,-0.075
62270,60,-0.081
62280,60,-0.087
62290,60,-0.081
62300,60,-0.075
62310,60,-0.087
62320,60,-0.081
62330,60,-0.081
62340,60,-0.094
62350,60,-0.087
62360,60,-0.087
62370,60,-0.087
62380,60,-0.081
62390,60,-0.081
62400,60,-0.100
62410,60,-0.087
62420,60,-0.087
62430,60,-0.075
62440,60,-0.094
62450,60,-0.087
62460,60,-0.094
62470,60,-0.081
62480,60,-0.081
62490,60,-0.094
62500,60,-0.087
62510,60,-0.081
62520,60,-0.087
62530,60,-0.081
62540,60,-0.081
62550,60,-0.087
62560,60,-0.081
62570,60,-0.087
62580,60,-0.094
62590,60,-0.087
62600,60,-0.087
62610,60,-0.087
62620,60,-0.081
62630,60,-0.081
62640,60,-0.087
62650,60,-0.081
62660,60,-0.081
62670,60,-0.087
62680,60,-0.087
62690,60,-0.087
62700,60,-0.094
62710,60,-0.081
62720,60,-0.087
62730,60,-0.087
62740,60,-0.081
62750,60,-0.081
62760,60,-0.075
62770,60,-0.081
62780,60,-0.087
62790,60,-0.087
62800,60,-0.081
62810,60,-0.075
62820,60,-0.087
62830,60,-0.081
62840,60,-0.081
62850,60,-0.094
62860,60,-0.081
62870,60,-0.081
62880,60,-0.087
62890,60,-0.081
62900,60,-0.081
62910,60,-0.087
62920,60,-0.081
62930,60,-0.081
62940,60,-0.087
62950,60,-0.087
62960,60,-0.081
62970,60,-0.094
62980,60,-0.087
62990,60,-0.081
63000,60,-0.094
63010,60,-0.087
63020,60,-0.081
63030,60,-0.075
63040,60,-0.087
63050,60,-0.081
63060,60,-0.081
63070,60,-0.094
63080,60,-0.081
63090,60,-0.069
63100,60,-0.081
63110,60,-0.075
63120,60,-0.081
63130,60,-0.094
63140,60,-0.087
63150,60,-0.081
63160,60,-0.094
63170,60,-0.081
63180,60,-0.081
63190,60,-0.087
63200,60,-0.081
63210,60,-0.081
63220,60,-0.087
63230,60,-0.081
63240,60,-0.075
63250,60,-0.087
63260,60,-0.081
63270,60,-0.075
63280,60,-0.087
63290,60,-0.087
63300,60,-0.075
63310,60,-0.087
63320,60,-0.081
63330,60,-0.081
63340,60,-0.094
63350,60,-0.081
63360,60,-0.081
63370,60,-0.087
63380,60,-0.081
63390,60,-0.081
63400,60,-0.094
63410,60,-0.087
63420,60,-0.087
63430,60,-0.081
63440,60,-0.087
63450,60,-0.087
63460,60,-0.094
63470,60,-0.087
63480,60,-0.094
63490,60,-0.100
63500,60,-0.081
63510,60,-0.081
63520,60,-0.081
63530,60,-0.069
63540,60,-0.094
63550,60,-0.075
63560,60,-0.075
63570,60,-0.081
63580,60,-0.081
63590,60,-0.081
63600,60,-0.087
63610,60,-0.081
63620,60,-0.087
63630,60,-0.081
63640,60,-0.087
63650,60,-0.081
63660,60,-0.081
63670,60,-0.081
63680,60,-0.081
63690,60,-0.087
63700,60,-0.081
63710,60,-0.081
63720,60,-0.081
63730,60,-0.081
63740,60,-0.081
63750,60,-0.081
63760,60,-0.069
63770,60,-0.094
63780,60,-0.094
63790,60,-0.087
63800,60,-0.087
63810,60,-0.094
63820,60,-0.087
63830,60,-0.087
63840,60,-0.094
63850,60,-0.087
63860,60,-0.094
63870,60,-0.100
63880,60,-0.081
63890,60,-0.094
63900,60,-0.094
63910,60,-0.094
63920,60,-0.087
63930,60,-0.087
63940,60,-0.094
63950,60,-0.087
63960,60,-0.081
63970,60,-0.094
63980,60,-0.094
63990,60,-0.087
64000,60,-0.094
64010,60,-0.094
64020,60,-0.087
64030,60,-0.094
64040,60,-0.087
64050,60,-0.081
64060,60,-0.081
64070,60,-0.094
64080,60,-0.094
64090,60,-0.075
64100,60,-0.094
64110,60,-0.087
64120,60,-0.087
64130,60,-0.081
64140,60,-0.075
64150,60,-0.094
64160,60,-0.094
64170,60,-0.094
64180,60,-0.087
64190,60,-0.081
64200,60,-0.081
64210,60,-0.094
64220,60,-0.087
64230,60,-0.081
64240,60,-0.087
64250,60,-0.087
64260,60,-0.087
64270,60,-0.081
64280,60,-0.087
64290,60,-0.081
64300,60,-0.081
64310,60,-0.094
64320,60,-0.081
64330,60,-0.081
64340,60,-0.087
64350,60,-0.087
64360,60,-0.081
64370,60,-0.087
64380,60,-0.087
64390,60,-0.087
64400,60,-0.081
64410,60,-0.081
64420,60,-0.081
64430,60,-0.081
64440,60,-0.087
64450,60,-0.087
64460,60,-0.081
64470,60,-0.087
64480,60,-0.081
64490,60,-0.081
64500,60,-0.087
64510,60,-0.087
64520,60,-0.081
64530,60,-0.094
64540,60,-0.087
64550,60,-0.087
64560,60,-0.087
64570,60,-0.087
64580,60,-0.087
64590,60,-0.081
64600,60,-0.087
64610,60,-0.081
64620,60,-0.075
64630,60,-0.087
64640,60,-0.081
64650,60,-0.087
64660,60,-0.094
64670,60,-0.087
64680,60,-0.087
64690,60,-0.081
64700,60,-0.087
64710,60,-0.081
64720,60,-0.081
64730,60,-0.094
64740,60,-0.094
64750,60,-0.094
64760,60,-0.081
64770,60,-0.087
64780,60,-0.081
64790,60,-0.087
64800,60,-0.094
64810,60,-0.087
64820,60,-0.100
64830,60,-0.087
64840,60,-0.081
64850,60,-0.087
64860,60,-0.087
64870,60,-0.081
64880,60,-0.094
64890,60,-0.087
64900,60,-0.087
64910,60,-0.087
64920,60,-0.094
64930,60,-0.087
64940,60,-0.087
64950,60,-0.081
64960,60,-0.087
64970,60,-0.087
64980,60,-0.081
64990,60,-0.094
65000,60,-0.081
65010,60,-0.087
65020,60,-0.087
65030,60,-0.087
65040,60,-0.081
65050,60,-0.087
65060,60,-0.087
65070,60,-0.081
65080,60,-0.087
65090,60,-0.075
65100,60,-0.087
65110,60,-0.081
65120,60,-0.087
65130,60,-0.081
65140,60,-0.081
65150,60,-0.094
65160,60,-0.087
65170,60,-0.087
65180,60,-0.087
65190,60,-0.094
65200,60,-0.094
65210,60,-0.094
65220,60,-0.094
65230,60,-0.094
65240,60,-0.087
65250,60,-0.075
65260,60,-0.081
65270,60,-0.094
65280,60,-0.087
65290,60,-0.081
65300,60,-0.087
65310,60,-0.094
65320,60,-0.087
65330,60,-0.087
65340,60,-0.081
65350,60,-0.094
65360,60,-0.094
65370,60,-0.094
65380,60,-0.094
65390,60,-0.094
65400,60,-0.094
65410,60,-0.094
65420,60,-0.087
65430,60,-0.087
65440,60,-0.094
65450,60,-0.094
65460,60,-0.094
65470,60,-0.094
65480,60,-0.100
65490,60,-0.081
65500,60,-0.081
65510,60,-0.094
65520,60,-0.087
65530,60,-0.087
65540,60,-0.087
65550,60,-0.094
65560,60,-0.094
65570,60,-0.094
65580,60,-0.087
65590,60,-0.087
65600,60,-0.087
65610,60,-0.094
65620,60,-0.094
65630,60,-0.100
65640,60,-0.094
65650,60,-0.087
65660,60,-0.094
65670,60,-0.094
65680,60,-0.094
65690,60,-0.094
65700,60,-0.094
65710,60,-0.094
65720,60,-0.094
65730,60,-0.087
65740,60,-0.087
65750,60,-0.087
65760,60,-0.081
65770,60,-0.087
65780,60,-0.081
65790,60,-0.094
65800,60,-0.087
65810,60,-0.087
65820,60,-0.087
65830,60,-0.094
65840,60,-0.094
65850,60,-0.087
65860,60,-0.087
65870,60,-0.087
65880,60,-0.087
65890,60,-0.081
65900,60,-0.087
65910,60,-0.087
65920,60,-0.087
65930,60,-0.081
65940,60,-0.087
65950,60,-0.087
65960,60,-0.081
65970,60,-0.094
65980,60,-0.075
65990,60,-0.087
66000,60,-0.094
66010,60,-0.094
66020,60,-0.094
66030,60,-0.094
66040,60,-0.094
66050,60,-0.094
66060,60,-0.094
66070,60,-0.087
66080,60,-0.081
66090,60,-0.069
66100,60,-0.094
66110,60,-0.081
66120,60,-0.081
66130,60,-0.087
66140,60,-0.087
66150,60,-0.094
66160,60,-0.087
66170,60,-0.087
66180,60,-0.081
66190,60,-0.087
66200,60,-0.081
66210,60,-0.075
66220,60,-0.087
66230,60,-0.081
66240,60,-0.081
66250,60,-0.087
66260,60,-0.081
66270,60,-0.081
66280,60,-0.087
66290,60,-0.081
66300,60,-0.094
66310,60,-0.087
66320,60,-0.075
66330,60,-0.081
66340,60,-0.081
66350,60,-0.075
66360,60,-0.075
66370,60,-0.081
66380,60,-0.081
66390,60,-0.081
66400,60,-0.087
66410,60,-0.075
66420,60,-0.062
66430,60,-0.081
66440,60,-0.087
66450,60,-0.081
66460,60,-0.087
66470,60,-0.087
66480,60,-0.087
66490,60,-0.087
66500,60,-0.081
66510,60,-0.081
66520,60,-0.081
66530,60,-0.081
66540,60,-0.081
66550,60,-0.087
66560,60,-0.081
66570,60,-0.094
66580,60,-0.094
66590,60,-0.081
66600,60,-0.081
66610,60,-0.087
66620,60,-0.081
66630,60,-0.081
66640,60,-0.087
66650,60,-0.087
66660,60,-0.087
66670,60,-0.094
66680,60,-0.087
66690,60,-0.081
66700,60,-0.081
66710,60,-0.087
66720,60,-0.081
66730,60,-0.087
66740,60,-0.087
66750,60,-0.081
66760,60,-0.075
66770,60,-0.087
66780,60,-0.081
66790,60,-0.075
66800,60,-0.087
66810,60,-0.075
66820,60,-0.075
66830,60,-0.087
66840,60,-0.081
66850,60,-0.081
66860,60,-0.087
66870,60,-0.087
66880,60,-0.081
66890,60,-0.087
66900,60,-0.081
66910,60,-0.081
66920,60,-0.087
66930,60,-0.081
66940,60,-0.087
66950,60,-0.087
66960,60,-0.087
66970,60,-0.081
66980,60,-0.087
66990,60,-0.075
67000,60,-0.081
67010,65,-0.075
67020,65,-0.081
67030,65,-0.087
67040,65,-0.081
67050,65,-0.087
67060,65,-0.087
67070,65,-0.094
67080,65,-0.087
67090,65,-0.081
67100,65,-0.087
67110,65,-0.087
67120,65,-0.087
67130,65,-0.094
67140,65,-0.087
67150,65,-0.087
67160,65,-0.087
67170,65,-0.087
67180,65,-0.094
67190,65,-0.094
67200,65,-0.087
67210,65,-0.094
67220,65,-0.087
67230,65,-0.087
67240,65,-0.087
67250,65,-0.094
67260,65,-0.081
67270,65,-0.081
67280,65,-0.081
67290,65,-0.087
67300,65,-0.081
67310,65,-0.087
67320,65,-0.094
67330,65,-0.094
67340,65,-0.087
67350,65,-0.087
67360,65,-0.087
67370,65,-0.087
67380,65,-0.081
67390,65,-0.081
67400,65,-0.087
67410,65,-0.087
67420,65,-0.075
67430,65,-0.087
67440,65,-0.081
67450,65,-0.081
67460,65,-0.075
67470,65,-0.075
67480,65,-0.087
67490,65,-0.087
67500,65,-0.087
67510,65,-0.081
67520,65,-0.081
67530,65,-0.075
67540,65,-0.075
67550,65,-0.081
67560,65,-0.081
67570,65,-0.075
67580,65,-0.081
67590,65,-0.087
67600,65,-0.081
67610,65,-0.087
67620,65,-0.081
67630,65,-0.081
67640,65,-0.081
67650,65,-0.081
67660,65,-0.075
67670,65,-0.081
67680,65,-0.087
67690,65,-0.081
67700,65,-0.094
67710,65,-0.081
67720,65,-0.081
67730,65,-0.087
67740,65,-0.081
67750,65,-0.081
67760,65,-0.087
67770,65,-0.081
67780,65,-0.087
67790,65,-0.081
67800,65,-0.081
67810,65,-0.075
67820,65,-0.081
67830,65,-0.081
67840,65,-0.081
67850,65,-0.081
67860,65,-0.081
67870,65,-0.081
67880,65,-0.087
67890,65,-0.087
67900,65,-0.087
67910,65,-0.081
67920,65,-0.081
67930,65,-0.081
67940,65,-0.081
67950,65,-0.087
67960,65,-0.081
67970,65,-0.081
67980,65,-0.087
67990,65,-0.087
68000,65,-0.087
68010,65,-0.087
68020,65,-0.081
68030,65,-0.081
68040,65,-0.075
68050,65,-0.087
68060,65,-0.081
68070,65,-0.087
68080,65,-0.081
68090,65,-0.069
68100,65,-0.087
68110,65,-0.081
68120,65,-0.081
68130,65,-0.087
68140,65,-0.087
68150,65,-0.087
68160,65,-0.081
68170,65,-0.081
68180,65,-0.081
68190,65,-0.087
68200,65,-0.087
68210,65,-0.081
68220,65,-0.081
68230,65,-0.081
68240,65,-0.087
68250,65,-0.087
68260,65,-0.087
68270,65,-0.087
68280,65,-0.087
68290,65,-0.081
68300,65,-0.081
68310,65,-0.081
68320,65,-0.081
68330,65,-0.087
68340,65,-0.081
68350,65,-0.087
68360,65,-0.081
68370,65,-0.081
68380,65,-0.081
68390,65,-0.081
68400,65,-0.081
68410,65,-0.075
68420,65,-0.075
68430,65,-0.081
68440,65,-0.087
68450,65,-0.081
68460,65,-0.081
68470,65,-0.087
68480,65,-0.081
68490,65,-0.081
68500,65,-0.081
68510,65,-0.087
68520,65,-0.087
68530,65,-0.081
68540,65,-0.087
68550,65,-0.081
68560,65,-0.081
68570,65,-0.081
68580,65,-0.081
68590,65,-0.081
68600,65,-0.081
68610,65,-0.087
68620,65,-0.081
68630,65,-0.087
68640,65,-0.087
68650,65,-0.081
68660,65,-0.081
68670,65,-0.081
68680,65,-0.081
68690,65,-0.087
68700,65,-0.087
68710,65,-0.081
68720,65,-0.081
68730,65,-0.087
68740,65,-0.087
68750,65,-0.081
68760,65,-0.081
68770,65,-0.081
68780,65,-0.075
68790,65,-0.081
68800,65,-0.087
68810,65,-0.081
68820,65,-0.087
68830,65,-0.081
68840,65,-0.081
68850,65,-0.081
68860,65,-0.081
68870,65,-0.081
68880,65,-0.081
68890,65,-0.081
68900,65,-0.081
68910,65,-0.081
68920,65,-0.087
68930,65,-0.081
68940,65,-0.081
68950,65,-0.087
68960,65,-0.094
68970,65,-0.087
68980,65,-0.081
68990,65,-0.087
69000,65,-0.081
69010,65,-0.087
69020,65,-0.087
69030,65,-0.087
69040,65,-0.081
69050,65,-0.081
69060,65,-0.081
69070,65,-0.087
69080,65,-0.081
69090,65,-0.075
69100,65,-0.075
69110,65,-0.075
69120,65,-0.087
69130,65,-0.075
69140,65,-0.075
69150,65,-0.081
69160,65,-0.081
69170,65,-0.081
69180,65,-0.081
69190,65,-0.087
69200,65,-0.081
69210,65,-0.087
69220,65,-0.081
69230,65,-0.081
69240,65,-0.087
69250,65,-0.081
69260,65,-0.081
69270,65,-0.081
69280,65,-0.087
69290,65,-0.087
69300,65,-0.081
69310,65,-0.087
69320,65,-0.081
69330,65,-0.081
69340,65,-0.075
69350,65,-0.081
69360,65,-0.075
69370,65,-0.087
69380,65,-0.087
69390,65,-0.087
69400,65,-0.081
69410,65,-0.081
69420,65,-0.069
69430,65,-0.087
69440,65,-0.087
69450,65,-0.094
69460,65,-0.087
69470,65,-0.087
69480,65,-0.094
69490,65,-0.081
69500,65,-0.087
69510,65,-0.087
69520,65,-0.087
69530,65,-0.094
69540,65,-0.087
69550,65,-0.094
69560,65,-0.087
69570,65,-0.087
69580,65,-0.081
69590,65,-0.081
69600,65,-0.081
69610,65,-0.081
69620,65,-0.075
69630,65,-0.081
69640,65,-0.081
69650,65,-0.081
69660,65,-0.087
69670,65,-0.087
69680,65,-0.081
69690,65,-0.081
69700,65,-0.081
69710,65,-0.081
69720,65,-0.081
69730,65,-0.087
69740,65,-0.087
69750,65,-0.075
69760,65,-0.081
69770,65,-0.075
69780,65,-0.081
69790,65,-0.087
69800,65,-0.081
69810,65,-0.081
69820,65,-0.081
69830,65,-0.087
69840,65,-0.087
69850,65,-0.081
69860,65,-0.075
69870,65,-0.075
69880,65,-0.075
69890,65,-0.075
69900,65,-0.075
69910,65,-0.075
69920,65,-0.081
69930,65,-0.087
69940,65,-0.081
69950,65,-0.075
69960,65,-0.075
69970,65,-0.075
69980,65,-0.087
69990,65,-0.075
70000,65,-0.081
70010,65,-0.081
70020,65,-0.075
70030,65,-0.081
70040,65,-0.075
70050,65,-0.081
70060,65,-0.075
70070,65,-0.075
70080,65,-0.075
70090,65,-0.075
70100,65,-0.075
70110,65,-0.081
70120,65,-0.075
70130,65,-0.081
70140,65,-0.087
70150,65,-0.075
70160,65,-0.087
70170,65,-0.087
70180,65,-0.087
70190,65,-0.087
70200,65,-0.081
70210,65,-0.087
70220,65,-0.087
70230,65,-0.094
70240,65,-0.081
70250,65,-0.087
70260,65,-0.087
70270,65,-0.081
70280,65,-0.094
70290,65,-0.087
70300,65,-0.081
70310,65,-0.094
70320,65,-0.087
70330,65,-0.087
70340,65,-0.081
70350,65,-0.081
70360,65,-0.081
70370,65,-0.075
70380,65,-0.081
70390,65,-0.087
70400,65,-0.094
70410,65,-0.087
70420,65,-0.081
70430,65,-0.081
70440,65,-0.087
70450,65,-0.094
70460,65,-0.087
70470,65,-0.087
70480,65,-0.081
70490,65,-0.075
70500,65,-0.087
70510,65,-0.081
70520,65,-0.087
70530,65,-0.075
70540,65,-0.087
70550,65,-0.081
70560,65,-0.087
70570,65,-0.081
70580,65,-0.087
70590,65,-0.081
70600,65,-0.081
70610,65,-0.081
70620,65,-0.081
70630,65,-0.087
70640,65,-0.087
70650,65,-0.087
70660,65,-0.081
70670,65,-0.087
70680,65,-0.081
70690,65,-0.087
70700,65,-0.087
70710,65,-0.087
70720,65,-0.081
70730,65,-0.081
70740,65,-0.081
70750,65,-0.069
70760,65,-0.087
70770,65,-0.075
70780,65,-0.075
70790,65,-0.081
70800,65,-0.081
70810,65,-0.075
70820,65,-0.087
70830,65,-0.081
70840,65,-0.081
70850,65,-0.081
70860,65,-0.087
70870,65,-0.081
70880,65,-0.081
70890,65,-0.087
70900,65,-0.081
70910,65,-0.087
70920,65,-0.087
70930,65,-0.087
70940,65,-0.087
70950,65,-0.081
70960,65,-0.081
70970,65,-0.087
70980,65,-0.081
70990,65,-0.081
71000,65,-0.081
71010,65,-0.081
71020,65,-0.081
71030,65,-0.081
71040,65,-0.081
71050,65,-0.087
71060,65,-0.081
71070,65,-0.081
71080,65,-0.081
71090,65,-0.081
71100,65,-0.081
71110,65,-0.081
71120,65,-0.081
71130,65,-0.087
71140,65,-0.081
71150,65,-0.081
71160,65,-0.075
71170,65,-0.081
71180,65,-0.081
71190,65,-0.087
71200,65,-0.087
71210,65,-0.081
71220,65,-0.081
71230,65,-0.081
71240,65,-0.081
71250,65,-0.081
71260,65,-0.081
71270,65,-0.081
71280,65,-0.081
71290,65,-0.081
71300,65,-0.087
71310,65,-0.087
71320,65,-0.087
71330,65,-0.087
71340,65,-0.087
71350,65,-0.081
71360,65,-0.081
71370,65,-0.075
71380,65,-0.075
71390,65,-0.081
71400,65,-0.087
71410,65,-0.087
71420,65,-0.062
71430,65,-0.069
71440,65,-0.081
71450,65,-0.087
71460,65,-0.087
71470,65,-0.087
71480,65,-0.087
71490,65,-0.094
71500,65,-0.094
71510,65,-0.087
71520,65,-0.087
71530,65,-0.087
71540,65,-0.087
71550,65,-0.087
71560,65,-0.087
71570,65,-0.094
71580,65,-0.094
71590,65,-0.087
71600,65,-0.087
71610,65,-0.087
71620,65,-0.081
71630,65,-0.087
71640,65,-0.087
71650,65,-0.075
71660,65,-0.081
71670,65,-0.087
71680,65,-0.087
71690,65,-0.094
71700,65,-0.087
71710,65,-0.087
71720,65,-0.081
71730,65,-0.087
71740,65,-0.081
71750,65,-0.081
71760,65,-0.087
71770,65,-0.087
71780,65,-0.087
71790,65,-0.081
71800,65,-0.075
71810,65,-0.081
71820,65,-0.081
71830,65,-0.075
71840,65,-0.087
71850,65,-0.081
71860,65,-0.087
71870,65,-0.081
71880,65,-0.087
71890,65,-0.081
71900,65,-0.075
71910,65,-0.075
71920,65,-0.081
71930,65,-0.081
71940,65,-0.081
71950,65,-0.081
71960,65,-0.075
71970,65,-0.081
71980,65,-0.075
71990,65,-0.081
72000,65,-0.075
72010,70,-0.062
72020,70,-0.081
72030,70,-0.087
72040,70,-0.075
72050,70,-0.081
72060,70,-0.087
72070,70,-0.087
72080,70,-0.075
72090,70,-0.081
72100,70,-0.081
72110,70,-0.081
72120,70,-0.075
72130,70,-0.087
72140,70,-0.094
72150,70,-0.081
72160,70,-0.087
72170,70,-0.087
72180,70,-0.087
72190,70,-0.081
72200,70,-0.081
72210,70,-0.081
72220,70,-0.081
72230,70,-0.087
72240,70,-0.094
72250,70,-0.094
72260,70,-0.087
72270,70,-0.081
72280,70,-0.087
72290,70,-0.081
72300,70,-0.087
72310,70,-0.081
72320,70,-0.087
72330,70,-0.087
72340,70,-0.081
72350,70,-0.087
72360,70,-0.087
72370,70,-0.087
72380,70,-0.094
72390,70,-0.087
72400,70,-0.087
72410,70,-0.087
72420,70,-0.087
72430,70,-0.094
72440,70,-0.087
72450,70,-0.087
72460,70,-0.081
72470,70,-0.094
72480,70,-0.087
72490,70,-0.094
72500,70,-0.094
72510,70,-0.094
72520,70,-0.094
72530,70,-0.087
72540,70,-0.094
72550,70,-0.087
72560,70,-0.094
72570,70,-0.094
72580,70,-0.094
72590,70,-0.094
72600,70,-0.094
72610,70,-0.094
72620,70,-0.094
72630,70,-0.087
72640,70,-0.087
72650,70,-0.087
72660,70,-0.081
72670,70,-0.094
72680,70,-0.087
72690,70,-0.081
72700,70,-0.081
72710,70,-0.087
72720,70,-0.087
72730,70,-0.087
72740,70,-0.094
72750,70,-0.075
72760,70,-0.087
72770,70,-0.087
72780,70,-0.087
72790,70,-0.087
72800,70,-0.094
72810,70,-0.081
72820,70,-0.094
72830,70,-0.081
72840,70,-0.094
72850,70,-0.087
72860,70,-0.094
72870,70,-0.094
72880,70,-0.094
72890,70,-0.081
72900,70,-0.087
72910,70,-0.087
72920,70,-0.087
72930,70,-0.081
72940,70,-0.087
72950,70,-0.087
72960,70,-0.094
72970,70,-0.087
72980,70,-0.094
72990,70,-0.100
73000,70,-0.087
73010,70,-0.087
73020,70,-0.081
73030,70,-0.094
73040,70,-0.094
73050,70,-0.087
73060,70,-0.094
73070,70,-0.087
73080,70,-0.081
73090,70,-0.094
73100,70,-0.081
73110,70,-0.087
73120,70,-0.094
73130,70,-0.094
73140,70,-0.100
73150,70,-0.094
73160,70,-0.087
73170,70,-0.100
73180,70,-0.087
73190,70,-0.094
73200,70,-0.087
73210,70,-0.094
73220,70,-0.094
73230,70,-0.087
73240,70,-0.087
73250,70,-0.094
73260,70,-0.087
73270,70,-0.094
73280,70,-0.087
73290,70,-0.087
73300,70,-0.087
73310,70,-0.094
73320,70,-0.081
73330,70,-0.087
73340,70,-0.081
73350,70,-0.087
73360,70,-0.081
73370,70,-0.087
73380,70,-0.087
73390,70,-0.094
73400,70,-0.087
73410,70,-0.087
73420,70,-0.087
73430,70,-0.087
73440,70,-0.094
73450,70,-0.094
73460,70,-0.087
73470,70,-0.094
73480,70,-0.094
73490,70,-0.087
73500,70,-0.087
73510,70,-0.087
73520,70,-0.094
73530,70,-0.094
73540,70,-0.087
73550,70,-0.087
73560,70,-0.087
73570,70,-0.087
73580,70,-0.094
73590,70,-0.087
73600,70,-0.081
73610,70,-0.087
73620,70,-0.094
73630,70,-0.087
73640,70,-0.094
73650,70,-0.094
73660,70,-0.087
73670,70,-0.087
73680,70,-0.087
73690,70,-0.094
73700,70,-0.094
73710,70,-0.094
73720,70,-0.100
73730,70,-0.087
73740,70,-0.087
73750,70,-0.087
73760,70,-0.087
73770,70,-0.094
73780,70,-0.094
73790,70,-0.094
73800,70,-0.094
73810,70,-0.100
73820,70,-0.087
73830,70,-0.087
73840,70,-0.094
73850,70,-0.087
73860,70,-0.094
73870,70,-0.094
73880,70,-0.094
73890,70,-0.100
73900,70,-0.087
73910,70,-0.087
73920,70,-0.094
73930,70,-0.100
73940,70,-0.087
73950,70,-0.081
73960,70,-0.094
73970,70,-0.087
73980,70,-0.094
73990,70,-0.087
74000,70,-0.094
74010,70,-0.087
74020,70,-0.094
74030,70,-0.094
74040,70,-0.087
74050,70,-0.087
74060,70,-0.094
74070,70,-0.094
74080,70,-0.075
74090,70,-0.094
74100,70,-0.081
74110,70,-0.087
74120,70,-0.094
74130,70,-0.094
74140,70,-0.094
74150,70,-0.094
74160,70,-0.094
74170,70,-0.087
74180,70,-0.094
74190,70,-0.094
74200,70,-0.094
74210,70,-0.094
74220,70,-0.087
74230,70,-0.087
74240,70,-0.094
74250,70,-0.094
74260,70,-0.087
74270,70,-0.087
74280,70,-0.094
74290,70,-0.094
74300,70,-0.094
74310,70,-0.094
74320,70,-0.087
74330,70,-0.094
74340,70,-0.094
74350,70,-0.094
74360,70,-0.087
74370,70,-0.094
74380,70,-0.100
74390,70,-0.087
74400,70,-0.087
74410,70,-0.087
74420,70,-0.094
74430,70,-0.094
74440,70,-0.094
74450,70,-0.094
74460,70,-0.100
74470,70,-0.094
74480,70,-0.094
74490,70,-0.087
74500,70,-0.094
74510,70,-0.087
74520,70,-0.094
74530,70,-0.094
74540,70,-0.094
74550,70,-0.094
74560,70,-0.100
74570,70,-0.087
74580,70,-0.087
74590,70,-0.087
74600,70,-0.094
74610,70,-0.087
74620,70,-0.094
74630,70,-0.094
74640,70,-0.100
74650,70,-0.094
74660,70,-0.081
74670,70,-0.094
74680,70,-0.094
74690,70,-0.087
74700,70,-0.094
74710,70,-0.100
74720,70,-0.087
74730,70,-0.094
74740,70,-0.087
74750,70,-0.081
74760,70,-0.087
74770,70,-0.094
74780,70,-0.087
74790,70,-0.094
74800,70,-0.087
74810,70,-0.100
74820,70,-0.094
74830,70,-0.087
74840,70,-0.094
74850,70,-0.100
74860,70,-0.087
74870,70,-0.094
74880,70,-0.094
74890,70,-0.094
74900,70,-0.087
74910,70,-0.087
74920,70,-0.094
74930,70,-0.094
74940,70,-0.094
74950,70,-0.094
74960,70,-0.094
74970,70,-0.094
74980,70,-0.094
74990,70,-0.094
75000,70,-0.087
75010,70,-0.094
75020,70,-0.094
75030,70,-0.094
75040,70,-0.100
75050,70,-0.094
75060,70,-0.087
75070,70,-0.094
75080,70,-0.087
75090,70,-0.100
75100,70,-0.094
75110,70,-0.094
75120,70,-0.100
75130,70,-0.087
75140,70,-0.094
75150,70,-0.094
75160,70,-0.100
75170,70,-0.094
75180,70,-0.100
75190,70,-0.100
75200,70,-0.087
75210,70,-0.106
75220,70,-0.094
75230,70,-0.100
75240,70,-0.094
75250,70,-0.087
75260,70,-0.100
75270,70,-0.087
75280,70,-0.094
75290,70,-0.100
75300,70,-0.094
75310,70,-0.106
75320,70,-0.100
75330,70,-0.100
75340,70,-0.094
75350,70,-0.100
75360,70,-0.087
75370,70,-0.087
75380,70,-0.094
75390,70,-0.100
75400,70,-0.094
75410,70,-0.075
75420,70,-0.094
75430,70,-0.100
75440,70,-0.094
75450,70,-0.087
75460,70,-0.094
75470,70,-0.100
75480,70,-0.094
75490,70,-0.094
75500,70,-0.094
75510,70,-0.094
75520,70,-0.100
75530,70,-0.094
75540,70,-0.087
75550,70,-0.087
75560,70,-0.100
75570,70,-0.094
75580,70,-0.094
75590,70,-0.100
75600,70,-0.094
75610,70,-0.094
75620,70,-0.087
75630,70,-0.094
75640,70,-0.094
75650,70,-0.100
75660,70,-0.094
75670,70,-0.094
75680,70,-0.106
75690,70,-0.100
75700,70,-0.094
75710,70,-0.087
75720,70,-0.100
75730,70,-0.087
75740,70,-0.094
75750,70,-0.094
75760,70,-0.106
75770,70,-0.100
75780,70,-0.094
75790,70,-0.100
75800,70,-0.106
75810,70,-0.100
75820,70,-0.100
75830,70,-0.094
75840,70,-0.100
75850,70,-0.094
75860,70,-0.094
75870,70,-0.106
75880,70,-0.100
75890,70,-0.087
75900,70,-0.100
75910,70,-0.087
75920,70,-0.094
75930,70,-0.094
75940,70,-0.100
75950,70,-0.094
75960,70,-0.100
75970,70,-0.100
75980,70,-0.094
75990,70,-0.100
76000,70,-0.100
76010,70,-0.087
76020,70,-0.094
76030,70,-0.100
76040,70,-0.100
76050,70,-0.094
76060,70,-0.094
76070,70,-0.094
76080,70,-0.087
76090,70,-0.100
76100,70,-0.100
76110,70,-0.100
76120,70,-0.094
76130,70,-0.100
76140,70,-0.100
76150,70,-0.100
76160,70,-0.087
76170,70,-0.100
76180,70,-0.094
76190,70,-0.087
76200,70,-0.100
76210,70,-0.094
76220,70,-0.106
76230,70,-0.087
76240,70,-0.094
76250,70,-0.100
76260,70,-0.100
76270,70,-0.094
76280,70,-0.094
76290,70,-0.100
76300,70,-0.094
76310,70,-0.100
76320,70,-0.094
76330,70,-0.106
76340,70,-0.106
76350,70,-0.106
76360,70,-0.100
76370,70,-0.100
76380,70,-0.100
76390,70,-0.094
76400,70,-0.100
76410,70,-0.081
76420,70,-0.094
76430,70,-0.100
76440,70,-0.094
76450,70,-0.094
76460,70,-0.100
76470,70,-0.087
76480,70,-0.094
76490,70,-0.100
76500,70,-0.094
76510,70,-0.094
76520,70,-0.106
76530,70,-0.100
76540,70,-0.087
76550,70,-0.100
76560,70,-0.087
76570,70,-0.106
76580,70,-0.112
76590,70,-0.100
76600,70,-0.106
76610,70,-0.106
76620,70,-0.100
76630,70,-0.100
76640,70,-0.100
76650,70,-0.094
76660,70,-0.100
76670,70,-0.100
76680,70,-0.100
76690,70,-0.100
76700,70,-0.094
76710,70,-0.094
76720,70,-0.106
76730,70,-0.100
76740,70,-0.094
76750,70,-0.100
76760,70,-0.087
76770,70,-0.100
76780,70,-0.100
76790,70,-0.094
76800,70,-0.100
76810,70,-0.094
76820,70,-0.087
76830,70,-0.094
76840,70,-0.100
76850,70,-0.094
76860,70,-0.094
76870,70,-0.100
76880,70,-0.094
76890,70,-0.094
76900,70,-0.094
76910,70,-0.094
76920,70,-0.094
76930,70,-0.100
76940,70,-0.094
76950,70,-0.094
76960,70,-0.100
76970,70,-0.106
76980,70,-0.106
76990,70,-0.100
77000,70,-0.087
77010,75,-0.069
77020,75,-0.087
77030,75,-0.094
77040,75,-0.094
77050,75,-0.100
77060,75,-0.100
77070,75,-0.094
77080,75,-0.075
77090,75,-0.094
77100,75,-0.094
77110,75,-0.087
77120,75,-0.100
77130,75,-0.087
77140,75,-0.094
77150,75,-0.100
77160,75,-0.100
77170,75,-0.094
77180,75,-0.100
77190,75,-0.087
77200,75,-0.100
77210,75,-0.094
77220,75,-0.094
77230,75,-0.100
77240,75,-0.094
77250,75,-0.100
77260,75,-0.087
77270,75,-0.087
77280,75,-0.094
77290,75,-0.094
77300,75,-0.094
77310,75,-0.094
77320,75,-0.100
77330,75,-0.094
77340,75,-0.100
77350,75,-0.094
77360,75,-0.094
77370,75,-0.100
77380,75,-0.094
77390,75,-0.100
77400,75,-0.087
77410,75,-0.075
77420,75,-0.094
77430,75,-0.106
77440,75,-0.100
77450,75,-0.094
77460,75,-0.106
77470,75,-0.094
77480,75,-0.094
77490,75,-0.100
77500,75,-0.094
77510,75,-0.094
77520,75,-0.100
77530,75,-0.094
77540,75,-0.100
77550,75,-0.081
77560,75,-0.087
77570,75,-0.094
77580,75,-0.087
77590,75,-0.100
77600,75,-0.094
77610,75,-0.087
77620,75,-0.100
77630,75,-0.094
77640,75,-0.094
77650,75,-0.100
77660,75,-0.094
77670,75,-0.094
77680,75,-0.094
77690,75,-0.094
77700,75,-0.100
77710,75,-0.094
77720,75,-0.094
77730,75,-0.094
77740,75,-0.087
77750,75,-0.100
77760,75,-0.087
77770,75,-0.100
77780,75,-0.094
77790,75,-0.094
77800,75,-0.094
77810,75,-0.087
77820,75,-0.100
77830,75,-0.094
77840,75,-0.094
77850,75,-0.094
77860,75,-0.094
77870,75,-0.094
77880,75,-0.100
77890,75,-0.094
77900,75,-0.100
77910,75,-0.087
77920,75,-0.094
77930,75,-0.087
77940,75,-0.100
77950,75,-0.087
77960,75,-0.094
77970,75,-0.100
77980,75,-0.094
77990,75,-0.094
78000,75,-0.100
78010,75,-0.087
78020,75,-0.087
78030,75,-0.087
78040,75,-0.087
78050,75,-0.094
78060,75,-0.094
78070,75,-0.094
78080,75,-0.075
78090,75,-0.081
78100,75,-0.081
78110,75,-0.087
78120,75,-0.087
78130,75,-0.094
78140,75,-0.094
78150,75,-0.094
78160,75,-0.100
78170,75,-0.094
78180,75,-0.100
78190,75,-0.094
78200,75,-0.094
78210,75,-0.100
78220,75,-0.087
78230,75,-0.100
78240,75,-0.087
78250,75,-0.094
78260,75,-0.094
78270,75,-0.094
78280,75,-0.087
78290,75,-0.087
78300,75,-0.087
78310,75,-0.087
78320,75,-0.094
78330,75,-0.094
78340,75,-0.094
78350,75,-0.087
78360,75,-0.081
78370,75,-0.087
78380,75,-0.094
78390,75,-0.094
78400,75,-0.100
78410,75,-0.075
78420,75,-0.094
78430,75,-0.087
78440,75,-0.094
78450,75,-0.087
78460,75,-0.094
78470,75,-0.081
78480,75,-0.081
78490,75,-0.081
78500,75,-0.087
78510,75,-0.087
78520,75,-0.081
78530,75,-0.087
78540,75,-0.094
78550,75,-0.087
78560,75,-0.075
78570,75,-0.069
78580,75,-0.094
78590,75,-0.087
78600,75,-0.094
78610,75,-0.094
78620,75,-0.100
78630,75,-0.087
78640,75,-0.094
78650,75,-0.094
78660,75,-0.094
78670,75,-0.094
78680,75,-0.087
78690,75,-0.100
78700,75,-0.094
78710,75,-0.087
78720,75,-0.100
78730,75,-0.094
78740,75,-0.075
78750,75,-0.087
78760,75,-0.087
78770,75,-0.094
78780,75,-0.100
78790,75,-0.094
78800,75,-0.100
78810,75,-0.087
78820,75,-0.094
78830,75,-0.100
78840,75,-0.087
78850,75,-0.094
78860,75,-0.094
78870,75,-0.100
78880,75,-0.094
78890,75,-0.106
78900,75,-0.094
78910,75,-0.094
78920,75,-0.100
78930,75,-0.094
78940,75,-0.087
78950,75,-0.087
78960,75,-0.094
78970,75,-0.100
78980,75,-0.087
78990,75,-0.094
79000,75,-0.094
79010,75,-0.100
79020,75,-0.094
79030,75,-0.100
79040,75,-0.087
79050,75,-0.100
79060,75,-0.094
79070,75,-0.094
79080,75,-0.100
79090,75,-0.094
79100,75,-0.094
79110,75,-0.100
79120,75,-0.094
79130,75,-0.094
79140,75,-0.100
79150,75,-0.087
79160,75,-0.094
79170,75,-0.094
79180,75,-0.094
79190,75,-0.094
79200,75,-0.100
79210,75,-0.094
79220,75,-0.087
79230,75,-0.094
79240,75,-0.094
79250,75,-0.087
79260,75,-0.094
79270,75,-0.094
79280,75,-0.094
79290,75,-0.100
79300,75,-0.087
79310,75,-0.087
79320,75,-0.087
79330,75,-0.094
79340,75,-0.094
79350,75,-0.094
79360,75,-0.094
79370,75,-0.100
79380,75,-0.094
79390,75,-0.094
79400,75,-0.100
79410,75,-0.069
79420,75,-0.094
79430,75,-0.094
79440,75,-0.100
79450,75,-0.094
79460,75,-0.100
79470,75,-0.094
79480,75,-0.094
79490,75,-0.100
79500,75,-0.094
79510,75,-0.094
79520,75,-0.094
79530,75,-0.100
79540,75,-0.094
79550,75,-0.100
79560,75,-0.087
79570,75,-0.094
79580,75,-0.100
79590,75,-0.081
79600,75,-0.094
79610,75,-0.094
79620,75,-0.100
79630,75,-0.094
79640,75,-0.100
79650,75,-0.094
79660,75,-0.094
79670,75,-0.100
79680,75,-0.100
79690,75,-0.087
79700,75,-0.100
79710,75,-0.087
79720,75,-0.094
79730,75,-0.100
79740,75,-0.075
79750,75,-0.087
79760,75,-0.087
79770,75,-0.100
79780,75,-0.094
79790,75,-0.094
79800,75,-0.094
79810,75,-0.100
79820,75,-0.100
79830,75,-0.100
79840,75,-0.094
79850,75,-0.100
79860,75,-0.081
79870,75,-0.100
79880,75,-0.094
79890,75,-0.106
79900,75,-0.106
79910,75,-0.100
79920,75,-0.094
79930,75,-0.094
79940,75,-0.094
79950,75,-0.100
79960,75,-0.094
79970,75,-0.100
79980,75,-0.094
79990,75,-0.106
80000,75,-0.094
80010,75,-0.100
80020,75,-0.087
80030,75,-0.100
80040,75,-0.094
80050,75,-0.112
80060,75,-0.100
80070,75,-0.094
80080,75,-0.106
80090,75,-0.106
80100,75,-0.106
80110,75,-0.112
80120,75,-0.094
80130,75,-0.100
80140,75,-0.100
80150,75,-0.106
80160,75,-0.106
80170,75,-0.106
80180,75,-0.100
80190,75,-0.100
80200,75,-0.100
80210,75,-0.094
80220,75,-0.112
80230,75,-0.100
80240,75,-0.106
80250,75,-0.106
80260,75,-0.106
80270,75,-0.100
80280,75,-0.100
80290,75,-0.106
80300,75,-0.112
80310,75,-0.100
80320,75,-0.100
80330,75,-0.106
80340,75,-0.106
80350,75,-0.100
80360,75,-0.094
80370,75,-0.106
80380,75,-0.112
80390,75,-0.100
80400,75,-0.112
80410,75,-0.087
80420,75,-0.106
80430,75,-0.106
80440,75,-0.100
80450,75,-0.100
80460,75,-0.106
80470,75,-0.106
80480,75,-0.112
80490,75,-0.100
80500,75,-0.100
80510,75,-0.100
80520,75,-0.106
80530,75,-0.106
80540,75,-0.106
80550,75,-0.100
80560,75,-0.100
80570,75,-0.106
80580,75,-0.106
80590,75,-0.106
80600,75,-0.112
80610,75,-0.100
80620,75,-0.112
80630,75,-0.106
80640,75,-0.100
80650,75,-0.100
80660,75,-0.094
80670,75,-0.100
80680,75,-0.100
80690,75,-0.106
80700,75,-0.100
80710,75,-0.100
80720,75,-0.106
80730,75,-0.094
80740,75,-0.087
80750,75,-0.106
80760,75,-0.106
80770,75,-0.100
80780,75,-0.094
80790,75,-0.081
80800,75,-0.094
80810,75,-0.100
80820,75,-0.094
80830,75,-0.094
80840,75,-0.094
80850,75,-0.100
80860,75,-0.094
80870,75,-0.094
80880,75,-0.100
80890,75,-0.087
80900,75,-0.100
80910,75,-0.087
80920,75,-0.094
80930,75,-0.094
80940,75,-0.094
80950,75,-0.100
80960,75,-0.094
80970,75,-0.094
80980,75,-0.094
80990,75,-0.100
81000,75,-0.087
81010,75,-0.094
81020,75,-0.087
81030,75,-0.094
81040,75,-0.094
81050,75,-0.094
81060,75,-0.100
81070,75,-0.081
81080,75,-0.100
81090,75,-0.094
81100,75,-0.112
81110,75,-0.106
81120,75,-0.100
81130,75,-0.100
81140,75,-0.100
81150,75,-0.106
81160,75,-0.106
81170,75,-0.100
81180,75,-0.100
81190,75,-0.100
81200,75,-0.094
81210,75,-0.106
81220,75,-0.106
81230,75,-0.100
81240,75,-0.087
81250,75,-0.100
81260,75,-0.094
81270,75,-0.100
81280,75,-0.094
81290,75,-0.100
81300,75,-0.094
81310,75,-0.100
81320,75,-0.094
81330,75,-0.094
81340,75,-0.100
81350,75,-0.094
81360,75,-0.094
81370,75,-0.106
81380,75,-0.100
81390,75,-0.100
81400,75,-0.094
81410,75,-0.087
81420,75,-0.100
81430,75,-0.100
81440,75,-0.100
81450,75,-0.087
81460,75,-0.100
81470,75,-0.094
81480,75,-0.087
81490,75,-0.094
81500,75,-0.100
81510,75,-0.094
81520,75,-0.094
81530,75,-0.100
81540,75,-0.087
81550,75,-0.094
81560,75,-0.100
81570,75,-0.094
81580,75,-0.094
81590,75,-0.100
81600,75,-0.094
81610,75,-0.100
81620,75,-0.100
81630,75,-0.106
81640,75,-0.100
81650,75,-0.094
81660,75,-0.100
81670,75,-0.100
81680,75,-0.094
81690,75,-0.094
81700,75,-0.100
81710,75,-0.094
81720,75,-0.094
81730,75,-0.106
81740,75,-0.087
81750,75,-0.087
81760,75,-0.094
81770,75,-0.094
81780,75,-0.094
81790,75,-0.100
81800,75,-0.087
81810,75,-0.087
81820,75,-0.100
81830,75,-0.081
81840,75,-0.075
81850,75,-0.087
81860,75,-0.094
81870,75,-0.100
81880,75,-0.087
81890,75,-0.094
81900,75,-0.100
81910,75,-0.075
81920,75,-0.087
81930,75,-0.081
81940,75,-0.087
81950,75,-0.094
81960,75,-0.094
81970,75,-0.087
81980,75,-0.094
81990,75,-0.087
82000,75,-0.100
82010,80,-0.081
82020,80,-0.087
82030,80,-0.087
82040,80,-0.094
82050,80,-0.087
82060,80,-0.087
82070,80,-0.081
82080,80,-0.100
82090,80,-0.100
82100,80,-0.094
82110,80,-0.087
82120,80,-0.100
82130,80,-0.100
82140,80,-0.087
82150,80,-0.094
82160,80,-0.094
82170,80,-0.100
82180,80,-0.087
82190,80,-0.100
82200,80,-0.087
82210,80,-0.094
82220,80,-0.100
82230,80,-0.081
82240,80,-0.094
82250,80,-0.094
82260,80,-0.100
82270,80,-0.087
82280,80,-0.100
82290,80,-0.087
82300,80,-0.087
82310,80,-0.100
82320,80,-0.094
82330,80,-0.094
82340,80,-0.100
82350,80,-0.094
82360,80,-0.094
82370,80,-0.100
82380,80,-0.100
82390,80,-0.100
82400,80,-0.100
82410,80,-0.094
82420,80,-0.094
82430,80,-0.106
82440,80,-0.100
82450,80,-0.094
82460,80,-0.087
82470,80,-0.100
82480,80,-0.094
82490,80,-0.087
82500,80,-0.094
82510,80,-0.087
82520,80,-0.100
82530,80,-0.087
82540,80,-0.087
82550,80,-0.094
82560,80,-0.094
82570,80,-0.094
82580,80,-0.094
82590,80,-0.087
82600,80,-0.094
82610,80,-0.087
82620,80,-0.094
82630,80,-0.100
82640,80,-0.087
82650,80,-0.100
82660,80,-0.094
82670,80,-0.100
82680,80,-0.087
82690,80,-0.094
82700,80,-0.100
82710,80,-0.081
82720,80,-0.087
82730,80,-0.094
82740,80,-0.081
82750,80,-0.094
82760,80,-0.094
82770,80,-0.094
82780,80,-0.094
82790,80,-0.100
82800,80,-0.087
82810,80,-0.094
82820,80,-0.094
82830,80,-0.100
82840,80,-0.087
82850,80,-0.094
82860,80,-0.094
82870,80,-0.094
82880,80,-0.100
82890,80,-0.094
82900,80,-0.094
82910,80,-0.100
82920,80,-0.094
82930,80,-0.106
82940,80,-0.094
82950,80,-0.094
82960,80,-0.100
82970,80,-0.094
82980,80,-0.094
82990,80,-0.094
83000,80,-0.100
83010,80,-0.094
83020,80,-0.100
83030,80,-0.094
83040,80,-0.094
83050,80,-0.100
83060,80,-0.100
83070,80,-0.081
83080,80,-0.106
83090,80,-0.100
83100,80,-0.100
83110,80,-0.106
83120,80,-0.106
83130,80,-0.106
83140,80,-0.100
83150,80,-0.100
83160,80,-0.106
83170,80,-0.100
83180,80,-0.100
83190,80,-0.100
83200,80,-0.094
83210,80,-0.106
83220,80,-0.094
83230,80,-0.106
83240,80,-0.100
83250,80,-0.100
83260,80,-0.100
83270,80,-0.094
83280,80,-0.106
83290,80,-0.100
83300,80,-0.106
83310,80,-0.106
83320,80,-0.106
83330,80,-0.112
83340,80,-0.100
83350,80,-0.100
83360,80,-0.087
83370,80,-0.094
83380,80,-0.100
83390,80,-0.106
83400,80,-0.094
83410,80,-0.100
83420,80,-0.087
83430,80,-0.094
83440,80,-0.100
83450,80,-0.094
83460,80,-0.100
83470,80,-0.087
83480,80,-0.094
83490,80,-0.081
83500,80,-0.094
83510,80,-0.094
83520,80,-0.087
83530,80,-0.094
83540,80,-0.094
83550,80,-0.094
83560,80,-0.094
83570,80,-0.100
83580,80,-0.094
83590,80,-0.087
83600,80,-0.094
83610,80,-0.094
83620,80,-0.100
83630,80,-0.094
83640,80,-0.100
83650,80,-0.094
83660,80,-0.100
83670,80,-0.106
83680,80,-0.100
83690,80,-0.094
83700,80,-0.100
83710,80,-0.087
83720,80,-0.087
83730,80,-0.087
83740,80,-0.094
83750,80,-0.100
83760,80,-0.100
83770,80,-0.094
83780,80,-0.094
83790,80,-0.094
83800,80,-0.100
83810,80,-0.094
83820,80,-0.100
83830,80,-0.087
83840,80,-0.094
83850,80,-0.100
83860,80,-0.100
83870,80,-0.094
83880,80,-0.094
83890,80,-0.094
83900,80,-0.100
83910,80,-0.094
83920,80,-0.100
83930,80,-0.087
83940,80,-0.094
83950,80,-0.094
83960,80,-0.106
83970,80,-0.100
83980,80,-0.094
83990,80,-0.100
84000,80,-0.094
84010,80,-0.094
84020,80,-0.087
84030,80,-0.094
84040,80,-0.094
84050,80,-0.094
84060,80,-0.100
84070,80,-0.081
84080,80,-0.094
84090,80,-0.094
84100,80,-0.094
84110,80,-0.094
84120,80,-0.094
84130,80,-0.087
84140,80,-0.094
84150,80,-0.094
84160,80,-0.094
84170,80,-0.094
84180,80,-0.100
84190,80,-0.081
84200,80,-0.094
84210,80,-0.094
84220,80,-0.087
84230,80,-0.087
84240,80,-0.094
84250,80,-0.094
84260,80,-0.094
84270,80,-0.094
84280,80,-0.094
84290,80,-0.087
84300,80,-0.094
84310,80,-0.094
84320,80,-0.100
84330,80,-0.087
84340,80,-0.094
84350,80,-0.100
84360,80,-0.087
84370,80,-0.100
84380,80,-0.087
84390,80,-0.100
84400,80,-0.069
84410,80,-0.100
84420,80,-0.087
84430,80,-0.087
84440,80,-0.081
84450,80,-0.094
84460,80,-0.094
84470,80,-0.100
84480,80,-0.100
84490,80,-0.081
84500,80,-0.087
84510,80,-0.094
84520,80,-0.087
84530,80,-0.100
84540,80,-0.094
84550,80,-0.100
84560,80,-0.094
84570,80,-0.094
84580,80,-0.100
84590,80,-0.106
84600,80,-0.094
84610,80,-0.100
84620,80,-0.087
84630,80,-0.087
84640,80,-0.094
84650,80,-0.100
84660,80,-0.094
84670,80,-0.100
84680,80,-0.100
84690,80,-0.100
84700,80,-0.094
84710,80,-0.100
84720,80,-0.100
84730,80,-0.094
84740,80,-0.100
84750,80,-0.094
84760,80,-0.100
84770,80,-0.094
84780,80,-0.106
84790,80,-0.100
84800,80,-0.100
84810,80,-0.087
84820,80,-0.094
84830,80,-0.100
84840,80,-0.094
84850,80,-0.100
84860,80,-0.100
84870,80,-0.100
84880,80,-0.100
84890,80,-0.100
84900,80,-0.106
84910,80,-0.094
84920,80,-0.106
84930,80,-0.112
84940,80,-0.100
84950,80,-0.106
84960,80,-0.106
84970,80,-0.106
84980,80,-0.106
84990,80,-0.106
85000,80,-0.100
85010,80,-0.100
85020,80,-0.100
85030,80,-0.100
85040,80,-0.094
85050,80,-0.106
85060,80,-0.100
85070,80,-0.081
85080,80,-0.106
85090,80,-0.100
85100,80,-0.100
85110,80,-0.100
85120,80,-0.100
85130,80,-0.094
85140,80,-0.094
85150,80,-0.094
85160,80,-0.094
85170,80,-0.094
85180,80,-0.100
85190,80,-0.081
85200,80,-0.100
85210,80,-0.087
85220,80,-0.094
85230,80,-0.100
85240,80,-0.087
85250,80,-0.100
85260,80,-0.094
85270,80,-0.100
85280,80,-0.100
85290,80,-0.094
85300,80,-0.094
85310,80,-0.100
85320,80,-0.094
85330,80,-0.094
85340,80,-0.094
85350,80,-0.094
85360,80,-0.094
85370,80,-0.100
85380,80,-0.087
85390,80,-0.100
85400,80,-0.075
85410,80,-0.100
85420,80,-0.100
85430,80,-0.087
85440,80,-0.100
85450,80,-0.094
85460,80,-0.094
85470,80,-0.100
85480,80,-0.094
85490,80,-0.100
85500,80,-0.094
85510,80,-0.106
85520,80,-0.106
85530,80,-0.106
85540,80,-0.100
85550,80,-0.100
85560,80,-0.100
85570,80,-0.094
85580,80,-0.100
85590,80,-0.100
85600,80,-0.094
85610,80,-0.094
85620,80,-0.106
85630,80,-0.100
85640,80,-0.131
85650,80,-0.106
85660,80,-0.106
85670,80,-0.106
85680,80,-0.106
85690,80,-0.106
85700,80,-0.112
85710,80,-0.100
85720,80,-0.106
85730,80,-0.100
85740,80,-0.094
85750,80,-0.094
85760,80,-0.106
85770,80,-0.106
85780,80,-0.106
85790,80,-0.106
85800,80,-0.112
85810,80,-0.100
85820,80,-0.100
85830,80,-0.100
85840,80,-0.100
85850,80,-0.100
85860,80,-0.100
85870,80,-0.112
85880,80,-0.100
85890,80,-0.106
85900,80,-0.106
85910,80,-0.106
85920,80,-0.106
85930,80,-0.100
85940,80,-0.094
85950,80,-0.094
85960,80,-0.106
85970,80,-0.106
85980,80,-0.106
85990,80,-0.100
86000,80,-0.100
86010,80,-0.100
86020,80,-0.100
86030,80,-0.100
86040,80,-0.100
86050,80,-0.100
86060,80,-0.100
86070,80,-0.094
86080,80,-0.106
86090,80,-0.112
86100,80,-0.100
86110,80,-0.106
86120,80,-0.106
86130,80,-0.106
86140,80,-0.106
86150,80,-0.106
86160,80,-0.106
86170,80,-0.112
86180,80,-0.106
86190,80,-0.100
86200,80,-0.100
86210,80,-0.106
86220,80,-0.100
86230,80,-0.106
86240,80,-0.112
86250,80,-0.106
86260,80,-0.106
86270,80,-0.106
86280,80,-0.106
86290,80,-0.106
86300,80,-0.112
86310,80,-0.100
86320,80,-0.100
86330,80,-0.106
86340,80,-0.106
86350,80,-0.112
86360,80,-0.106
86370,80,-0.100
86380,80,-0.106
86390,80,-0.106
86400,80,-0.094
86410,80,-0.119
86420,80,-0.112
86430,80,-0.100
86440,80,-0.106
86450,80,-0.106
86460,80,-0.112
86470,80,-0.100
86480,80,-0.112
86490,80,-0.106
86500,80,-0.100
86510,80,-0.106
86520,80,-0.106
86530,80,-0.112
86540,80,-0.106
86550,80,-0.106
86560,80,-0.106
86570,80,-0.106
86580,80,-0.106
86590,80,-0.106
86600,80,-0.100
86610,80,-0.106
86620,80,-0.112
86630,80,-0.106
86640,80,-0.106
86650,80,-0.106
86660,80,-0.106
86670,80,-0.106
86680,80,-0.106
86690,80,-0.106
86700,80,-0.106
86710,80,-0.106
86720,80,-0.106
86730,80,-0.094
86740,80,-0.106
86750,80,-0.106
86760,80,-0.106
86770,80,-0.106
86780,80,-0.106
86790,80,-0.106
86800,80,-0.106
86810,80,-0.106
86820,80,-0.106
86830,80,-0.106
86840,80,-0.106
86850,80,-0.106
86860,80,-0.106
86870,80,-0.112
86880,80,-0.100
86890,80,-0.100
86900,80,-0.106
86910,80,-0.106
86920,80,-0.106
86930,80,-0.106
86940,80,-0.106
86950,80,-0.100
86960,80,-0.106
86970,80,-0.106
86980,80,-0.106
86990,80,-0.100
87000,80,-0.106
87010,85,-0.081
87020,85,-0.106
87030,85,-0.100
87040,85,-0.106
87050,85,-0.100
87060,85,-0.100
87070,85,-0.100
87080,85,-0.100
87090,85,-0.100
87100,85,-0.100
87110,85,-0.100
87120,85,-0.100
87130,85,-0.100
87140,85,-0.100
87150,85,-0.106
87160,85,-0.100
87170,85,-0.100
87180,85,-0.100
87190,85,-0.100
87200,85,-0.106
87210,85,-0.112
87220,85,-0.100
87230,85,-0.106
87240,85,-0.100
87250,85,-0.100
87260,85,-0.100
87270,85,-0.106
87280,85,-0.106
87290,85,-0.106
87300,85,-0.106
87310,85,-0.106
87320,85,-0.106
87330,85,-0.112
87340,85,-0.100
87350,85,-0.106
87360,85,-0.106
87370,85,-0.106
87380,85,-0.112
87390,85,-0.100
87400,85,-0.087
87410,85,-0.106
87420,85,-0.106
87430,85,-0.106
87440,85,-0.112
87450,85,-0.106
87460,85,-0.112
87470,85,-0.106
87480,85,-0.106
87490,85,-0.106
87500,85,-0.106
87510,85,-0.106
87520,85,-0.106
87530,85,-0.100
87540,85,-0.106
87550,85,-0.106
87560,85,-0.112
87570,85,-0.100
87580,85,-0.112
87590,85,-0.106
87600,85,-0.100
87610,85,-0.100
87620,85,-0.100
87630,85,-0.106
87640,85,-0.106
87650,85,-0.106
87660,85,-0.106
87670,85,-0.106
87680,85,-0.106
87690,85,-0.106
87700,85,-0.106
87710,85,-0.106
87720,85,-0.094
87730,85,-0.087
87740,85,-0.100
87750,85,-0.094
87760,85,-0.100
87770,85,-0.094
87780,85,-0.100
87790,85,-0.100
87800,85,-0.100
87810,85,-0.100
87820,85,-0.100
87830,85,-0.100
87840,85,-0.106
87850,85,-0.100
87860,85,-0.100
87870,85,-0.100
87880,85,-0.100
87890,85,-0.106
87900,85,-0.106
87910,85,-0.106
87920,85,-0.106
87930,85,-0.106
87940,85,-0.112
87950,85,-0.106
87960,85,-0.112
87970,85,-0.112
87980,85,-0.112
87990,85,-0.106
88000,85,-0.106
88010,85,-0.112
88020,85,-0.100
88030,85,-0.112
88040,85,-0.106
88050,85,-0.112
88060,85,-0.087
88070,85,-0.106
88080,85,-0.119
88090,85,-0.112
88100,85,-0.106
88110,85,-0.106
88120,85,-0.112
88130,85,-0.100
88140,85,-0.106
88150,85,-0.106
88160,85,-0.100
88170,85,-0.106
88180,85,-0.106
88190,85,-0.106
88200,85,-0.112
88210,85,-0.100
88220,85,-0.106
88230,85,-0.112
88240,85,-0.100
88250,85,-0.100
88260,85,-0.100
88270,85,-0.106
88280,85,-0.106
88290,85,-0.106
88300,85,-0.112
88310,85,-0.106
88320,85,-0.100
88330,85,-0.106
88340,85,-0.106
88350,85,-0.106
88360,85,-0.112
88370,85,-0.100
88380,85,-0.100
88390,85,-0.100
88400,85,-0.100
88410,85,-0.100
88420,85,-0.100
88430,85,-0.106
88440,85,-0.106
88450,85,-0.106
88460,85,-0.106
88470,85,-0.106
88480,85,-0.112
88490,85,-0.100
88500,85,-0.106
88510,85,-0.112
88520,85,-0.100
88530,85,-0.100
88540,85,-0.100
88550,85,-0.106
88560,85,-0.106
88570,85,-0.112
88580,85,-0.106
88590,85,-0.106
88600,85,-0.106
88610,85,-0.106
88620,85,-0.106
88630,85,-0.106
88640,85,-0.106
88650,85,-0.106
88660,85,-0.106
88670,85,-0.112
88680,85,-0.100
88690,85,-0.106
88700,85,-0.106
88710,85,-0.106
88720,85,-0.106
88730,85,-0.094
88740,85,-0.112
88750,85,-0.106
88760,85,-0.112
88770,85,-0.106
88780,85,-0.100
88790,85,-0.106
88800,85,-0.112
88810,85,-0.100
88820,85,-0.112
88830,85,-0.100
88840,85,-0.100
88850,85,-0.112
88860,85,-0.106
88870,85,-0.100
88880,85,-0.100
88890,85,-0.106
88900,85,-0.100
88910,85,-0.106
88920,85,-0.106
88930,85,-0.106
88940,85,-0.112
88950,85,-0.100
88960,85,-0.112
88970,85,-0.106
88980,85,-0.112
88990,85,-0.100
89000,85,-0.106
89010,85,-0.100
89020,85,-0.100
89030,85,-0.106
89040,85,-0.106
89050,85,-0.106
89060,85,-0.087
89070,85,-0.106
89080,85,-0.100
89090,85,-0.106
89100,85,-0.106
89110,85,-0.100
89120,85,-0.100
89130,85,-0.106
89140,85,-0.106
89150,85,-0.100
89160,85,-0.100
89170,85,-0.100
89180,85,-0.100
89190,85,-0.106
89200,85,-0.106
89210,85,-0.100
89220,85,-0.100
89230,85,-0.106
89240,85,-0.106
89250,85,-0.106
89260,85,-0.106
89270,85,-0.106
89280,85,-0.106
89290,85,-0.106
89300,85,-0.106
89310,85,-0.112
89320,85,-0.106
89330,85,-0.106
89340,85,-0.112
89350,85,-0.100
89360,85,-0.112
89370,85,-0.094
89380,85,-0.106
89390,85,-0.106
89400,85,-0.112
89410,85,-0.106
89420,85,-0.112
89430,85,-0.094
89440,85,-0.094
89450,85,-0.106
89460,85,-0.100
89470,85,-0.094
89480,85,-0.106
89490,85,-0.106
89500,85,-0.106
89510,85,-0.100
89520,85,-0.094
89530,85,-0.094
89540,85,-0.100
89550,85,-0.094
89560,85,-0.094
89570,85,-0.106
89580,85,-0.100
89590,85,-0.100
89600,85,-0.100
89610,85,-0.100
89620,85,-0.106
89630,85,-0.112
89640,85,-0.100
89650,85,-0.106
89660,85,-0.106
89670,85,-0.106
89680,85,-0.112
89690,85,-0.100
89700,85,-0.112
89710,85,-0.106
89720,85,-0.112
89730,85,-0.087
89740,85,-0.112
89750,85,-0.100
89760,85,-0.112
89770,85,-0.112
89780,85,-0.112
89790,85,-0.106
89800,85,-0.112
89810,85,-0.100
89820,85,-0.100
89830,85,-0.100
89840,85,-0.106
89850,85,-0.106
89860,85,-0.106
89870,85,-0.112
89880,85,-0.100
89890,85,-0.106
89900,85,-0.119
89910,85,-0.112
89920,85,-0.100
89930,85,-0.106
89940,85,-0.106
89950,85,-0.112
89960,85,-0.106
89970,85,-0.112
89980,85,-0.106
89990,85,-0.112
90000,85,-0.112
90010,85,-0.106
90020,85,-0.106
90030,85,-0.112
90040,85,-0.106
90050,85,-0.112
90060,85,-0.087
90070,85,-0.112
90080,85,-0.106
90090,85,-0.112
90100,85,-0.106
90110,85,-0.112
90120,85,-0.106
90130,85,-0.119
90140,85,-0.112
90150,85,-0.112
90160,85,-0.112
90170,85,-0.106
90180,85,-0.112
90190,85,-0.106
90200,85,-0.112
90210,85,-0.106
90220,85,-0.106
90230,85,-0.112
90240,85,-0.106
90250,85,-0.119
90260,85,-0.112
90270,85,-0.112
90280,85,-0.119
90290,85,-0.106
90300,85,-0.112
90310,85,-0.106
90320,85,-0.112
90330,85,-0.112
90340,85,-0.112
90350,85,-0.106
90360,85,-0.119
90370,85,-0.112
90380,85,-0.112
90390,85,-0.100
90400,85,-0.119
90410,85,-0.119
90420,85,-0.112
90430,85,-0.119
90440,85,-0.112
90450,85,-0.106
90460,85,-0.112
90470,85,-0.112
90480,85,-0.112
90490,85,-0.106
90500,85,-0.106
90510,85,-0.112
90520,85,-0.112
90530,85,-0.106
90540,85,-0.125
90550,85,-0.112
90560,85,-0.125
90570,85,-0.106
90580,85,-0.119
90590,85,-0.112
90600,85,-0.100
90610,85,-0.106
90620,85,-0.119
90630,85,-0.119
90640,85,-0.112
90650,85,-0.119
90660,85,-0.112
90670,85,-0.119
90680,85,-0.119
90690,85,-0.119
90700,85,-0.125
90710,85,-0.106
90720,85,-0.125
90730,85,-0.100
90740,85,-0.112
90750,85,-0.119
90760,85,-0.112
90770,85,-0.119
90780,85,-0.119
90790,85,-0.119
90800,85,-0.119
90810,85,-0.119
90820,85,-0.119
90830,85,-0.112
90840,85,-0.106
90850,85,-0.106
90860,85,-0.119
90870,85,-0.112
90880,85,-0.112
90890,85,-0.106
90900,85,-0.119
90910,85,-0.125
90920,85,-0.125
90930,85,-0.112
90940,85,-0.119
90950,85,-0.112
90960,85,-0.119
90970,85,-0.119
90980,85,-0.125
90990,85,-0.125
91000,85,-0.119
91010,85,-0.112
91020,85,-0.112
91030,85,-0.119
91040,85,-0.119
91050,85,-0.125
91060,85,-0.100
91070,85,-0.119
91080,85,-0.112
91090,85,-0.112
91100,85,-0.112
91110,85,-0.106
91120,85,-0.119
91130,85,-0.119
91140,85,-0.112
91150,85,-0.106
91160,85,-0.119
91170,85,-0.125
91180,85,-0.112
91190,85,-0.119
91200,85,-0.125
91210,85,-0.112
91220,85,-0.125
91230,85,-0.112
91240,85,-0.112
91250,85,-0.106
91260,85,-0.119
91270,85,-0.119
91280,85,-0.119
91290,85,-0.125
91300,85,-0.119
91310,85,-0.112
91320,85,-0.112
91330,85,-0.106
91340,85,-0.119
91350,85,-0.112
91360,85,-0.119
91370,85,-0.112
91380,85,-0.106
91390,85,-0.100
91400,85,-0.112
91410,85,-0.106
91420,85,-0.112
91430,85,-0.112
91440,85,-0.112
91450,85,-0.112
91460,85,-0.106
91470,85,-0.112
91480,85,-0.106
91490,85,-0.119
91500,85,-0.112
91510,85,-0.100
91520,85,-0.106
91530,85,-0.119
91540,85,-0.112
91550,85,-0.106
91560,85,-0.125
91570,85,-0.106
91580,85,-0.112
91590,85,-0.112
91600,85,-0.106
91610,85,-0.106
91620,85,-0.112
91630,85,-0.106
91640,85,-0.119
91650,85,-0.106
91660,85,-0.119
91670,85,-0.106
91680,85,-0.112
91690,85,-0.106
91700,85,-0.112
91710,85,-0.100
91720,85,-0.106
91730,85,-0.112
91740,85,-0.106
91750,85,-0.119
91760,85,-0.112
91770,85,-0.112
91780,85,-0.112
91790,85,-0.112
91800,85,-0.106
91810,85,-0.119
91820,85,-0.119
91830,85,-0.119
91840,85,-0.119
91850,85,-0.125
91860,85,-0.119
91870,85,-0.119
91880,85,-0.119
91890,85,-0.112
91900,85,-0.112
91910,85,-0.106
91920,85,-0.119
91930,85,-0.125
91940,85,-0.125
91950,85,-0.112
91960,85,-0.119
91970,85,-0.119
91980,85,-0.125
91990,85,-0.106
92000,85,-0.119
92010,90,-0.106
92020,90,-0.119
92030,90,-0.119
92040,90,-0.112
92050,90,-0.119
92060,90,-0.112
92070,90,-0.119
92080,90,-0.112
92090,90,-0.112
92100,90,-0.125
92110,90,-0.125
92120,90,-0.125
92130,90,-0.125
92140,90,-0.112
92150,90,-0.119
92160,90,-0.119
92170,90,-0.125
92180,90,-0.119
92190,90,-0.112
92200,90,-0.119
92210,90,-0.119
92220,90,-0.125
92230,90,-0.112
92240,90,-0.119
92250,90,-0.119
92260,90,-0.112
92270,90,-0.112
92280,90,-0.106
92290,90,-0.125
92300,90,-0.125
92310,90,-0.119
92320,90,-0.112
92330,90,-0.119
92340,90,-0.119
92350,90,-0.119
92360,90,-0.119
92370,90,-0.119
92380,90,-0.125
92390,90,-0.106
92400,90,-0.119
92410,90,-0.106
92420,90,-0.119
92430,90,-0.119
92440,90,-0.112
92450,90,-0.112
92460,90,-0.112
92470,90,-0.112
92480,90,-0.125
92490,90,-0.112
92500,90,-0.119
92510,90,-0.119
92520,90,-0.125
92530,90,-0.112
92540,90,-0.112
92550,90,-0.112
92560,90,-0.119
92570,90,-0.112
92580,90,-0.119
92590,90,-0.125
92600,90,-0.112
92610,90,-0.112
92620,90,-0.106
92630,90,-0.119
92640,90,-0.119
92650,90,-0.112
92660,90,-0.112
92670,90,-0.125
92680,90,-0.112
92690,90,-0.125
92700,90,-0.119
92710,90,-0.119
92720,90,-0.119
92730,90,-0.119
92740,90,-0.125
92750,90,-0.119
92760,90,-0.112
92770,90,-0.119
92780,90,-0.119
92790,90,-0.119
92800,90,-0.119
92810,90,-0.119
92820,90,-0.119
92830,90,-0.119
92840,90,-0.125
92850,90,-0.119
92860,90,-0.119
92870,90,-0.119
92880,90,-0.119
92890,90,-0.112
92900,90,-0.106
92910,90,-0.112
92920,90,-0.112
92930,90,-0.119
92940,90,-0.131
92950,90,-0.119
92960,90,-0.119
92970,90,-0.119
92980,90,-0.119
92990,90,-0.119
93000,90,-0.112
93010,90,-0.119
93020,90,-0.125
93030,90,-0.112
93040,90,-0.125
93050,90,-0.119
93060,90,-0.106
93070,90,-0.119
93080,90,-0.119
93090,90,-0.112
93100,90,-0.119
93110,90,-0.119
93120,90,-0.125
93130,90,-0.119
93140,90,-0.112
93150,90,-0.119
93160,90,-0.119
93170,90,-0.125
93180,90,-0.119
93190,90,-0.119
93200,90,-0.125
93210,90,-0.112
93220,90,-0.119
93230,90,-0.125
93240,90,-0.119
93250,90,-0.119
93260,90,-0.125
93270,90,-0.119
93280,90,-0.119
93290,90,-0.125
93300,90,-0.125
93310,90,-0.119
93320,90,-0.119
93330,90,-0.125
93340,90,-0.125
93350,90,-0.119
93360,90,-0.125
93370,90,-0.119
93380,90,-0.125
93390,90,-0.094
93400,90,-0.131
93410,90,-0.119
93420,90,-0.119
93430,90,-0.119
93440,90,-0.119
93450,90,-0.125
93460,90,-0.119
93470,90,-0.119
93480,90,-0.131
93490,90,-0.125
93500,90,-0.119
93510,90,-0.119
93520,90,-0.125
93530,90,-0.112
93540,90,-0.119
93550,90,-0.119
93560,90,-0.125
93570,90,-0.112
93580,90,-0.119
93590,90,-0.119
93600,90,-0.125
93610,90,-0.119
93620,90,-0.119
93630,90,-0.119
93640,90,-0.112
93650,90,-0.112
93660,90,-0.112
93670,90,-0.119
93680,90,-0.119
93690,90,-0.131
93700,90,-0.125
93710,90,-0.119
93720,90,-0.112
93730,90,-0.119
93740,90,-0.119
93750,90,-0.131
93760,90,-0.119
93770,90,-0.112
93780,90,-0.125
93790,90,-0.119
93800,90,-0.112
93810,90,-0.106
93820,90,-0.112
93830,90,-0.112
93840,90,-0.106
93850,90,-0.119
93860,90,-0.119
93870,90,-0.119
93880,90,-0.119
93890,90,-0.125
93900,90,-0.112
93910,90,-0.125
93920,90,-0.112
93930,90,-0.119
93940,90,-0.119
93950,90,-0.125
93960,90,-0.125
93970,90,-0.119
93980,90,-0.119
93990,90,-0.125
94000,90,-0.112
94010,90,-0.119
94020,90,-0.112
94030,90,-0.125
94040,90,-0.106
94050,90,-0.112
94060,90,-0.112
94070,90,-0.112
94080,90,-0.119
94090,90,-0.125
94100,90,-0.112
94110,90,-0.119
94120,90,-0.112
94130,90,-0.119
94140,90,-0.119
94150,90,-0.106
94160,90,-0.112
94170,90,-0.119
94180,90,-0.119
94190,90,-0.119
94200,90,-0.125
94210,90,-0.112
94220,90,-0.125
94230,90,-0.112
94240,90,-0.131
94250,90,-0.125
94260,90,-0.119
94270,90,-0.119
94280,90,-0.125
94290,90,-0.125
94300,90,-0.125
94310,90,-0.119
94320,90,-0.119
94330,90,-0.119
94340,90,-0.119
94350,90,-0.119
94360,90,-0.119
94370,90,-0.125
94380,90,-0.119
94390,90,-0.106
94400,90,-0.119
94410,90,-0.125
94420,90,-0.119
94430,90,-0.119
94440,90,-0.119
94450,90,-0.125
94460,90,-0.112
94470,90,-0.119
94480,90,-0.125
94490,90,-0.112
94500,90,-0.119
94510,90,-0.125
94520,90,-0.119
94530,90,-0.112
94540,90,-0.119
94550,90,-0.125
94560,90,-0.112
94570,90,-0.125
94580,90,-0.131
94590,90,-0.119
94600,90,-0.119
94610,90,-0.125
94620,90,-0.119
94630,90,-0.112
94640,90,-0.119
94650,90,-0.131
94660,90,-0.125
94670,90,-0.119
94680,90,-0.119
94690,90,-0.131
94700,90,-0.125
94710,90,-0.119
94720,90,-0.106
94730,90,-0.112
94740,90,-0.119
94750,90,-0.119
94760,90,-0.125
94770,90,-0.119
94780,90,-0.119
94790,90,-0.131
94800,90,-0.125
94810,90,-0.125
94820,90,-0.112
94830,90,-0.125
94840,90,-0.119
94850,90,-0.119
94860,90,-0.131
94870,90,-0.125
94880,90,-0.119
94890,90,-0.119
94900,90,-0.119
94910,90,-0.131
94920,90,-0.125
94930,90,-0.125
94940,90,-0.119
94950,90,-0.112
94960,90,-0.125
94970,90,-0.119
94980,90,-0.119
94990,90,-0.125
95000,90,-0.119
95010,90,-0.119
95020,90,-0.119
95030,90,-0.125
95040,90,-0.125
95050,90,-0.119
95060,90,-0.125
95070,90,-0.125
95080,90,-0.119
95090,90,-0.131
95100,90,-0.119
95110,90,-0.131
95120,90,-0.119
95130,90,-0.112
95140,90,-0.131
95150,90,-0.131
95160,90,-0.131
95170,90,-0.119
95180,90,-0.131
95190,90,-0.125
95200,90,-0.125
95210,90,-0.119
95220,90,-0.125
95230,90,-0.112
95240,90,-0.131
95250,90,-0.131
95260,90,-0.125
95270,90,-0.119
95280,90,-0.125
95290,90,-0.131
95300,90,-0.125
95310,90,-0.119
95320,90,-0.119
95330,90,-0.125
95340,90,-0.112
95350,90,-0.125
95360,90,-0.119
95370,90,-0.125
95380,90,-0.119
95390,90,-0.106
95400,90,-0.125
95410,90,-0.119
95420,90,-0.125
95430,90,-0.125
95440,90,-0.119
95450,90,-0.119
95460,90,-0.125
95470,90,-0.125
95480,90,-0.125
95490,90,-0.119
95500,90,-0.119
95510,90,-0.125
95520,90,-0.119
95530,90,-0.131
95540,90,-0.131
95550,90,-0.125
95560,90,-0.125
95570,90,-0.131
95580,90,-0.125
95590,90,-0.125
95600,90,-0.119
95610,90,-0.125
95620,90,-0.119
95630,90,-0.131
95640,90,-0.125
95650,90,-0.125
95660,90,-0.131
95670,90,-0.112
95680,90,-0.119
95690,90,-0.125
95700,90,-0.112
95710,90,-0.119
95720,90,-0.106
95730,90,-0.131
95740,90,-0.125
95750,90,-0.131
95760,90,-0.131
95770,90,-0.119
95780,90,-0.125
95790,90,-0.131
95800,90,-0.125
95810,90,-0.125
95820,90,-0.131
95830,90,-0.125
95840,90,-0.125
95850,90,-0.131
95860,90,-0.125
95870,90,-0.125
95880,90,-0.125
95890,90,-0.125
95900,90,-0.119
95910,90,-0.125
95920,90,-0.125
95930,90,-0.137
95940,90,-0.131
95950,90,-0.137
95960,90,-0.125
95970,90,-0.119
95980,90,-0.131
95990,90,-0.131
96000,90,-0.119
96010,90,-0.125
96020,90,-0.137
96030,90,-0.125
96040,90,-0.125
96050,90,-0.112
96060,90,-0.131
96070,90,-0.125
96080,90,-0.125
96090,90,-0.125
96100,90,-0.131
96110,90,-0.112
96120,90,-0.131
96130,90,-0.125
96140,90,-0.112
96150,90,-0.119
96160,90,-0.119
96170,90,-0.131
96180,90,-0.119
96190,90,-0.125
96200,90,-0.119
96210,90,-0.125
96220,90,-0.125
96230,90,-0.125
96240,90,-0.119
96250,90,-0.125
96260,90,-0.125
96270,90,-0.119
96280,90,-0.125
96290,90,-0.125
96300,90,-0.119
96310,90,-0.119
96320,90,-0.131
96330,90,-0.125
96340,90,-0.112
96350,90,-0.119
96360,90,-0.125
96370,90,-0.119
96380,90,-0.119
96390,90,-0.125
96400,90,-0.119
96410,90,-0.119
96420,90,-0.125
96430,90,-0.119
96440,90,-0.119
96450,90,-0.112
96460,90,-0.131
96470,90,-0.125
96480,90,-0.125
96490,90,-0.112
96500,90,-0.119
96510,90,-0.119
96520,90,-0.119
96530,90,-0.106
96540,90,-0.106
96550,90,-0.125
96560,90,-0.119
96570,90,-0.125
96580,90,-0.119
96590,90,-0.125
96600,90,-0.131
96610,90,-0.125
96620,90,-0.119
96630,90,-0.125
96640,90,-0.125
96650,90,-0.119
96660,90,-0.125
96670,90,-0.119
96680,90,-0.131
96690,90,-0.125
96700,90,-0.125
96710,90,-0.125
96720,90,-0.100
96730,90,-0.125
96740,90,-0.125
96750,90,-0.119
96760,90,-0.125
96770,90,-0.125
96780,90,-0.125
96790,90,-0.119
96800,90,-0.112
96810,90,-0.112
96820,90,-0.125
96830,90,-0.125
96840,90,-0.125
96850,90,-0.131
96860,90,-0.119
96870,90,-0.125
96880,90,-0.112
96890,90,-0.125
96900,90,-0.119
96910,90,-0.119
96920,90,-0.119
96930,90,-0.119
96940,90,-0.125
96950,90,-0.112
96960,90,-0.131
96970,90,-0.125
96980,90,-0.125
96990,90,-0.125
97000,90,-0.125
97010,95,-0.106
97020,95,-0.131
97030,95,-0.119
97040,95,-0.119
97050,95,-0.112
97060,95,-0.119
97070,95,-0.112
97080,95,-0.119
97090,95,-0.125
97100,95,-0.119
97110,95,-0.119
97120,95,-0.119
97130,95,-0.119
97140,95,-0.119
97150,95,-0.119
97160,95,-0.112
97170,95,-0.112
97180,95,-0.119
97190,95,-0.125
97200,95,-0.119
97210,95,-0.119
97220,95,-0.125
97230,95,-0.112
97240,95,-0.119
97250,95,-0.119
97260,95,-0.112
97270,95,-0.112
97280,95,-0.125
97290,95,-0.119
97300,95,-0.119
97310,95,-0.125
97320,95,-0.125
97330,95,-0.119
97340,95,-0.125
97350,95,-0.125
97360,95,-0.112
97370,95,-0.125
97380,95,-0.112
97390,95,-0.112
97400,95,-0.119
97410,95,-0.119
97420,95,-0.119
97430,95,-0.119
97440,95,-0.119
97450,95,-0.131
97460,95,-0.112
97470,95,-0.119
97480,95,-0.119
97490,95,-0.125
97500,95,-0.119
97510,95,-0.131
97520,95,-0.125
97530,95,-0.119
97540,95,-0.119
97550,95,-0.125
97560,95,-0.119
97570,95,-0.125
97580,95,-0.125
97590,95,-0.112
97600,95,-0.125
97610,95,-0.125
97620,95,-0.119
97630,95,-0.119
97640,95,-0.119
97650,95,-0.119
97660,95,-0.119
97670,95,-0.119
97680,95,-0.125
97690,95,-0.125
97700,95,-0.125
97710,95,-0.131
97720,95,-0.119
97730,95,-0.131
97740,95,-0.131
97750,95,-0.125
97760,95,-0.144
97770,95,-0.137
97780,95,-0.125
97790,95,-0.125
97800,95,-0.119
97810,95,-0.125
97820,95,-0.125
97830,95,-0.119
97840,95,-0.131
97850,95,-0.125
97860,95,-0.131
97870,95,-0.137
97880,95,-0.125
97890,95,-0.125
97900,95,-0.125
97910,95,-0.125
97920,95,-0.119
97930,95,-0.125
97940,95,-0.125
97950,95,-0.131
97960,95,-0.137
97970,95,-0.131
97980,95,-0.125
97990,95,-0.125
98000,95,-0.125
98010,95,-0.131
98020,95,-0.131
98030,95,-0.131
98040,95,-0.131
98050,95,-0.106
98060,95,-0.137
98070,95,-0.125
98080,95,-0.125
98090,95,-0.125
98100,95,-0.119
98110,95,-0.125
98120,95,-0.112
98130,95,-0.137
98140,95,-0.131
98150,95,-0.131
98160,95,-0.125
98170,95,-0.125
98180,95,-0.125
98190,95,-0.131
98200,95,-0.131
98210,95,-0.131
98220,95,-0.131
98230,95,-0.119
98240,95,-0.131
98250,95,-0.131
98260,95,-0.131
98270,95,-0.131
98280,95,-0.125
98290,95,-0.125
98300,95,-0.125
98310,95,-0.125
98320,95,-0.125
98330,95,-0.131
98340,95,-0.125
98350,95,-0.125
98360,95,-0.131
98370,95,-0.137
98380,95,-0.125
98390,95,-0.125
98400,95,-0.125
98410,95,-0.119
98420,95,-0.131
98430,95,-0.125
98440,95,-0.125
98450,95,-0.125
98460,95,-0.125
98470,95,-0.125
98480,95,-0.125
98490,95,-0.125
98500,95,-0.119
98510,95,-0.125
98520,95,-0.125
98530,95,-0.125
98540,95,-0.125
98550,95,-0.125
98560,95,-0.125
98570,95,-0.119
98580,95,-0.112
98590,95,-0.131
98600,95,-0.125
98610,95,-0.125
98620,95,-0.131
98630,95,-0.131
98640,95,-0.131
98650,95,-0.131
98660,95,-0.125
98670,95,-0.131
98680,95,-0.131
98690,95,-0.125
98700,95,-0.125
98710,95,-0.125
98720,95,-0.112
98730,95,-0.131
98740,95,-0.131
98750,95,-0.125
98760,95,-0.125
98770,95,-0.125
98780,95,-0.137
98790,95,-0.131
98800,95,-0.131
98810,95,-0.119
98820,95,-0.125
98830,95,-0.119
98840,95,-0.119
98850,95,-0.125
98860,95,-0.119
98870,95,-0.125
98880,95,-0.125
98890,95,-0.131
98900,95,-0.125
98910,95,-0.119
98920,95,-0.119
98930,95,-0.125
98940,95,-0.119
98950,95,-0.119
98960,95,-0.131
98970,95,-0.131
98980,95,-0.125
98990,95,-0.131
99000,95,-0.131
99010,95,-0.131
99020,95,-0.119
99030,95,-0.119
99040,95,-0.131
99050,95,-0.119
99060,95,-0.131
99070,95,-0.125
99080,95,-0.131
99090,95,-0.131
99100,95,-0.125
99110,95,-0.119
99120,95,-0.125
99130,95,-0.125
99140,95,-0.131
99150,95,-0.137
99160,95,-0.131
99170,95,-0.125
99180,95,-0.137
99190,95,-0.131
99200,95,-0.125
99210,95,-0.125
99220,95,-0.119
99230,95,-0.119
99240,95,-0.131
99250,95,-0.125
99260,95,-0.119
99270,95,-0.125
99280,95,-0.119
99290,95,-0.119
99300,95,-0.131
99310,95,-0.119
99320,95,-0.119
99330,95,-0.119
99340,95,-0.125
99350,95,-0.125
99360,95,-0.131
99370,95,-0.137
99380,95,-0.112
99390,95,-0.125
99400,95,-0.131
99410,95,-0.119
99420,95,-0.125
99430,95,-0.125
99440,95,-0.137
99450,95,-0.137
99460,95,-0.131
99470,95,-0.125
99480,95,-0.119
99490,95,-0.125
99500,95,-0.125
99510,95,-0.131
99520,95,-0.131
99530,95,-0.125
99540,95,-0.125
99550,95,-0.131
99560,95,-0.137
99570,95,-0.131
99580,95,-0.125
99590,95,-0.119
99600,95,-0.125
99610,95,-0.125
99620,95,-0.131
99630,95,-0.137
99640,95,-0.125
99650,95,-0.125
99660,95,-0.125
99670,95,-0.131
99680,95,-0.131
99690,95,-0.131
99700,95,-0.125
99710,95,-0.131
99720,95,-0.125
99730,95,-0.119
99740,95,-0.125
99750,95,-0.125
99760,95,-0.131
99770,95,-0.131
99780,95,-0.125
99790,95,-0.125
99800,95,-0.125
99810,95,-0.131
99820,95,-0.131
99830,95,-0.125
99840,95,-0.119
99850,95,-0.131
99860,95,-0.125
99870,95,-0.131
99880,95,-0.131
99890,95,-0.131
99900,95,-0.119
99910,95,-0.125
99920,95,-0.125
99930,95,-0.119
99940,95,-0.125
99950,95,-0.119
99960,95,-0.119
99970,95,-0.125
99980,95,-0.119
99990,95,-0.125
100000,95,-0.125
100010,95,-0.125
100020,95,-0.125
100030,95,-0.125
100040,95,-0.125
100050,95,-0.112
100060,95,-0.125
100070,95,-0.125
100080,95,-0.137
100090,95,-0.125
100100,95,-0.125
100110,95,-0.125
100120,95,-0.119
100130,95,-0.119
100140,95,-0.125
100150,95,-0.125
100160,95,-0.125
100170,95,-0.125
100180,95,-0.131
100190,95,-0.125
100200,95,-0.125
100210,95,-0.131
100220,95,-0.125
100230,95,-0.125
100240,95,-0.125
100250,95,-0.125
100260,95,-0.125
100270,95,-0.119
100280,95,-0.125
100290,95,-0.125
100300,95,-0.131
100310,95,-0.131
100320,95,-0.125
100330,95,-0.125
100340,95,-0.137
100350,95,-0.125
100360,95,-0.119
100370,95,-0.119
100380,95,-0.112
100390,95,-0.131
100400,95,-0.137
100410,95,-0.137
100420,95,-0.125
100430,95,-0.137
100440,95,-0.131
100450,95,-0.131
100460,95,-0.131
100470,95,-0.125
100480,95,-0.131
100490,95,-0.119
100500,95,-0.119
100510,95,-0.125
100520,95,-0.125
100530,95,-0.125
100540,95,-0.131
100550,95,-0.125
100560,95,-0.137
100570,95,-0.131
100580,95,-0.131
100590,95,-0.125
100600,95,-0.131
100610,95,-0.125
100620,95,-0.137
100630,95,-0.131
100640,95,-0.125
100650,95,-0.131
100660,95,-0.125
100670,95,-0.119
100680,95,-0.125
100690,95,-0.125
100700,95,-0.131
100710,95,-0.131
100720,95,-0.137
100730,95,-0.137
100740,95,-0.131
100750,95,-0.131
100760,95,-0.137
100770,95,-0.131
100780,95,-0.119
100790,95,-0.125
100800,95,-0.131
100810,95,-0.125
100820,95,-0.131
100830,95,-0.131
100840,95,-0.131
100850,95,-0.131
100860,95,-0.125
100870,95,-0.119
100880,95,-0.137
100890,95,-0.131
100900,95,-0.125
100910,95,-0.125
100920,95,-0.125
100930,95,-0.125
100940,95,-0.131
100950,95,-0.125
100960,95,-0.119
100970,95,-0.125
100980,95,-0.119
100990,95,-0.125
101000,95,-0.125
101010,95,-0.125
101020,95,-0.125
101030,95,-0.131
101040,95,-0.125
101050,95,-0.119
101060,95,-0.125
101070,95,-0.125
101080,95,-0.125
101090,95,-0.125
101100,95,-0.131
101110,95,-0.131
101120,95,-0.131
101130,95,-0.125
101140,95,-0.131
101150,95,-0.125
101160,95,-0.125
101170,95,-0.125
101180,95,-0.125
101190,95,-0.131
101200,95,-0.131
101210,95,-0.131
101220,95,-0.137
101230,95,-0.131
101240,95,-0.131
101250,95,-0.125
101260,95,-0.131
101270,95,-0.125
101280,95,-0.131
101290,95,-0.125
101300,95,-0.125
101310,95,-0.125
101320,95,-0.125
101330,95,-0.125
101340,95,-0.125
101350,95,-0.125
101360,95,-0.125
101370,95,-0.125
101380,95,-0.112
101390,95,-0.119
101400,95,-0.125
101410,95,-0.125
101420,95,-0.119
101430,95,-0.119
101440,95,-0.125
101450,95,-0.125
101460,95,-0.125
101470,95,-0.125
101480,95,-0.125
101490,95,-0.125
101500,95,-0.119
101510,95,-0.131
101520,95,-0.125
101530,95,-0.125
101540,95,-0.125
101550,95,-0.119
101560,95,-0.125
101570,95,-0.119
101580,95,-0.119
101590,95,-0.125
101600,95,-0.131
101610,95,-0.131
101620,95,-0.125
101630,95,-0.125
101640,95,-0.112
101650,95,-0.125
101660,95,-0.119
101670,95,-0.125
101680,95,-0.125
101690,95,-0.125
101700,95,-0.131
101710,95,-0.119
101720,95,-0.119
101730,95,-0.119
101740,95,-0.125
101750,95,-0.131
101760,95,-0.125
101770,95,-0.125
101780,95,-0.125
101790,95,-0.125
101800,95,-0.125
101810,95,-0.131
101820,95,-0.125
101830,95,-0.125
101840,95,-0.125
101850,95,-0.131
101860,95,-0.112
101870,95,-0.119
101880,95,-0.119
101890,95,-0.119
101900,95,-0.119
101910,95,-0.119
101920,95,-0.119
101930,95,-0.131
101940,95,-0.125
101950,95,-0.131
101960,95,-0.125
101970,95,-0.125
101980,95,-0.131
101990,95,-0.137
102000,95,-0.125
102010,100,-0.131
102020,100,-0.125
102030,100,-0.125
102040,100,-0.125
102050,100,-0.119
102060,100,-0.131
102070,100,-0.125
102080,100,-0.125
102090,100,-0.125
102100,100,-0.125
102110,100,-0.125
102120,100,-0.125
102130,100,-0.119
102140,100,-0.125
102150,100,-0.131
102160,100,-0.131
102170,100,-0.137
102180,100,-0.125
102190,100,-0.131
102200,100,-0.131
102210,100,-0.131
102220,100,-0.131
102230,100,-0.131
102240,100,-0.125
102250,100,-0.125
102260,100,-0.137
102270,100,-0.125
102280,100,-0.131
102290,100,-0.131
102300,100,-0.125
102310,100,-0.125
102320,100,-0.125
102330,100,-0.131
102340,100,-0.131
102350,100,-0.137
102360,100,-0.137
102370,100,-0.131
102380,100,-0.119
102390,100,-0.131
102400,100,-0.131
102410,100,-0.131
102420,100,-0.131
102430,100,-0.131
102440,100,-0.125
102450,100,-0.125
102460,100,-0.125
102470,100,-0.119
102480,100,-0.125
102490,100,-0.131
102500,100,-0.125
102510,100,-0.125
102520,100,-0.125
102530,100,-0.125
102540,100,-0.119
102550,100,-0.125
102560,100,-0.119
102570,100,-0.119
102580,100,-0.119
102590,100,-0.119
102600,100,-0.119
102610,100,-0.125
102620,100,-0.131
102630,100,-0.125
102640,100,-0.131
102650,100,-0.125
102660,100,-0.137
102670,100,-0.125
102680,100,-0.131
102690,100,-0.119
102700,100,-0.119
102710,100,-0.112
102720,100,-0.131
102730,100,-0.119
102740,100,-0.119
102750,100,-0.125
102760,100,-0.119
102770,100,-0.131
102780,100,-0.125
102790,100,-0.131
102800,100,-0.131
102810,100,-0.125
102820,100,-0.131
102830,100,-0.125
102840,100,-0.125
102850,100,-0.119
102860,100,-0.125
102870,100,-0.119
102880,100,-0.125
102890,100,-0.119
102900,100,-0.131
102910,100,-0.119
102920,100,-0.125
102930,100,-0.125
102940,100,-0.131
102950,100,-0.125
102960,100,-0.125
102970,100,-0.119
102980,100,-0.119
102990,100,-0.119
103000,100,-0.125
103010,100,-0.119
103020,100,-0.125
103030,100,-0.119
103040,100,-0.119
103050,100,-0.125
103060,100,-0.131
103070,100,-0.125
103080,100,-0.119
103090,100,-0.119
103100,100,-0.119
103110,100,-0.119
103120,100,-0.119
103130,100,-0.125
103140,100,-0.131
103150,100,-0.125
103160,100,-0.131
103170,100,-0.119
103180,100,-0.125
103190,100,-0.119
103200,100,-0.119
103210,100,-0.119
103220,100,-0.125
103230,100,-0.119
103240,100,-0.119
103250,100,-0.125
103260,100,-0.125
103270,100,-0.125
103280,100,-0.131
103290,100,-0.125
103300,100,-0.131
103310,100,-0.125
103320,100,-0.125
103330,100,-0.125
103340,100,-0.131
103350,100,-0.125
103360,100,-0.137
103370,100,-0.125
103380,100,-0.112
103390,100,-0.137
103400,100,-0.125
103410,100,-0.131
103420,100,-0.125
103430,100,-0.125
103440,100,-0.131
103450,100,-0.131
103460,100,-0.131
103470,100,-0.131
103480,100,-0.125
103490,100,-0.131
103500,100,-0.125
103510,100,-0.144
103520,100,-0.125
103530,100,-0.137
103540,100,-0.125
103550,100,-0.137
103560,100,-0.131
103570,100,-0.125
103580,100,-0.125
103590,100,-0.131
103600,100,-0.119
103610,100,-0.125
103620,100,-0.131
103630,100,-0.131
103640,100,-0.131
103650,100,-0.125
103660,100,-0.137
103670,100,-0.131
103680,100,-0.125
103690,100,-0.137
103700,100,-0.112
103710,100,-0.119
103720,100,-0.125
103730,100,-0.119
103740,100,-0.131
103750,100,-0.125
103760,100,-0.125
103770,100,-0.131
103780,100,-0.131
103790,100,-0.119
103800,100,-0.131
103810,100,-0.125
103820,100,-0.131
103830,100,-0.125
103840,100,-0.144
103850,100,-0.131
103860,100,-0.131
103870,100,-0.125
103880,100,-0.137
103890,100,-0.131
103900,100,-0.131
103910,100,-0.131
103920,100,-0.137
103930,100,-0.137
103940,100,-0.125
103950,100,-0.131
103960,100,-0.137
103970,100,-0.131
103980,100,-0.125
103990,100,-0.125
104000,100,-0.125
104010,100,-0.125
104020,100,-0.125
104030,100,-0.125
104040,100,-0.119
104050,100,-0.119
104060,100,-0.119
104070,100,-0.119
104080,100,-0.125
104090,100,-0.125
104100,100,-0.131
104110,100,-0.131
104120,100,-0.112
104130,100,-0.137
104140,100,-0.119
104150,100,-0.119
104160,100,-0.119
104170,100,-0.125
104180,100,-0.131
104190,100,-0.131
104200,100,-0.125
104210,100,-0.131
104220,100,-0.131
104230,100,-0.131
104240,100,-0.125
104250,100,-0.125
104260,100,-0.125
104270,100,-0.137
104280,100,-0.131
104290,100,-0.125
104300,100,-0.131
104310,100,-0.137
104320,100,-0.137
104330,100,-0.125
104340,100,-0.131
104350,100,-0.125
104360,100,-0.131
104370,100,-0.137
104380,100,-0.119
104390,100,-0.125
104400,100,-0.125
104410,100,-0.125
104420,100,-0.125
104430,100,-0.131
104440,100,-0.125
104450,100,-0.137
104460,100,-0.131
104470,100,-0.131
104480,100,-0.125
104490,100,-0.137
104500,100,-0.125
104510,100,-0.131
104520,100,-0.131
104530,100,-0.131
104540,100,-0.125
104550,100,-0.144
104560,100,-0.131
104570,100,-0.131
104580,100,-0.125
104590,100,-0.137
104600,100,-0.131
104610,100,-0.125
104620,100,-0.131
104630,100,-0.125
104640,100,-0.131
104650,100,-0.125
104660,100,-0.137
104670,100,-0.137
104680,100,-0.131
104690,100,-0.137
104700,100,-0.131
104710,100,-0.112
104720,100,-0.144
104730,100,-0.137
104740,100,-0.137
104750,100,-0.137
104760,100,-0.131
104770,100,-0.125
104780,100,-0.131
104790,100,-0.131
104800,100,-0.125
104810,100,-0.137
104820,100,-0.137
104830,100,-0.131
104840,100,-0.137
104850,100,-0.137
104860,100,-0.125
104870,100,-0.131
104880,100,-0.131
104890,100,-0.125
104900,100,-0.131
104910,100,-0.125
104920,100,-0.131
104930,100,-0.131
104940,100,-0.131
104950,100,-0.137
104960,100,-0.131
104970,100,-0.131
104980,100,-0.131
104990,100,-0.131
105000,100,-0.131
105010,100,-0.125
105020,100,-0.131
105030,100,-0.137
105040,100,-0.119
105050,100,-0.125
105060,100,-0.125
105070,100,-0.131
105080,100,-0.131
105090,100,-0.131
105100,100,-0.125
105110,100,-0.125
105120,100,-0.137
105130,100,-0.137
105140,100,-0.125
105150,100,-0.125
105160,100,-0.137
105170,100,-0.137
105180,100,-0.137
105190,100,-0.144
105200,100,-0.137
105210,100,-0.131
105220,100,-0.131
105230,100,-0.150
105240,100,-0.137
105250,100,-0.137
105260,100,-0.144
105270,100,-0.137
105280,100,-0.144
105290,100,-0.137
105300,100,-0.125
105310,100,-0.144
105320,100,-0.137
105330,100,-0.125
105340,100,-0.131
105350,100,-0.125
105360,100,-0.131
105370,100,-0.137
105380,100,-0.131
105390,100,-0.131
105400,100,-0.137
105410,100,-0.144
105420,100,-0.137
105430,100,-0.137
105440,100,-0.137
105450,100,-0.144
105460,100,-0.137
105470,100,-0.137
105480,100,-0.144
105490,100,-0.144
105500,100,-0.137
105510,100,-0.144
105520,100,-0.131
105530,100,-0.131
105540,100,-0.137
105550,100,-0.131
105560,100,-0.137
105570,100,-0.131
105580,100,-0.137
105590,100,-0.144
105600,100,-0.144
105610,100,-0.131
105620,100,-0.131
105630,100,-0.137
105640,100,-0.137
105650,100,-0.131
105660,100,-0.125
105670,100,-0.119
105680,100,-0.125
105690,100,-0.125
105700,100,-0.131
105710,100,-0.119
105720,100,-0.125
105730,100,-0.119
105740,100,-0.131
105750,100,-0.131
105760,100,-0.125
105770,100,-0.131
105780,100,-0.125
105790,100,-0.125
105800,100,-0.131
105810,100,-0.131
105820,100,-0.125
105830,100,-0.144
105840,100,-0.137
105850,100,-0.137
105860,100,-0.137
105870,100,-0.131
105880,100,-0.125
105890,100,-0.131
105900,100,-0.125
105910,100,-0.131
105920,100,-0.131
105930,100,-0.131
105940,100,-0.137
105950,100,-0.131
105960,100,-0.131
105970,100,-0.125
105980,100,-0.137
105990,100,-0.125
106000,100,-0.131
106010,100,-0.125
106020,100,-0.125
106030,100,-0.131
106040,100,-0.119
106050,100,-0.131
106060,100,-0.125
106070,100,-0.119
106080,100,-0.131
106090,100,-0.131
106100,100,-0.125
106110,100,-0.131
106120,100,-0.131
106130,100,-0.131
106140,100,-0.131
106150,100,-0.125
106160,100,-0.131
106170,100,-0.137
106180,100,-0.119
106190,100,-0.131
106200,100,-0.125
106210,100,-0.125
106220,100,-0.131
106230,100,-0.137
106240,100,-0.119
106250,100,-0.137
106260,100,-0.131
106270,100,-0.137
106280,100,-0.131
106290,100,-0.125
106300,100,-0.131
106310,100,-0.125
106320,100,-0.137
106330,100,-0.144
106340,100,-0.137
106350,100,-0.131
106360,100,-0.137
106370,100,-0.131
106380,100,-0.137
106390,100,-0.144
106400,100,-0.131
106410,100,-0.119
106420,100,-0.137
106430,100,-0.131
106440,100,-0.137
106450,100,-0.131
106460,100,-0.125
106470,100,-0.119
106480,100,-0.131
106490,100,-0.125
106500,100,-0.137
106510,100,-0.144
106520,100,-0.137
106530,100,-0.125
106540,100,-0.137
106550,100,-0.137
106560,100,-0.137
106570,100,-0.137
106580,100,-0.131
106590,100,-0.131
106600,100,-0.137
106610,100,-0.131
106620,100,-0.144
106630,100,-0.131
106640,100,-0.144
106650,100,-0.137
106660,100,-0.125
106670,100,-0.137
106680,100,-0.137
106690,100,-0.137
106700,100,-0.125
106710,100,-0.125
106720,100,-0.131
106730,100,-0.131
106740,100,-0.137
106750,100,-0.137
106760,100,-0.144
106770,100,-0.144
106780,100,-0.137
106790,100,-0.144
106800,100,-0.144
106810,100,-0.131
106820,100,-0.119
106830,100,-0.144
106840,100,-0.131
106850,100,-0.125
106860,100,-0.137
106870,100,-0.137
106880,100,-0.131
106890,100,-0.125
106900,100,-0.144
106910,100,-0.137
106920,100,-0.144
106930,100,-0.137
106940,100,-0.125
106950,100,-0.125
106960,100,-0.137
106970,100,-0.131
106980,100,-0.137
106990,100,-0.131
107000,100,-0.131
107010,105,-0.131
107020,105,-0.144
107030,105,-0.137
107040,105,-0.112
107050,105,-0.137
107060,105,-0.137
107070,105,-0.125
107080,105,-0.131
107090,105,-0.137
107100,105,-0.137
107110,105,-0.137
107120,105,-0.137
107130,105,-0.144
107140,105,-0.137
107150,105,-0.144
107160,105,-0.137
107170,105,-0.131
107180,105,-0.137
107190,105,-0.137
107200,105,-0.131
107210,105,-0.125
107220,105,-0.125
107230,105,-0.144
107240,105,-0.131
107250,105,-0.125
107260,105,-0.137
107270,105,-0.131
107280,105,-0.131
107290,105,-0.144
107300,105,-0.144
107310,105,-0.131
107320,105,-0.125
107330,105,-0.131
107340,105,-0.131
107350,105,-0.125
107360,105,-0.137
107370,105,-0.112
107380,105,-0.131
107390,105,-0.137
107400,105,-0.119
107410,105,-0.131
107420,105,-0.125
107430,105,-0.131
107440,105,-0.131
107450,105,-0.137
107460,105,-0.137
107470,105,-0.125
107480,105,-0.119
107490,105,-0.112
107500,105,-0.131
107510,105,-0.131
107520,105,-0.119
107530,105,-0.137
107540,105,-0.137
107550,105,-0.137
107560,105,-0.125
107570,105,-0.131
107580,105,-0.125
107590,105,-0.131
107600,105,-0.125
107610,105,-0.125
107620,105,-0.125
107630,105,-0.131
107640,105,-0.131
107650,105,-0.137
107660,105,-0.131
107670,105,-0.131
107680,105,-0.125
107690,105,-0.137
107700,105,-0.131
107710,105,-0.119
107720,105,-0.144
107730,105,-0.137
107740,105,-0.131
107750,105,-0.137
107760,105,-0.131
107770,105,-0.131
107780,105,-0.137
107790,105,-0.131
107800,105,-0.131
107810,105,-0.144
107820,105,-0.125
107830,105,-0.119
107840,105,-0.137
107850,105,-0.131
107860,105,-0.125
107870,105,-0.125
107880,105,-0.131
107890,105,-0.137
107900,105,-0.131
107910,105,-0.131
107920,105,-0.131
107930,105,-0.137
107940,105,-0.137
107950,105,-0.125
107960,105,-0.112
107970,105,-0.125
107980,105,-0.125
107990,105,-0.119
108000,105,-0.131
108010,105,-0.144
108020,105,-0.137
108030,105,-0.137
108040,105,-0.112
108050,105,-0.131
108060,105,-0.125
108070,105,-0.131
108080,105,-0.131
108090,105,-0.137
108100,105,-0.137
108110,105,-0.131
108120,105,-0.131
108130,105,-0.144
108140,105,-0.131
108150,105,-0.137
108160,105,-0.131
108170,105,-0.137
108180,105,-0.144
108190,105,-0.137
108200,105,-0.137
108210,105,-0.131
108220,105,-0.144
108230,105,-0.137
108240,105,-0.137
108250,105,-0.137
108260,105,-0.131
108270,105,-0.137
108280,105,-0.137
108290,105,-0.137
108300,105,-0.144
108310,105,-0.131
108320,105,-0.131
108330,105,-0.144
108340,105,-0.144
108350,105,-0.137
108360,105,-0.144
108370,105,-0.125
108380,105,-0.125
108390,105,-0.144
108400,105,-0.137
108410,105,-0.137
108420,105,-0.131
108430,105,-0.137
108440,105,-0.144
108450,105,-0.144
108460,105,-0.125
108470,105,-0.144
108480,105,-0.137
108490,105,-0.131
108500,105,-0.131
108510,105,-0.131
108520,105,-0.131
108530,105,-0.131
108540,105,-0.125
108550,105,-0.131
108560,105,-0.137
108570,105,-0.131
108580,105,-0.137
108590,105,-0.137
108600,105,-0.137
108610,105,-0.125
108620,105,-0.119
108630,105,-0.131
108640,105,-0.125
108650,105,-0.125
108660,105,-0.125
108670,105,-0.131
108680,105,-0.131
108690,105,-0.125
108700,105,-0.125
108710,105,-0.131
108720,105,-0.137
108730,105,-0.125
108740,105,-0.131
108750,105,-0.131
108760,105,-0.137
108770,105,-0.131
108780,105,-0.119
108790,105,-0.125
108800,105,-0.125
108810,105,-0.131
108820,105,-0.125
108830,105,-0.125
108840,105,-0.131
108850,105,-0.137
108860,105,-0.131
108870,105,-0.137
108880,105,-0.131
108890,105,-0.125
108900,105,-0.131
108910,105,-0.137
108920,105,-0.137
108930,105,-0.137
108940,105,-0.125
108950,105,-0.131
108960,105,-0.137
108970,105,-0.137
108980,105,-0.125
108990,105,-0.137
109000,105,-0.131
109010,105,-0.131
109020,105,-0.137
109030,105,-0.119
109040,105,-0.125
109050,105,-0.137
109060,105,-0.137
109070,105,-0.125
109080,105,-0.137
109090,105,-0.137
109100,105,-0.137
109110,105,-0.137
109120,105,-0.137
109130,105,-0.131
109140,105,-0.131
109150,105,-0.131
109160,105,-0.137
109170,105,-0.131
109180,105,-0.131
109190,105,-0.131
109200,105,-0.144
109210,105,-0.131
109220,105,-0.131
109230,105,-0.137
109240,105,-0.137
109250,105,-0.150
109260,105,-0.137
109270,105,-0.144
109280,105,-0.144
109290,105,-0.137
109300,105,-0.137
109310,105,-0.144
109320,105,-0.137
109330,105,-0.150
109340,105,-0.144
109350,105,-0.144
109360,105,-0.144
109370,105,-0.131
109380,105,-0.150
109390,105,-0.144
109400,105,-0.144
109410,105,-0.144
109420,105,-0.137
109430,105,-0.144
109440,105,-0.150
109450,105,-0.137
109460,105,-0.144
109470,105,-0.144
109480,105,-0.144
109490,105,-0.150
109500,105,-0.144
109510,105,-0.137
109520,105,-0.144
109530,105,-0.137
109540,105,-0.137
109550,105,-0.131
109560,105,-0.137
109570,105,-0.131
109580,105,-0.144
109590,105,-0.150
109600,105,-0.144
109610,105,-0.137
109620,105,-0.144
109630,105,-0.137
109640,105,-0.144
109650,105,-0.131
109660,105,-0.150
109670,105,-0.144
109680,105,-0.144
109690,105,-0.150
109700,105,-0.131
109710,105,-0.144
109720,105,-0.137
109730,105,-0.137
109740,105,-0.137
109750,105,-0.144
109760,105,-0.137
109770,105,-0.144
109780,105,-0.144
109790,105,-0.131
109800,105,-0.131
109810,105,-0.131
109820,105,-0.137
109830,105,-0.144
109840,105,-0.131
109850,105,-0.144
109860,105,-0.144
109870,105,-0.144
109880,105,-0.137
109890,105,-0.137
109900,105,-0.131
109910,105,-0.137
109920,105,-0.137
109930,105,-0.137
109940,105,-0.144
109950,105,-0.131
109960,105,-0.131
109970,105,-0.144
109980,105,-0.144
109990,105,-0.137
110000,105,-0.144
110010,105,-0.131
110020,105,-0.144
110030,105,-0.144
110040,105,-0.137
110050,105,-0.137
110060,105,-0.144
110070,105,-0.131
110080,105,-0.137
110090,105,-0.137
110100,105,-0.131
110110,105,-0.125
110120,105,-0.137
110130,105,-0.144
110140,105,-0.144
110150,105,-0.137
110160,105,-0.137
110170,105,-0.144
110180,105,-0.131
110190,105,-0.131
110200,105,-0.137
110210,105,-0.137
110220,105,-0.144
110230,105,-0.137
110240,105,-0.137
110250,105,-0.137
110260,105,-0.137
110270,105,-0.137
110280,105,-0.131
110290,105,-0.137
110300,105,-0.137
110310,105,-0.131
110320,105,-0.131
110330,105,-0.144
110340,105,-0.137
110350,105,-0.144
110360,105,-0.131
110370,105,-0.125
110380,105,-0.137
110390,105,-0.144
110400,105,-0.137
110410,105,-0.131
110420,105,-0.137
110430,105,-0.137
110440,105,-0.137
110450,105,-0.137
110460,105,-0.131
110470,105,-0.131
110480,105,-0.131
110490,105,-0.137
110500,105,-0.144
110510,105,-0.137
110520,105,-0.137
110530,105,-0.144
110540,105,-0.144
110550,105,-0.131
110560,105,-0.144
110570,105,-0.131
110580,105,-0.137
110590,105,-0.144
110600,105,-0.131
110610,105,-0.144
110620,105,-0.144
110630,105,-0.150
110640,105,-0.150
110650,105,-0.150
110660,105,-0.144
110670,105,-0.131
110680,105,-0.137
110690,105,-0.144
110700,105,-0.125
110710,105,-0.150
110720,105,-0.144
110730,105,-0.137
110740,105,-0.137
110750,105,-0.131
110760,105,-0.137
110770,105,-0.131
110780,105,-0.144
110790,105,-0.137
110800,105,-0.137
110810,105,-0.144
110820,105,-0.131
110830,105,-0.137
110840,105,-0.137
110850,105,-0.125
110860,105,-0.137
110870,105,-0.144
110880,105,-0.144
110890,105,-0.137
110900,105,-0.131
110910,105,-0.137
110920,105,-0.150
110930,105,-0.144
110940,105,-0.137
110950,105,-0.137
110960,105,-0.131
110970,105,-0.131
110980,105,-0.137
110990,105,-0.137
111000,105,-0.137
111010,105,-0.131
111020,105,-0.144
111030,105,-0.131
111040,105,-0.137
111050,105,-0.150
111060,105,-0.150
111070,105,-0.144
111080,105,-0.137
111090,105,-0.137
111100,105,-0.144
111110,105,-0.144
111120,105,-0.137
111130,105,-0.137
111140,105,-0.137
111150,105,-0.144
111160,105,-0.137
111170,105,-0.144
111180,105,-0.150
111190,105,-0.150
111200,105,-0.150
111210,105,-0.150
111220,105,-0.144
111230,105,-0.144
111240,105,-0.144
111250,105,-0.150
111260,105,-0.150
111270,105,-0.144
111280,105,-0.150
111290,105,-0.144
111300,105,-0.144
111310,105,-0.144
111320,105,-0.144
111330,105,-0.150
111340,105,-0.144
111350,105,-0.144
111360,105,-0.144
111370,105,-0.131
111380,105,-0.137
111390,105,-0.137
111400,105,-0.144
111410,105,-0.137
111420,105,-0.137
111430,105,-0.137
111440,105,-0.131
111450,105,-0.137
111460,105,-0.137
111470,105,-0.137
111480,105,-0.144
111490,105,-0.137
111500,105,-0.144
111510,105,-0.131
111520,105,-0.137
111530,105,-0.144
111540,105,-0.144
111550,105,-0.144
111560,105,-0.144
111570,105,-0.137
111580,105,-0.144
111590,105,-0.144
111600,105,-0.144
111610,105,-0.137
111620,105,-0.144
111630,105,-0.144
111640,105,-0.144
111650,105,-0.144
111660,105,-0.150
111670,105,-0.144
111680,105,-0.137
111690,105,-0.137
111700,105,-0.125
111710,105,-0.144
111720,105,-0.137
111730,105,-0.144
111740,105,-0.137
111750,105,-0.131
111760,105,-0.144
111770,105,-0.137
111780,105,-0.137
111790,105,-0.137
111800,105,-0.144
111810,105,-0.144
111820,105,-0.131
111830,105,-0.137
111840,105,-0.144
111850,105,-0.137
111860,105,-0.137
111870,105,-0.144
111880,105,-0.137
111890,105,-0.131
111900,105,-0.144
111910,105,-0.144
111920,105,-0.137
111930,105,-0.144
111940,105,-0.150
111950,105,-0.144
111960,105,-0.144
111970,105,-0.144
111980,105,-0.144
111990,105,-0.150
112000,105,-0.144
112010,110,-0.125
112020,110,-0.150
112030,110,-0.137
112040,110,-0.144
112050,110,-0.150
112060,110,-0.150
112070,110,-0.150
112080,110,-0.144
112090,110,-0.144
112100,110,-0.150
112110,110,-0.150
112120,110,-0.150
112130,110,-0.150
112140,110,-0.150
112150,110,-0.144
112160,110,-0.144
112170,110,-0.156
112180,110,-0.150
112190,110,-0.150
112200,110,-0.150
112210,110,-0.150
112220,110,-0.150
112230,110,-0.144
112240,110,-0.144
112250,110,-0.144
112260,110,-0.144
112270,110,-0.150
112280,110,-0.150
112290,110,-0.150
112300,110,-0.144
112310,110,-0.144
112320,110,-0.144
112330,110,-0.137
112340,110,-0.144
112350,110,-0.137
112360,110,-0.144
112370,110,-0.137
112380,110,-0.144
112390,110,-0.144
112400,110,-0.144
112410,110,-0.144
112420,110,-0.150
112430,110,-0.144
112440,110,-0.150
112450,110,-0.144
112460,110,-0.150
112470,110,-0.156
112480,110,-0.150
112490,110,-0.150
112500,110,-0.144
112510,110,-0.137
112520,110,-0.144
112530,110,-0.150
112540,110,-0.144
112550,110,-0.144
112560,110,-0.150
112570,110,-0.144
112580,110,-0.144
112590,110,-0.144
112600,110,-0.144
112610,110,-0.144
112620,110,-0.144
112630,110,-0.144
112640,110,-0.144
112650,110,-0.144
112660,110,-0.144
112670,110,-0.150
112680,110,-0.150
112690,110,-0.144
112700,110,-0.131
112710,110,-0.144
112720,110,-0.150
112730,110,-0.150
112740,110,-0.150
112750,110,-0.144
112760,110,-0.150
112770,110,-0.144
112780,110,-0.144
112790,110,-0.144
112800,110,-0.150
112810,110,-0.144
112820,110,-0.144
112830,110,-0.144
112840,110,-0.150
112850,110,-0.144
112860,110,-0.137
112870,110,-0.144
112880,110,-0.131
112890,110,-0.144
112900,110,-0.137
112910,110,-0.137
112920,110,-0.137
112930,110,-0.144
112940,110,-0.144
112950,110,-0.150
112960,110,-0.137
112970,110,-0.144
112980,110,-0.137
112990,110,-0.144
113000,110,-0.131
113010,110,-0.144
113020,110,-0.131
113030,110,-0.125
113040,110,-0.144
113050,110,-0.137
113060,110,-0.137
113070,110,-0.137
113080,110,-0.144
113090,110,-0.144
113100,110,-0.144
113110,110,-0.150
113120,110,-0.150
113130,110,-0.150
113140,110,-0.144
113150,110,-0.150
113160,110,-0.144
113170,110,-0.144
113180,110,-0.144
113190,110,-0.150
113200,110,-0.150
113210,110,-0.144
113220,110,-0.150
113230,110,-0.144
113240,110,-0.144
113250,110,-0.144
113260,110,-0.144
113270,110,-0.144
113280,110,-0.137
113290,110,-0.144
113300,110,-0.150
113310,110,-0.144
113320,110,-0.150
113330,110,-0.144
113340,110,-0.150
113350,110,-0.144
113360,110,-0.144
113370,110,-0.150
113380,110,-0.144
113390,110,-0.150
113400,110,-0.144
113410,110,-0.137
113420,110,-0.144
113430,110,-0.144
113440,110,-0.144
113450,110,-0.144
113460,110,-0.144
113470,110,-0.150
113480,110,-0.150
113490,110,-0.144
113500,110,-0.144
113510,110,-0.144
113520,110,-0.144
113530,110,-0.150
113540,110,-0.150
113550,110,-0.144
113560,110,-0.144
113570,110,-0.144
113580,110,-0.150
113590,110,-0.144
113600,110,-0.144
113610,110,-0.150
113620,110,-0.144
113630,110,-0.150
113640,110,-0.144
113650,110,-0.144
113660,110,-0.144
113670,110,-0.144
113680,110,-0.150
113690,110,-0.144
113700,110,-0.125
113710,110,-0.137
113720,110,-0.144
113730,110,-0.144
113740,110,-0.150
113750,110,-0.144
113760,110,-0.144
113770,110,-0.150
113780,110,-0.137
113790,110,-0.137
113800,110,-0.144
113810,110,-0.137
113820,110,-0.144
113830,110,-0.150
113840,110,-0.131
113850,110,-0.150
113860,110,-0.144
113870,110,-0.144
113880,110,-0.144
113890,110,-0.144
113900,110,-0.137
113910,110,-0.137
113920,110,-0.131
113930,110,-0.137
113940,110,-0.144
113950,110,-0.137
113960,110,-0.150
113970,110,-0.137
113980,110,-0.144
113990,110,-0.144
114000,110,-0.144
114010,110,-0.144
114020,110,-0.137
114030,110,-0.125
114040,110,-0.137
114050,110,-0.150
114060,110,-0.150
114070,110,-0.150
114080,110,-0.150
114090,110,-0.137
114100,110,-0.144
114110,110,-0.144
114120,110,-0.144
114130,110,-0.150
114140,110,-0.144
114150,110,-0.144
114160,110,-0.144
114170,110,-0.144
114180,110,-0.137
114190,110,-0.144
114200,110,-0.144
114210,110,-0.150
114220,110,-0.144
114230,110,-0.144
114240,110,-0.150
114250,110,-0.150
114260,110,-0.150
114270,110,-0.144
114280,110,-0.150
114290,110,-0.144
114300,110,-0.144
114310,110,-0.144
114320,110,-0.144
114330,110,-0.144
114340,110,-0.150
114350,110,-0.150
114360,110,-0.137
114370,110,-0.144
114380,110,-0.144
114390,110,-0.144
114400,110,-0.150
114410,110,-0.144
114420,110,-0.150
114430,110,-0.144
114440,110,-0.144
114450,110,-0.156
114460,110,-0.150
114470,110,-0.144
114480,110,-0.144
114490,110,-0.144
114500,110,-0.150
114510,110,-0.144
114520,110,-0.150
114530,110,-0.144
114540,110,-0.144
114550,110,-0.150
114560,110,-0.144
114570,110,-0.144
114580,110,-0.137
114590,110,-0.144
114600,110,-0.144
114610,110,-0.144
114620,110,-0.144
114630,110,-0.150
114640,110,-0.144
114650,110,-0.137
114660,110,-0.144
114670,110,-0.137
114680,110,-0.150
114690,110,-0.144
114700,110,-0.144
114710,110,-0.144
114720,110,-0.144
114730,110,-0.150
114740,110,-0.144
114750,110,-0.144
114760,110,-0.144
114770,110,-0.150
114780,110,-0.144
114790,110,-0.144
114800,110,-0.144
114810,110,-0.144
114820,110,-0.137
114830,110,-0.137
114840,110,-0.144
114850,110,-0.144
114860,110,-0.144
114870,110,-0.137
114880,110,-0.150
114890,110,-0.144
114900,110,-0.144
114910,110,-0.150
114920,110,-0.150
114930,110,-0.137
114940,110,-0.144
114950,110,-0.137
114960,110,-0.150
114970,110,-0.144
114980,110,-0.144
114990,110,-0.144
115000,110,-0.144
115010,110,-0.144
115020,110,-0.144
115030,110,-0.125
115040,110,-0.144
115050,110,-0.150
115060,110,-0.150
115070,110,-0.144
115080,110,-0.150
115090,110,-0.150
115100,110,-0.144
115110,110,-0.150
115120,110,-0.144
115130,110,-0.150
115140,110,-0.144
115150,110,-0.150
115160,110,-0.144
115170,110,-0.144
115180,110,-0.144
115190,110,-0.144
115200,110,-0.150
115210,110,-0.144
115220,110,-0.144
115230,110,-0.144
115240,110,-0.150
115250,110,-0.144
115260,110,-0.144
115270,110,-0.150
115280,110,-0.150
115290,110,-0.150
115300,110,-0.144
115310,110,-0.144
115320,110,-0.150
115330,110,-0.144
115340,110,-0.144
115350,110,-0.150
115360,110,-0.131
115370,110,-0.137
115380,110,-0.137
115390,110,-0.144
115400,110,-0.144
115410,110,-0.144
115420,110,-0.150
115430,110,-0.144
115440,110,-0.144
115450,110,-0.150
115460,110,-0.150
115470,110,-0.144
115480,110,-0.137
115490,110,-0.144
115500,110,-0.144
115510,110,-0.144
115520,110,-0.150
115530,110,-0.144
115540,110,-0.156
115550,110,-0.156
115560,110,-0.150
115570,110,-0.150
115580,110,-0.156
115590,110,-0.150
115600,110,-0.150
115610,110,-0.150
115620,110,-0.150
115630,110,-0.150
115640,110,-0.150
115650,110,-0.156
115660,110,-0.150
115670,110,-0.156
115680,110,-0.156
115690,110,-0.150
115700,110,-0.150
115710,110,-0.150
115720,110,-0.156
115730,110,-0.156
115740,110,-0.150
115750,110,-0.150
115760,110,-0.150
115770,110,-0.150
115780,110,-0.156
115790,110,-0.150
115800,110,-0.156
115810,110,-0.156
115820,110,-0.150
115830,110,-0.150
115840,110,-0.150
115850,110,-0.156
115860,110,-0.150
115870,110,-0.150
115880,110,-0.144
115890,110,-0.137
115900,110,-0.150
115910,110,-0.144
115920,110,-0.150
115930,110,-0.150
115940,110,-0.156
115950,110,-0.150
115960,110,-0.150
115970,110,-0.150
115980,110,-0.144
115990,110,-0.150
116000,110,-0.144
116010,110,-0.144
116020,110,-0.150
116030,110,-0.137
116040,110,-0.150
116050,110,-0.150
116060,110,-0.144
116070,110,-0.150
116080,110,-0.150
116090,110,-0.150
116100,110,-0.150
116110,110,-0.150
116120,110,-0.150
116130,110,-0.150
116140,110,-0.150
116150,110,-0.150
116160,110,-0.150
116170,110,-0.150
116180,110,-0.156
116190,110,-0.150
116200,110,-0.150
116210,110,-0.144
116220,110,-0.156
116230,110,-0.144
116240,110,-0.150
116250,110,-0.150
116260,110,-0.144
116270,110,-0.150
116280,110,-0.150
116290,110,-0.150
116300,110,-0.156
116310,110,-0.150
116320,110,-0.156
116330,110,-0.156
116340,110,-0.150
116350,110,-0.144
116360,110,-0.131
116370,110,-0.150
116380,110,-0.150
116390,110,-0.150
116400,110,-0.144
116410,110,-0.150
116420,110,-0.144
116430,110,-0.144
116440,110,-0.144
116450,110,-0.150
116460,110,-0.150
116470,110,-0.156
116480,110,-0.156
116490,110,-0.150
116500,110,-0.144
116510,110,-0.150
116520,110,-0.144
116530,110,-0.150
116540,110,-0.156
116550,110,-0.150
116560,110,-0.150
116570,110,-0.156
116580,110,-0.156
116590,110,-0.144
116600,110,-0.150
116610,110,-0.144
116620,110,-0.144
116630,110,-0.144
116640,110,-0.144
116650,110,-0.150
116660,110,-0.156
116670,110,-0.150
116680,110,-0.150
116690,110,-0.144
116700,110,-0.156
116710,110,-0.144
116720,110,-0.150
116730,110,-0.144
116740,110,-0.150
116750,110,-0.150
116760,110,-0.144
116770,110,-0.156
116780,110,-0.144
116790,110,-0.144
116800,110,-0.144
116810,110,-0.144
116820,110,-0.156
116830,110,-0.156
116840,110,-0.150
116850,110,-0.150
116860,110,-0.144
116870,110,-0.156
116880,110,-0.150
116890,110,-0.150
116900,110,-0.150
116910,110,-0.156
116920,110,-0.150
116930,110,-0.162
116940,110,-0.156
116950,110,-0.156
116960,110,-0.156
116970,110,-0.156
116980,110,-0.144
116990,110,-0.150
117000,110,-0.144
117010,115,-0.131
117020,115,-0.156
117030,115,-0.150
117040,115,-0.150
117050,115,-0.150
117060,115,-0.150
117070,115,-0.150
117080,115,-0.156
117090,115,-0.156
117100,115,-0.156
117110,115,-0.156
117120,115,-0.156
117130,115,-0.156
117140,115,-0.156
117150,115,-0.156
117160,115,-0.150
117170,115,-0.150
117180,115,-0.144
117190,115,-0.156
117200,115,-0.150
117210,115,-0.150
117220,115,-0.156
117230,115,-0.150
117240,115,-0.150
117250,115,-0.150
117260,115,-0.144
117270,115,-0.156
117280,115,-0.144
117290,115,-0.144
117300,115,-0.150
117310,115,-0.150
117320,115,-0.156
117330,115,-0.156
117340,115,-0.144
117350,115,-0.144
117360,115,-0.137
117370,115,-0.150
117380,115,-0.150
117390,115,-0.150
117400,115,-0.150
117410,115,-0.150
117420,115,-0.144
117430,115,-0.144
117440,115,-0.150
117450,115,-0.144
117460,115,-0.150
117470,115,-0.150
117480,115,-0.156
117490,115,-0.150
117500,115,-0.150
117510,115,-0.144
117520,115,-0.150
117530,115,-0.144
117540,115,-0.144
117550,115,-0.144
117560,115,-0.150
117570,115,-0.150
117580,115,-0.150
117590,115,-0.150
117600,115,-0.150
117610,115,-0.150
117620,115,-0.150
117630,115,-0.156
117640,115,-0.150
117650,115,-0.150
117660,115,-0.144
117670,115,-0.144
117680,115,-0.150
117690,115,-0.137
117700,115,-0.150
117710,115,-0.144
117720,115,-0.144
117730,115,-0.144
117740,115,-0.137
117750,115,-0.150
117760,115,-0.144
117770,115,-0.144
117780,115,-0.150
117790,115,-0.150
117800,115,-0.150
117810,115,-0.144
117820,115,-0.144
117830,115,-0.144
117840,115,-0.150
117850,115,-0.150
117860,115,-0.150
117870,115,-0.150
117880,115,-0.156
117890,115,-0.156
117900,115,-0.150
117910,115,-0.144
117920,115,-0.150
117930,115,-0.150
117940,115,-0.150
117950,115,-0.150
117960,115,-0.150
117970,115,-0.144
117980,115,-0.150
117990,115,-0.150
118000,115,-0.150
118010,115,-0.150
118020,115,-0.150
118030,115,-0.150
118040,115,-0.144
118050,115,-0.150
118060,115,-0.144
118070,115,-0.150
118080,115,-0.144
118090,115,-0.144
118100,115,-0.150
118110,115,-0.144
118120,115,-0.150
118130,115,-0.150
118140,115,-0.144
118150,115,-0.156
118160,115,-0.144
118170,115,-0.150
118180,115,-0.144
118190,115,-0.144
118200,115,-0.156
118210,115,-0.150
118220,115,-0.144
118230,115,-0.150
118240,115,-0.150
118250,115,-0.150
118260,115,-0.156
118270,115,-0.150
118280,115,-0.144
118290,115,-0.150
118300,115,-0.144
118310,115,-0.144
118320,115,-0.144
118330,115,-0.150
118340,115,-0.150
118350,115,-0.150
118360,115,-0.137
118370,115,-0.150
118380,115,-0.156
118390,115,-0.156
118400,115,-0.150
118410,115,-0.156
118420,115,-0.156
118430,115,-0.156
118440,115,-0.150
118450,115,-0.156
118460,115,-0.156
118470,115,-0.150
118480,115,-0.156
118490,115,-0.162
118500,115,-0.156
118510,115,-0.150
118520,115,-0.156
118530,115,-0.156
118540,115,-0.150
118550,115,-0.156
118560,115,-0.150
118570,115,-0.150
118580,115,-0.150
118590,115,-0.150
118600,115,-0.150
118610,115,-0.150
118620,115,-0.156
118630,115,-0.150
118640,115,-0.150
118650,115,-0.150
118660,115,-0.150
118670,115,-0.144
118680,115,-0.150
118690,115,-0.131
118700,115,-0.150
118710,115,-0.150
118720,115,-0.150
118730,115,-0.144
118740,115,-0.137
118750,115,-0.144
118760,115,-0.144
118770,115,-0.150
118780,115,-0.150
118790,115,-0.150
118800,115,-0.150
118810,115,-0.144
118820,115,-0.150
118830,115,-0.144
118840,115,-0.144
118850,115,-0.150
118860,115,-0.144
118870,115,-0.150
118880,115,-0.150
118890,115,-0.156
118900,115,-0.156
118910,115,-0.150
118920,115,-0.150
118930,115,-0.150
118940,115,-0.144
118950,115,-0.137
118960,115,-0.137
118970,115,-0.137
118980,115,-0.144
118990,115,-0.150
119000,115,-0.150
119010,115,-0.156
119020,115,-0.144
119030,115,-0.150
119040,115,-0.150
119050,115,-0.156
119060,115,-0.150
119070,115,-0.144
119080,115,-0.150
119090,115,-0.150
119100,115,-0.150
119110,115,-0.156
119120,115,-0.156
119130,115,-0.156
119140,115,-0.144
119150,115,-0.150
119160,115,-0.156
119170,115,-0.150
119180,115,-0.156
119190,115,-0.150
119200,115,-0.150
119210,115,-0.150
119220,115,-0.156
119230,115,-0.150
119240,115,-0.150
119250,115,-0.144
119260,115,-0.144
119270,115,-0.156
119280,115,-0.156
119290,115,-0.156
119300,115,-0.156
119310,115,-0.137
119320,115,-0.156
119330,115,-0.150
119340,115,-0.150
119350,115,-0.150
119360,115,-0.144
119370,115,-0.144
119380,115,-0.150
119390,115,-0.150
119400,115,-0.150
119410,115,-0.150
119420,115,-0.150
119430,115,-0.150
119440,115,-0.150
119450,115,-0.156
119460,115,-0.162
119470,115,-0.156
119480,115,-0.144
119490,115,-0.156
119500,115,-0.150
119510,115,-0.150
119520,115,-0.150
119530,115,-0.150
119540,115,-0.150
119550,115,-0.150
119560,115,-0.156
119570,115,-0.150
119580,115,-0.144
119590,115,-0.144
119600,115,-0.150
119610,115,-0.150
119620,115,-0.150
119630,115,-0.150
119640,115,-0.150
119650,115,-0.150
119660,115,-0.144
119670,115,-0.150
119680,115,-0.150
119690,115,-0.137
119700,115,-0.150
119710,115,-0.150
119720,115,-0.150
119730,115,-0.144
119740,115,-0.150
119750,115,-0.150
119760,115,-0.144
119770,115,-0.144
119780,115,-0.144
119790,115,-0.150
119800,115,-0.144
119810,115,-0.137
119820,115,-0.150
119830,115,-0.150
119840,115,-0.144
119850,115,-0.150
119860,115,-0.144
119870,115,-0.144
119880,115,-0.150
119890,115,-0.144
119900,115,-0.144
119910,115,-0.144
119920,115,-0.150
119930,115,-0.150
119940,115,-0.144
119950,115,-0.144
119960,115,-0.131
119970,115,-0.131
119980,115,-0.144
119990,115,-0.137
120000,115,-0.144
120010,115,-0.144
120020,115,-0.125
120030,115,-0.137
120040,115,-0.137
120050,115,-0.144
120060,115,-0.144
120070,115,-0.144
120080,115,-0.150
120090,115,-0.144
120100,115,-0.150
120110,115,-0.144
120120,115,-0.150
120130,115,-0.144
120140,115,-0.144
120150,115,-0.144
120160,115,-0.150
120170,115,-0.144
120180,115,-0.150
120190,115,-0.150
120200,115,-0.150
120210,115,-0.150
120220,115,-0.144
120230,115,-0.144
120240,115,-0.137
120250,115,-0.144
120260,115,-0.144
120270,115,-0.144
120280,115,-0.144
120290,115,-0.156
120300,115,-0.144
120310,115,-0.150
120320,115,-0.150
120330,115,-0.150
120340,115,-0.144
120350,115,-0.150
120360,115,-0.150
120370,115,-0.156
120380,115,-0.150
120390,115,-0.144
120400,115,-0.137
120410,115,-0.144
120420,115,-0.144
120430,115,-0.144
120440,115,-0.144
120450,115,-0.144
120460,115,-0.150
120470,115,-0.150
120480,115,-0.156
120490,115,-0.150
120500,115,-0.150
120510,115,-0.156
120520,115,-0.150
120530,115,-0.150
120540,115,-0.156
120550,115,-0.150
120560,115,-0.150
120570,115,-0.144
120580,115,-0.156
120590,115,-0.144
120600,115,-0.156
120610,115,-0.150
120620,115,-0.150
120630,115,-0.150
120640,115,-0.144
120650,115,-0.144
120660,115,-0.156
120670,115,-0.150
120680,115,-0.150
120690,115,-0.131
120700,115,-0.144
120710,115,-0.150
120720,115,-0.150
120730,115,-0.150
120740,115,-0.156
120750,115,-0.144
120760,115,-0.144
120770,115,-0.144
120780,115,-0.150
120790,115,-0.144
120800,115,-0.150
120810,115,-0.150
120820,115,-0.150
120830,115,-0.150
120840,115,-0.150
120850,115,-0.150
120860,115,-0.150
120870,115,-0.144
120880,115,-0.137
120890,115,-0.137
120900,115,-0.150
120910,115,-0.150
120920,115,-0.150
120930,115,-0.150
120940,115,-0.156
120950,115,-0.156
120960,115,-0.156
120970,115,-0.150
120980,115,-0.156
120990,115,-0.150
121000,115,-0.144
121010,115,-0.144
121020,115,-0.137
121030,115,-0.156
121040,115,-0.156
121050,115,-0.150
121060,115,-0.144
121070,115,-0.144
121080,115,-0.156
121090,115,-0.150
121100,115,-0.150
121110,115,-0.156
121120,115,-0.150
121130,115,-0.150
121140,115,-0.137
121150,115,-0.150
121160,115,-0.150
121170,115,-0.144
121180,115,-0.137
121190,115,-0.150
121200,115,-0.137
121210,115,-0.150
121220,115,-0.144
121230,115,-0.156
121240,115,-0.150
121250,115,-0.150
121260,115,-0.156
121270,115,-0.150
121280,115,-0.150
121290,115,-0.150
121300,115,-0.150
121310,115,-0.150
121320,115,-0.156
121330,115,-0.150
121340,115,-0.156
121350,115,-0.144
121360,115,-0.150
121370,115,-0.150
121380,115,-0.162
121390,115,-0.156
121400,115,-0.156
121410,115,-0.156
121420,115,-0.150
121430,115,-0.150
121440,115,-0.150
121450,115,-0.150
121460,115,-0.150
121470,115,-0.156
121480,115,-0.162
121490,115,-0.150
121500,115,-0.150
121510,115,-0.150
121520,115,-0.156
121530,115,-0.156
121540,115,-0.150
121550,115,-0.150
121560,115,-0.150
121570,115,-0.150
121580,115,-0.156
121590,115,-0.156
121600,115,-0.150
121610,115,-0.150
121620,115,-0.150
121630,115,-0.150
121640,115,-0.150
121650,115,-0.150
121660,115,-0.150
121670,115,-0.150
121680,115,-0.150
121690,115,-0.144
121700,115,-0.156
121710,115,-0.156
121720,115,-0.144
121730,115,-0.150
121740,115,-0.156
121750,115,-0.156
121760,115,-0.156
121770,115,-0.156
121780,115,-0.156
121790,115,-0.150
121800,115,-0.150
121810,115,-0.150
121820,115,-0.150
121830,115,-0.150
121840,115,-0.156
121850,115,-0.156
121860,115,-0.156
121870,115,-0.156
121880,115,-0.156
121890,115,-0.150
121900,115,-0.156
121910,115,-0.150
121920,115,-0.144
121930,115,-0.150
121940,115,-0.150
121950,115,-0.156
121960,115,-0.156
121970,115,-0.156
121980,115,-0.144
121990,115,-0.156
122000,115,-0.150
122010,120,-0.131
122020,120,-0.137
122030,120,-0.150
122040,120,-0.150
122050,120,-0.156
122060,120,-0.156
122070,120,-0.156
122080,120,-0.150
122090,120,-0.150
122100,120,-0.150
122110,120,-0.150
122120,120,-0.150
122130,120,-0.156
122140,120,-0.156
122150,120,-0.156
122160,120,-0.156
122170,120,-0.156
122180,120,-0.156
122190,120,-0.156
122200,120,-0.150
122210,120,-0.156
122220,120,-0.150
122230,120,-0.150
122240,120,-0.156
122250,120,-0.150
122260,120,-0.150
122270,120,-0.156
122280,120,-0.156
122290,120,-0.156
122300,120,-0.150
122310,120,-0.156
122320,120,-0.156
122330,120,-0.150
122340,120,-0.150
122350,120,-0.144
122360,120,-0.156
122370,120,-0.156
122380,120,-0.144
122390,120,-0.144
122400,120,-0.150
122410,120,-0.156
122420,120,-0.156
122430,120,-0.156
122440,120,-0.156
122450,120,-0.150
122460,120,-0.150
122470,120,-0.150
122480,120,-0.150
122490,120,-0.150
122500,120,-0.156
122510,120,-0.156
122520,120,-0.150
122530,120,-0.156
122540,120,-0.162
122550,120,-0.150
122560,120,-0.150
122570,120,-0.156
122580,120,-0.150
122590,120,-0.156
122600,120,-0.156
122610,120,-0.150
122620,120,-0.156
122630,120,-0.150
122640,120,-0.150
122650,120,-0.156
122660,120,-0.156
122670,120,-0.150
122680,120,-0.150
122690,120,-0.150
122700,120,-0.156
122710,120,-0.162
122720,120,-0.150
122730,120,-0.150
122740,120,-0.150
122750,120,-0.156
122760,120,-0.156
122770,120,-0.162
122780,120,-0.162
122790,120,-0.150
122800,120,-0.156
122810,120,-0.156
122820,120,-0.156
122830,120,-0.150
122840,120,-0.150
122850,120,-0.150
122860,120,-0.150
122870,120,-0.150
122880,120,-0.156
122890,120,-0.156
122900,120,-0.156
122910,120,-0.156
122920,120,-0.150
122930,120,-0.144
122940,120,-0.150
122950,120,-0.144
122960,120,-0.150
122970,120,-0.144
122980,120,-0.150
122990,120,-0.150
123000,120,-0.150
123010,120,-0.150
123020,120,-0.131
123030,120,-0.144
123040,120,-0.150
123050,120,-0.150
123060,120,-0.156
123070,120,-0.150
123080,120,-0.156
123090,120,-0.150
123100,120,-0.150
123110,120,-0.150
123120,120,-0.150
123130,120,-0.150
123140,120,-0.150
123150,120,-0.150
123160,120,-0.150
123170,120,-0.156
123180,120,-0.156
123190,120,-0.150
123200,120,-0.144
123210,120,-0.144
123220,120,-0.181
123230,120,-1.544
123240,120,-2.425
123250,120,-4.850
123260,120,-7.394
123270,120,-9.669
123280,120,-11.669
123290,120,-14.031
123300,120,-15.775
123310,120,-17.200
123320,120,-18.781
123330,120,-20.100
123340,120,-21.144
123350,120,-22.250
123360,120,-22.837
123370,120,-24.125
123380,120,-24.612
123390,120,-25.444
123400,120,-26.037
123410,120,-26.650
123420,120,-27.106
123430,120,-27.737
123440,120,-28.031
123450,120,-28.556
123460,120,-28.750
123470,120,-29.137
123480,120,-29.550
123490,120,-29.731
123500,120,-29.919
123510,120,-30.256
123520,120,-30.462
123530,120,-30.650
123540,120,-30.775
123550,120,-30.931
123560,120,-31.119
123570,120,-31.206
123580,120,-31.331
123590,120,-31.406
123600,120,-31.444
123610,120,-31.544
123620,120,-31.650
123630,120,-31.725
123640,120,-31.856
123650,120,-31.881
123660,120,-31.937
123670,120,-31.987
123680,120,-31.994
123690,120,-32.050
123700,120,-32.081
123710,120,-32.131
123720,120,-32.131
123730,120,-32.188
123740,120,-32.200
123750,120,-32.250
123760,120,-32.244
123770,120,-32.250
123780,120,-32.319
123790,120,-32.319
123800,120,-32.319
123810,120,-32.312
123820,120,-32.381
123830,120,-32.381
123840,120,-32.381
123850,120,-32.387
123860,120,-32.431
123870,120,-32.419
123880,120,-32.412
123890,120,-32.412
123900,120,-32.406
123910,120,-32.419
123920,120,-32.406
123930,120,-32.406
123940,120,-32.406
123950,120,-32.419
123960,120,-32.425
123970,120,-32.419
123980,120,-32.475
123990,120,-32.469
124000,120,-32.481
124010,120,-32.487
124020,120,-32.512
124030,120,-32.506
124040,120,-32.519
124050,120,-32.544
124060,120,-32.512
124070,120,-32.481
124080,120,-32.487
124090,120,-32.537
124100,120,-32.537
124110,120,-32.556
124120,120,-32.569
124130,120,-32.556
124140,120,-32.556
124150,120,-32.550
124160,120,-32.581
124170,120,-32.581
124180,120,-32.587
124190,120,-32.587
124200,120,-32.587
124210,120,-32.587
124220,120,-32.594
124230,120,-32.575
124240,120,-32.556
124250,120,-32.550
124260,120,-32.550
124270,120,-32.575
124280,120,-32.569
124290,120,-32.600
124300,120,-32.606
124310,120,-32.606
124320,120,-32.600
124330,120,-32.581
124340,120,-32.575
124350,120,-32.619
124360,120,-32.606
124370,120,-32.612
124380,120,-32.612
124390,120,-32.606
124400,120,-32.600
124410,120,-32.644
124420,120,-32.650
124430,120,-32.656
124440,120,-32.612
124450,120,-32.606
124460,120,-32.612
124470,120,-32.600
124480,120,-32.612
124490,120,-32.606
124500,120,-32.612
124510,120,-32.600
124520,120,-32.606
124530,120,-32.662
124540,120,-32.650
124550,120,-32.644
124560,120,-32.656
124570,120,-32.662
124580,120,-32.619
124590,120,-32.612
124600,120,-32.612
124610,120,-32.619
124620,120,-32.612
124630,120,-32.619
124640,120,-32.619
124650,120,-32.656
124660,120,-32.656
124670,120,-32.662
124680,120,-32.656
124690,120,-32.619
124700,120,-32.619
124710,120,-32.619
124720,120,-32.631
124730,120,-32.656
124740,120,-32.662
124750,120,-32.656
124760,120,-32.656
124770,120,-32.669
124780,120,-32.656
124790,120,-32.606
124800,120,-32.625
124810,120,-32.619
124820,120,-32.594
124830,120,-32.612
124840,120,-32.619
124850,120,-32.625
124860,120,-32.625
124870,120,-32.637
124880,120,-32.637
124890,120,-32.631
124900,120,-32.631
124910,120,-32.631
124920,120,-32.619
124930,120,-32.606
124940,120,-32.656
124950,120,-32.637
124960,120,-32.631
124970,120,-32.644
124980,120,-32.637
124990,120,-32.644
125000,120,-32.587
125010,120,-32.556
125020,120,-32.562
125030,120,-32.612
125040,120,-32.612
125050,120,-32.656
125060,120,-32.650
125070,120,-32.656
125080,120,-32.619
125090,120,-32.606
125100,120,-32.606
125110,120,-32.619
125120,120,-32.606
125130,120,-32.606
125140,120,-32.619
125150,120,-32.619
125160,120,-32.600
125170,120,-32.606
125180,120,-32.650
125190,120,-32.656
125200,120,-32.644
125210,120,-32.637
125220,120,-32.656
125230,120,-32.662
125240,120,-32.612
125250,120,-32.619
125260,120,-32.606
125270,120,-32.606
125280,120,-32.619
125290,120,-32.612
125300,120,-32.644
125310,120,-32.656
125320,120,-32.662
125330,120,-32.662
125340,120,-32.656
125350,120,-32.650
125360,120,-32.625
125370,120,-32.656
125380,120,-32.656
125390,120,-32.662
125400,120,-32.662
125410,120,-32.662
125420,120,-32.656
125430,120,-32.650
125440,120,-32.644
125450,120,-32.612
125460,120,-32.619
125470,120,-32.631
125480,120,-32.700
125490,120,-32.700
125500,120,-32.706
125510,120,-32.662
125520,120,-32.650
125530,120,-32.656
125540,120,-32.656
125550,120,-32.675
125560,120,-32.650
125570,120,-32.625
125580,120,-32.619
125590,120,-32.675
125600,120,-32.706
125610,120,-32.706
125620,120,-32.706
125630,120,-32.656
125640,120,-32.650
125650,120,-32.650
125660,120,-32.681
125670,120,-32.681
125680,120,-32.619
125690,120,-32.687
125700,120,-32.650
125710,120,-32.656
125720,120,-32.644
125730,120,-32.675
125740,120,-32.681
125750,120,-32.625
125760,120,-32.631
125770,120,-32.681
125780,120,-32.700
125790,120,-32.700
125800,120,-32.700
125810,120,-32.700
125820,120,-32.650
125830,120,-32.656
125840,120,-32.650
125850,120,-32.687
125860,120,-32.631
125870,120,-32.631
125880,120,-32.669
125890,120,-32.694
125900,120,-32.706
125910,120,-32.700
125920,120,-32.687
125930,120,-32.681
125940,120,-32.650
125950,120,-32.687
125960,120,-32.694
125970,120,-32.625
125980,120,-32.637
125990,120,-32.687
126000,120,-32.694
126010,120,-32.694
126020,120,-32.656
126030,120,-32.687
126040,120,-32.637
126050,120,-32.675
126060,120,-32.694
126070,120,-32.700
126080,120,-32.700
126090,120,-32.694
126100,120,-32.687
126110,120,-32.725
126120,120,-32.725
126130,120,-32.694
126140,120,-32.706
126150,120,-32.706
126160,120,-32.706
126170,120,-32.706
126180,120,-32.706
126190,120,-32.700
126200,120,-32.681
126210,120,-32.712
126220,120,-32.719
126230,120,-32.712
126240,120,-32.706
126250,120,-32.706
126260,120,-32.706
126270,120,-32.687
126280,120,-32.706
126290,120,-32.700
126300,120,-32.687
126310,120,-32.687
126320,120,-32.712
126330,120,-32.712
126340,120,-32.681
126350,120,-32.700
126360,120,-32.687
126370,120,-32.681
126380,120,-32.681
126390,120,-32.712
126400,120,-32.681
126410,120,-32.694
126420,120,-32.694
126430,120,-32.694
126440,120,-32.694
126450,120,-32.700
126460,120,-32.687
126470,120,-32.681
126480,120,-32.687
126490,120,-32.706
126500,120,-32.712
126510,120,-32.694
126520,120,-32.694
126530,120,-32.694
126540,120,-32.694
126550,120,-32.694
126560,120,-32.700
126570,120,-32.687
126580,120,-32.687
126590,120,-32.712
126600,120,-32.719
126610,120,-32.694
126620,120,-32.700
126630,120,-32.687
126640,120,-32.694
126650,120,-32.694
126660,120,-32.694
126670,120,-32.700
126680,120,-32.681
126690,120,-32.700
126700,120,-32.694
126710,120,-32.694
126720,120,-32.706
126730,120,-32.700
126740,120,-32.687
126750,120,-32.706
126760,120,-32.725
126770,120,-32.712
126780,120,-32.694
126790,120,-32.694
126800,120,-32.687
126810,120,-32.700
126820,120,-32.694
126830,120,-32.694
126840,120,-32.694
126850,120,-32.712
126860,120,-32.706
126870,120,-32.706
126880,120,-32.712
126890,120,-32.694
126900,120,-32.706
126910,120,-32.700
126920,120,-32.700
126930,120,-32.694
126940,120,-32.694
126950,120,-32.687
126960,120,-32.712
126970,120,-32.725
126980,120,-32.725
126990,120,-32.700
127000,120,-32.700
127010,125,-32.687
127020,125,-32.681
127030,125,-32.706
127040,125,-32.719
127050,125,-32.687
127060,125,-32.762
127070,125,-32.781
127080,125,-32.781
127090,125,-32.775
127100,125,-32.781
127110,125,-32.800
127120,125,-32.800
127130,125,-32.844
127140,125,-32.850
127150,125,-32.806
127160,125,-32.850
127170,125,-32.844
127180,125,-32.844
127190,125,-32.887
127200,125,-32.894
127210,125,-32.894
127220,125,-32.862
127230,125,-32.875
127240,125,-32.869
127250,125,-32.912
127260,125,-32.869
127270,125,-32.869
127280,125,-32.912
127290,125,-32.900
127300,125,-32.894
127310,125,-32.900
127320,125,-32.906
127330,125,-32.869
127340,125,-32.881
127350,125,-32.912
127360,125,-32.875
127370,125,-32.875
127380,125,-32.919
127390,125,-32.912
127400,125,-32.881
127410,125,-32.875
127420,125,-32.900
127430,125,-32.881
127440,125,-32.906
127450,125,-32.925
127460,125,-32.912
127470,125,-32.875
127480,125,-32.906
127490,125,-32.912
127500,125,-32.906
127510,125,-32.881
127520,125,-32.912
127530,125,-32.912
127540,125,-32.894
127550,125,-32.912
127560,125,-32.919
127570,125,-32.906
127580,125,-32.862
127590,125,-32.906
127600,125,-32.912
127610,125,-32.906
127620,125,-32.881
127630,125,-32.912
127640,125,-32.906
127650,125,-32.894
127660,125,-32.906
127670,125,-32.912
127680,125,-32.912
127690,125,-32.912
127700,125,-32.919
127710,125,-32.869
127720,125,-32.875
127730,125,-32.919
127740,125,-32.906
127750,125,-32.900
127760,125,-32.887
127770,125,-32.906
127780,125,-32.875
127790,125,-32.875
127800,125,-32.906
127810,125,-32.919
127820,125,-32.869
127830,125,-32.862
127840,125,-32.906
127850,125,-32.906
127860,125,-32.894
127870,125,-32.881
127880,125,-32.906
127890,125,-32.875
127900,125,-32.881
127910,125,-32.900
127920,125,-32.912
127930,125,-32.862
127940,125,-32.875
127950,125,-32.912
127960,125,-32.912
127970,125,-32.894
127980,125,-32.881
127990,125,-32.900
128000,125,-32.887
128010,125,-32.887
128020,125,-32.900
128030,125,-32.862
128040,125,-32.906
128050,125,-32.912
128060,125,-32.900
128070,125,-32.875
128080,125,-32.906
128090,125,-32.912
128100,125,-32.900
128110,125,-32.900
128120,125,-32.906
128130,125,-32.900
128140,125,-32.862
128150,125,-32.869
128160,125,-32.906
128170,125,-32.919
128180,125,-32.869
128190,125,-32.862
128200,125,-32.906
128210,125,-32.894
128220,125,-32.887
128230,125,-32.900
128240,125,-32.906
128250,125,-32.869
128260,125,-32.881
128270,125,-32.906
128280,125,-32.906
128290,125,-32.881
128300,125,-32.869
128310,125,-32.912
128320,125,-32.906
128330,125,-32.900
128340,125,-32.881
128350,125,-32.881
128360,125,-32.906
128370,125,-32.912
128380,125,-32.869
128390,125,-32.869
128400,125,-32.906
128410,125,-32.912
128420,125,-32.881
128430,125,-32.881
128440,125,-32.906
128450,125,-32.881
128460,125,-32.881
128470,125,-32.906
128480,125,-32.919
128490,125,-32.869
128500,125,-32.862
128510,125,-32.919
128520,125,-32.912
128530,125,-32.881
128540,125,-32.875
128550,125,-32.912
128560,125,-32.894
128570,125,-32.894
128580,125,-32.900
128590,125,-32.906
128600,125,-32.856
128610,125,-32.875
128620,125,-32.906
128630,125,-32.900
128640,125,-32.875
128650,125,-32.869
128660,125,-32.906
128670,125,-32.887
128680,125,-32.900
128690,125,-32.912
128700,125,-32.875
128710,125,-32.881
128720,125,-32.919
128730,125,-32.906
128740,125,-32.862
128750,125,-32.875
128760,125,-32.912
128770,125,-32.900
128780,125,-32.887
128790,125,-32.887
128800,125,-32.912
128810,125,-32.875
128820,125,-32.906
128830,125,-32.919
128840,125,-32.912
128850,125,-32.875
128860,125,-32.912
128870,125,-32.912
128880,125,-32.912
128890,125,-32.894
128900,125,-32.912
128910,125,-32.912
128920,125,-32.887
128930,125,-32.912
128940,125,-32.906
128950,125,-32.925
128960,125,-32.875
128970,125,-32.912
128980,125,-32.912
128990,125,-32.925
129000,125,-32.894
129010,125,-32.912
129020,125,-32.906
129030,125,-32.900
129040,125,-32.912
129050,125,-32.869
129060,125,-32.869
129070,125,-32.900
129080,125,-32.894
129090,125,-32.862
129100,125,-32.856
129110,125,-32.900
129120,125,-32.881
129130,125,-32.875
129140,125,-32.894
129150,125,-32.906
129160,125,-32.856
129170,125,-32.856
129180,125,-32.900
129190,125,-32.894
129200,125,-32.862
129210,125,-32.844
129220,125,-32.900
129230,125,-32.881
129240,125,-32.894
129250,125,-32.887
129260,125,-32.894
129270,125,-32.850
129280,125,-32.894
129290,125,-32.900
129300,125,-32.906
129310,125,-32.869
129320,125,-32.919
129330,125,-32.925
129340,125,-32.894
129350,125,-32.875
129360,125,-32.887
129370,125,-32.881
129380,125,-32.906
129390,125,-32.919
129400,125,-32.869
129410,125,-32.869
129420,125,-32.919
129430,125,-32.925
129440,125,-32.900
129450,125,-32.887
129460,125,-32.906
129470,125,-32.881
129480,125,-32.881
129490,125,-32.912
129500,125,-32.919
129510,125,-32.881
129520,125,-32.875
129530,125,-32.925
129540,125,-32.919
129550,125,-32.881
129560,125,-32.881
129570,125,-32.912
129580,125,-32.894
129590,125,-32.894
129600,125,-32.912
129610,125,-32.919
129620,125,-32.881
129630,125,-32.869
129640,125,-32.912
129650,125,-32.906
129660,125,-32.869
129670,125,-32.875
129680,125,-32.900
129690,125,-32.894
129700,125,-32.887
129710,125,-32.881
129720,125,-32.881
129730,125,-32.887
129740,125,-32.919
129750,125,-32.869
129760,125,-32.875
129770,125,-32.862
129780,125,-32.906
129790,125,-32.900
129800,125,-32.900
129810,125,-32.919
129820,125,-32.881
129830,125,-32.875
129840,125,-32.912
129850,125,-32.919
129860,125,-32.875
129870,125,-32.875
129880,125,-32.925
129890,125,-32.912
129900,125,-32.900
129910,125,-32.900
129920,125,-32.919
129930,125,-32.875
129940,125,-32.875
129950,125,-32.912
129960,125,-32.906
129970,125,-32.875
129980,125,-32.869
129990,125,-32.925
130000,125,-32.912
130010,125,-32.887
130020,125,-32.912
130030,125,-32.894
130040,125,-32.906
130050,125,-32.925
130060,125,-32.875
130070,125,-32.875
130080,125,-32.925
130090,125,-32.919
130100,125,-32.887
130110,125,-32.881
130120,125,-32.906
130130,125,-32.894
130140,125,-32.894
130150,125,-32.906
130160,125,-32.912
130170,125,-32.869
130180,125,-32.875
130190,125,-32.906
130200,125,-32.925
130210,125,-32.881
130220,125,-32.881
130230,125,-32.912
130240,125,-32.887
130250,125,-32.906
130260,125,-32.919
130270,125,-32.919
130280,125,-32.875
130290,125,-32.875
130300,125,-32.919
130310,125,-32.912
130320,125,-32.881
130330,125,-32.875
130340,125,-32.906
130350,125,-32.925
130360,125,-32.919
130370,125,-32.875
130380,125,-32.875
130390,125,-32.919
130400,125,-32.919
130410,125,-32.862
130420,125,-32.869
130430,125,-32.919
130440,125,-32.900
130450,125,-32.894
130460,125,-32.894
130470,125,-32.912
130480,125,-32.875
130490,125,-32.881
130500,125,-32.906
130510,125,-32.919
130520,125,-32.869
130530,125,-32.869
130540,125,-32.912
130550,125,-32.906
130560,125,-32.900
130570,125,-32.894
130580,125,-32.906
130590,125,-32.887
130600,125,-32.875
130610,125,-32.912
130620,125,-32.919
130630,125,-32.875
130640,125,-32.881
130650,125,-32.919
130660,125,-32.912
130670,125,-32.887
130680,125,-32.850
130690,125,-32.900
130700,125,-32.912
130710,125,-32.912
130720,125,-32.887
130730,125,-32.887
130740,125,-32.925
130750,125,-32.912
130760,125,-32.881
130770,125,-32.881
130780,125,-32.919
130790,125,-32.900
130800,125,-32.894
130810,125,-32.919
130820,125,-32.931
130830,125,-32.881
130840,125,-32.881
130850,125,-32.931
130860,125,-32.919
130870,125,-32.887
130880,125,-32.912
130890,125,-32.931
130900,125,-32.912
130910,125,-32.900
130920,125,-32.906
130930,125,-32.912
130940,125,-32.869
130950,125,-32.869
130960,125,-32.906
130970,125,-32.906
130980,125,-32.881
130990,125,-32.875
131000,125,-32.900
131010,125,-32.912
131020,125,-32.919
131030,125,-32.881
131040,125,-32.875
131050,125,-32.912
131060,125,-32.919
131070,125,-32.875
131080,125,-32.869
131090,125,-32.919
131100,125,-32.912
131110,125,-32.900
131120,125,-32.887
131130,125,-32.919
131140,125,-32.887
131150,125,-32.900
131160,125,-32.919
131170,125,-32.919
131180,125,-32.881
131190,125,-32.875
131200,125,-32.919
131210,125,-32.919
131220,125,-32.887
131230,125,-32.887
131240,125,-32.919
131250,125,-32.894
131260,125,-32.931
131270,125,-32.919
131280,125,-32.925
131290,125,-32.881
131300,125,-32.925
131310,125,-32.919
131320,125,-32.900
131330,125,-32.900
131340,125,-32.912
131350,125,-32.900
131360,125,-32.912
131370,125,-32.919
131380,125,-32.881
131390,125,-32.875
131400,125,-32.919
131410,125,-32.919
131420,125,-32.887
131430,125,-32.919
131440,125,-32.925
131450,125,-32.912
131460,125,-32.906
131470,125,-32.931
131480,125,-32.881
131490,125,-32.875
131500,125,-32.925
131510,125,-32.912
131520,125,-32.887
131530,125,-32.875
131540,125,-32.925
131550,125,-32.900
131560,125,-32.894
131570,125,-32.912
131580,125,-32.925
131590,125,-32.881
131600,125,-32.881
131610,125,-32.925
131620,125,-32.919
131630,125,-32.887
131640,125,-32.875
131650,125,-32.919
131660,125,-32.912
131670,125,-32.894
131680,125,-32.850
131690,125,-32.887
131700,125,-32.925
131710,125,-32.925
131720,125,-32.881
131730,125,-32.875
131740,125,-32.919
131750,125,-32.912
131760,125,-32.894
131770,125,-32.887
131780,125,-32.912
131790,125,-32.887
131800,125,-32.887
131810,125,-32.919
131820,125,-32.919
131830,125,-32.881
131840,125,-32.881
131850,125,-32.925
131860,125,-32.925
131870,125,-32.900
131880,125,-32.919
131890,125,-32.919
131900,125,-32.894
131910,125,-32.919
131920,125,-32.931
131930,125,-32.875
131940,125,-32.875
131950,125,-32.919
131960,125,-32.912
131970,125,-32.900
131980,125,-32.919
131990,125,-32.919
132000,125,-32.887
132010,130,-32.912
132020,130,-32.869
132030,130,-32.919
132040,130,-32.919
132050,130,-32.912
132060,130,-32.950
132070,130,-32.950
132080,130,-32.962
132090,130,-32.987
132100,130,-32.987
132110,130,-32.994
132120,130,-32.987
132130,130,-32.987
132140,130,-33.025
132150,130,-32.987
132160,130,-33.012
132170,130,-33.025
132180,130,-33.019
132190,130,-33.012
132200,130,-32.994
132210,130,-33.031
132220,130,-33.044
132230,130,-33.006
132240,130,-33.012
132250,130,-33.056
132260,130,-33.025
132270,130,-33.025
132280,130,-33.025
132290,130,-33.050
132300,130,-33.000
132310,130,-33.000
132320,130,-33.037
132330,130,-33.044
132340,130,-33.044
132350,130,-33.056
132360,130,-33.056
132370,130,-33.019
132380,130,-33.031
132390,130,-33.031
132400,130,-33.037
132410,130,-33.012
132420,130,-33.044
132430,130,-33.044
132440,130,-33.019
132450,130,-33.006
132460,130,-33.025
132470,130,-33.050
132480,130,-33.012
132490,130,-33.012
132500,130,-33.050
132510,130,-33.031
132520,130,-33.025
132530,130,-33.012
132540,130,-33.019
132550,130,-33.044
132560,130,-33.012
132570,130,-33.012
132580,130,-33.037
132590,130,-33.037
132600,130,-32.994
132610,130,-33.006
132620,130,-33.037
132630,130,-33.019
132640,130,-33.025
132650,130,-33.019
132660,130,-33.012
132670,130,-33.050
132680,130,-32.994
132690,130,-33.019
132700,130,-33.025
132710,130,-33.012
132720,130,-33.019
132730,130,-33.050
132740,130,-33.006
132750,130,-33.006
132760,130,-33.044
132770,130,-33.031
132780,130,-32.994
132790,130,-33.012
132800,130,-33.012
132810,130,-33.019
132820,130,-33.012
132830,130,-33.025
132840,130,-33.037
132850,130,-33.050
132860,130,-33.006
132870,130,-33.000
132880,130,-33.044
132890,130,-33.031
132900,130,-32.981
132910,130,-33.012
132920,130,-33.019
132930,130,-33.012
132940,130,-33.006
132950,130,-33.037
132960,130,-33.031
132970,130,-33.044
132980,130,-33.006
132990,130,-33.006
133000,130,-33.050
133010,130,-32.994
133020,130,-33.031
133030,130,-33.037
133040,130,-33.006
133050,130,-33.006
133060,130,-33.050
133070,130,-33.025
133080,130,-33.025
133090,130,-33.025
133100,130,-33.025
133110,130,-33.012
133120,130,-33.012
133130,130,-33.000
133140,130,-33.031
133150,130,-33.044
133160,130,-33.019
133170,130,-33.006
133180,130,-33.050
133190,130,-33.025
133200,130,-33.019
133210,130,-33.019
133220,130,-33.037
133230,130,-33.000
133240,130,-32.994
133250,130,-33.000
133260,130,-33.025
133270,130,-33.037
133280,130,-33.012
133290,130,-33.012
133300,130,-33.056
133310,130,-33.019
133320,130,-33.012
133330,130,-33.037
133340,130,-33.031
133350,130,-33.019
133360,130,-33.012
133370,130,-33.019
133380,130,-33.000
133390,130,-33.025
133400,130,-33.031
133410,130,-33.044
133420,130,-33.012
133430,130,-33.012
133440,130,-33.037
133450,130,-33.019
133460,130,-32.981
133470,130,-33.012
133480,130,-33.025
133490,130,-33.012
133500,130,-33.012
133510,130,-33.000
133520,130,-33.031
133530,130,-33.044
133540,130,-33.006
133550,130,-33.006
133560,130,-33.050
133570,130,-33.006
133580,130,-32.981
133590,130,-33.019
133600,130,-33.031
133610,130,-33.006
133620,130,-33.006
133630,130,-33.000
133640,130,-33.025
133650,130,-33.031
133660,130,-33.006
133670,130,-33.019
133680,130,-33.000
133690,130,-33.000
133700,130,-33.031
133710,130,-33.037
133720,130,-32.987
133730,130,-33.019
133740,130,-33.025
133750,130,-33.019
133760,130,-32.981
133770,130,-32.987
133780,130,-33.037
133790,130,-33.006
133800,130,-33.012
133810,130,-33.006
133820,130,-33.031
133830,130,-33.025
133840,130,-32.987
133850,130,-33.012
133860,130,-33.025
133870,130,-33.012
133880,130,-33.012
133890,130,-32.994
133900,130,-33.025
133910,130,-33.037
133920,130,-32.987
133930,130,-33.006
133940,130,-33.050
133950,130,-33.006
133960,130,-33.012
133970,130,-33.037
133980,130,-33.031
133990,130,-33.006
134000,130,-33.006
134010,130,-33.056
134020,130,-33.019
134030,130,-33.019
134040,130,-33.044
134050,130,-33.050
134060,130,-33.012
134070,130,-33.006
134080,130,-33.037
134090,130,-33.025
134100,130,-32.994
134110,130,-33.012
134120,130,-33.056
134130,130,-33.006
134140,130,-33.012
134150,130,-33.037
134160,130,-33.037
134170,130,-33.006
134180,130,-33.012
134190,130,-33.006
134200,130,-33.031
134210,130,-33.025
134220,130,-33.031
134230,130,-33.025
134240,130,-33.056
134250,130,-33.019
134260,130,-33.006
134270,130,-33.050
134280,130,-33.037
134290,130,-32.987
134300,130,-33.012
134310,130,-33.050
134320,130,-33.012
134330,130,-33.012
134340,130,-33.044
134350,130,-32.994
134360,130,-33.012
134370,130,-33.012
134380,130,-33.031
134390,130,-33.025
134400,130,-33.031
134410,130,-33.037
134420,130,-33.056
134430,130,-33.019
134440,130,-32.994
134450,130,-33.031
134460,130,-33.044
134470,130,-33.012
134480,130,-33.012
134490,130,-33.062
134500,130,-33.019
134510,130,-33.019
134520,130,-33.037
134530,130,-33.037
134540,130,-33.000
134550,130,-33.012
134560,130,-33.056
134570,130,-33.031
134580,130,-33.031
134590,130,-33.025
134600,130,-33.025
134610,130,-33.019
134620,130,-33.006
134630,130,-32.987
134640,130,-33.037
134650,130,-33.044
134660,130,-33.006
134670,130,-32.994
134680,130,-33.019
134690,130,-32.981
134700,130,-33.025
134710,130,-33.050
134720,130,-33.019
134730,130,-33.019
134740,130,-33.056
134750,130,-33.031
134760,130,-33.019
134770,130,-33.025
134780,130,-33.031
134790,130,-33.012
134800,130,-33.019
134810,130,-33.037
134820,130,-33.037
134830,130,-33.037
134840,130,-33.019
134850,130,-33.006
134860,130,-33.056
134870,130,-33.025
134880,130,-33.000
134890,130,-33.031
134900,130,-33.037
134910,130,-33.012
134920,130,-33.012
134930,130,-33.050
134940,130,-33.037
134950,130,-33.031
134960,130,-33.019
134970,130,-33.025
134980,130,-33.019
134990,130,-33.006
135000,130,-32.987
135010,130,-33.025
135020,130,-33.012
135030,130,-33.019
135040,130,-33.050
135050,130,-33.019
135060,130,-32.987
135070,130,-33.031
135080,130,-33.044
135090,130,-33.006
135100,130,-33.019
135110,130,-33.062
135120,130,-33.025
135130,130,-33.031
135140,130,-33.019
135150,130,-33.031
135160,130,-33.012
135170,130,-33.012
135180,130,-33.000
135190,130,-33.031
135200,130,-33.050
135210,130,-33.019
135220,130,-33.012
135230,130,-33.050
135240,130,-33.025
135250,130,-32.994
135260,130,-33.025
135270,130,-33.037
135280,130,-33.012
135290,130,-33.012
135300,130,-33.050
135310,130,-33.025
135320,130,-33.031
135330,130,-33.019
135340,130,-33.056
135350,130,-33.019
135360,130,-32.994
135370,130,-33.031
135380,130,-33.044
135390,130,-33.019
135400,130,-33.019
135410,130,-33.062
135420,130,-33.025
135430,130,-32.994
135440,130,-33.031
135450,130,-33.062
135460,130,-33.019
135470,130,-33.012
135480,130,-33.056
135490,130,-33.044
135500,130,-32.981
135510,130,-33.019
135520,130,-33.025
135530,130,-33.025
135540,130,-33.019
135550,130,-33.037
135560,130,-33.044
135570,130,-33.044
135580,130,-33.012
135590,130,-33.019
135600,130,-33.025
135610,130,-33.025
135620,130,-32.987
135630,130,-33.031
135640,130,-33.056
135650,130,-33.019
135660,130,-33.012
135670,130,-33.056
135680,130,-33.000
135690,130,-33.025
135700,130,-33.062
135710,130,-33.025
135720,130,-33.019
135730,130,-33.050
135740,130,-33.044
135750,130,-33.012
135760,130,-33.019
135770,130,-33.012
135780,130,-33.031
135790,130,-33.031
135800,130,-33.037
135810,130,-33.037
135820,130,-33.069
135830,130,-33.025
135840,130,-33.006
135850,130,-33.050
135860,130,-33.037
135870,130,-33.000
135880,130,-33.031
135890,130,-33.062
135900,130,-33.031
135910,130,-33.025
135920,130,-33.050
135930,130,-33.044
135940,130,-33.019
135950,130,-33.019
135960,130,-33.025
135970,130,-33.044
135980,130,-33.037
135990,130,-33.031
136000,130,-33.019
136010,130,-33.012
136020,130,-33.006
136030,130,-33.044
136040,130,-33.031
136050,130,-32.994
136060,130,-33.031
136070,130,-33.062
136080,130,-33.019
136090,130,-32.981
136100,130,-33.037
136110,130,-33.044
136120,130,-33.006
136130,130,-33.012
136140,130,-33.012
136150,130,-33.044
136160,130,-33.025
136170,130,-33.031
136180,130,-33.025
136190,130,-33.025
136200,130,-33.025
136210,130,-33.006
136220,130,-33.044
136230,130,-33.031
136240,130,-33.000
136250,130,-33.012
136260,130,-33.062
136270,130,-33.025
136280,130,-32.994
136290,130,-33.031
136300,130,-33.044
136310,130,-33.019
136320,130,-33.019
136330,130,-33.012
136340,130,-33.031
136350,130,-33.037
136360,130,-33.044
136370,130,-33.025
136380,130,-33.019
136390,130,-33.006
136400,130,-33.044
136410,130,-33.044
136420,130,-32.994
136430,130,-33.025
136440,130,-33.069
136450,130,-33.031
136460,130,-33.025
136470,130,-33.050
136480,130,-33.050
136490,130,-33.019
136500,130,-33.025
136510,130,-33.019
136520,130,-33.037
136530,130,-33.037
136540,130,-33.000
136550,130,-33.031
136560,130,-33.069
136570,130,-33.019
136580,130,-33.006
136590,130,-33.044
136600,130,-33.044
136610,130,-33.006
136620,130,-33.019
136630,130,-33.019
136640,130,-33.037
136650,130,-33.031
136660,130,-33.037
136670,130,-33.069
136680,130,-33.019
136690,130,-33.019
136700,130,-33.031
136710,130,-33.031
136720,130,-33.000
136730,130,-33.025
136740,130,-33.044
136750,130,-33.012
136760,130,-33.025
136770,130,-33.062
136780,130,-33.050
136790,130,-32.994
136800,130,-33.031
136810,130,-33.025
136820,130,-33.031
136830,130,-33.025
136840,130,-33.006
136850,130,-33.050
136860,130,-33.050
136870,130,-33.012
136880,130,-33.012
136890,130,-33.037
136900,130,-33.037
136910,130,-33.006
136920,130,-33.025
136930,130,-33.044
136940,130,-33.019
136950,130,-33.019
136960,130,-33.056
136970,130,-33.050
136980,130,-33.050
136990,130,-33.019
137000,130,-33.012
137010,135,-33.012
137020,135,-33.006
137030,135,-33.050
137040,135,-33.056
137050,135,-33.069
137060,135,-33.062
137070,135,-33.056
137080,135,-33.069
137090,135,-33.062
137100,135,-33.106
137110,135,-33.100
137120,135,-33.069
137130,135,-33.119
137140,135,-33.131
137150,135,-33.125
137160,135,-33.144
137170,135,-33.125
137180,135,-33.125
137190,135,-33.125
137200,135,-33.125
137210,135,-33.125
137220,135,-33.131
137230,135,-33.125
137240,135,-33.125
137250,135,-33.125
137260,135,-33.125
137270,135,-33.131
137280,135,-33.119
137290,135,-33.131
137300,135,-33.131
137310,135,-33.156
137320,135,-33.125
137330,135,-33.137
137340,135,-33.187
137350,135,-33.125
137360,135,-33.156
137370,135,-33.194
137380,135,-33.156
137390,135,-33.175
137400,135,-33.169
137410,135,-33.144
137420,135,-33.137
137430,135,-33.175
137440,135,-33.162
137450,135,-33.150
137460,135,-33.194
137470,135,-33.162
137480,135,-33.162
137490,135,-33.169
137500,135,-33.150
137510,135,-33.144
137520,135,-33.169
137530,135,-33.181
137540,135,-33.150
137550,135,-33.200
137560,135,-33.169
137570,135,-33.162
137580,135,-33.162
137590,135,-33.150
137600,135,-33.144
137610,135,-33.175
137620,135,-33.187
137630,135,-33.156
137640,135,-33.187
137650,135,-33.169
137660,135,-33.162
137670,135,-33.200
137680,135,-33.162
137690,135,-33.194
137700,135,-33.181
137710,135,-33.156
137720,135,-33.200
137730,135,-33.169
137740,135,-33.125
137750,135,-33.169
137760,135,-33.162
137770,135,-33.156
137780,135,-33.181
137790,135,-33.194
137800,135,-33.150
137810,135,-33.162
137820,135,-33.162
137830,135,-33.125
137840,135,-33.175
137850,135,-33.162
137860,135,-33.162
137870,135,-33.181
137880,135,-33.200
137890,135,-33.162
137900,135,-33.150
137910,135,-33.194
137920,135,-33.131
137930,135,-33.156
137940,135,-33.200
137950,135,-33.162
137960,135,-33.175
137970,135,-33.181
137980,135,-33.150
137990,135,-33.150
138000,135,-33.175
138010,135,-33.162
138020,135,-33.200
138030,135,-33.150
138040,135,-33.144
138050,135,-33.175
138060,135,-33.144
138070,135,-33.144
138080,135,-33.181
138090,135,-33.175
138100,135,-33.156
138110,135,-33.200
138120,135,-33.162
138130,135,-33.131
138140,135,-33.175
138150,135,-33.150
138160,135,-33.150
138170,135,-33.181
138180,135,-33.187
138190,135,-33.150
138200,135,-33.194
138210,135,-33.175
138220,135,-33.137
138230,135,-33.175
138240,135,-33.162
138250,135,-33.150
138260,135,-33.187
138270,135,-33.181
138280,135,-33.150
138290,135,-33.206
138300,135,-33.181
138310,135,-33.131
138320,135,-33.156
138330,135,-33.156
138340,135,-33.200
138350,135,-33.181
138360,135,-33.144
138370,135,-33.156
138380,135,-33.162
138390,135,-33.131
138400,135,-33.169
138410,135,-33.194
138420,135,-33.144
138430,135,-33.187
138440,135,-33.181
138450,135,-33.144
138460,135,-33.144
138470,135,-33.175
138480,135,-33.131
138490,135,-33.162
138500,135,-33.200
138510,135,-33.162
138520,135,-33.187
138530,135,-33.200
138540,135,-33.150
138550,135,-33.150
138560,135,-33.181
138570,135,-33.131
138580,135,-33.156
138590,135,-33.194
138600,135,-33.156
138610,135,-33.175
138620,135,-33.162
138630,135,-33.150
138640,135,-33.150
138650,135,-33.181
138660,135,-33.137
138670,135,-33.200
138680,135,-33.156
138690,135,-33.162
138700,135,-33.175
138710,135,-33.156
138720,135,-33.156
138730,135,-33.187
138740,135,-33.181
138750,135,-33.162
138760,135,-33.200
138770,135,-33.162
138780,135,-33.169
138790,135,-33.187
138800,135,-33.156
138810,135,-33.150
138820,135,-33.187
138830,135,-33.181
138840,135,-33.150
138850,135,-33.206
138860,135,-33.175
138870,135,-33.169
138880,135,-33.169
138890,135,-33.162
138900,135,-33.144
138910,135,-33.181
138920,135,-33.187
138930,135,-33.162
138940,135,-33.200
138950,135,-33.175
138960,135,-33.156
138970,135,-33.150
138980,135,-33.169
138990,135,-33.125
139000,135,-33.187
139010,135,-33.156
139020,135,-33.194
139030,135,-33.175
139040,135,-33.131
139050,135,-33.169
139060,135,-33.150
139070,135,-33.150
139080,135,-33.187
139090,135,-33.187
139100,135,-33.144
139110,135,-33.194
139120,135,-33.175
139130,135,-33.144
139140,135,-33.156
139150,135,-33.156
139160,135,-33.169
139170,135,-33.187
139180,135,-33.206
139190,135,-33.162
139200,135,-33.187
139210,135,-33.169
139220,135,-33.131
139230,135,-33.162
139240,135,-33.175
139250,135,-33.175
139260,135,-33.175
139270,135,-33.206
139280,135,-33.162
139290,135,-33.187
139300,135,-33.175
139310,135,-33.144
139320,135,-33.156
139330,135,-33.181
139340,135,-33.181
139350,135,-33.206
139360,135,-33.162
139370,135,-33.150
139380,135,-33.175
139390,135,-33.137
139400,135,-33.156
139410,135,-33.206
139420,135,-33.169
139430,135,-33.169
139440,135,-33.187
139450,135,-33.162
139460,135,-33.150
139470,135,-33.187
139480,135,-33.137
139490,135,-33.156
139500,135,-33.200
139510,135,-33.162
139520,135,-33.156
139530,135,-33.200
139540,135,-33.156
139550,135,-33.137
139560,135,-33.181
139570,135,-33.144
139580,135,-33.162
139590,135,-33.200
139600,135,-33.175
139610,135,-33.150
139620,135,-33.206
139630,135,-33.169
139640,135,-33.131
139650,135,-33.181
139660,135,-33.156
139670,135,-33.206
139680,135,-33.181
139690,135,-33.175
139700,135,-33.206
139710,135,-33.162
139720,135,-33.137
139730,135,-33.181
139740,135,-33.200
139750,135,-33.156
139760,135,-33.194
139770,135,-33.175
139780,135,-33.150
139790,135,-33.206
139800,135,-33.175
139810,135,-33.144
139820,135,-33.181
139830,135,-33.200
139840,135,-33.156
139850,135,-33.194
139860,135,-33.187
139870,135,-33.150
139880,135,-33.206
139890,135,-33.175
139900,135,-33.144
139910,135,-33.175
139920,135,-33.200
139930,135,-33.156
139940,135,-33.194
139950,135,-33.194
139960,135,-33.156
139970,135,-33.200
139980,135,-33.181
139990,135,-33.144
140000,135,-33.200
140010,135,-33.150
140020,135,-33.200
140030,135,-33.181
140040,135,-33.150
140050,135,-33.206
140060,135,-33.169
140070,135,-33.156
140080,135,-33.175
140090,135,-33.206
140100,135,-33.162
140110,135,-33.187
140120,135,-33.187
140130,135,-33.169
140140,135,-33.206
140150,135,-33.181
140160,135,-33.175
140170,135,-33.169
140180,135,-33.194
140190,135,-33.150
140200,135,-33.187
140210,135,-33.194
140220,135,-33.150
140230,135,-33.194
140240,135,-33.175
140250,135,-33.175
140260,135,-33.156
140270,135,-33.194
140280,135,-33.162
140290,135,-33.162
140300,135,-33.194
140310,135,-33.212
140320,135,-33.212
140330,135,-33.200
140340,135,-33.162
140350,135,-33.194
140360,135,-33.200
140370,135,-33.200
140380,135,-33.200
140390,135,-33.200
140400,135,-33.194
140410,135,-33.187
140420,135,-33.181
140430,135,-33.200
140440,135,-33.200
140450,135,-33.200
140460,135,-33.200
140470,135,-33.200
140480,135,-33.206
140490,135,-33.200
140500,135,-33.200
140510,135,-33.200
140520,135,-33.194
140530,135,-33.194
140540,135,-33.200
140550,135,-33.206
140560,135,-33.200
140570,135,-33.200
140580,135,-33.200
140590,135,-33.194
140600,135,-33.200
140610,135,-33.200
140620,135,-33.194
140630,135,-33.194
140640,135,-33.194
140650,135,-33.200
140660,135,-33.194
140670,135,-33.200
140680,135,-33.200
140690,135,-33.200
140700,135,-33.200
140710,135,-33.200
140720,135,-33.200
140730,135,-33.200
140740,135,-33.200
140750,135,-33.200
140760,135,-33.200
140770,135,-33.200
140780,135,-33.200
140790,135,-33.194
140800,135,-33.194
140810,135,-33.187
140820,135,-33.194
140830,135,-33.187
140840,135,-33.194
140850,135,-33.206
140860,135,-33.206
140870,135,-33.206
140880,135,-33.200
140890,135,-33.200
140900,135,-33.219
140910,135,-33.237
140920,135,-33.237
140930,135,-33.237
140940,135,-33.262
140950,135,-33.219
140960,135,-33.244
140970,135,-33.237
140980,135,-33.206
140990,135,-33.269
141000,135,-33.262
141010,135,-33.256
141020,135,-33.275
141030,135,-33.262
141040,135,-33.269
141050,135,-33.262
141060,135,-33.262
141070,135,-33.256
141080,135,-33.256
141090,135,-33.256
141100,135,-33.287
141110,135,-33.325
141120,135,-33.294
141130,135,-33.319
141140,135,-33.300
141150,135,-33.269
141160,135,-33.319
141170,135,-33.337
141180,135,-33.331
141190,135,-33.331
141200,135,-33.331
141210,135,-33.325
141220,135,-33.331
141230,135,-33.331
141240,135,-33.331
141250,135,-33.331
141260,135,-33.344
141270,135,-33.331
141280,135,-33.331
141290,135,-33.325
141300,135,-33.331
141310,135,-33.337
141320,135,-33.362
141330,135,-33.331
141340,135,-33.331
141350,135,-33.331
141360,135,-33.331
141370,135,-33.362
141380,135,-33.325
141390,135,-33.369
141400,135,-33.356
141410,135,-33.337
141420,135,-33.325
141430,135,-33.331
141440,135,-33.331
141450,135,-33.344
141460,135,-33.369
141470,135,-33.325
141480,135,-33.356
141490,135,-33.394
141500,135,-33.356
141510,135,-33.381
141520,135,-33.375
141530,135,-33.344
141540,135,-33.350
141550,135,-33.369
141560,135,-33.319
141570,135,-33.344
141580,135,-33.394
141590,135,-33.350
141600,135,-33.369
141610,135,-33.387
141620,135,-33.337
141630,135,-33.381
141640,135,-33.375
141650,135,-33.337
141660,135,-33.350
141670,135,-33.356
141680,135,-33.375
141690,135,-33.381
141700,135,-33.337
141710,135,-33.394
141720,135,-33.369
141730,135,-33.350
141740,135,-33.356
141750,135,-33.362
141760,135,-33.356
141770,135,-33.394
141780,135,-33.394
141790,135,-33.381
141800,135,-33.394
141810,135,-33.375
141820,135,-33.344
141830,135,-33.387
141840,135,-33.362
141850,135,-33.356
141860,135,-33.387
141870,135,-33.394
141880,135,-33.350
141890,135,-33.387
141900,135,-33.387
141910,135,-33.337
141920,135,-33.394
141930,135,-33.369
141940,135,-33.350
141950,135,-33.350
141960,135,-33.356
141970,135,-33.362
141980,135,-33.375
141990,135,-33.387
142000,135,-33.394
142010,140,-33.375
142020,140,-33.400
142030,140,-33.394
142040,140,-33.387
142050,140,-33.394
142060,140,-33.394
142070,140,-33.412
142080,140,-33.444
142090,140,-33.450
142100,140,-33.450
142110,140,-33.462
142120,140,-33.469
142130,140,-33.500
142140,140,-33.525
142150,140,-33.531
142160,140,-33.519
142170,140,-33.537
142180,140,-33.537
142190,140,-33.537
142200,140,-33.537
142210,140,-33.556
142220,140,-33.562
142230,140,-33.594
142240,140,-33.600
142250,140,-33.587
142260,140,-33.581
142270,140,-33.600
142280,140,-33.587
142290,140,-33.581
142300,140,-33.600
142310,140,-33.594
142320,140,-33.625
142330,140,-33.600
142340,140,-33.606
142350,140,-33.606
142360,140,-33.644
142370,140,-33.656
142380,140,-33.656
142390,140,-33.631
142400,140,-33.656
142410,140,-33.650
142420,140,-33.669
142430,140,-33.662
142440,140,-33.656
142450,140,-33.662
142460,140,-33.662
142470,140,-33.656
142480,140,-33.669
142490,140,-33.662
142500,140,-33.662
142510,140,-33.662
142520,140,-33.662
142530,140,-33.669
142540,140,-33.662
142550,140,-33.656
142560,140,-33.662
142570,140,-33.669
142580,140,-33.656
142590,140,-33.656
142600,140,-33.662
142610,140,-33.669
142620,140,-33.656
142630,140,-33.650
142640,140,-33.669
142650,140,-33.656
142660,140,-33.644
142670,140,-33.662
142680,140,-33.662
142690,140,-33.662
142700,140,-33.669
142710,140,-33.656
142720,140,-33.662
142730,140,-33.669
142740,140,-33.662
142750,140,-33.656
142760,140,-33.662
142770,140,-33.662
142780,140,-33.650
142790,140,-33.662
142800,140,-33.656
142810,140,-33.656
142820,140,-33.662
142830,140,-33.662
142840,140,-33.669
142850,140,-33.656
142860,140,-33.650
142870,140,-33.656
142880,140,-33.650
142890,140,-33.656
142900,140,-33.662
142910,140,-33.656
142920,140,-33.662
142930,140,-33.662
142940,140,-33.662
142950,140,-33.662
142960,140,-33.662
142970,140,-33.662
142980,140,-33.662
142990,140,-33.656
143000,140,-33.650
143010,140,-33.650
143020,140,-33.656
143030,140,-33.650
143040,140,-33.644
143050,140,-33.644
143060,140,-33.644
143070,140,-33.662
143080,140,-33.662
143090,140,-33.662
143100,140,-33.662
143110,140,-33.662
143120,140,-33.656
143130,140,-33.656
143140,140,-33.650
143150,140,-33.650
143160,140,-33.656
143170,140,-33.650
143180,140,-33.650
143190,140,-33.656
143200,140,-33.650
143210,140,-33.644
143220,140,-33.644
143230,140,-33.644
143240,140,-33.656
143250,140,-33.662
143260,140,-33.656
143270,140,-33.656
143280,140,-33.656
143290,140,-33.656
143300,140,-33.656
143310,140,-33.656
143320,140,-33.650
143330,140,-33.656
143340,140,-33.656
143350,140,-33.650
143360,140,-33.662
143370,140,-33.656
143380,140,-33.650
143390,140,-33.662
143400,140,-33.644
143410,140,-33.644
143420,140,-33.662
143430,140,-33.662
143440,140,-33.656
143450,140,-33.662
143460,140,-33.662
143470,140,-33.662
143480,140,-33.662
143490,140,-33.662
143500,140,-33.662
143510,140,-33.656
143520,140,-33.662
143530,140,-33.656
143540,140,-33.656
143550,140,-33.662
143560,140,-33.656
143570,140,-33.662
143580,140,-33.662
143590,140,-33.662
143600,140,-33.650
143610,140,-33.656
143620,140,-33.650
143630,140,-33.650
143640,140,-33.656
143650,140,-33.650
143660,140,-33.637
143670,140,-33.650
143680,140,-33.650
143690,140,-33.650
143700,140,-33.656
143710,140,-33.650
143720,140,-33.644
143730,140,-33.650
143740,140,-33.644
143750,140,-33.650
143760,140,-33.644
143770,140,-33.650
143780,140,-33.644
143790,140,-33.650
143800,140,-33.644
143810,140,-33.637
143820,140,-33.644
143830,140,-33.650
143840,140,-33.694
143850,140,-33.644
143860,140,-33.650
143870,140,-33.656
143880,140,-33.650
143890,140,-33.650
143900,140,-33.656
143910,140,-33.650
143920,140,-33.644
143930,140,-33.644
143940,140,-33.694
143950,140,-33.669
143960,140,-33.650
143970,140,-33.656
143980,140,-33.650
143990,140,-33.644
144000,140,-33.662
144010,140,-33.650
144020,140,-33.650
144030,140,-33.656
144040,140,-33.650
144050,140,-33.644
144060,140,-33.644
144070,140,-33.644
144080,140,-33.650
144090,140,-33.681
144100,140,-33.662
144110,140,-33.656
144120,140,-33.644
144130,140,-33.656
144140,140,-33.656
144150,140,-33.656
144160,140,-33.656
144170,140,-33.656
144180,140,-33.656
144190,140,-33.656
144200,140,-33.656
144210,140,-33.706
144220,140,-33.662
144230,140,-33.662
144240,140,-33.650
144250,140,-33.656
144260,140,-33.656
144270,140,-33.650
144280,140,-33.662
144290,140,-33.650
144300,140,-33.644
144310,140,-33.650
144320,140,-33.669
144330,140,-33.675
144340,140,-33.650
144350,140,-33.687
144360,140,-33.650
144370,140,-33.656
144380,140,-33.656
144390,140,-33.656
144400,140,-33.662
144410,140,-33.656
144420,140,-33.656
144430,140,-33.656
144440,140,-33.656
144450,140,-33.656
144460,140,-33.656
144470,140,-33.662
144480,140,-33.706
144490,140,-33.662
144500,140,-33.656
144510,140,-33.650
144520,140,-33.656
144530,140,-33.650
144540,140,-33.656
144550,140,-33.650
144560,140,-33.644
144570,140,-33.650
144580,140,-33.650
144590,140,-33.681
144600,140,-33.669
144610,140,-33.656
144620,140,-33.650
144630,140,-33.650
144640,140,-33.650
144650,140,-33.650
144660,140,-33.656
144670,140,-33.656
144680,140,-33.644
144690,140,-33.662
144700,140,-33.662
144710,140,-33.656
144720,140,-33.662
144730,140,-33.662
144740,140,-33.662
144750,140,-33.662
144760,140,-33.662
144770,140,-33.656
144780,140,-33.662
144790,140,-33.662
144800,140,-33.662
144810,140,-33.662
144820,140,-33.662
144830,140,-33.656
144840,140,-33.662
144850,140,-33.650
144860,140,-33.656
144870,140,-33.650
144880,140,-33.650
144890,140,-33.662
144900,140,-33.656
144910,140,-33.650
144920,140,-33.656
144930,140,-33.656
144940,140,-33.650
144950,140,-33.656
144960,140,-33.650
144970,140,-33.650
144980,140,-33.662
144990,140,-33.650
145000,140,-33.644
145010,140,-33.650
145020,140,-33.656
145030,140,-33.662
145040,140,-33.656
145050,140,-33.656
145060,140,-33.662
145070,140,-33.662
145080,140,-33.662
145090,140,-33.662
145100,140,-33.656
145110,140,-33.656
145120,140,-33.656
145130,140,-33.656
145140,140,-33.662
145150,140,-33.656
145160,140,-33.662
145170,140,-33.662
145180,140,-33.662
145190,140,-33.662
145200,140,-33.656
145210,140,-33.656
145220,140,-33.656
145230,140,-33.656
145240,140,-33.656
145250,140,-33.662
145260,140,-33.656
145270,140,-33.669
145280,140,-33.706
145290,140,-33.662
145300,140,-33.662
145310,140,-33.650
145320,140,-33.656
145330,140,-33.656
145340,140,-33.650
145350,140,-33.656
145360,140,-33.656
145370,140,-33.656
145380,140,-33.656
145390,140,-33.662
145400,140,-33.662
145410,140,-33.662
145420,140,-33.669
145430,140,-33.669
145440,140,-33.662
145450,140,-33.656
145460,140,-33.650
145470,140,-33.656
145480,140,-33.650
145490,140,-33.650
145500,140,-33.656
145510,140,-33.656
145520,140,-33.650
145530,140,-33.656
145540,140,-33.656
145550,140,-33.650
145560,140,-33.662
145570,140,-33.669
145580,140,-33.650
145590,140,-33.656
145600,140,-33.656
145610,140,-33.650
145620,140,-33.662
145630,140,-33.656
145640,140,-33.644
145650,140,-33.656
145660,140,-33.656
145670,140,-33.650
145680,140,-33.656
145690,140,-33.656
145700,140,-33.662
145710,140,-33.662
145720,140,-33.656
145730,140,-33.656
145740,140,-33.650
145750,140,-33.656
145760,140,-33.656
145770,140,-33.650
145780,140,-33.656
145790,140,-33.650
145800,140,-33.662
145810,140,-33.650
145820,140,-33.694
145830,140,-33.656
145840,140,-33.669
145850,140,-33.644
145860,140,-33.662
145870,140,-33.650
145880,140,-33.656
145890,140,-33.656
145900,140,-33.650
145910,140,-33.662
145920,140,-33.650
145930,140,-33.656
145940,140,-33.662
145950,140,-33.644
145960,140,-33.656
145970,140,-33.687
145980,140,-33.650
145990,140,-33.656
146000,140,-33.656
146010,140,-33.656
146020,140,-33.656
146030,140,-33.662
146040,140,-33.656
146050,140,-33.650
146060,140,-33.662
146070,140,-33.656
146080,140,-33.656
146090,140,-33.662
146100,140,-33.669
146110,140,-33.675
146120,140,-33.694
146130,140,-33.656
146140,140,-33.650
146150,140,-33.662
146160,140,-33.650
146170,140,-33.656
146180,140,-33.656
146190,140,-33.650
146200,140,-33.662
146210,140,-33.656
146220,140,-33.650
146230,140,-33.662
146240,140,-33.687
146250,140,-33.650
146260,140,-33.656
146270,140,-33.662
146280,140,-33.656
146290,140,-33.656
146300,140,-33.669
146310,140,-33.656
146320,140,-33.650
146330,140,-33.662
146340,140,-33.656
146350,140,-33.650
146360,140,-33.706
146370,140,-33.669
146380,140,-33.675
146390,140,-33.694
146400,140,-33.650
146410,140,-33.694
146420,140,-33.725
146430,140,-33.650
146440,140,-33.706
146450,140,-33.681
146460,140,-33.669
146470,140,-33.706
146480,140,-33.675
146490,140,-33.719
146500,140,-33.694
146510,140,-33.681
146520,140,-33.731
146530,140,-33.687
146540,140,-33.706
146550,140,-33.681
146560,140,-33.662
146570,140,-33.706
146580,140,-33.675
146590,140,-33.725
146600,140,-33.700
146610,140,-33.681
146620,140,-33.719
146630,140,-33.681
146640,140,-33.700
146650,140,-33.712
146660,140,-33.725
146670,140,-33.656
146680,140,-33.681
146690,140,-33.700
146700,140,-33.694
146710,140,-33.719
146720,140,-33.687
146730,140,-33.706
146740,140,-33.719
146750,140,-33.681
146760,140,-33.719
146770,140,-33.706
146780,140,-33.694
146790,140,-33.687
146800,140,-33.650
146810,140,-33.725
146820,140,-33.675
146830,140,-33.700
146840,140,-33.719
146850,140,-33.681
146860,140,-33.725
146870,140,-33.694
146880,140,-33.687
146890,140,-33.712
146900,140,-33.656
146910,140,-33.725
146920,140,-33.687
146930,140,-33.712
146940,140,-33.719
146950,140,-33.687
146960,140,-33.731
146970,140,-33.706
146980,140,-33.687
146990,140,-33.719
147000,140,-33.700
147010,145,-33.694
147020,145,-33.675
147030,145,-33.712
147040,145,-33.719
147050,145,-33.719
147060,145,-33.725
147070,145,-33.725
147080,145,-33.719
147090,145,-33.769
147100,145,-33.781
147110,145,-33.781
147120,145,-33.794
147130,145,-33.787
147140,145,-33.775
147150,145,-33.781
147160,145,-33.787
147170,145,-33.794
147180,145,-33.825
147190,145,-33.844
147200,145,-33.794
147210,145,-33.844
147220,145,-33.862
147230,145,-33.850
147240,145,-33.856
147250,145,-33.856
147260,145,-33.856
147270,145,-33.856
147280,145,-33.856
147290,145,-33.856
147300,145,-33.856
147310,145,-33.862
147320,145,-33.850
147330,145,-33.856
147340,145,-33.862
147350,145,-33.862
147360,145,-33.862
147370,145,-33.862
147380,145,-33.856
147390,145,-33.869
147400,145,-33.862
147410,145,-33.875
147420,145,-33.862
147430,145,-33.856
147440,145,-33.894
147450,145,-33.856
147460,145,-33.856
147470,145,-33.856
147480,145,-33.894
147490,145,-33.862
147500,145,-33.862
147510,145,-33.862
147520,145,-33.881
147530,145,-33.900
147540,145,-33.850
147550,145,-33.887
147560,145,-33.850
147570,145,-33.906
147580,145,-33.862
147590,145,-33.906
147600,145,-33.875
147610,145,-33.869
147620,145,-33.844
147630,145,-33.881
147640,145,-33.900
147650,145,-33.850
147660,145,-33.850
147670,145,-33.912
147680,145,-33.856
147690,145,-33.875
147700,145,-33.862
147710,145,-33.887
147720,145,-33.881
147730,145,-33.850
147740,145,-33.875
147750,145,-33.862
147760,145,-33.900
147770,145,-33.856
147780,145,-33.850
147790,145,-33.850
147800,145,-33.875
147810,145,-33.862
147820,145,-33.856
147830,145,-33.856
147840,145,-33.862
147850,145,-33.862
147860,145,-33.862
147870,145,-33.856
147880,145,-33.862
147890,145,-33.856
147900,145,-33.856
147910,145,-33.856
147920,145,-33.856
147930,145,-33.856
147940,145,-33.881
147950,145,-33.862
147960,145,-33.856
147970,145,-33.856
147980,145,-33.900
147990,145,-33.850
148000,145,-33.837
148010,145,-33.856
148020,145,-33.862
148030,145,-33.862
148040,145,-33.850
148050,145,-33.856
148060,145,-33.906
148070,145,-33.856
148080,145,-33.856
148090,145,-33.856
148100,145,-33.894
148110,145,-33.844
148120,145,-33.844
148130,145,-33.862
148140,145,-33.856
148150,145,-33.850
148160,145,-33.850
148170,145,-33.850
148180,145,-33.850
148190,145,-33.850
148200,145,-33.850
148210,145,-33.856
148220,145,-33.850
148230,145,-33.856
148240,145,-33.856
148250,145,-33.850
148260,145,-33.856
148270,145,-33.856
148280,145,-33.856
148290,145,-33.850
148300,145,-33.887
148310,145,-33.856
148320,145,-33.850
148330,145,-33.850
148340,145,-33.856
148350,145,-33.850
148360,145,-33.856
148370,145,-33.856
148380,145,-33.856
148390,145,-33.856
148400,145,-33.862
148410,145,-33.850
148420,145,-33.862
148430,145,-33.856
148440,145,-33.856
148450,145,-33.850
148460,145,-33.856
148470,145,-33.850
148480,145,-33.850
148490,145,-33.850
148500,145,-33.856
148510,145,-33.856
148520,145,-33.862
148530,145,-33.856
148540,145,-33.900
148550,145,-33.850
148560,145,-33.850
148570,145,-33.856
148580,145,-33.856
148590,145,-33.850
148600,145,-33.862
148610,145,-33.856
148620,145,-33.856
148630,145,-33.850
148640,145,-33.856
148650,145,-33.850
148660,145,-33.856
148670,145,-33.862
148680,145,-33.856
148690,145,-33.856
148700,145,-33.856
148710,145,-33.856
148720,145,-33.850
148730,145,-33.850
148740,145,-33.856
148750,145,-33.850
148760,145,-33.850
148770,145,-33.856
148780,145,-33.875
148790,145,-33.862
148800,145,-33.844
148810,145,-33.850
148820,145,-33.844
148830,145,-33.850
148840,145,-33.844
148850,145,-33.856
148860,145,-33.856
148870,145,-33.856
148880,145,-33.856
148890,145,-33.856
148900,145,-33.856
148910,145,-33.850
148920,145,-33.850
148930,145,-33.850
148940,145,-33.850
148950,145,-33.881
148960,145,-33.844
148970,145,-33.844
148980,145,-33.869
148990,145,-33.912
149000,145,-33.844
149010,145,-33.850
149020,145,-33.850
149030,145,-33.894
149040,145,-33.844
149050,145,-33.844
149060,145,-33.844
149070,145,-33.844
149080,145,-33.850
149090,145,-33.850
149100,145,-33.850
149110,145,-33.856
149120,145,-33.850
149130,145,-33.850
149140,145,-33.856
149150,145,-33.869
149160,145,-33.856
149170,145,-33.844
149180,145,-33.850
149190,145,-33.887
149200,145,-33.850
149210,145,-33.850
149220,145,-33.850
149230,145,-33.887
149240,145,-33.856
149250,145,-33.850
149260,145,-33.875
149270,145,-33.856
149280,145,-33.844
149290,145,-33.850
149300,145,-33.844
149310,145,-33.850
149320,145,-33.856
149330,145,-33.856
149340,145,-33.856
149350,145,-33.856
149360,145,-33.856
149370,145,-33.850
149380,145,-33.856
149390,145,-33.856
149400,145,-33.856
149410,145,-33.862
149420,145,-33.862
149430,145,-33.875
149440,145,-33.862
149450,145,-33.837
149460,145,-33.856
149470,145,-33.887
149480,145,-33.844
149490,145,-33.844
149500,145,-33.856
149510,145,-33.850
149520,145,-33.856
149530,145,-33.856
149540,145,-33.850
149550,145,-33.856
149560,145,-33.856
149570,145,-33.850
149580,145,-33.856
149590,145,-33.850
149600,145,-33.881
149610,145,-33.844
149620,145,-33.844
149630,145,-33.875
149640,145,-33.850
149650,145,-33.844
149660,145,-33.844
149670,145,-33.844
149680,145,-33.887
149690,145,-33.881
149700,145,-33.856
149710,145,-33.856
149720,145,-33.862
149730,145,-33.894
149740,145,-33.850
149750,145,-33.894
149760,145,-33.844
149770,145,-33.875
149780,145,-33.844
149790,145,-33.887
149800,145,-33.869
149810,145,-33.844
149820,145,-33.869
149830,145,-33.869
149840,145,-33.887
149850,145,-33.862
149860,145,-33.900
149870,145,-33.844
149880,145,-33.881
149890,145,-33.850
149900,145,-33.900
149910,145,-33.875
149920,145,-33.875
149930,145,-33.875
149940,145,-33.856
149950,145,-33.906
149960,145,-33.894
149970,145,-33.850
149980,145,-33.844
149990,145,-33.856
150000,145,-33.875
150010,145,-33.869
150020,145,-33.844
150030,145,-33.881
150040,145,-33.875
150050,145,-33.875
150060,145,-33.850
150070,145,-33.887
150080,145,-33.912
150090,145,-33.856
150100,145,-33.856
150110,145,-33.862
150120,145,-33.912
150130,145,-33.844
150140,145,-33.887
150150,145,-33.844
150160,145,-33.900
150170,145,-33.850
150180,145,-33.887
150190,145,-33.862
150200,145,-33.856
150210,145,-33.856
150220,145,-33.862
150230,145,-33.844
150240,145,-33.844
150250,145,-33.850
150260,145,-33.850
150270,145,-33.887
150280,145,-33.856
150290,145,-33.856
150300,145,-33.869
150310,145,-33.856
150320,145,-33.844
150330,145,-33.850
150340,145,-33.844
150350,145,-33.894
150360,145,-33.844
150370,145,-33.856
150380,145,-33.856
150390,145,-33.875
150400,145,-33.850
150410,145,-33.850
150420,145,-33.881
150430,145,-33.844
150440,145,-33.887
150450,145,-33.850
150460,145,-33.894
150470,145,-33.856
150480,145,-33.856
150490,145,-33.850
150500,145,-33.869
150510,145,-33.881
150520,145,-33.844
150530,145,-33.850
150540,145,-33.850
150550,145,-33.894
150560,145,-33.894
150570,145,-33.850
150580,145,-33.862
150590,145,-33.875
150600,145,-33.919
150610,145,-33.837
150620,145,-33.894
150630,145,-33.881
150640,145,-33.887
150650,145,-33.844
150660,145,-33.850
150670,145,-33.875
150680,145,-33.906
150690,145,-33.844
150700,145,-33.875
150710,145,-33.862
150720,145,-33.894
150730,145,-33.869
150740,145,-33.900
150750,145,-33.906
150760,145,-33.875
150770,145,-33.900
150780,145,-33.875
150790,145,-33.894
150800,145,-33.844
150810,145,-33.912
150820,145,-33.875
150830,145,-33.906
150840,145,-33.850
150850,145,-33.906
150860,145,-33.862
150870,145,-33.869
150880,145,-33.850
150890,145,-33.869
150900,145,-33.887
150910,145,-33.875
150920,145,-33.881
150930,145,-33.850
150940,145,-33.894
150950,145,-33.887
150960,145,-33.856
150970,145,-33.856
150980,145,-33.869
150990,145,-33.869
151000,145,-33.856
151010,145,-33.862
151020,145,-33.906
151030,145,-33.906
151040,145,-33.881
151050,145,-33.850
151060,145,-33.887
151070,145,-33.912
151080,145,-33.850
151090,145,-33.925
151100,145,-33.881
151110,145,-33.900
151120,145,-33.869
151130,145,-33.912
151140,145,-33.900
151150,145,-33.869
151160,145,-33.900
151170,145,-33.881
151180,145,-33.925
151190,145,-33.856
151200,145,-33.912
151210,145,-33.881
151220,145,-33.906
151230,145,-33.875
151240,145,-33.912
151250,145,-33.900
151260,145,-33.875
151270,145,-33.887
151280,145,-33.887
151290,145,-33.919
151300,145,-33.856
151310,145,-33.919
151320,145,-33.919
151330,145,-33.850
151340,145,-33.881
151350,145,-33.887
151360,145,-33.894
151370,145,-33.881
151380,145,-33.856
151390,145,-33.875
151400,145,-33.862
151410,145,-33.894
151420,145,-33.856
151430,145,-33.925
151440,145,-33.856
151450,145,-33.887
151460,145,-33.875
151470,145,-33.900
151480,145,-33.925
151490,145,-33.856
151500,145,-33.912
151510,145,-33.887
151520,145,-33.925
151530,145,-33.850
151540,145,-33.919
151550,145,-33.856
151560,145,-33.881
151570,145,-33.925
151580,145,-33.900
151590,145,-33.919
151600,145,-33.869
151610,145,-33.925
151620,145,-33.881
151630,145,-33.925
151640,145,-33.900
151650,145,-33.925
151660,145,-33.906
151670,145,-33.919
151680,145,-33.875
151690,145,-33.931
151700,145,-33.881
151710,145,-33.919
151720,145,-33.887
151730,145,-33.919
151740,145,-33.881
151750,145,-33.900
151760,145,-33.925
151770,145,-33.900
151780,145,-33.912
151790,145,-33.881
151800,145,-33.919
151810,145,-33.875
151820,145,-33.912
151830,145,-33.887
151840,145,-33.925
151850,145,-33.881
151860,145,-33.900
151870,145,-33.919
151880,145,-33.900
151890,145,-33.912
151900,145,-33.875
151910,145,-33.919
151920,145,-33.875
151930,145,-33.912
151940,145,-33.887
151950,145,-33.925
151960,145,-33.875
151970,145,-33.906
151980,145,-33.912
151990,145,-33.925
152000,145,-33.881
152010,150,-33.906
152020,150,-33.869
152030,150,-33.919
152040,150,-33.912
152050,150,-33.919
152060,150,-33.912
152070,150,-33.912
152080,150,-33.919
152090,150,-33.912
152100,150,-33.912
152110,150,-33.919
152120,150,-33.919
152130,150,-33.912
152140,150,-33.919
152150,150,-33.969
152160,150,-33.931
152170,150,-33.981
152180,150,-33.969
152190,150,-33.981
152200,150,-33.981
152210,150,-33.981
152220,150,-33.981
152230,150,-33.994
152240,150,-33.981
152250,150,-33.981
152260,150,-33.981
152270,150,-33.981
152280,150,-33.981
152290,150,-33.994
152300,150,-33.981
152310,150,-33.975
152320,150,-33.981
152330,150,-33.981
152340,150,-33.987
152350,150,-33.981
152360,150,-33.981
152370,150,-33.981
152380,150,-33.981
152390,150,-33.975
152400,150,-33.987
152410,150,-33.994
152420,150,-33.981
152430,150,-33.975
152440,150,-33.987
152450,150,-33.987
152460,150,-33.981
152470,150,-33.975
152480,150,-33.981
152490,150,-33.987
152500,150,-33.981
152510,150,-33.987
152520,150,-33.987
152530,150,-33.987
152540,150,-33.994
152550,150,-33.981
152560,150,-33.975
152570,150,-33.975
152580,150,-33.981
152590,150,-33.981
152600,150,-33.975
152610,150,-33.987
152620,150,-33.994
152630,150,-33.981
152640,150,-33.975
152650,150,-33.987
152660,150,-33.994
152670,150,-33.987
152680,150,-33.981
152690,150,-33.987
152700,150,-33.981
152710,150,-34.000
152720,150,-33.994
152730,150,-33.981
152740,150,-33.981
152750,150,-33.981
152760,150,-33.981
152770,150,-33.987
152780,150,-33.987
152790,150,-33.981
152800,150,-33.994
152810,150,-33.987
152820,150,-33.987
152830,150,-33.987
152840,150,-33.994
152850,150,-33.987
152860,150,-33.981
152870,150,-33.987
152880,150,-33.987
152890,150,-33.987
152900,150,-33.994
152910,150,-33.981
152920,150,-33.994
152930,150,-33.981
152940,150,-33.987
152950,150,-33.981
152960,150,-33.987
152970,150,-33.987
152980,150,-33.994
152990,150,-33.987
153000,150,-33.987
153010,150,-33.981
153020,150,-33.987
153030,150,-33.981
153040,150,-33.987
153050,150,-33.994
153060,150,-33.987
153070,150,-33.994
153080,150,-33.987
153090,150,-33.994
153100,150,-33.987
153110,150,-33.987
153120,150,-33.994
153130,150,-33.994
153140,150,-33.981
153150,150,-33.981
153160,150,-33.987
153170,150,-33.987
153180,150,-33.994
153190,150,-33.987
153200,150,-33.994
153210,150,-33.987
153220,150,-33.987
153230,150,-33.981
153240,150,-33.987
153250,150,-33.981
153260,150,-33.994
153270,150,-33.987
153280,150,-33.994
153290,150,-33.987
153300,150,-33.994
153310,150,-33.981
153320,150,-33.981
153330,150,-33.987
153340,150,-33.987
153350,150,-33.987
153360,150,-33.994
153370,150,-33.994
153380,150,-33.994
153390,150,-33.987
153400,150,-33.987
153410,150,-33.981
153420,150,-33.987
153430,150,-33.987
153440,150,-33.981
153450,150,-33.994
153460,150,-33.994
153470,150,-33.987
153480,150,-33.994
153490,150,-33.987
153500,150,-33.987
153510,150,-33.981
153520,150,-33.987
153530,150,-33.981
153540,150,-33.981
153550,150,-33.987
153560,150,-33.987
153570,150,-33.981
153580,150,-33.994
153590,150,-33.987
153600,150,-33.994
153610,150,-33.981
153620,150,-33.981
153630,150,-33.981
153640,150,-33.981
153650,150,-33.981
153660,150,-33.994
153670,150,-33.987
153680,150,-33.987
153690,150,-33.981
153700,150,-33.987
153710,150,-33.987
153720,150,-33.981
153730,150,-33.975
153740,150,-33.994
153750,150,-33.981
153760,150,-33.981
153770,150,-33.975
153780,150,-33.981
153790,150,-33.994
153800,150,-33.987
153810,150,-33.981
153820,150,-33.981
153830,150,-33.981
153840,150,-33.987
153850,150,-33.994
153860,150,-33.981
153870,150,-33.981
153880,150,-33.987
153890,150,-33.981
153900,150,-33.987
153910,150,-33.987
153920,150,-33.987
153930,150,-33.981
153940,150,-33.987
153950,150,-33.994
153960,150,-33.987
153970,150,-33.981
153980,150,-33.981
153990,150,-33.981
154000,150,-33.987
154010,150,-33.981
154020,150,-33.994
154030,150,-33.994
154040,150,-33.987
154050,150,-33.981
154060,150,-33.987
154070,150,-33.981
154080,150,-33.987
154090,150,-33.987
154100,150,-33.987
154110,150,-33.981
154120,150,-33.987
154130,150,-33.994
154140,150,-33.981
154150,150,-33.987
154160,150,-33.987
154170,150,-33.981
154180,150,-33.987
154190,150,-33.981
154200,150,-33.981
154210,150,-33.987
154220,150,-33.987
154230,150,-34.000
154240,150,-33.987
154250,150,-33.987
154260,150,-33.987
154270,150,-33.981
154280,150,-33.981
154290,150,-33.981
154300,150,-33.981
154310,150,-33.981
154320,150,-33.987
154330,150,-33.981
154340,150,-33.994
154350,150,-33.987
154360,150,-33.987
154370,150,-33.981
154380,150,-33.987
154390,150,-33.987
154400,150,-33.994
154410,150,-33.987
154420,150,-33.987
154430,150,-33.981
154440,150,-33.981
154450,150,-33.981
154460,150,-33.987
154470,150,-33.987
154480,150,-33.994
154490,150,-33.987
154500,150,-33.987
154510,150,-33.987
154520,150,-33.987
154530,150,-33.981
154540,150,-33.987
154550,150,-33.987
154560,150,-33.994
154570,150,-33.987
154580,150,-33.981
154590,150,-33.994
154600,150,-34.000
154610,150,-33.987
154620,150,-33.987
154630,150,-33.987
154640,150,-33.987
154650,150,-33.987
154660,150,-33.987
154670,150,-33.987
154680,150,-33.987
154690,150,-33.994
154700,150,-33.981
154710,150,-33.981
154720,150,-33.975
154730,150,-33.981
154740,150,-33.981
154750,150,-33.987
154760,150,-33.981
154770,150,-33.987
154780,150,-33.987
154790,150,-33.994
154800,150,-33.981
154810,150,-33.981
154820,150,-33.987
154830,150,-33.981
154840,150,-33.981
154850,150,-33.981
154860,150,-33.987
154870,150,-33.987
154880,150,-33.981
154890,150,-33.987
154900,150,-33.994
154910,150,-33.987
154920,150,-33.981
154930,150,-33.981
154940,150,-33.981
154950,150,-33.987
154960,150,-33.987
154970,150,-33.975
154980,150,-33.975
154990,150,-33.987
155000,150,-33.981
155010,150,-33.981
155020,150,-33.981
155030,150,-33.981
155040,150,-33.987
155050,150,-33.987
155060,150,-33.987
155070,150,-33.987
155080,150,-33.981
155090,150,-33.975
155100,150,-33.994
155110,150,-33.987
155120,150,-33.981
155130,150,-33.987
155140,150,-33.987
155150,150,-33.994
155160,150,-33.994
155170,150,-33.987
155180,150,-33.981
155190,150,-33.981
155200,150,-33.981
155210,150,-33.981
155220,150,-33.987
155230,150,-33.987
155240,150,-33.981
155250,150,-33.994
155260,150,-33.987
155270,150,-33.987
155280,150,-33.987
155290,150,-33.987
155300,150,-33.987
155310,150,-33.987
155320,150,-33.981
155330,150,-33.987
155340,150,-33.981
155350,150,-33.987
155360,150,-33.975
155370,150,-33.987
155380,150,-33.987
155390,150,-33.987
155400,150,-33.981
155410,150,-34.031
155420,150,-33.994
155430,150,-33.981
155440,150,-33.981
155450,150,-34.025
155460,150,-33.994
155470,150,-34.031
155480,150,-33.981
155490,150,-33.981
155500,150,-33.981
155510,150,-33.987
155520,150,-33.981
155530,150,-33.987
155540,150,-33.975
155550,150,-33.981
155560,150,-33.987
155570,150,-33.981
155580,150,-33.975
155590,150,-33.975
155600,150,-33.969
155610,150,-33.975
155620,150,-33.975
155630,150,-33.981
155640,150,-33.975
155650,150,-33.981
155660,150,-33.981
155670,150,-33.975
155680,150,-33.987
155690,150,-33.994
155700,150,-33.987
155710,150,-33.981
155720,150,-33.981
155730,150,-33.975
155740,150,-33.981
155750,150,-33.981
155760,150,-33.987
155770,150,-33.981
155780,150,-33.987
155790,150,-33.981
155800,150,-33.987
155810,150,-33.981
155820,150,-33.981
155830,150,-34.031
155840,150,-33.981
155850,150,-33.975
155860,150,-33.975
155870,150,-33.981
155880,150,-33.981
155890,150,-33.981
155900,150,-33.975
155910,150,-33.981
155920,150,-33.987
155930,150,-33.987
155940,150,-33.981
155950,150,-33.981
155960,150,-33.981
155970,150,-33.981
155980,150,-33.981
155990,150,-33.975
156000,150,-33.981
156010,150,-33.975
156020,150,-33.975
156030,150,-33.975
156040,150,-33.975
156050,150,-33.987
156060,150,-33.975
156070,150,-33.969
156080,150,-33.975
156090,150,-33.975
156100,150,-33.987
156110,150,-33.981
156120,150,-33.975
156130,150,-33.975
156140,150,-33.987
156150,150,-33.981
156160,150,-33.969
156170,150,-33.975
156180,150,-33.987
156190,150,-33.981
156200,150,-33.981
156210,150,-33.969
156220,150,-33.987
156230,150,-33.975
156240,150,-33.975
156250,150,-33.981
156260,150,-33.981
156270,150,-33.975
156280,150,-33.975
156290,150,-33.981
156300,150,-33.975
156310,150,-33.981
156320,150,-33.969
156330,150,-33.969
156340,150,-33.975
156350,150,-33.975
156360,150,-33.981
156370,150,-33.987
156380,150,-33.975
156390,150,-33.975
156400,150,-33.987
156410,150,-33.987
156420,150,-33.975
156430,150,-33.975
156440,150,-33.981
156450,150,-33.981
156460,150,-33.975
156470,150,-33.975
156480,150,-33.987
156490,150,-33.981
156500,150,-33.975
156510,150,-33.975
156520,150,-33.981
156530,150,-33.987
156540,150,-33.975
156550,150,-33.975
156560,150,-33.987
156570,150,-33.981
156580,150,-33.981
156590,150,-33.975
156600,150,-33.987
156610,150,-33.981
156620,150,-33.987
156630,150,-33.981
156640,150,-33.981
156650,150,-33.987
156660,150,-33.994
156670,150,-33.975
156680,150,-33.975
156690,150,-33.987
156700,150,-33.981
156710,150,-33.987
156720,150,-33.981
156730,150,-33.987
156740,150,-33.987
156750,150,-33.981
156760,150,-33.987
156770,150,-33.981
156780,150,-33.987
156790,150,-33.981
156800,150,-33.981
156810,150,-33.981
156820,150,-33.981
156830,150,-33.981
156840,150,-33.987
156850,150,-33.981
156860,150,-33.981
156870,150,-33.981
156880,150,-33.981
156890,150,-33.975
156900,150,-33.975
156910,150,-33.975
156920,150,-34.012
156930,150,-33.981
156940,150,-33.987
156950,150,-33.981
156960,150,-33.981
156970,150,-33.975
156980,150,-33.975
156990,150,-33.975
157000,150,-33.975
157010,155,-33.956
157020,155,-33.981
157030,155,-33.975
157040,155,-33.969
157050,155,-33.975
157060,155,-33.994
157070,155,-34.044
157080,155,-34.012
157090,155,-34.044
157100,155,-34.044
157110,155,-34.037
157120,155,-34.044
157130,155,-34.037
157140,155,-34.037
157150,155,-34.037
157160,155,-34.037
157170,155,-34.044
157180,155,-34.044
157190,155,-34.044
157200,155,-34.044
157210,155,-34.050
157220,155,-34.050
157230,155,-34.044
157240,155,-34.050
157250,155,-34.056
157260,155,-34.044
157270,155,-34.044
157280,155,-34.044
157290,155,-34.050
157300,155,-34.037
157310,155,-34.044
157320,155,-34.050
157330,155,-34.037
157340,155,-34.037
157350,155,-34.050
157360,155,-34.044
157370,155,-34.044
157380,155,-34.050
157390,155,-34.044
157400,155,-34.037
157410,155,-34.050
157420,155,-34.044
157430,155,-34.044
157440,155,-34.044
157450,155,-34.050
157460,155,-34.050
157470,155,-34.044
157480,155,-34.044
157490,155,-34.050
157500,155,-34.037
157510,155,-34.037
157520,155,-34.044
157530,155,-34.050
157540,155,-34.037
157550,155,-34.044
157560,155,-34.050
157570,155,-34.044
157580,155,-34.037
157590,155,-34.050
157600,155,-34.044
157610,155,-34.050
157620,155,-34.056
157630,155,-34.044
157640,155,-34.050
157650,155,-34.044
157660,155,-34.044
157670,155,-34.050
157680,155,-34.044
157690,155,-34.044
157700,155,-34.050
157710,155,-34.037
157720,155,-34.037
157730,155,-34.044
157740,155,-34.050
157750,155,-34.031
157760,155,-34.037
157770,155,-34.050
157780,155,-34.044
157790,155,-34.050
157800,155,-34.044
157810,155,-34.044
157820,155,-34.044
157830,155,-34.044
157840,155,-34.044
157850,155,-34.037
157860,155,-34.037
157870,155,-34.037
157880,155,-34.050
157890,155,-34.044
157900,155,-34.044
157910,155,-34.044
157920,155,-34.044
157930,155,-34.044
157940,155,-34.044
157950,155,-34.044
157960,155,-34.044
157970,155,-34.050
157980,155,-34.037
157990,155,-34.037
158000,155,-34.037
158010,155,-34.037
158020,155,-34.050
158030,155,-34.044
158040,155,-34.044
158050,155,-34.044
158060,155,-34.050
158070,155,-34.044
158080,155,-34.044
158090,155,-34.044
158100,155,-34.044
158110,155,-34.044
158120,155,-34.050
158130,155,-34.037
158140,155,-34.050
158150,155,-34.056
158160,155,-34.050
158170,155,-34.044
158180,155,-34.050
158190,155,-34.050
158200,155,-34.050
158210,155,-34.037
158220,155,-34.044
158230,155,-34.050
158240,155,-34.044
158250,155,-34.044
158260,155,-34.050
158270,155,-34.050
158280,155,-34.044
158290,155,-34.050
158300,155,-34.044
158310,155,-34.050
158320,155,-34.050
158330,155,-34.050
158340,155,-34.044
158350,155,-34.037
158360,155,-34.050
158370,155,-34.050
158380,155,-34.044
158390,155,-34.044
158400,155,-34.050
158410,155,-34.037
158420,155,-34.037
158430,155,-34.050
158440,155,-34.050
158450,155,-34.056
158460,155,-34.056
158470,155,-34.050
158480,155,-34.050
158490,155,-34.044
158500,155,-34.050
158510,155,-34.050
158520,155,-34.044
158530,155,-34.050
158540,155,-34.050
158550,155,-34.050
158560,155,-34.044
158570,155,-34.044
158580,155,-34.050
158590,155,-34.037
158600,155,-34.044
158610,155,-34.050
158620,155,-34.044
158630,155,-34.037
158640,155,-34.050
158650,155,-34.050
158660,155,-34.044
158670,155,-34.050
158680,155,-34.050
158690,155,-34.050
158700,155,-34.044
158710,155,-34.050
158720,155,-34.050
158730,155,-34.044
158740,155,-34.050
158750,155,-34.050
158760,155,-34.056
158770,155,-34.037
158780,155,-34.037
158790,155,-34.044
158800,155,-34.050
158810,155,-34.050
158820,155,-34.044
158830,155,-34.050
158840,155,-34.044
158850,155,-34.050
158860,155,-34.050
158870,155,-34.050
158880,155,-34.037
158890,155,-34.044
158900,155,-34.050
158910,155,-34.044
158920,155,-34.044
158930,155,-34.050
158940,155,-34.044
158950,155,-34.044
158960,155,-34.044
158970,155,-34.044
158980,155,-34.044
158990,155,-34.044
159000,155,-34.037
159010,155,-34.037
159020,155,-34.050
159030,155,-34.050
159040,155,-34.044
159050,155,-34.044
159060,155,-34.044
159070,155,-34.044
159080,155,-34.050
159090,155,-34.044
159100,155,-34.044
159110,155,-34.044
159120,155,-34.044
159130,155,-34.050
159140,155,-34.037
159150,155,-34.037
159160,155,-34.044
159170,155,-34.050
159180,155,-34.044
159190,155,-34.050
159200,155,-34.044
159210,155,-34.044
159220,155,-34.056
159230,155,-34.050
159240,155,-34.044
159250,155,-34.044
159260,155,-34.050
159270,155,-34.044
159280,155,-34.044
159290,155,-34.050
159300,155,-34.037
159310,155,-34.044
159320,155,-34.044
159330,155,-34.050
159340,155,-34.044
159350,155,-34.050
159360,155,-34.044
159370,155,-34.050
159380,155,-34.056
159390,155,-34.056
159400,155,-34.050
159410,155,-34.044
159420,155,-34.050
159430,155,-34.050
159440,155,-34.044
159450,155,-34.050
159460,155,-34.050
159470,155,-34.050
159480,155,-34.050
159490,155,-34.037
159500,155,-34.050
159510,155,-34.044
159520,155,-34.044
159530,155,-34.044
159540,155,-34.050
159550,155,-34.044
159560,155,-34.050
159570,155,-34.044
159580,155,-34.056
159590,155,-34.050
159600,155,-34.050
159610,155,-34.037
159620,155,-34.050
159630,155,-34.044
159640,155,-34.037
159650,155,-34.044
159660,155,-34.044
159670,155,-34.037
159680,155,-34.044
159690,155,-34.044
159700,155,-34.044
159710,155,-34.044
159720,155,-34.037
159730,155,-34.044
159740,155,-34.031
159750,155,-34.050
159760,155,-34.044
159770,155,-34.044
159780,155,-34.037
159790,155,-34.044
159800,155,-34.044
159810,155,-34.044
159820,155,-34.044
159830,155,-34.037
159840,155,-34.044
159850,155,-34.037
159860,155,-34.044
159870,155,-34.044
159880,155,-34.044
159890,155,-34.050
159900,155,-34.031
159910,155,-34.037
159920,155,-34.044
159930,155,-34.044
159940,155,-34.044
159950,155,-34.044
159960,155,-34.037
159970,155,-34.031
159980,155,-34.031
159990,155,-34.037
160000,155,-34.037
160010,155,-34.044
160020,155,-34.044
160030,155,-34.044
160040,155,-34.044
160050,155,-34.050
160060,155,-34.044
160070,155,-34.050
160080,155,-34.044
160090,155,-34.050
160100,155,-34.044
160110,155,-34.050
160120,155,-34.056
160130,155,-34.044
160140,155,-34.050
160150,155,-34.044
160160,155,-34.037
160170,155,-34.044
160180,155,-34.075
160190,155,-34.044
160200,155,-34.044
160210,155,-34.044
160220,155,-34.069
160230,155,-34.075
160240,155,-34.062
160250,155,-34.050
160260,155,-34.056
160270,155,-34.044
160280,155,-34.044
160290,155,-34.075
160300,155,-34.050
160310,155,-34.037
160320,155,-34.050
160330,155,-34.044
160340,155,-34.037
160350,155,-34.069
160360,155,-34.031
160370,155,-34.044
160380,155,-34.044
160390,155,-34.050
160400,155,-34.056
160410,155,-34.069
160420,155,-34.062
160430,155,-34.044
160440,155,-34.056
160450,155,-34.050
160460,155,-34.050
160470,155,-34.044
160480,155,-34.081
160490,155,-34.050
160500,155,-34.050
160510,155,-34.056
160520,155,-34.050
160530,155,-34.056
160540,155,-34.050
160550,155,-34.056
160560,155,-34.050
160570,155,-34.050
160580,155,-34.037
160590,155,-34.050
160600,155,-34.056
160610,155,-34.050
160620,155,-34.050
160630,155,-34.044
160640,155,-34.050
160650,155,-34.044
160660,155,-34.050
160670,155,-34.050
160680,155,-34.050
160690,155,-34.044
160700,155,-34.050
160710,155,-34.044
160720,155,-34.044
160730,155,-34.050
160740,155,-34.037
160750,155,-34.037
160760,155,-34.075
160770,155,-34.050
160780,155,-34.044
160790,155,-34.044
160800,155,-34.050
160810,155,-34.044
160820,155,-34.037
160830,155,-34.050
160840,155,-34.050
160850,155,-34.044
160860,155,-34.044
160870,155,-34.050
160880,155,-34.031
160890,155,-34.031
160900,155,-34.044
160910,155,-34.044
160920,155,-34.050
160930,155,-34.044
160940,155,-34.050
160950,155,-34.050
160960,155,-34.044
160970,155,-34.056
160980,155,-34.050
160990,155,-34.050
161000,155,-34.044
161010,155,-34.044
161020,155,-34.056
161030,155,-34.044
161040,155,-34.062
161050,155,-34.056
161060,155,-34.056
161070,155,-34.056
161080,155,-34.056
161090,155,-34.044
161100,155,-34.050
161110,155,-34.081
161120,155,-34.044
161130,155,-34.050
161140,155,-34.044
161150,155,-34.056
161160,155,-34.056
161170,155,-34.056
161180,155,-34.050
161190,155,-34.050
161200,155,-34.050
161210,155,-34.037
161220,155,-34.044
161230,155,-34.050
161240,155,-34.044
161250,155,-34.044
161260,155,-34.050
161270,155,-34.050
161280,155,-34.044
161290,155,-34.050
161300,155,-34.056
161310,155,-34.050
161320,155,-34.081
161330,155,-34.062
161340,155,-34.044
161350,155,-34.044
161360,155,-34.050
161370,155,-34.050
161380,155,-34.044
161390,155,-34.087
161400,155,-34.056
161410,155,-34.050
161420,155,-34.056
161430,155,-34.050
161440,155,-34.050
161450,155,-34.056
161460,155,-34.050
161470,155,-34.044
161480,155,-34.050
161490,155,-34.050
161500,155,-34.056
161510,155,-34.044
161520,155,-34.056
161530,155,-34.100
161540,155,-34.050
161550,155,-34.056
161560,155,-34.056
161570,155,-34.056
161580,155,-34.056
161590,155,-34.050
161600,155,-34.081
161610,155,-34.056
161620,155,-34.050
161630,155,-34.050
161640,155,-34.050
161650,155,-34.050
161660,155,-34.050
161670,155,-34.044
161680,155,-34.044
161690,155,-34.056
161700,155,-34.056
161710,155,-34.056
161720,155,-34.050
161730,155,-34.056
161740,155,-34.094
161750,155,-34.044
161760,155,-34.050
161770,155,-34.050
161780,155,-34.050
161790,155,-34.044
161800,155,-34.044
161810,155,-34.094
161820,155,-34.056
161830,155,-34.056
161840,155,-34.056
161850,155,-34.044
161860,155,-34.069
161870,155,-34.050
161880,155,-34.056
161890,155,-34.050
161900,155,-34.056
161910,155,-34.056
161920,155,-34.050
161930,155,-34.056
161940,155,-34.044
161950,155,-34.050
161960,155,-34.044
161970,155,-34.044
161980,155,-34.100
161990,155,-34.094
162000,155,-34.094
162010,160,-34.031
162020,160,-34.044
162030,160,-34.050
162040,160,-34.081
162050,160,-34.081
162060,160,-34.075
162070,160,-34.119
162080,160,-34.062
162090,160,-34.106
162100,160,-34.112
162110,160,-34.112
162120,160,-34.112
162130,160,-34.112
162140,160,-34.112
162150,160,-34.112
162160,160,-34.112
162170,160,-34.112
162180,160,-34.119
162190,160,-34.112
162200,160,-34.106
162210,160,-34.119
162220,160,-34.106
162230,160,-34.112
162240,160,-34.112
162250,160,-34.106
162260,160,-34.119
162270,160,-34.106
162280,160,-34.106
162290,160,-34.106
162300,160,-34.106
162310,160,-34.112
162320,160,-34.119
162330,160,-34.106
162340,160,-34.106
162350,160,-34.119
162360,160,-34.112
162370,160,-34.106
162380,160,-34.119
162390,160,-34.112
162400,160,-34.106
162410,160,-34.112
162420,160,-34.106
162430,160,-34.112
162440,160,-34.112
162450,160,-34.112
162460,160,-34.112
162470,160,-34.119
162480,160,-34.112
162490,160,-34.112
162500,160,-34.119
162510,160,-34.106
162520,160,-34.106
162530,160,-34.112
162540,160,-34.119
162550,160,-34.106
162560,160,-34.112
162570,160,-34.112
162580,160,-34.106
162590,160,-34.119
162600,160,-34.106
162610,160,-34.106
162620,160,-34.112
162630,160,-34.119
162640,160,-34.112
162650,160,-34.112
162660,160,-34.119
162670,160,-34.112
162680,160,-34.119
162690,160,-34.119
162700,160,-34.106
162710,160,-34.119
162720,160,-34.112
162730,160,-34.112
162740,160,-34.112
162750,160,-34.119
162760,160,-34.112
162770,160,-34.112
162780,160,-34.112
162790,160,-34.106
162800,160,-34.112
162810,160,-34.112
162820,160,-34.119
162830,160,-34.112
162840,160,-34.112
162850,160,-34.112
162860,160,-34.112
162870,160,-34.112
162880,160,-34.106
162890,160,-34.112
162900,160,-34.112
162910,160,-34.119
162920,160,-34.112
162930,160,-34.106
162940,160,-34.112
162950,160,-34.112
162960,160,-34.106
162970,160,-34.112
162980,160,-34.119
162990,160,-34.106
163000,160,-34.106
163010,160,-34.119
163020,160,-34.112
163030,160,-34.112
163040,160,-34.112
163050,160,-34.106
163060,160,-34.112
163070,160,-34.106
163080,160,-34.112
163090,160,-34.112
163100,160,-34.112
163110,160,-34.119
163120,160,-34.112
163130,160,-34.106
163140,160,-34.125
163150,160,-34.112
163160,160,-34.106
163170,160,-34.112
163180,160,-34.112
163190,160,-34.119
163200,160,-34.106
163210,160,-34.106
163220,160,-34.119
163230,160,-34.112
163240,160,-34.112
163250,160,-34.106
163260,160,-34.106
163270,160,-34.112
163280,160,-34.119
163290,160,-34.106
163300,160,-34.112
163310,160,-34.112
163320,160,-34.112
163330,160,-34.112
163340,160,-34.106
163350,160,-34.112
163360,160,-34.112
163370,160,-34.112
163380,160,-34.112
163390,160,-34.112
163400,160,-34.112
163410,160,-34.112
163420,160,-34.112
163430,160,-34.106
163440,160,-34.106
163450,160,-34.112
163460,160,-34.112
163470,160,-34.112
163480,160,-34.106
163490,160,-34.112
163500,160,-34.106
163510,160,-34.112
163520,160,-34.112
163530,160,-34.106
163540,160,-34.112
163550,160,-34.112
163560,160,-34.106
163570,160,-34.112
163580,160,-34.112
163590,160,-34.106
163600,160,-34.112
163610,160,-34.106
163620,160,-34.100
163630,160,-34.100
163640,160,-34.106
163650,160,-34.112
163660,160,-34.112
163670,160,-34.112
163680,160,-34.106
163690,160,-34.119
163700,160,-34.112
163710,160,-34.106
163720,160,-34.112
163730,160,-34.112
163740,160,-34.112
163750,160,-34.112
163760,160,-34.106
163770,160,-34.112
163780,160,-34.112
163790,160,-34.112
163800,160,-34.106
163810,160,-34.106
163820,160,-34.112
163830,160,-34.112
163840,160,-34.106
163850,160,-34.112
163860,160,-34.106
163870,160,-34.112
163880,160,-34.112
163890,160,-34.112
163900,160,-34.112
163910,160,-34.112
163920,160,-34.106
163930,160,-34.106
163940,160,-34.112
163950,160,-34.112
163960,160,-34.100
163970,160,-34.094
163980,160,-34.094
163990,160,-34.100
164000,160,-34.094
164010,160,-34.087
164020,160,-34.094
164030,160,-34.100
164040,160,-34.094
164050,160,-34.094
164060,160,-34.100
164070,160,-34.094
164080,160,-34.094
164090,160,-34.100
164100,160,-34.087
164110,160,-34.094
164120,160,-34.087
164130,160,-34.094
164140,160,-34.094
164150,160,-34.094
164160,160,-34.094
164170,160,-34.100
164180,160,-34.094
164190,160,-34.100
164200,160,-34.087
164210,160,-34.094
164220,160,-34.087
164230,160,-34.094
164240,160,-34.087
164250,160,-34.094
164260,160,-34.094
164270,160,-34.094
164280,160,-34.094
164290,160,-34.100
164300,160,-34.112
164310,160,-34.106
164320,160,-34.106
164330,160,-34.112
164340,160,-34.112
164350,160,-34.112
164360,160,-34.112
164370,160,-34.112
164380,160,-34.106
164390,160,-34.106
164400,160,-34.106
164410,160,-34.112
164420,160,-34.112
164430,160,-34.112
164440,160,-34.119
164450,160,-34.106
164460,160,-34.112
164470,160,-34.112
164480,160,-34.106
164490,160,-34.112
164500,160,-34.112
164510,160,-34.112
164520,160,-34.112
164530,160,-34.106
164540,160,-34.119
164550,160,-34.112
164560,160,-34.106
164570,160,-34.112
164580,160,-34.106
164590,160,-34.112
164600,160,-34.106
164610,160,-34.112
164620,160,-34.106
164630,160,-34.112
164640,160,-34.081
164650,160,-34.087
164660,160,-34.112
164670,160,-34.106
164680,160,-34.106
164690,160,-34.106
164700,160,-34.119
164710,160,-34.106
164720,160,-34.106
164730,160,-34.081
164740,160,-34.087
164750,160,-34.075
164760,160,-34.106
164770,160,-34.112
164780,160,-34.112
164790,160,-34.119
164800,160,-34.119
164810,160,-34.106
164820,160,-34.119
164830,160,-34.106
164840,160,-34.106
164850,160,-34.112
164860,160,-34.112
164870,160,-34.106
164880,160,-34.112
164890,160,-34.106
164900,160,-34.069
164910,160,-34.094
164920,160,-34.112
164930,160,-34.112
164940,160,-34.112
164950,160,-34.106
164960,160,-34.106
164970,160,-34.112
164980,160,-34.112
164990,160,-34.119
165000,160,-34.106
165010,160,-34.100
165020,160,-34.119
165030,160,-34.112
165040,160,-34.112
165050,160,-34.112
165060,160,-34.056
165070,160,-34.112
165080,160,-34.119
165090,160,-34.106
165100,160,-34.112
165110,160,-34.106
165120,160,-34.112
165130,160,-34.112
165140,160,-34.112
165150,160,-34.106
165160,160,-34.112
165170,160,-34.106
165180,160,-34.119
165190,160,-34.106
165200,160,-34.106
165210,160,-34.112
165220,160,-34.056
165230,160,-34.112
165240,160,-34.112
165250,160,-34.112
165260,160,-34.112
165270,160,-34.106
165280,160,-34.112
165290,160,-34.112
165300,160,-34.112
165310,160,-34.112
165320,160,-34.106
165330,160,-34.112
165340,160,-34.112
165350,160,-34.112
165360,160,-34.119
165370,160,-34.106
165380,160,-34.044
165390,160,-34.119
165400,160,-34.106
165410,160,-34.119
165420,160,-34.106
165430,160,-34.100
165440,160,-34.119
165450,160,-34.112
165460,160,-34.112
165470,160,-34.119
165480,160,-34.106
165490,160,-34.106
165500,160,-34.112
165510,160,-34.106
165520,160,-34.112
165530,160,-34.106
165540,160,-34.050
165550,160,-34.112
165560,160,-34.112
165570,160,-34.119
165580,160,-34.112
165590,160,-34.112
165600,160,-34.112
165610,160,-34.100
165620,160,-34.094
165630,160,-34.087
165640,160,-34.100
165650,160,-34.106
165660,160,-34.100
165670,160,-34.100
165680,160,-34.094
165690,160,-34.094
165700,160,-34.050
165710,160,-34.075
165720,160,-34.094
165730,160,-34.094
165740,160,-34.094
165750,160,-34.100
165760,160,-34.094
165770,160,-34.094
165780,160,-34.100
165790,160,-34.087
165800,160,-34.087
165810,160,-34.100
165820,160,-34.094
165830,160,-34.094
165840,160,-34.106
165850,160,-34.100
165860,160,-34.037
165870,160,-34.094
165880,160,-34.100
165890,160,-34.094
165900,160,-34.094
165910,160,-34.100
165920,160,-34.087
165930,160,-34.087
165940,160,-34.100
165950,160,-34.087
165960,160,-34.100
165970,160,-34.075
165980,160,-34.106
165990,160,-34.112
166000,160,-34.106
166010,160,-34.106
166020,160,-34.056
166030,160,-34.112
166040,160,-34.112
166050,160,-34.119
166060,160,-34.106
166070,160,-34.106
166080,160,-34.112
166090,160,-34.112
166100,160,-34.119
166110,160,-34.112
166120,160,-34.106
166130,160,-34.119
166140,160,-34.119
166150,160,-34.112
166160,160,-34.112
166170,160,-34.106
166180,160,-34.056
166190,160,-34.112
166200,160,-34.119
166210,160,-34.112
166220,160,-34.112
166230,160,-34.112
166240,160,-34.112
166250,160,-34.112
166260,160,-34.106
166270,160,-34.106
166280,160,-34.112
166290,160,-34.162
166300,160,-34.112
166310,160,-34.106
166320,160,-34.125
166330,160,-34.106
166340,160,-34.050
166350,160,-34.106
166360,160,-34.106
166370,160,-34.112
166380,160,-34.112
166390,160,-34.112
166400,160,-34.112
166410,160,-34.112
166420,160,-34.119
166430,160,-34.112
166440,160,-34.100
166450,160,-34.112
166460,160,-34.112
166470,160,-34.112
166480,160,-34.119
166490,160,-34.112
166500,160,-34.050
166510,160,-34.112
166520,160,-34.112
166530,160,-34.119
166540,160,-34.119
166550,160,-34.106
166560,160,-34.100
166570,160,-34.112
166580,160,-34.119
166590,160,-34.125
166600,160,-34.119
166610,160,-34.106
166620,160,-34.094
166630,160,-34.094
166640,160,-34.087
166650,160,-34.087
166660,160,-34.025
166670,160,-34.100
166680,160,-34.094
166690,160,-34.094
166700,160,-34.100
166710,160,-34.094
166720,160,-34.087
166730,160,-34.094
166740,160,-34.100
166750,160,-34.087
166760,160,-34.081
166770,160,-34.100
166780,160,-34.094
166790,160,-34.094
166800,160,-34.106
166810,160,-34.094
166820,160,-34.044
166830,160,-34.087
166840,160,-34.094
166850,160,-34.094
166860,160,-34.087
166870,160,-34.106
166880,160,-34.100
166890,160,-34.094
166900,160,-34.094
166910,160,-34.100
166920,160,-34.094
166930,160,-34.087
166940,160,-34.100
166950,160,-34.106
166960,160,-34.119
166970,160,-34.112
166980,160,-34.081
166990,160,-34.112
167000,160,-34.112
167010,165,-34.100
167020,165,-34.106
167030,165,-34.112
167040,165,-34.112
167050,165,-34.131
167060,165,-34.119
167070,165,-34.106
167080,165,-34.162
167090,165,-34.106
167100,165,-34.169
167110,165,-34.131
167120,165,-34.131
167130,165,-34.187
167140,165,-34.131
167150,165,-34.181
167160,165,-34.187
167170,165,-34.137
167180,165,-34.181
167190,165,-34.175
167200,165,-34.181
167210,165,-34.187
167220,165,-34.181
167230,165,-34.187
167240,165,-34.181
167250,165,-34.194
167260,165,-34.194
167270,165,-34.187
167280,165,-34.181
167290,165,-34.162
167300,165,-34.131
167310,165,-34.162
167320,165,-34.169
167330,165,-34.162
167340,165,-34.156
167350,165,-34.169
167360,165,-34.169
167370,165,-34.150
167380,165,-34.150
167390,165,-34.162
167400,165,-34.156
167410,165,-34.156
167420,165,-34.162
167430,165,-34.169
167440,165,-34.162
167450,165,-34.156
167460,165,-34.137
167470,165,-34.162
167480,165,-34.162
167490,165,-34.162
167500,165,-34.162
167510,165,-34.162
167520,165,-34.162
167530,165,-34.169
167540,165,-34.162
167550,165,-34.156
167560,165,-34.169
167570,165,-34.169
167580,165,-34.156
167590,165,-34.150
167600,165,-34.162
167610,165,-34.162
167620,165,-34.131
167630,165,-34.169
167640,165,-34.162
167650,165,-34.156
167660,165,-34.156
167670,165,-34.156
167680,165,-34.169
167690,165,-34.150
167700,165,-34.150
167710,165,-34.162
167720,165,-34.162
167730,165,-34.156
167740,165,-34.162
167750,165,-34.162
167760,165,-34.162
167770,165,-34.162
167780,165,-34.137
167790,165,-34.162
167800,165,-34.156
167810,165,-34.162
167820,165,-34.169
167830,165,-34.150
167840,165,-34.156
167850,165,-34.162
167860,165,-34.156
167870,165,-34.162
167880,165,-34.162
167890,165,-34.162
167900,165,-34.169
167910,165,-34.162
167920,165,-34.156
167930,165,-34.162
167940,165,-34.169
167950,165,-34.162
167960,165,-34.169
167970,165,-34.181
167980,165,-34.181
167990,165,-34.181
168000,165,-34.175
168010,165,-34.169
168020,165,-34.181
168030,165,-34.181
168040,165,-34.181
168050,165,-34.181
168060,165,-34.181
168070,165,-34.181
168080,165,-34.175
168090,165,-34.187
168100,165,-34.181
168110,165,-34.187
168120,165,-34.181
168130,165,-34.175
168140,165,-34.175
168150,165,-34.175
168160,165,-34.175
168170,165,-34.181
168180,165,-34.181
168190,165,-34.181
168200,165,-34.181
168210,165,-34.181
168220,165,-34.175
168230,165,-34.175
168240,165,-34.175
168250,165,-34.181
168260,165,-34.181
168270,165,-34.181
168280,165,-34.175
168290,165,-34.162
168300,165,-34.162
168310,165,-34.162
168320,165,-34.169
168330,165,-34.156
168340,165,-34.156
168350,165,-34.169
168360,165,-34.156
168370,165,-34.169
168380,165,-34.162
168390,165,-34.156
168400,165,-34.162
168410,165,-34.162
168420,165,-34.162
168430,165,-34.162
168440,165,-34.156
168450,165,-34.162
168460,165,-34.175
168470,165,-34.169
168480,165,-34.162
168490,165,-34.162
168500,165,-34.162
168510,165,-34.162
168520,165,-34.162
168530,165,-34.156
168540,165,-34.156
168550,165,-34.156
168560,165,-34.169
168570,165,-34.156
168580,165,-34.156
168590,165,-34.169
168600,165,-34.169
168610,165,-34.156
168620,165,-34.156
168630,165,-34.175
168640,165,-34.169
168650,165,-34.162
168660,165,-34.162
168670,165,-34.169
168680,165,-34.162
168690,165,-34.175
168700,165,-34.162
168710,165,-34.162
168720,165,-34.162
168730,165,-34.162
168740,165,-34.169
168750,165,-34.162
168760,165,-34.162
168770,165,-34.169
168780,165,-34.162
168790,165,-34.162
168800,165,-34.169
168810,165,-34.156
168820,165,-34.156
168830,165,-34.169
168840,165,-34.169
168850,165,-34.162
168860,165,-34.162
168870,165,-34.175
168880,165,-34.169
168890,165,-34.156
168900,165,-34.156
168910,165,-34.169
168920,165,-34.162
168930,165,-34.169
168940,165,-34.162
168950,165,-34.162
168960,165,-34.181
168970,165,-34.181
168980,165,-34.181
168990,165,-34.181
169000,165,-34.175
169010,165,-34.175
169020,165,-34.187
169030,165,-34.194
169040,165,-34.187
169050,165,-34.187
169060,165,-34.181
169070,165,-34.181
169080,165,-34.181
169090,165,-34.187
169100,165,-34.187
169110,165,-34.187
169120,165,-34.187
169130,165,-34.187
169140,165,-34.187
169150,165,-34.187
169160,165,-34.187
169170,165,-34.187
169180,165,-34.187
169190,165,-34.187
169200,165,-34.187
169210,165,-34.194
169220,165,-34.187
169230,165,-34.187
169240,165,-34.194
169250,165,-34.194
169260,165,-34.187
169270,165,-34.187
169280,165,-34.175
169290,165,-34.169
169300,165,-34.162
169310,165,-34.162
169320,165,-34.169
169330,165,-34.169
169340,165,-34.162
169350,165,-34.156
169360,165,-34.169
169370,165,-34.169
169380,165,-34.156
169390,165,-34.162
169400,165,-34.169
169410,165,-34.175
169420,165,-34.169
169430,165,-34.156
169440,165,-34.156
169450,165,-34.162
169460,165,-34.169
169470,165,-34.156
169480,165,-34.162
169490,165,-34.169
169500,165,-34.162
169510,165,-34.175
169520,165,-34.175
169530,165,-34.175
169540,165,-34.169
169550,165,-34.162
169560,165,-34.156
169570,165,-34.162
169580,165,-34.169
169590,165,-34.156
169600,165,-34.162
169610,165,-34.162
169620,165,-34.162
169630,165,-34.169
169640,165,-34.162
169650,165,-34.162
169660,165,-34.169
169670,165,-34.162
169680,165,-34.169
169690,165,-34.162
169700,165,-34.156
169710,165,-34.162
169720,165,-34.162
169730,165,-34.162
169740,165,-34.169
169750,165,-34.156
169760,165,-34.156
169770,165,-34.169
169780,165,-34.169
169790,165,-34.162
169800,165,-34.162
169810,165,-34.175
169820,165,-34.169
169830,165,-34.156
169840,165,-34.162
169850,165,-34.169
169860,165,-34.162
169870,165,-34.175
169880,165,-34.169
169890,165,-34.169
169900,165,-34.162
169910,165,-34.162
169920,165,-34.162
169930,165,-34.150
169940,165,-34.162
169950,165,-34.162
169960,165,-34.169
169970,165,-34.175
169980,165,-34.169
169990,165,-34.162
170000,165,-34.162
170010,165,-34.169
170020,165,-34.169
170030,165,-34.162
170040,165,-34.162
170050,165,-34.169
170060,165,-34.169
170070,165,-34.169
170080,165,-34.156
170090,165,-34.162
170100,165,-34.156
170110,165,-34.156
170120,165,-34.162
170130,165,-34.156
170140,165,-34.169
170150,165,-34.162
170160,165,-34.162
170170,165,-34.169
170180,165,-34.169
170190,165,-34.169
170200,165,-34.156
170210,165,-34.169
170220,165,-34.162
170230,165,-34.156
170240,165,-34.169
170250,165,-34.162
170260,165,-34.162
170270,165,-34.175
170280,165,-34.169
170290,165,-34.181
170300,165,-34.181
170310,165,-34.187
170320,165,-34.187
170330,165,-34.187
170340,165,-34.187
170350,165,-34.187
170360,165,-34.181
170370,165,-34.181
170380,165,-34.187
170390,165,-34.181
170400,165,-34.187
170410,165,-34.187
170420,165,-34.181
170430,165,-34.187
170440,165,-34.181
170450,165,-34.187
170460,165,-34.187
170470,165,-34.187
170480,165,-34.187
170490,165,-34.181
170500,165,-34.187
170510,165,-34.187
170520,165,-34.187
170530,165,-34.187
170540,165,-34.187
170550,165,-34.194
170560,165,-34.187
170570,165,-34.187
170580,165,-34.187
170590,165,-34.187
170600,165,-34.187
170610,165,-34.181
170620,165,-34.181
170630,165,-34.169
170640,165,-34.169
170650,165,-34.162
170660,165,-34.162
170670,165,-34.162
170680,165,-34.156
170690,165,-34.175
170700,165,-34.181
170710,165,-34.175
170720,165,-34.181
170730,165,-34.175
170740,165,-34.169
170750,165,-34.162
170760,165,-34.162
170770,165,-34.169
170780,165,-34.181
170790,165,-34.175
170800,165,-34.175
170810,165,-34.187
170820,165,-34.175
170830,165,-34.175
170840,165,-34.175
170850,165,-34.169
170860,165,-34.162
170870,165,-34.162
170880,165,-34.169
170890,165,-34.175
170900,165,-34.175
170910,165,-34.181
170920,165,-34.175
170930,165,-34.169
170940,165,-34.156
170950,165,-34.162
170960,165,-34.169
170970,165,-34.175
170980,165,-34.175
170990,165,-34.175
171000,165,-34.169
171010,165,-34.169
171020,165,-34.162
171030,165,-34.156
171040,165,-34.169
171050,165,-34.169
171060,165,-34.162
171070,165,-34.162
171080,165,-34.175
171090,165,-34.169
171100,165,-34.162
171110,165,-34.162
171120,165,-34.175
171130,165,-34.169
171140,165,-34.162
171150,165,-34.162
171160,165,-34.169
171170,165,-34.162
171180,165,-34.175
171190,165,-34.175
171200,165,-34.175
171210,165,-34.175
171220,165,-34.175
171230,165,-34.169
171240,165,-34.156
171250,165,-34.162
171260,165,-34.169
171270,165,-34.169
171280,165,-34.162
171290,165,-34.162
171300,165,-34.169
171310,165,-34.175
171320,165,-34.162
171330,165,-34.175
171340,165,-34.162
171350,165,-34.169
171360,165,-34.162
171370,165,-34.162
171380,165,-34.169
171390,165,-34.175
171400,165,-34.169
171410,165,-34.162
171420,165,-34.156
171430,165,-34.175
171440,165,-34.169
171450,165,-34.169
171460,165,-34.162
171470,165,-34.169
171480,165,-34.169
171490,165,-34.169
171500,165,-34.175
171510,165,-34.162
171520,165,-34.169
171530,165,-34.162
171540,165,-34.162
171550,165,-34.169
171560,165,-34.181
171570,165,-34.181
171580,165,-34.175
171590,165,-34.175
171600,165,-34.181
171610,165,-34.169
171620,165,-34.181
171630,165,-34.181
171640,165,-34.187
171650,165,-34.187
171660,165,-34.194
171670,165,-34.187
171680,165,-34.187
171690,165,-34.187
171700,165,-34.187
171710,165,-34.187
171720,165,-34.187
171730,165,-34.187
171740,165,-34.187
171750,165,-34.187
171760,165,-34.194
171770,165,-34.187
171780,165,-34.187
171790,165,-34.194
171800,165,-34.187
171810,165,-34.194
171820,165,-34.187
171830,165,-34.194
171840,165,-34.194
171850,165,-34.194
171860,165,-34.194
171870,165,-34.187
171880,165,-34.194
171890,165,-34.187
171900,165,-34.187
171910,165,-34.187
171920,165,-34.187
171930,165,-34.187
171940,165,-34.187
171950,165,-34.162
171960,165,-34.169
171970,165,-34.169
171980,165,-34.162
171990,165,-34.169
172000,165,-34.175
172010,170,-34.162
172020,170,-34.169
172030,170,-34.169
172040,170,-34.169
172050,170,-34.169
172060,170,-34.156
172070,170,-34.169
172080,170,-34.169
172090,170,-34.162
172100,170,-34.169
172110,170,-34.175
172120,170,-34.181
172130,170,-34.175
172140,170,-34.169
172150,170,-34.162
172160,170,-34.162
172170,170,-34.169
172180,170,-34.169
172190,170,-34.169
172200,170,-34.156
172210,170,-34.162
172220,170,-34.169
172230,170,-34.162
172240,170,-34.169
172250,170,-34.169
172260,170,-34.156
172270,170,-34.169
172280,170,-34.169
172290,170,-34.162
172300,170,-34.181
172310,170,-34.169
172320,170,-34.156
172330,170,-34.156
172340,170,-34.162
172350,170,-34.206
172360,170,-34.169
172370,170,-34.169
172380,170,-34.187
172390,170,-34.175
172400,170,-34.175
172410,170,-34.175
172420,170,-34.187
172430,170,-34.169
172440,170,-34.162
172450,170,-34.225
172460,170,-34.162
172470,170,-34.169
172480,170,-34.231
172490,170,-34.169
172500,170,-34.175
172510,170,-34.187
172520,170,-34.187
172530,170,-34.212
172540,170,-34.169
172550,170,-34.194
172560,170,-34.194
172570,170,-34.175
172580,170,-34.206
172590,170,-34.187
172600,170,-34.162
172610,170,-34.219
172620,170,-34.200
172630,170,-34.162
172640,170,-34.200
172650,170,-34.187
172660,170,-34.156
172670,170,-34.219
172680,170,-34.181
172690,170,-34.181
172700,170,-34.219
172710,170,-34.169
172720,170,-34.187
172730,170,-34.194
172740,170,-34.156
172750,170,-34.200
172760,170,-34.187
172770,170,-34.162
172780,170,-34.219
172790,170,-34.187
172800,170,-34.187
172810,170,-34.219
172820,170,-34.169
172830,170,-34.187
172840,170,-34.194
172850,170,-34.156
172860,170,-34.162
172870,170,-34.187
172880,170,-34.181
172890,170,-34.169
172900,170,-34.175
172910,170,-34.175
172920,170,-34.169
172930,170,-34.169
172940,170,-34.194
172950,170,-34.206
172960,170,-34.169
172970,170,-34.169
172980,170,-34.206
172990,170,-34.169
173000,170,-34.156
173010,170,-34.187
173020,170,-34.156
173030,170,-34.162
173040,170,-34.194
173050,170,-34.175
173060,170,-34.162
173070,170,-34.181
173080,170,-34.187
173090,170,-34.169
173100,170,-34.162
173110,170,-34.187
173120,170,-34.169
173130,170,-34.169
173140,170,-34.225
173150,170,-34.156
173160,170,-34.169
173170,170,-34.225
173180,170,-34.187
173190,170,-34.169
173200,170,-34.200
173210,170,-34.187
173220,170,-34.162
173230,170,-34.200
173240,170,-34.200
173250,170,-34.162
173260,170,-34.187
173270,170,-34.212
173280,170,-34.200
173290,170,-34.162
173300,170,-34.156
173310,170,-34.194
173320,170,-34.175
173330,170,-34.169
173340,170,-34.219
173350,170,-34.169
173360,170,-34.212
173370,170,-34.162
173380,170,-34.181
173390,170,-34.194
173400,170,-34.169
173410,170,-34.200
173420,170,-34.181
173430,170,-34.175
173440,170,-34.219
173450,170,-34.181
173460,170,-34.187
173470,170,-34.212
173480,170,-34.169
173490,170,-34.194
173500,170,-34.187
173510,170,-34.169
173520,170,-34.212
173530,170,-34.194
173540,170,-34.175
173550,170,-34.212
173560,170,-34.175
173570,170,-34.194
173580,170,-34.169
173590,170,-34.162
173600,170,-34.187
173610,170,-34.169
173620,170,-34.169
173630,170,-34.162
173640,170,-34.194
173650,170,-34.156
173660,170,-34.156
173670,170,-34.194
173680,170,-34.169
173690,170,-34.162
173700,170,-34.175
173710,170,-34.175
173720,170,-34.219
173730,170,-34.169
173740,170,-34.187
173750,170,-34.162
173760,170,-34.175
173770,170,-34.200
173780,170,-34.200
173790,170,-34.162
173800,170,-34.219
173810,170,-34.194
173820,170,-34.181
173830,170,-34.225
173840,170,-34.181
173850,170,-34.194
173860,170,-34.212
173870,170,-34.169
173880,170,-34.200
173890,170,-34.187
173900,170,-34.175
173910,170,-34.225
173920,170,-34.181
173930,170,-34.181
173940,170,-34.219
173950,170,-34.206
173960,170,-34.169
173970,170,-34.219
173980,170,-34.181
173990,170,-34.181
174000,170,-34.212
174010,170,-34.162
174020,170,-34.162
174030,170,-34.200
174040,170,-34.200
174050,170,-34.200
174060,170,-34.194
174070,170,-34.219
174080,170,-34.194
174090,170,-34.194
174100,170,-34.225
174110,170,-34.187
174120,170,-34.194
174130,170,-34.212
174140,170,-34.175
174150,170,-34.200
174160,170,-34.200
174170,170,-34.169
174180,170,-34.219
174190,170,-34.194
174200,170,-34.181
174210,170,-34.212
174220,170,-34.181
174230,170,-34.194
174240,170,-34.206
174250,170,-34.169
174260,170,-34.194
174270,170,-34.194
174280,170,-34.200
174290,170,-34.200
174300,170,-34.244
174310,170,-34.181
174320,170,-34.219
174330,170,-34.206
174340,170,-34.181
174350,170,-34.225
174360,170,-34.200
174370,170,-34.194
174380,170,-34.181
174390,170,-34.194
174400,170,-34.256
174410,170,-34.187
174420,170,-34.212
174430,170,-34.256
174440,170,-34.194
174450,170,-34.231
174460,170,-34.256
174470,170,-34.200
174480,170,-34.231
174490,170,-34.231
174500,170,-34.206
174510,170,-34.231
174520,170,-34.225
174530,170,-34.212
174540,170,-34.206
174550,170,-34.212
174560,170,-34.231
174570,170,-34.206
174580,170,-34.194
174590,170,-34.225
174600,170,-34.181
174610,170,-34.219
174620,170,-34.225
174630,170,-34.200
174640,170,-34.194
174650,170,-34.237
174660,170,-34.225
174670,170,-34.200
174680,170,-34.219
174690,170,-34.175
174700,170,-34.219
174710,170,-34.225
174720,170,-34.212
174730,170,-34.237
174740,170,-34.206
174750,170,-34.212
174760,170,-34.250
174770,170,-34.200
174780,170,-34.219
174790,170,-34.244
174800,170,-34.219
174810,170,-34.212
174820,170,-34.200
174830,170,-34.212
174840,170,-34.200
174850,170,-34.206
174860,170,-34.244
174870,170,-34.187
174880,170,-34.206
174890,170,-34.250
174900,170,-34.181
174910,170,-34.212
174920,170,-34.237
174930,170,-34.187
174940,170,-34.231
174950,170,-34.200
174960,170,-34.162
174970,170,-34.194
174980,170,-34.181
174990,170,-34.181
175000,170,-34.212
175010,170,-34.181
175020,170,-34.181
175030,170,-34.225
175040,170,-34.187
175050,170,-34.212
175060,170,-34.212
175070,170,-34.200
175080,170,-34.200
175090,170,-34.194
175100,170,-34.206
175110,170,-34.187
175120,170,-34.194
175130,170,-34.225
175140,170,-34.169
175150,170,-34.187
175160,170,-34.231
175170,170,-34.169
175180,170,-34.206
175190,170,-34.206
175200,170,-34.175
175210,170,-34.212
175220,170,-34.200
175230,170,-34.175
175240,170,-34.206
175250,170,-34.181
175260,170,-34.194
175270,170,-34.162
175280,170,-34.162
175290,170,-34.175
175300,170,-34.225
175310,170,-34.200
175320,170,-34.219
175330,170,-34.212
175340,170,-34.194
175350,170,-34.200
175360,170,-34.206
175370,170,-34.206
175380,170,-34.206
175390,170,-34.181
175400,170,-34.225
175410,170,-34.187
175420,170,-34.187
175430,170,-34.219
175440,170,-34.175
175450,170,-34.200
175460,170,-34.194
175470,170,-34.156
175480,170,-34.212
175490,170,-34.200
175500,170,-34.175
175510,170,-34.181
175520,170,-34.200
175530,170,-34.225
175540,170,-34.156
175550,170,-34.194
175560,170,-34.237
175570,170,-34.169
175580,170,-34.206
175590,170,-34.231
175600,170,-34.169
175610,170,-34.162
175620,170,-34.187
175630,170,-34.200
175640,170,-34.187
175650,170,-34.187
175660,170,-34.194
175670,170,-34.225
175680,170,-34.187
175690,170,-34.200
175700,170,-34.231
175710,170,-34.156
175720,170,-34.194
175730,170,-34.231
175740,170,-34.156
175750,170,-34.212
175760,170,-34.231
175770,170,-34.175
175780,170,-34.212
175790,170,-34.231
175800,170,-34.187
175810,170,-34.212
175820,170,-34.212
175830,170,-34.200
175840,170,-34.194
175850,170,-34.225
175860,170,-34.231
175870,170,-34.169
175880,170,-34.225
175890,170,-34.231
175900,170,-34.187
175910,170,-34.225
175920,170,-34.237
175930,170,-34.194
175940,170,-34.181
175950,170,-34.194
175960,170,-34.206
175970,170,-34.244
175980,170,-34.175
175990,170,-34.181
176000,170,-34.200
176010,170,-34.162
176020,170,-34.212
176030,170,-34.206
176040,170,-34.181
176050,170,-34.219
176060,170,-34.187
176070,170,-34.187
176080,170,-34.225
176090,170,-34.219
176100,170,-34.200
176110,170,-34.206
176120,170,-34.231
176130,170,-34.231
176140,170,-34.169
176150,170,-34.244
176160,170,-34.250
176170,170,-34.187
176180,170,-34.219
176190,170,-34.219
176200,170,-34.194
176210,170,-34.206
176220,170,-34.206
176230,170,-34.212
176240,170,-34.200
176250,170,-34.169
176260,170,-34.219
176270,170,-34.169
176280,170,-34.162
176290,170,-34.206
176300,170,-34.200
176310,170,-34.175
176320,170,-34.231
176330,170,-34.250
176340,170,-34.187
176350,170,-34.219
176360,170,-34.187
176370,170,-34.237
176380,170,-34.169
176390,170,-34.200
176400,170,-34.225
176410,170,-34.169
176420,170,-34.212
176430,170,-34.231
176440,170,-34.181
176450,170,-34.206
176460,170,-34.225
176470,170,-34.187
176480,170,-34.206
176490,170,-34.169
176500,170,-34.200
176510,170,-34.194
176520,170,-34.175
176530,170,-34.219
176540,170,-34.194
176550,170,-34.187
176560,170,-34.225
176570,170,-34.181
176580,170,-34.200
176590,170,-34.206
176600,170,-34.162
176610,170,-34.175
176620,170,-34.219
176630,170,-34.169
176640,170,-34.187
176650,170,-34.162
176660,170,-34.162
176670,170,-34.194
176680,170,-34.194
176690,170,-34.169
176700,170,-34.225
176710,170,-34.194
176720,170,-34.187
176730,170,-34.231
176740,170,-34.194
176750,170,-34.169
176760,170,-34.237
176770,170,-34.194
176780,170,-34.169
176790,170,-34.181
176800,170,-34.231
176810,170,-34.194
176820,170,-34.194
176830,170,-34.231
176840,170,-34.181
176850,170,-34.194
176860,170,-34.244
176870,170,-34.169
176880,170,-34.200
176890,170,-34.231
176900,170,-34.162
176910,170,-34.219
176920,170,-34.187
176930,170,-34.175
176940,170,-34.187
176950,170,-34.219
176960,170,-34.194
176970,170,-34.237
176980,170,-34.206
176990,170,-34.206
177000,170,-34.231
177010,175,-34.175
177020,175,-34.212
177030,175,-34.256
177040,175,-34.219
177050,175,-34.256
177060,175,-34.256
177070,175,-34.262
177080,175,-34.256
177090,175,-34.262
177100,175,-34.262
177110,175,-34.262
177120,175,-34.262
177130,175,-34.262
177140,175,-34.250
177150,175,-34.256
177160,175,-34.250
177170,175,-34.244
177180,175,-34.250
177190,175,-34.256
177200,175,-34.256
177210,175,-34.256
177220,175,-34.262
177230,175,-34.262
177240,175,-34.262
177250,175,-34.256
177260,175,-34.262
177270,175,-34.250
177280,175,-34.244
177290,175,-34.237
177300,175,-34.237
177310,175,-34.237
177320,175,-34.244
177330,175,-34.237
177340,175,-34.225
177350,175,-34.237
177360,175,-34.231
177370,175,-34.244
177380,175,-34.237
177390,175,-34.237
177400,175,-34.237
177410,175,-34.237
177420,175,-34.237
177430,175,-34.237
177440,175,-34.231
177450,175,-34.237
177460,175,-34.237
177470,175,-34.237
177480,175,-34.237
177490,175,-34.244
177500,175,-34.231
177510,175,-34.237
177520,175,-34.231
177530,175,-34.244
177540,175,-34.237
177550,175,-34.244
177560,175,-34.237
177570,175,-34.244
177580,175,-34.237
177590,175,-34.244
177600,175,-34.225
177610,175,-34.244
177620,175,-34.244
177630,175,-34.237
177640,175,-34.237
177650,175,-34.237
177660,175,-34.237
177670,175,-34.231
177680,175,-34.237
177690,175,-34.231
177700,175,-34.237
177710,175,-34.237
177720,175,-34.237
177730,175,-34.231
177740,175,-34.237
177750,175,-34.231
177760,175,-34.237
177770,175,-34.237
177780,175,-34.237
177790,175,-34.231
177800,175,-34.231
177810,175,-34.231
177820,175,-34.237
177830,175,-34.231
177840,175,-34.237
177850,175,-34.237
177860,175,-34.244
177870,175,-34.231
177880,175,-34.237
177890,175,-34.231
177900,175,-34.231
177910,175,-34.225
177920,175,-34.237
177930,175,-34.237
177940,175,-34.237
177950,175,-34.244
177960,175,-34.237
177970,175,-34.219
177980,175,-34.244
177990,175,-34.237
178000,175,-34.244
178010,175,-34.237
178020,175,-34.231
178030,175,-34.244
178040,175,-34.231
178050,175,-34.231
178060,175,-34.231
178070,175,-34.237
178080,175,-34.237
178090,175,-34.231
178100,175,-34.231
178110,175,-34.237
178120,175,-34.237
178130,175,-34.237
178140,175,-34.231
178150,175,-34.237
178160,175,-34.237
178170,175,-34.237
178180,175,-34.231
178190,175,-34.237
178200,175,-34.231
178210,175,-34.231
178220,175,-34.231
178230,175,-34.231
178240,175,-34.237
178250,175,-34.237
178260,175,-34.231
178270,175,-34.250
178280,175,-34.250
178290,175,-34.262
178300,175,-34.262
178310,175,-34.262
178320,175,-34.269
178330,175,-34.250
178340,175,-34.250
178350,175,-34.256
178360,175,-34.250
178370,175,-34.250
178380,175,-34.262
178390,175,-34.262
178400,175,-34.250
178410,175,-34.256
178420,175,-34.256
178430,175,-34.250
178440,175,-34.262
178450,175,-34.256
178460,175,-34.256
178470,175,-34.250
178480,175,-34.256
178490,175,-34.256
178500,175,-34.256
178510,175,-34.262
178520,175,-34.256
178530,175,-34.262
178540,175,-34.250
178550,175,-34.250
178560,175,-34.256
178570,175,-34.244
178580,175,-34.244
178590,175,-34.256
178600,175,-34.250
178610,175,-34.250
178620,175,-34.256
178630,175,-34.250
178640,175,-34.250
178650,175,-34.256
178660,175,-34.256
178670,175,-34.256
178680,175,-34.262
178690,175,-34.256
178700,175,-34.262
178710,175,-34.256
178720,175,-34.256
178730,175,-34.256
178740,175,-34.256
178750,175,-34.262
178760,175,-34.262
178770,175,-34.256
178780,175,-34.250
178790,175,-34.250
178800,175,-34.256
178810,175,-34.244
178820,175,-34.256
178830,175,-34.250
178840,175,-34.250
178850,175,-34.250
178860,175,-34.250
178870,175,-34.262
178880,175,-34.256
178890,175,-34.256
178900,175,-34.244
178910,175,-34.256
178920,175,-34.250
178930,175,-34.237
178940,175,-34.237
178950,175,-34.244
178960,175,-34.231
178970,175,-34.237
178980,175,-34.237
178990,175,-34.237
179000,175,-34.237
179010,175,-34.237
179020,175,-34.237
179030,175,-34.244
179040,175,-34.237
179050,175,-34.244
179060,175,-34.244
179070,175,-34.244
179080,175,-34.244
179090,175,-34.237
179100,175,-34.231
179110,175,-34.237
179120,175,-34.231
179130,175,-34.237
179140,175,-34.244
179150,175,-34.231
179160,175,-34.237
179170,175,-34.237
179180,175,-34.237
179190,175,-34.244
179200,175,-34.231
179210,175,-34.237
179220,175,-34.237
179230,175,-34.244
179240,175,-34.237
179250,175,-34.237
179260,175,-34.237
179270,175,-34.237
179280,175,-34.237
179290,175,-34.237
179300,175,-34.237
179310,175,-34.244
179320,175,-34.237
179330,175,-34.237
179340,175,-34.244
179350,175,-34.237
179360,175,-34.237
179370,175,-34.244
179380,175,-34.237
179390,175,-34.237
179400,175,-34.244
179410,175,-34.244
179420,175,-34.237
179430,175,-34.244
179440,175,-34.237
179450,175,-34.244
179460,175,-34.231
179470,175,-34.237
179480,175,-34.231
179490,175,-34.237
179500,175,-34.237
179510,175,-34.237
179520,175,-34.237
179530,175,-34.237
179540,175,-34.237
179550,175,-34.244
179560,175,-34.237
179570,175,-34.237
179580,175,-34.225
179590,175,-34.237
179600,175,-34.244
179610,175,-34.237
179620,175,-34.231
179630,175,-34.237
179640,175,-34.244
179650,175,-34.231
179660,175,-34.231
179670,175,-34.244
179680,175,-34.237
179690,175,-34.231
179700,175,-34.244
179710,175,-34.237
179720,175,-34.244
179730,175,-34.244
179740,175,-34.237
179750,175,-34.225
179760,175,-34.237
179770,175,-34.244
179780,175,-34.237
179790,175,-34.231
179800,175,-34.244
179810,175,-34.237
179820,175,-34.231
179830,175,-34.244
179840,175,-34.237
179850,175,-34.231
179860,175,-34.237
179870,175,-34.237
179880,175,-34.237
179890,175,-34.244
179900,175,-34.237
179910,175,-34.237
179920,175,-34.244
179930,175,-34.225
179940,175,-34.231
179950,175,-34.231
179960,175,-34.237
179970,175,-34.237
179980,175,-34.237
179990,175,-34.237
180000,175,-34.237
180010,175,-34.237
180020,175,-34.237
180030,175,-34.231
180040,175,-34.231
180050,175,-34.237
180060,175,-34.237
180070,175,-34.237
180080,175,-34.237
180090,175,-34.237
180100,175,-34.237
180110,175,-34.237
180120,175,-34.231
180130,175,-34.231
180140,175,-34.237
180150,175,-34.237
180160,175,-34.231
180170,175,-34.244
180180,175,-34.237
180190,175,-34.244
180200,175,-34.237
180210,175,-34.244
180220,175,-34.231
180230,175,-34.237
180240,175,-34.231
180250,175,-34.237
180260,175,-34.225
180270,175,-34.250
180280,175,-34.244
180290,175,-34.237
180300,175,-34.237
180310,175,-34.250
180320,175,-34.237
180330,175,-34.244
180340,175,-34.244
180350,175,-34.237
180360,175,-34.250
180370,175,-34.237
180380,175,-34.250
180390,175,-34.244
180400,175,-34.237
180410,175,-34.231
180420,175,-34.244
180430,175,-34.237
180440,175,-34.237
180450,175,-34.250
180460,175,-34.256
180470,175,-34.244
180480,175,-34.244
180490,175,-34.250
180500,175,-34.244
180510,175,-34.237
180520,175,-34.237
180530,175,-34.250
180540,175,-34.244
180550,175,-34.244
180560,175,-34.237
180570,175,-34.244
180580,175,-34.237
180590,175,-34.237
180600,175,-34.244
180610,175,-34.250
180620,175,-34.256
180630,175,-34.250
180640,175,-34.244
180650,175,-34.244
180660,175,-34.244
180670,175,-34.244
180680,175,-34.237
180690,175,-34.231
180700,175,-34.244
180710,175,-34.237
180720,175,-34.237
180730,175,-34.250
180740,175,-34.250
180750,175,-34.244
180760,175,-34.244
180770,175,-34.237
180780,175,-34.237
180790,175,-34.237
180800,175,-34.231
180810,175,-34.237
180820,175,-34.237
180830,175,-34.244
180840,175,-34.250
180850,175,-34.244
180860,175,-34.250
180870,175,-34.237
180880,175,-34.244
180890,175,-34.237
180900,175,-34.237
180910,175,-34.237
180920,175,-34.244
180930,175,-34.237
180940,175,-34.237
180950,175,-34.237
180960,175,-34.237
180970,175,-34.231
180980,175,-34.237
180990,175,-34.237
181000,175,-34.244
181010,175,-34.250
181020,175,-34.256
181030,175,-34.250
181040,175,-34.237
181050,175,-34.244
181060,175,-34.237
181070,175,-34.237
181080,175,-34.244
181090,175,-34.244
181100,175,-34.237
181110,175,-34.244
181120,175,-34.237
181130,175,-34.244
181140,175,-34.237
181150,175,-34.244
181160,175,-34.244
181170,175,-34.244
181180,175,-34.237
181190,175,-34.237
181200,175,-34.244
181210,175,-34.237
181220,175,-34.244
181230,175,-34.244
181240,175,-34.244
181250,175,-34.244
181260,175,-34.231
181270,175,-34.237
181280,175,-34.237
181290,175,-34.244
181300,175,-34.231
181310,175,-34.237
181320,175,-34.237
181330,175,-34.237
181340,175,-34.231
181350,175,-34.231
181360,175,-34.237
181370,175,-34.237
181380,175,-34.244
181390,175,-34.237
181400,175,-34.244
181410,175,-34.237
181420,175,-34.231
181430,175,-34.244
181440,175,-34.237
181450,175,-34.231
181460,175,-34.237
181470,175,-34.237
181480,175,-34.244
181490,175,-34.237
181500,175,-34.237
181510,175,-34.244
181520,175,-34.244
181530,175,-34.231
181540,175,-34.237
181550,175,-34.225
181560,175,-34.237
181570,175,-34.244
181580,175,-34.237
181590,175,-34.225
181600,175,-34.237
181610,175,-34.244
181620,175,-34.237
181630,175,-34.231
181640,175,-34.250
181650,175,-34.250
181660,175,-34.244
181670,175,-34.244
181680,175,-34.237
181690,175,-34.244
181700,175,-34.244
181710,175,-34.244
181720,175,-34.237
181730,175,-34.231
181740,175,-34.237
181750,175,-34.237
181760,175,-34.244
181770,175,-34.231
181780,175,-34.237
181790,175,-34.237
181800,175,-34.237
181810,175,-34.237
181820,175,-34.237
181830,175,-34.237
181840,175,-34.231
181850,175,-34.237
181860,175,-34.237
181870,175,-34.244
181880,175,-34.231
181890,175,-34.244
181900,175,-34.237
181910,175,-34.237
181920,175,-34.237
181930,175,-34.250
181940,175,-34.250
181950,175,-34.256
181960,175,-34.256
181970,175,-34.250
181980,175,-34.262
181990,175,-34.256
182000,175,-34.256
182010,180,-34.269
182020,180,-34.256
182030,180,-34.244
182040,180,-34.275
182050,180,-34.313
182060,180,-34.269
182070,180,-34.325
182080,180,-34.331
182090,180,-34.331
182100,180,-34.325
182110,180,-34.331
182120,180,-34.325
182130,180,-34.325
182140,180,-34.325
182150,180,-34.331
182160,180,-34.331
182170,180,-34.325
182180,180,-34.325
182190,180,-34.325
182200,180,-34.331
182210,180,-34.325
182220,180,-34.325
182230,180,-34.325
182240,180,-34.325
182250,180,-34.331
182260,180,-34.313
182270,180,-34.306
182280,180,-34.262
182290,180,-34.306
182300,180,-34.306
182310,180,-34.313
182320,180,-34.287
182330,180,-34.256
182340,180,-34.313
182350,180,-34.306
182360,180,-34.300
182370,180,-34.237
182380,180,-34.300
182390,180,-34.300
182400,180,-34.294
182410,180,-34.244
182420,180,-34.313
182430,180,-34.306
182440,180,-34.300
182450,180,-34.256
182460,180,-34.287
182470,180,-34.313
182480,180,-34.306
182490,180,-34.244
182500,180,-34.300
182510,180,-34.256
182520,180,-34.306
182530,180,-34.244
182540,180,-34.300
182550,180,-34.256
182560,180,-34.306
182570,180,-34.262
182580,180,-34.275
182590,180,-34.294
182600,180,-34.306
182610,180,-34.306
182620,180,-34.300
182630,180,-34.287
182640,180,-34.300
182650,180,-34.294
182660,180,-34.294
182670,180,-34.269
182680,180,-34.300
182690,180,-34.300
182700,180,-34.300
182710,180,-34.250
182720,180,-34.306
182730,180,-34.300
182740,180,-34.300
182750,180,-34.250
182760,180,-34.306
182770,180,-34.294
182780,180,-34.300
182790,180,-34.269
182800,180,-34.306
182810,180,-34.313
182820,180,-34.306
182830,180,-34.294
182840,180,-34.237
182850,180,-34.294
182860,180,-34.306
182870,180,-34.306
182880,180,-34.231
182890,180,-34.294
182900,180,-34.300
182910,180,-34.275
182920,180,-34.294
182930,180,-34.256
182940,180,-34.275
182950,180,-34.313
182960,180,-34.294
182970,180,-34.300
182980,180,-34.300
182990,180,-34.306
183000,180,-34.306
183010,180,-34.300
183020,180,-34.300
183030,180,-34.294
183040,180,-34.306
183050,180,-34.306
183060,180,-34.300
183070,180,-34.300
183080,180,-34.306
183090,180,-34.313
183100,180,-34.300
183110,180,-34.300
183120,180,-34.300
183130,180,-34.300
183140,180,-34.294
183150,180,-34.300
183160,180,-34.300
183170,180,-34.294
183180,180,-34.237
183190,180,-34.300
183200,180,-34.300
183210,180,-34.306
183220,180,-34.306
183230,180,-34.306
183240,180,-34.300
183250,180,-34.300
183260,180,-34.250
183270,180,-34.294
183280,180,-34.250
183290,180,-34.313
183300,180,-34.300
183310,180,-34.294
183320,180,-34.244
183330,180,-34.300
183340,180,-34.300
183350,180,-34.306
183360,180,-34.237
183370,180,-34.300
183380,180,-34.306
183390,180,-34.306
183400,180,-34.262
183410,180,-34.306
183420,180,-34.306
183430,180,-34.313
183440,180,-34.237
183450,180,-34.294
183460,180,-34.319
183470,180,-34.306
183480,180,-34.250
183490,180,-34.287
183500,180,-34.287
183510,180,-34.300
183520,180,-34.237
183530,180,-34.300
183540,180,-34.269
183550,180,-34.300
183560,180,-34.262
183570,180,-34.300
183580,180,-34.306
183590,180,-34.300
183600,180,-34.319
183610,180,-34.313
183620,180,-34.313
183630,180,-34.313
183640,180,-34.319
183650,180,-34.319
183660,180,-34.319
183670,180,-34.325
183680,180,-34.325
183690,180,-34.325
183700,180,-34.325
183710,180,-34.325
183720,180,-34.325
183730,180,-34.325
183740,180,-34.325
183750,180,-34.325
183760,180,-34.319
183770,180,-34.325
183780,180,-34.325
183790,180,-34.319
183800,180,-34.325
183810,180,-34.313
183820,180,-34.319
183830,180,-34.313
183840,180,-34.325
183850,180,-34.319
183860,180,-34.313
183870,180,-34.262
183880,180,-34.281
183890,180,-34.325
183900,180,-34.281
183910,180,-34.294
183920,180,-34.281
183930,180,-34.281
183940,180,-34.256
183950,180,-34.313
183960,180,-34.237
183970,180,-34.262
183980,180,-34.244
183990,180,-34.313
184000,180,-34.231
184010,180,-34.306
184020,180,-34.313
184030,180,-34.306
184040,180,-34.256
184050,180,-34.294
184060,180,-34.300
184070,180,-34.313
184080,180,-34.300
184090,180,-34.306
184100,180,-34.313
184110,180,-34.306
184120,180,-34.300
184130,180,-34.313
184140,180,-34.300
184150,180,-34.313
184160,180,-34.262
184170,180,-34.287
184180,180,-34.319
184190,180,-34.313
184200,180,-34.275
184210,180,-34.262
184220,180,-34.313
184230,180,-34.319
184240,180,-34.269
184250,180,-34.306
184260,180,-34.306
184270,180,-34.306
184280,180,-34.313
184290,180,-34.313
184300,180,-34.306
184310,180,-34.313
184320,180,-34.300
184330,180,-34.306
184340,180,-34.313
184350,180,-34.300
184360,180,-34.300
184370,180,-34.300
184380,180,-34.300
184390,180,-34.300
184400,180,-34.306
184410,180,-34.306
184420,180,-34.306
184430,180,-34.306
184440,180,-34.300
184450,180,-34.300
184460,180,-34.306
184470,180,-34.306
184480,180,-34.300
184490,180,-34.300
184500,180,-34.300
184510,180,-34.300
184520,180,-34.300
184530,180,-34.300
184540,180,-34.300
184550,180,-34.300
184560,180,-34.287
184570,180,-34.306
184580,180,-34.300
184590,180,-34.300
184600,180,-34.306
184610,180,-34.262
184620,180,-34.300
184630,180,-34.300
184640,180,-34.294
184650,180,-34.300
184660,180,-34.294
184670,180,-34.306
184680,180,-34.306
184690,180,-34.262
184700,180,-34.306
184710,180,-34.313
184720,180,-34.300
184730,180,-34.262
184740,180,-34.262
184750,180,-34.300
184760,180,-34.306
184770,180,-34.306
184780,180,-34.313
184790,180,-34.313
184800,180,-34.306
184810,180,-34.306
184820,180,-34.306
184830,180,-34.306
184840,180,-34.300
184850,180,-34.294
184860,180,-34.294
184870,180,-34.300
184880,180,-34.300
184890,180,-34.306
184900,180,-34.306
184910,180,-34.313
184920,180,-34.300
184930,180,-34.306
184940,180,-34.306
184950,180,-34.306
184960,180,-34.313
184970,180,-34.306
184980,180,-34.313
184990,180,-34.300
185000,180,-34.313
185010,180,-34.306
185020,180,-34.300
185030,180,-34.300
185040,180,-34.300
185050,180,-34.306
185060,180,-34.300
185070,180,-34.306
185080,180,-34.306
185090,180,-34.306
185100,180,-34.306
185110,180,-34.300
185120,180,-34.269
185130,180,-34.294
185140,180,-34.300
185150,180,-34.306
185160,180,-34.287
185170,180,-34.300
185180,180,-34.300
185190,180,-34.306
185200,180,-34.300
185210,180,-34.269
185220,180,-34.300
185230,180,-34.300
185240,180,-34.300
185250,180,-34.256
185260,180,-34.300
185270,180,-34.300
185280,180,-34.300
185290,180,-34.300
185300,180,-34.306
185310,180,-34.306
185320,180,-34.313
185330,180,-34.306
185340,180,-34.300
185350,180,-34.256
185360,180,-34.306
185370,180,-34.313
185380,180,-34.300
185390,180,-34.231
185400,180,-34.300
185410,180,-34.300
185420,180,-34.275
185430,180,-34.269
185440,180,-34.294
185450,180,-34.300
185460,180,-34.313
185470,180,-34.250
185480,180,-34.300
185490,180,-34.275
185500,180,-34.306
185510,180,-34.250
185520,180,-34.287
185530,180,-34.313
185540,180,-34.287
185550,180,-34.262
185560,180,-34.306
185570,180,-34.250
185580,180,-34.262
185590,180,-34.262
185600,180,-34.250
185610,180,-34.281
185620,180,-34.244
185630,180,-34.287
185640,180,-34.231
185650,180,-34.231
185660,180,-34.237
185670,180,-34.300
185680,180,-34.231
185690,180,-34.281
185700,180,-34.262
185710,180,-34.294
185720,180,-34.256
185730,180,-34.244
185740,180,-34.244
185750,180,-34.256
185760,180,-34.231
185770,180,-34.262
185780,180,-34.262
185790,180,-34.275
185800,180,-34.256
185810,180,-34.281
185820,180,-34.256
185830,180,-34.294
185840,180,-34.250
185850,180,-34.250
185860,180,-34.281
185870,180,-34.262
185880,180,-34.275
185890,180,-34.269
185900,180,-34.300
185910,180,-34.269
185920,180,-34.237
185930,180,-34.262
185940,180,-34.281
185950,180,-34.300
185960,180,-34.300
185970,180,-34.225
185980,180,-34.306
185990,180,-34.256
186000,180,-34.306
186010,180,-34.244
186020,180,-34.287
186030,180,-34.300
186040,180,-34.300
186050,180,-34.256
186060,180,-34.262
186070,180,-34.306
186080,180,-34.300
186090,180,-34.287
186100,180,-34.300
186110,180,-34.306
186120,180,-34.306
186130,180,-34.306
186140,180,-34.300
186150,180,-34.306
186160,180,-34.306
186170,180,-34.313
186180,180,-34.269
186190,180,-34.306
186200,180,-34.306
186210,180,-34.300
186220,180,-34.300
186230,180,-34.306
186240,180,-34.306
186250,180,-34.306
186260,180,-34.313
186270,180,-34.306
186280,180,-34.306
186290,180,-34.306
186300,180,-34.300
186310,180,-34.300
186320,180,-34.306
186330,180,-34.300
186340,180,-34.300
186350,180,-34.306
186360,180,-34.306
186370,180,-34.294
186380,180,-34.294
186390,180,-34.294
186400,180,-34.294
186410,180,-34.287
186420,180,-34.294
186430,180,-34.294
186440,180,-34.294
186450,180,-34.287
186460,180,-34.287
186470,180,-34.287
186480,180,-34.300
186490,180,-34.294
186500,180,-34.294
186510,180,-34.294
186520,180,-34.294
186530,180,-34.287
186540,180,-34.294
186550,180,-34.287
186560,180,-34.300
186570,180,-34.300
186580,180,-34.300
186590,180,-34.294
186600,180,-34.287
186610,180,-34.294
186620,180,-34.281
186630,180,-34.287
186640,180,-34.300
186650,180,-34.300
186660,180,-34.294
186670,180,-34.300
186680,180,-34.294
186690,180,-34.294
186700,180,-34.294
186710,180,-34.256
186720,180,-34.294
186730,180,-34.287
186740,180,-34.287
186750,180,-34.294
186760,180,-34.300
186770,180,-34.300
186780,180,-34.294
186790,180,-34.300
186800,180,-34.294
186810,180,-34.287
186820,180,-34.294
186830,180,-34.294
186840,180,-34.256
186850,180,-34.294
186860,180,-34.300
186870,180,-34.294
186880,180,-34.287
186890,180,-34.300
186900,180,-34.294
186910,180,-34.287
186920,180,-34.300
186930,180,-34.300
186940,180,-34.306
186950,180,-34.306
186960,180,-34.300
186970,180,-34.294
186980,180,-34.294
186990,180,-34.300
187000,180,-34.300
187010,185,-34.281
187020,185,-34.262
187030,185,-34.306
187040,185,-34.300
187050,185,-34.300
187060,185,-34.300
187070,185,-34.294
187080,185,-34.287
187090,185,-34.294
187100,185,-34.287
187110,185,-34.281
187120,185,-34.287
187130,185,-34.294
187140,185,-34.287
187150,185,-34.287
187160,185,-34.294
187170,185,-34.294
187180,185,-34.287
187190,185,-34.287
187200,185,-34.287
187210,185,-34.294
187220,185,-34.300
187230,185,-34.300
187240,185,-34.300
187250,185,-34.294
187260,185,-34.294
187270,185,-34.300
187280,185,-34.294
187290,185,-34.294
187300,185,-34.306
187310,185,-34.300
187320,185,-34.300
187330,185,-34.306
187340,185,-34.300
187350,185,-34.300
187360,185,-34.300
187370,185,-34.294
187380,185,-34.294
187390,185,-34.300
187400,185,-34.300
187410,185,-34.300
187420,185,-34.306
187430,185,-34.306
187440,185,-34.306
187450,185,-34.300
187460,185,-34.300
187470,185,-34.294
187480,185,-34.306
187490,185,-34.300
187500,185,-34.294
187510,185,-34.300
187520,185,-34.294
187530,185,-34.300
187540,185,-34.300
187550,185,-34.300
187560,185,-34.294
187570,185,-34.300
187580,185,-34.294
187590,185,-34.300
187600,185,-34.300
187610,185,-34.300
187620,185,-34.300
187630,185,-34.294
187640,185,-34.300
187650,185,-34.294
187660,185,-34.294
187670,185,-34.300
187680,185,-34.306
187690,185,-34.313
187700,185,-34.300
187710,185,-34.300
187720,185,-34.300
187730,185,-34.294
187740,185,-34.300
187750,185,-34.300
187760,185,-34.300
187770,185,-34.294
187780,185,-34.300
187790,185,-34.300
187800,185,-34.306
187810,185,-34.306
187820,185,-34.313
187830,185,-34.300
187840,185,-34.300
187850,185,-34.294
187860,185,-34.294
187870,185,-34.313
187880,185,-34.306
187890,185,-34.306
187900,185,-34.300
187910,185,-34.294
187920,185,-34.300
187930,185,-34.300
187940,185,-34.300
187950,185,-34.300
187960,185,-34.306
187970,185,-34.300
187980,185,-34.306
187990,185,-34.306
188000,185,-34.300
188010,185,-34.294
188020,185,-34.294
188030,185,-34.294
188040,185,-34.294
188050,185,-34.300
188060,185,-34.306
188070,185,-34.306
188080,185,-34.313
188090,185,-34.306
188100,185,-34.306
188110,185,-34.300
188120,185,-34.294
188130,185,-34.300
188140,185,-34.300
188150,185,-34.300
188160,185,-34.294
188170,185,-34.306
188180,185,-34.306
188190,185,-34.306
188200,185,-34.300
188210,185,-34.300
188220,185,-34.306
188230,185,-34.300
188240,185,-34.300
188250,185,-34.300
188260,185,-34.306
188270,185,-34.306
188280,185,-34.300
188290,185,-34.300
188300,185,-34.294
188310,185,-34.300
188320,185,-34.300
188330,185,-34.306
188340,185,-34.300
188350,185,-34.306
188360,185,-34.300
188370,185,-34.306
188380,185,-34.300
188390,185,-34.300
188400,185,-34.300
188410,185,-34.300
188420,185,-34.300
188430,185,-34.294
188440,185,-34.306
188450,185,-34.306
188460,185,-34.300
188470,185,-34.306
188480,185,-34.306
188490,185,-34.300
188500,185,-34.294
188510,185,-34.300
188520,185,-34.300
188530,185,-34.306
188540,185,-34.300
188550,185,-34.300
188560,185,-34.300
188570,185,-34.306
188580,185,-34.294
188590,185,-34.294
188600,185,-34.306
188610,185,-34.306
188620,185,-34.306
188630,185,-34.306
188640,185,-34.306
188650,185,-34.306
188660,185,-34.300
188670,185,-34.300
188680,185,-34.306
188690,185,-34.300
188700,185,-34.294
188710,185,-34.300
188720,185,-34.300
188730,185,-34.306
188740,185,-34.300
188750,185,-34.313
188760,185,-34.300
188770,185,-34.300
188780,185,-34.300
188790,185,-34.300
188800,185,-34.300
188810,185,-34.294
188820,185,-34.306
188830,185,-34.306
188840,185,-34.306
188850,185,-34.306
188860,185,-34.306
188870,185,-34.306
188880,185,-34.300
188890,185,-34.300
188900,185,-34.300
188910,185,-34.294
188920,185,-34.300
188930,185,-34.300
188940,185,-34.300
188950,185,-34.300
188960,185,-34.300
188970,185,-34.300
188980,185,-34.300
188990,185,-34.306
189000,185,-34.300
189010,185,-34.306
189020,185,-34.306
189030,185,-34.306
189040,185,-34.306
189050,185,-34.300
189060,185,-34.300
189070,185,-34.300
189080,185,-34.300
189090,185,-34.300
189100,185,-34.300
189110,185,-34.306
189120,185,-34.306
189130,185,-34.300
189140,185,-34.300
189150,185,-34.300
189160,185,-34.294
189170,185,-34.294
189180,185,-34.300
189190,185,-34.300
189200,185,-34.306
189210,185,-34.306
189220,185,-34.306
189230,185,-34.306
189240,185,-34.300
189250,185,-34.300
189260,185,-34.300
189270,185,-34.300
189280,185,-34.306
189290,185,-34.306
189300,185,-34.306
189310,185,-34.313
189320,185,-34.300
189330,185,-34.294
189340,185,-34.300
189350,185,-34.294
189360,185,-34.287
189370,185,-34.300
189380,185,-34.306
189390,185,-34.306
189400,185,-34.306
189410,185,-34.306
189420,185,-34.306
189430,185,-34.313
189440,185,-34.294
189450,185,-34.300
189460,185,-34.300
189470,185,-34.300
189480,185,-34.300
189490,185,-34.300
189500,185,-34.306
189510,185,-34.300
189520,185,-34.306
189530,185,-34.300
189540,185,-34.300
189550,185,-34.300
189560,185,-34.294
189570,185,-34.294
189580,185,-34.306
189590,185,-34.306
189600,185,-34.300
189610,185,-34.294
189620,185,-34.294
189630,185,-34.306
189640,185,-34.300
189650,185,-34.300
189660,185,-34.300
189670,185,-34.300
189680,185,-34.306
189690,185,-34.306
189700,185,-34.300
189710,185,-34.300
189720,185,-34.294
189730,185,-34.300
189740,185,-34.300
189750,185,-34.300
189760,185,-34.300
189770,185,-34.306
189780,185,-34.306
189790,185,-34.313
189800,185,-34.306
189810,185,-34.306
189820,185,-34.306
189830,185,-34.300
189840,185,-34.300
189850,185,-34.306
189860,185,-34.300
189870,185,-34.300
189880,185,-34.306
189890,185,-34.313
189900,185,-34.306
189910,185,-34.300
189920,185,-34.300
189930,185,-34.306
189940,185,-34.300
189950,185,-34.306
189960,185,-34.306
189970,185,-34.313
189980,185,-34.306
189990,185,-34.306
190000,185,-34.300
190010,185,-34.306
190020,185,-34.306
190030,185,-34.306
190040,185,-34.306
190050,185,-34.306
190060,185,-34.313
190070,185,-34.306
190080,185,-34.306
190090,185,-34.306
190100,185,-34.306
190110,185,-34.306
190120,185,-34.306
190130,185,-34.300
190140,185,-34.306
190150,185,-34.300
190160,185,-34.300
190170,185,-34.300
190180,185,-34.300
190190,185,-34.300
190200,185,-34.300
190210,185,-34.300
190220,185,-34.294
190230,185,-34.294
190240,185,-34.306
190250,185,-34.306
190260,185,-34.306
190270,185,-34.306
190280,185,-34.306
190290,185,-34.300
190300,185,-34.294
190310,185,-34.313
190320,185,-34.306
190330,185,-34.300
190340,185,-34.306
190350,185,-34.313
190360,185,-34.300
190370,185,-34.300
190380,185,-34.300
190390,185,-34.300
190400,185,-34.306
190410,185,-34.306
190420,185,-34.319
190430,185,-34.306
190440,185,-34.306
190450,185,-34.319
190460,185,-34.313
190470,185,-34.300
190480,185,-34.306
190490,185,-34.300
190500,185,-34.300
190510,185,-34.300
190520,185,-34.306
190530,185,-34.306
190540,185,-34.306
190550,185,-34.319
190560,185,-34.313
190570,185,-34.306
190580,185,-34.300
190590,185,-34.306
190600,185,-34.313
190610,185,-34.313
190620,185,-34.300
190630,185,-34.306
190640,185,-34.306
190650,185,-34.300
190660,185,-34.300
190670,185,-34.306
190680,185,-34.306
190690,185,-34.306
190700,185,-34.306
190710,185,-34.306
190720,185,-34.306
190730,185,-34.306
190740,185,-34.306
190750,185,-34.306
190760,185,-34.306
190770,185,-34.300
190780,185,-34.300
190790,185,-34.306
190800,185,-34.306
190810,185,-34.313
190820,185,-34.306
190830,185,-34.313
190840,185,-34.306
190850,185,-34.313
190860,185,-34.306
190870,185,-34.306
190880,185,-34.306
190890,185,-34.306
190900,185,-34.319
190910,185,-34.306
190920,185,-34.306
190930,185,-34.306
190940,185,-34.306
190950,185,-34.306
190960,185,-34.306
190970,185,-34.313
190980,185,-34.369
190990,185,-34.313
191000,185,-34.306
191010,185,-34.306
191020,185,-34.306
191030,185,-34.306
191040,185,-34.306
191050,185,-34.306
191060,185,-34.306
191070,185,-34.306
191080,185,-34.313
191090,185,-34.306
191100,185,-34.313
191110,185,-34.313
191120,185,-34.306
191130,185,-34.306
191140,185,-34.306
191150,185,-34.313
191160,185,-34.306
191170,185,-34.306
191180,185,-34.306
191190,185,-34.306
191200,185,-34.313
191210,185,-34.306
191220,185,-34.313
191230,185,-34.306
191240,185,-34.300
191250,185,-34.306
191260,185,-34.313
191270,185,-34.306
191280,185,-34.313
191290,185,-34.306
191300,185,-34.300
191310,185,-34.306
191320,185,-34.306
191330,185,-34.313
191340,185,-34.306
191350,185,-34.313
191360,185,-34.306
191370,185,-34.313
191380,185,-34.306
191390,185,-34.306
191400,185,-34.306
191410,185,-34.306
191420,185,-34.300
191430,185,-34.300
191440,185,-34.306
191450,185,-34.306
191460,185,-34.306
191470,185,-34.306
191480,185,-34.306
191490,185,-34.306
191500,185,-34.306
191510,185,-34.300
191520,185,-34.300
191530,185,-34.313
191540,185,-34.306
191550,185,-34.306
191560,185,-34.313
191570,185,-34.300
191580,185,-34.306
191590,185,-34.306
191600,185,-34.344
191610,185,-34.306
191620,185,-34.381
191630,185,-34.313
191640,185,-34.325
191650,185,-34.325
191660,185,-34.319
191670,185,-34.337
191680,185,-34.306
191690,185,-34.306
191700,185,-34.306
191710,185,-34.331
191720,185,-34.306
191730,185,-34.306
191740,185,-34.356
191750,185,-34.306
191760,185,-34.362
191770,185,-34.313
191780,185,-34.306
191790,185,-34.337
191800,185,-34.306
191810,185,-34.344
191820,185,-34.306
191830,185,-34.331
191840,185,-34.306
191850,185,-34.325
191860,185,-34.369
191870,185,-34.313
191880,185,-34.350
191890,185,-34.313
191900,185,-34.350
191910,185,-34.306
191920,185,-34.313
191930,185,-34.313
191940,185,-34.306
191950,185,-34.313
191960,185,-34.306
191970,185,-34.306
191980,185,-34.313
191990,185,-34.313
192000,185,-34.306
192010,190,-34.294
192020,190,-34.306
192030,190,-34.313
192040,190,-34.306
192050,190,-34.319
192060,190,-34.306
192070,190,-34.306
192080,190,-34.337
192090,190,-34.306
192100,190,-34.375
192110,190,-34.331
192120,190,-34.369
192130,190,-34.369
192140,190,-34.306
192150,190,-34.362
192160,190,-34.381
192170,190,-34.369
192180,190,-34.362
192190,190,-34.344
192200,190,-34.375
192210,190,-34.375
192220,190,-34.375
192230,190,-34.387
192240,190,-34.369
192250,190,-34.375
192260,190,-34.369
192270,190,-34.369
192280,190,-34.381
192290,190,-34.381
192300,190,-34.381
192310,190,-34.381
192320,190,-34.369
192330,190,-34.350
192340,190,-34.369
192350,190,-34.369
192360,190,-34.369
192370,190,-34.375
192380,190,-34.375
192390,190,-34.381
192400,190,-34.381
192410,190,-34.375
192420,190,-34.381
192430,190,-34.381
192440,190,-34.356
192450,190,-34.375
192460,190,-34.375
192470,190,-34.381
192480,190,-34.381
192490,190,-34.344
192500,190,-34.337
192510,190,-34.381
192520,190,-34.381
192530,190,-34.381
192540,190,-34.375
192550,190,-34.337
192560,190,-34.375
192570,190,-34.375
192580,190,-34.381
192590,190,-34.381
192600,190,-34.381
192610,190,-34.375
192620,190,-34.381
192630,190,-34.344
192640,190,-34.375
192650,190,-34.375
192660,190,-34.381
192670,190,-34.356
192680,190,-34.375
192690,190,-34.381
192700,190,-34.381
192710,190,-34.381
192720,190,-34.375
192730,190,-34.344
192740,190,-34.344
192750,190,-34.369
192760,190,-34.369
192770,190,-34.375
192780,190,-34.362
192790,190,-34.356
192800,190,-34.369
192810,190,-34.362
192820,190,-34.375
192830,190,-34.369
192840,190,-34.331
192850,190,-34.362
192860,190,-34.369
192870,190,-34.375
192880,190,-34.375
192890,190,-34.375
192900,190,-34.319
192910,190,-34.369
192920,190,-34.362
192930,190,-34.369
192940,190,-34.369
192950,190,-34.375
192960,190,-34.375
192970,190,-34.375
192980,190,-34.381
192990,190,-34.375
193000,190,-34.362
193010,190,-34.369
193020,190,-34.369
193030,190,-34.362
193040,190,-34.369
193050,190,-34.375
193060,190,-34.375
193070,190,-34.375
193080,190,-34.375
193090,190,-34.375
193100,190,-34.369
193110,190,-34.356
193120,190,-34.362
193130,190,-34.369
193140,190,-34.375
193150,190,-34.375
193160,190,-34.375
193170,190,-34.369
193180,190,-34.369
193190,190,-34.362
193200,190,-34.369
193210,190,-34.369
193220,190,-34.362
193230,190,-34.362
193240,190,-34.362
193250,190,-34.369
193260,190,-34.362
193270,190,-34.362
193280,190,-34.362
193290,190,-34.362
193300,190,-34.362
193310,190,-34.369
193320,190,-34.362
193330,190,-34.362
193340,190,-34.362
193350,190,-34.362
193360,190,-34.369
193370,190,-34.362
193380,190,-34.362
193390,190,-34.369
193400,190,-34.362
193410,190,-34.369
193420,190,-34.356
193430,190,-34.362
193440,190,-34.369
193450,190,-34.375
193460,190,-34.369
193470,190,-34.356
193480,190,-34.356
193490,190,-34.362
193500,190,-34.362
193510,190,-34.362
193520,190,-34.369
193530,190,-34.369
193540,190,-34.369
193550,190,-34.369
193560,190,-34.362
193570,190,-34.362
193580,190,-34.369
193590,190,-34.369
193600,190,-34.369
193610,190,-34.369
193620,190,-34.375
193630,190,-34.375
193640,190,-34.369
193650,190,-34.356
193660,190,-34.369
193670,190,-34.362
193680,190,-34.362
193690,190,-34.369
193700,190,-34.369
193710,190,-34.362
193720,190,-34.369
193730,190,-34.375
193740,190,-34.375
193750,190,-34.369
193760,190,-34.356
193770,190,-34.362
193780,190,-34.369
193790,190,-34.369
193800,190,-34.362
193810,190,-34.369
193820,190,-34.369
193830,190,-34.369
193840,190,-34.375
193850,190,-34.362
193860,190,-34.369
193870,190,-34.362
193880,190,-34.362
193890,190,-34.369
193900,190,-34.362
193910,190,-34.369
193920,190,-34.362
193930,190,-34.362
193940,190,-34.369
193950,190,-34.369
193960,190,-34.356
193970,190,-34.362
193980,190,-34.362
193990,190,-34.362
194000,190,-34.362
194010,190,-34.362
194020,190,-34.362
194030,190,-34.350
194040,190,-34.356
194050,190,-34.356
194060,190,-34.356
194070,190,-34.369
194080,190,-34.375
194090,190,-34.362
194100,190,-34.362
194110,190,-34.369
194120,190,-34.362
194130,190,-34.356
194140,190,-34.362
194150,190,-34.362
194160,190,-34.356
194170,190,-34.362
194180,190,-34.362
194190,190,-34.369
194200,190,-34.362
194210,190,-34.362
194220,190,-34.369
194230,190,-34.362
194240,190,-34.362
194250,190,-34.344
194260,190,-34.362
194270,190,-34.362
194280,190,-34.319
194290,190,-34.306
194300,190,-34.362
194310,190,-34.331
194320,190,-34.362
194330,190,-34.325
194340,190,-34.294
194350,190,-34.356
194360,190,-34.319
194370,190,-34.362
194380,190,-34.356
194390,190,-34.306
194400,190,-34.350
194410,190,-34.319
194420,190,-34.356
194430,190,-34.362
194440,190,-34.325
194450,190,-34.319
194460,190,-34.369
194470,190,-34.369
194480,190,-34.362
194490,190,-34.356
194500,190,-34.306
194510,190,-34.369
194520,190,-34.362
194530,190,-34.362
194540,190,-34.369
194550,190,-34.294
194560,190,-34.362
194570,190,-34.350
194580,190,-34.350
194590,190,-34.344
194600,190,-34.344
194610,190,-34.344
194620,190,-34.350
194630,190,-34.350
194640,190,-34.350
194650,190,-34.350
194660,190,-34.350
194670,190,-34.350
194680,190,-34.337
194690,190,-34.337
194700,190,-34.350
194710,190,-34.344
194720,190,-34.350
194730,190,-34.344
194740,190,-34.350
194750,190,-34.356
194760,190,-34.350
194770,190,-34.350
194780,190,-34.350
194790,190,-34.344
194800,190,-34.344
194810,190,-34.350
194820,190,-34.350
194830,190,-34.356
194840,190,-34.362
194850,190,-34.356
194860,190,-34.369
194870,190,-34.362
194880,190,-34.362
194890,190,-34.362
194900,190,-34.356
194910,190,-34.369
194920,190,-34.362
194930,190,-34.362
194940,190,-34.362
194950,190,-34.362
194960,190,-34.362
194970,190,-34.362
194980,190,-34.362
194990,190,-34.362
195000,190,-34.356
195010,190,-34.356
195020,190,-34.369
195030,190,-34.362
195040,190,-34.362
195050,190,-34.369
195060,190,-34.369
195070,190,-34.356
195080,190,-34.356
195090,190,-34.356
195100,190,-34.362
195110,190,-34.362
195120,190,-34.369
195130,190,-34.369
195140,190,-34.356
195150,190,-34.362
195160,190,-34.369
195170,190,-34.356
195180,190,-34.356
195190,190,-34.369
195200,190,-34.362
195210,190,-34.356
195220,190,-34.356
195230,190,-34.362
195240,190,-34.356
195250,190,-34.356
195260,190,-34.362
195270,190,-34.362
195280,190,-34.362
195290,190,-34.375
195300,190,-34.369
195310,190,-34.362
195320,190,-34.362
195330,190,-34.369
195340,190,-34.362
195350,190,-34.369
195360,190,-34.356
195370,190,-34.356
195380,190,-34.356
195390,190,-34.362
195400,190,-34.369
195410,190,-34.362
195420,190,-34.362
195430,190,-34.362
195440,190,-34.362
195450,190,-34.362
195460,190,-34.362
195470,190,-34.356
195480,190,-34.356
195490,190,-34.369
195500,190,-34.356
195510,190,-34.356
195520,190,-34.369
195530,190,-34.362
195540,190,-34.369
195550,190,-34.350
195560,190,-34.356
195570,190,-34.356
195580,190,-34.356
195590,190,-34.369
195600,190,-34.356
195610,190,-34.356
195620,190,-34.356
195630,190,-34.356
195640,190,-34.356
195650,190,-34.356
195660,190,-34.362
195670,190,-34.362
195680,190,-34.369
195690,190,-34.362
195700,190,-34.362
195710,190,-34.362
195720,190,-34.362
195730,190,-34.362
195740,190,-34.362
195750,190,-34.356
195760,190,-34.362
195770,190,-34.362
195780,190,-34.362
195790,190,-34.362
195800,190,-34.362
195810,190,-34.369
195820,190,-34.356
195830,190,-34.356
195840,190,-34.356
195850,190,-34.362
195860,190,-34.362
195870,190,-34.356
195880,190,-34.369
195890,190,-34.362
195900,190,-34.356
195910,190,-34.356
195920,190,-34.356
195930,190,-34.362
195940,190,-34.362
195950,190,-34.362
195960,190,-34.369
195970,190,-34.362
195980,190,-34.362
195990,190,-34.362
196000,190,-34.362
196010,190,-34.356
196020,190,-34.362
196030,190,-34.362
196040,190,-34.356
196050,190,-34.362
196060,190,-34.356
196070,190,-34.362
196080,190,-34.369
196090,190,-34.356
196100,190,-34.350
196110,190,-34.356
196120,190,-34.356
196130,190,-34.356
196140,190,-34.356
196150,190,-34.362
196160,190,-34.369
196170,190,-34.362
196180,190,-34.362
196190,190,-34.369
196200,190,-34.362
196210,190,-34.369
196220,190,-34.356
196230,190,-34.356
196240,190,-34.369
196250,190,-34.362
196260,190,-34.362
196270,190,-34.362
196280,190,-34.362
196290,190,-34.362
196300,190,-34.362
196310,190,-34.362
196320,190,-34.362
196330,190,-34.362
196340,190,-34.362
196350,190,-34.362
196360,190,-34.362
196370,190,-34.369
196380,190,-34.362
196390,190,-34.362
196400,190,-34.362
196410,190,-34.362
196420,190,-34.362
196430,190,-34.375
196440,190,-34.375
196450,190,-34.369
196460,190,-34.362
196470,190,-34.362
196480,190,-34.362
196490,190,-34.362
196500,190,-34.362
196510,190,-34.356
196520,190,-34.362
196530,190,-34.356
196540,190,-34.369
196550,190,-34.362
196560,190,-34.356
196570,190,-34.362
196580,190,-34.362
196590,190,-34.362
196600,190,-34.362
196610,190,-34.362
196620,190,-34.369
196630,190,-34.356
196640,190,-34.362
196650,190,-34.362
196660,190,-34.362
196670,190,-34.362
196680,190,-34.369
196690,190,-34.356
196700,190,-34.356
196710,190,-34.369
196720,190,-34.362
196730,190,-34.362
196740,190,-34.369
196750,190,-34.356
196760,190,-34.350
196770,190,-34.350
196780,190,-34.356
196790,190,-34.350
196800,190,-34.356
196810,190,-34.362
196820,190,-34.356
196830,190,-34.356
196840,190,-34.362
196850,190,-34.362
196860,190,-34.362
196870,190,-34.356
196880,190,-34.356
196890,190,-34.362
196900,190,-34.362
196910,190,-34.362
196920,190,-34.356
196930,190,-34.356
196940,190,-34.356
196950,190,-34.356
196960,190,-34.362
196970,190,-34.356
196980,190,-34.362
196990,190,-34.362
197000,190,-34.356
197010,195,-34.350
197020,195,-34.356
197030,195,-34.350
197040,195,-34.356
197050,195,-34.350
197060,195,-34.350
197070,195,-34.350
197080,195,-34.356
197090,195,-34.350
197100,195,-34.356
197110,195,-34.350
197120,195,-34.356
197130,195,-34.356
197140,195,-34.356
197150,195,-34.356
197160,195,-34.350
197170,195,-34.356
197180,195,-34.350
197190,195,-34.350
197200,195,-34.356
197210,195,-34.350
197220,195,-34.356
197230,195,-34.350
197240,195,-34.350
197250,195,-34.356
197260,195,-34.350
197270,195,-34.350
197280,195,-34.350
197290,195,-34.356
197300,195,-34.350
197310,195,-34.350
197320,195,-34.356
197330,195,-34.344
197340,195,-34.344
197350,195,-34.356
197360,195,-34.350
197370,195,-34.356
197380,195,-34.350
197390,195,-34.356
197400,195,-34.356
197410,195,-34.356
197420,195,-34.356
197430,195,-34.362
197440,195,-34.350
197450,195,-34.356
197460,195,-34.350
197470,195,-34.356
197480,195,-34.356
197490,195,-34.356
197500,195,-34.362
197510,195,-34.356
197520,195,-34.356
197530,195,-34.362
197540,195,-34.362
197550,195,-34.362
197560,195,-34.344
197570,195,-34.356
197580,195,-34.356
197590,195,-34.356
197600,195,-34.356
197610,195,-34.350
197620,195,-34.350
197630,195,-34.356
197640,195,-34.356
197650,195,-34.356
197660,195,-34.362
197670,195,-34.362
197680,195,-34.362
197690,195,-34.356
197700,195,-34.362
197710,195,-34.362
197720,195,-34.362
197730,195,-34.356
197740,195,-34.362
197750,195,-34.362
197760,195,-34.356
197770,195,-34.362
197780,195,-34.362
197790,195,-34.362
197800,195,-34.356
197810,195,-34.362
197820,195,-34.356
197830,195,-34.356
197840,195,-34.362
197850,195,-34.362
197860,195,-34.362
197870,195,-34.369
197880,195,-34.356
197890,195,-34.350
197900,195,-34.356
197910,195,-34.362
197920,195,-34.356
197930,195,-34.369
197940,195,-34.362
197950,195,-34.362
197960,195,-34.369
197970,195,-34.362
197980,195,-34.369
197990,195,-34.362
198000,195,-34.356
198010,195,-34.362
198020,195,-34.369
198030,195,-34.362
198040,195,-34.362
198050,195,-34.369
198060,195,-34.369
198070,195,-34.362
198080,195,-34.356
198090,195,-34.362
198100,195,-34.362
198110,195,-34.362
198120,195,-34.362
198130,195,-34.369
198140,195,-34.362
198150,195,-34.369
198160,195,-34.369
198170,195,-34.369
198180,195,-34.362
198190,195,-34.362
198200,195,-34.362
198210,195,-34.362
198220,195,-34.369
198230,195,-34.356
198240,195,-34.356
198250,195,-34.369
198260,195,-34.362
198270,195,-34.362
198280,195,-34.369
198290,195,-34.369
198300,195,-34.362
198310,195,-34.375
198320,195,-34.375
198330,195,-34.375
198340,195,-34.369
198350,195,-34.362
198360,195,-34.356
198370,195,-34.375
198380,195,-34.362
198390,195,-34.369
198400,195,-34.362
198410,195,-34.362
198420,195,-34.369
198430,195,-34.375
198440,195,-34.362
198450,195,-34.369
198460,195,-34.362
198470,195,-34.356
198480,195,-34.362
198490,195,-34.356
198500,195,-34.375
198510,195,-34.375
198520,195,-34.369
198530,195,-34.362
198540,195,-34.362
198550,195,-34.369
198560,195,-34.356
198570,195,-34.362
198580,195,-34.375
198590,195,-34.369
198600,195,-34.362
198610,195,-34.362
198620,195,-34.369
198630,195,-34.369
198640,195,-34.356
198650,195,-34.362
198660,195,-34.362
198670,195,-34.362
198680,195,-34.369
198690,195,-34.362
198700,195,-34.362
198710,195,-34.362
198720,195,-34.362
198730,195,-34.362
198740,195,-34.356
198750,195,-34.362
198760,195,-34.400
198770,195,-34.387
198780,195,-34.362
198790,195,-34.362
198800,195,-34.362
198810,195,-34.375
198820,195,-34.375
198830,195,-34.369
198840,195,-34.362
198850,195,-34.369
198860,195,-34.362
198870,195,-34.369
198880,195,-34.362
198890,195,-34.362
198900,195,-34.375
198910,195,-34.375
198920,195,-34.369
198930,195,-34.369
198940,195,-34.362
198950,195,-34.375
198960,195,-34.369
198970,195,-34.369
198980,195,-34.375
198990,195,-34.387
199000,195,-34.362
199010,195,-34.362
199020,195,-34.369
199030,195,-34.362
199040,195,-34.362
199050,195,-34.369
199060,195,-34.362
199070,195,-34.369
199080,195,-34.369
199090,195,-34.369
199100,195,-34.369
199110,195,-34.362
199120,195,-34.362
199130,195,-34.362
199140,195,-34.362
199150,195,-34.375
199160,195,-34.375
199170,195,-34.375
199180,195,-34.375
199190,195,-34.375
199200,195,-34.375
199210,195,-34.369
199220,195,-34.362
199230,195,-34.362
199240,195,-34.369
199250,195,-34.375
199260,195,-34.375
199270,195,-34.375
199280,195,-34.369
199290,195,-34.362
199300,195,-34.362
199310,195,-34.375
199320,195,-34.369
199330,195,-34.369
199340,195,-34.362
199350,195,-34.375
199360,195,-34.369
199370,195,-34.369
199380,195,-34.362
199390,195,-34.369
199400,195,-34.362
199410,195,-34.362
199420,195,-34.369
199430,195,-34.362
199440,195,-34.369
199450,195,-34.369
199460,195,-34.375
199470,195,-34.375
199480,195,-34.369
199490,195,-34.362
199500,195,-34.362
199510,195,-34.369
199520,195,-34.375
199530,195,-34.369
199540,195,-34.362
199550,195,-34.369
199560,195,-34.356
199570,195,-34.362
199580,195,-34.362
199590,195,-34.369
199600,195,-34.362
199610,195,-34.362
199620,195,-34.375
199630,195,-34.375
199640,195,-34.369
199650,195,-34.369
199660,195,-34.356
199670,195,-34.362
199680,195,-34.362
199690,195,-34.362
199700,195,-34.362
199710,195,-34.362
199720,195,-34.375
199730,195,-34.362
199740,195,-34.356
199750,195,-34.362
199760,195,-34.369
199770,195,-34.356
199780,195,-34.356
199790,195,-34.362
199800,195,-34.362
199810,195,-34.362
199820,195,-34.362
199830,195,-34.375
199840,195,-34.369
199850,195,-34.362
199860,195,-34.362
199870,195,-34.369
199880,195,-34.369
199890,195,-34.362
199900,195,-34.362
199910,195,-34.375
199920,195,-34.375
199930,195,-34.369
199940,195,-34.362
199950,195,-34.362
199960,195,-34.362
199970,195,-34.369
199980,195,-34.362
199990,195,-34.362
200000,195,-34.362
200010,195,-34.369
200020,195,-34.375
200030,195,-34.381
200040,195,-34.369
200050,195,-34.362
200060,195,-34.362
200070,195,-34.369
200080,195,-34.369
200090,195,-34.369
200100,195,-34.369
200110,195,-34.369
200120,195,-34.362
200130,195,-34.362
200140,195,-34.362
200150,195,-34.412
200160,195,-34.369
200170,195,-34.369
200180,195,-34.362
200190,195,-34.369
200200,195,-34.375
200210,195,-34.381
200220,195,-34.381
200230,195,-34.406
200240,195,-34.369
200250,195,-34.362
200260,195,-34.369
200270,195,-34.369
200280,195,-34.369
200290,195,-34.381
200300,195,-34.375
200310,195,-34.375
200320,195,-34.375
200330,195,-34.369
200340,195,-34.369
200350,195,-34.362
200360,195,-34.369
200370,195,-34.412
200380,195,-34.369
200390,195,-34.362
200400,195,-34.375
200410,195,-34.375
200420,195,-34.369
200430,195,-34.369
200440,195,-34.362
200450,195,-34.375
200460,195,-34.375
200470,195,-34.375
200480,195,-34.375
200490,195,-34.375
200500,195,-34.375
200510,195,-34.375
200520,195,-34.375
200530,195,-34.375
200540,195,-34.369
200550,195,-34.362
200560,195,-34.375
200570,195,-34.375
200580,195,-34.375
200590,195,-34.375
200600,195,-34.369
200610,195,-34.362
200620,195,-34.362
200630,195,-34.369
200640,195,-34.369
200650,195,-34.369
200660,195,-34.369
200670,195,-34.369
200680,195,-34.369
200690,195,-34.369
200700,195,-34.369
200710,195,-34.362
200720,195,-34.369
200730,195,-34.369
200740,195,-34.369
200750,195,-34.369
200760,195,-34.369
200770,195,-34.375
200780,195,-34.369
200790,195,-34.369
200800,195,-34.362
200810,195,-34.375
200820,195,-34.375
200830,195,-34.375
200840,195,-34.369
200850,195,-34.362
200860,195,-34.375
200870,195,-34.375
200880,195,-34.375
200890,195,-34.362
200900,195,-34.369
200910,195,-34.362
200920,195,-34.369
200930,195,-34.375
200940,195,-34.369
200950,195,-34.369
200960,195,-34.369
200970,195,-34.369
200980,195,-34.362
200990,195,-34.362
201000,195,-34.362
201010,195,-34.362
201020,195,-34.369
201030,195,-34.369
201040,195,-34.362
201050,195,-34.375
201060,195,-34.375
201070,195,-34.375
201080,195,-34.362
201090,195,-34.369
201100,195,-34.362
201110,195,-34.369
201120,195,-34.369
201130,195,-34.369
201140,195,-34.369
201150,195,-34.362
201160,195,-34.375
201170,195,-34.375
201180,195,-34.369
201190,195,-34.369
201200,195,-34.369
201210,195,-34.375
201220,195,-34.362
201230,195,-34.375
201240,195,-34.369
201250,195,-34.362
201260,195,-34.362
201270,195,-34.362
201280,195,-34.369
201290,195,-34.369
201300,195,-34.369
201310,195,-34.375
201320,195,-34.369
201330,195,-34.369
201340,195,-34.369
201350,195,-34.369
201360,195,-34.362
201370,195,-34.362
201380,195,-34.375
201390,195,-34.375
201400,195,-34.381
201410,195,-34.375
201420,195,-34.375
201430,195,-34.375
201440,195,-34.375
201450,195,-34.375
201460,195,-34.369
201470,195,-34.362
201480,195,-34.362
201490,195,-34.375
201500,195,-34.375
201510,195,-34.375
201520,195,-34.369
201530,195,-34.362
201540,195,-34.369
201550,195,-34.369
201560,195,-34.375
201570,195,-34.375
201580,195,-34.381
201590,195,-34.381
201600,195,-34.381
201610,195,-34.375
201620,195,-34.375
201630,195,-34.369
201640,195,-34.362
201650,195,-34.369
201660,195,-34.375
201670,195,-34.375
201680,195,-34.381
201690,195,-34.375
201700,195,-34.375
201710,195,-34.375
201720,195,-34.375
201730,195,-34.375
201740,195,-34.375
201750,195,-34.369
201760,195,-34.362
201770,195,-34.362
201780,195,-34.369
201790,195,-34.375
201800,195,-34.369
201810,195,-34.369
201820,195,-34.362
201830,195,-34.375
201840,195,-34.369
201850,195,-34.362
201860,195,-34.369
201870,195,-34.369
201880,195,-34.375
201890,195,-34.375
201900,195,-34.375
201910,195,-34.375
201920,195,-34.375
201930,195,-34.375
201940,195,-34.375
201950,195,-34.375
201960,195,-34.381
201970,195,-34.381
201980,195,-34.381
201990,195,-34.375
202000,195,-34.369
202010,200,-34.356
202020,200,-34.369
202030,200,-34.362
202040,200,-34.369
202050,200,-34.394
202060,200,-34.369
202070,200,-34.375
202080,200,-34.387
202090,200,-34.444
202100,200,-34.437
202110,200,-34.369
202120,200,-34.369
202130,200,-34.431
202140,200,-34.406
202150,200,-34.394
202160,200,-34.444
202170,200,-34.431
202180,200,-34.431
202190,200,-34.369
202200,200,-34.375
202210,200,-34.431
202220,200,-34.431
202230,200,-34.394
202240,200,-34.431
202250,200,-34.431
202260,200,-34.437
202270,200,-34.437
202280,200,-34.437
202290,200,-34.431
202300,200,-34.431
202310,200,-34.406
202320,200,-34.437
202330,200,-34.437
202340,200,-34.431
202350,200,-34.431
202360,200,-34.431
202370,200,-34.431
202380,200,-34.394
202390,200,-34.394
202400,200,-34.437
202410,200,-34.437
202420,200,-34.369
202430,200,-34.425
202440,200,-34.431
202450,200,-34.431
202460,200,-34.381
202470,200,-34.394
202480,200,-34.444
202490,200,-34.437
202500,200,-34.394
202510,200,-34.425
202520,200,-34.431
202530,200,-34.431
202540,200,-34.362
202550,200,-34.387
202560,200,-34.425
202570,200,-34.362
202580,200,-34.394
202590,200,-34.431
202600,200,-34.425
202610,200,-34.431
202620,200,-34.431
202630,200,-34.431
202640,200,-34.419
202650,200,-34.369
202660,200,-34.406
202670,200,-34.431
202680,200,-34.387
202690,200,-34.431
202700,200,-34.444
202710,200,-34.431
202720,200,-34.369
202730,200,-34.381
202740,200,-34.431
202750,200,-34.437
202760,200,-34.437
202770,200,-34.437
202780,200,-34.437
202790,200,-34.431
202800,200,-34.394
202810,200,-34.387
202820,200,-34.431
202830,200,-34.444
202840,200,-34.437
202850,200,-34.437
202860,200,-34.437
202870,200,-34.437
202880,200,-34.412
202890,200,-34.394
202900,200,-34.419
202910,200,-34.406
202920,200,-34.419
202930,200,-34.431
202940,200,-34.431
202950,200,-34.425
202960,200,-34.431
202970,200,-34.425
202980,200,-34.400
202990,200,-34.412
203000,200,-34.437
203010,200,-34.437
203020,200,-34.444
203030,200,-34.444
203040,200,-34.444
203050,200,-34.437
203060,200,-34.400
203070,200,-34.394
203080,200,-34.431
203090,200,-34.431
203100,200,-34.431
203110,200,-34.431
203120,200,-34.431
203130,200,-34.437
203140,200,-34.387
203150,200,-34.394
203160,200,-34.437
203170,200,-34.437
203180,200,-34.437
203190,200,-34.437
203200,200,-34.444
203210,200,-34.450
203220,200,-34.375
203230,200,-34.437
203240,200,-34.431
203250,200,-34.406
203260,200,-34.394
203270,200,-34.437
203280,200,-34.444
203290,200,-34.437
203300,200,-34.437
203310,200,-34.437
203320,200,-34.437
203330,200,-34.425
203340,200,-34.412
203350,200,-34.450
203360,200,-34.444
203370,200,-34.444
203380,200,-34.431
203390,200,-34.450
203400,200,-34.381
203410,200,-34.387
203420,200,-34.444
203430,200,-34.437
203440,200,-34.406
203450,200,-34.406
203460,200,-34.444
203470,200,-34.412
203480,200,-34.369
203490,200,-34.444
203500,200,-34.437
203510,200,-34.394
203520,200,-34.400
203530,200,-34.437
203540,200,-34.437
203550,200,-34.369
203560,200,-34.431
203570,200,-34.425
203580,200,-34.375
203590,200,-34.375
203600,200,-34.444
203610,200,-34.450
203620,200,-34.406
203630,200,-34.444
203640,200,-34.437
203650,200,-34.412
203660,200,-34.412
203670,200,-34.431
203680,200,-34.444
203690,200,-34.394
203700,200,-34.431
203710,200,-34.437
203720,200,-34.444
203730,200,-34.375
203740,200,-34.400
203750,200,-34.437
203760,200,-34.437
203770,200,-34.444
203780,200,-34.444
203790,200,-34.444
203800,200,-34.437
203810,200,-34.419
203820,200,-34.406
203830,200,-34.431
203840,200,-34.437
203850,200,-34.437
203860,200,-34.437
203870,200,-34.444
203880,200,-34.425
203890,200,-34.419
203900,200,-34.437
203910,200,-34.406
203920,200,-34.375
203930,200,-34.394
203940,200,-34.431
203950,200,-34.444
203960,200,-34.437
203970,200,-34.437
203980,200,-34.431
203990,200,-34.394
204000,200,-34.431
204010,200,-34.437
204020,200,-34.437
204030,200,-34.437
204040,200,-34.444
204050,200,-34.444
204060,200,-34.444
204070,200,-34.444
204080,200,-34.437
204090,200,-34.419
204100,200,-34.431
204110,200,-34.437
204120,200,-34.437
204130,200,-34.437
204140,200,-34.450
204150,200,-34.400
204160,200,-34.394
204170,200,-34.437
204180,200,-34.444
204190,200,-34.437
204200,200,-34.437
204210,200,-34.437
204220,200,-34.444
204230,200,-34.444
204240,200,-34.444
204250,200,-34.444
204260,200,-34.369
204270,200,-34.362
204280,200,-34.437
204290,200,-34.437
204300,200,-34.437
204310,200,-34.444
204320,200,-34.444
204330,200,-34.431
204340,200,-34.375
204350,200,-34.425
204360,200,-34.437
204370,200,-34.400
204380,200,-34.431
204390,200,-34.431
204400,200,-34.437
204410,200,-34.419
204420,200,-34.412
204430,200,-34.425
204440,200,-34.437
204450,200,-34.431
204460,200,-34.437
204470,200,-34.425
204480,200,-34.431
204490,200,-34.394
204500,200,-34.406
204510,200,-34.437
204520,200,-34.437
204530,200,-34.387
204540,200,-34.444
204550,200,-34.431
204560,200,-34.444
204570,200,-34.437
204580,200,-34.444
204590,200,-34.444
204600,200,-34.394
204610,200,-34.394
204620,200,-34.431
204630,200,-34.437
204640,200,-34.412
204650,200,-34.444
204660,200,-34.444
204670,200,-34.406
204680,200,-34.412
204690,200,-34.431
204700,200,-34.444
204710,200,-34.394
204720,200,-34.400
204730,200,-34.444
204740,200,-34.444
204750,200,-34.375
204760,200,-34.375
204770,200,-34.437
204780,200,-34.419
204790,200,-34.437
204800,200,-34.437
204810,200,-34.450
204820,200,-34.394
204830,200,-34.369
204840,200,-34.419
204850,200,-34.437
204860,200,-34.369
204870,200,-34.412
204880,200,-34.431
204890,200,-34.387
204900,200,-34.381
204910,200,-34.400
204920,200,-34.400
204930,200,-34.369
204940,200,-34.406
204950,200,-34.369
204960,200,-34.369
204970,200,-34.394
204980,200,-34.450
204990,200,-34.437
205000,200,-34.375
205010,200,-34.375
205020,200,-34.444
205030,200,-34.412
205040,200,-34.375
205050,200,-34.444
205060,200,-34.450
205070,200,-34.381
205080,200,-34.375
205090,200,-34.431
205100,200,-34.444
205110,200,-34.400
205120,200,-34.400
205130,200,-34.437
205140,200,-34.450
205150,200,-34.381
205160,200,-34.375
205170,200,-34.437
205180,200,-34.456
205190,200,-34.406
205200,200,-34.400
205210,200,-34.431
205220,200,-34.437
205230,200,-34.444
205240,200,-34.444
205250,200,-34.444
205260,200,-34.381
205270,200,-34.381
205280,200,-34.450
205290,200,-34.437
205300,200,-34.369
205310,200,-34.431
205320,200,-34.450
205330,200,-34.437
205340,200,-34.375
205350,200,-34.394
205360,200,-34.450
205370,200,-34.437
205380,200,-34.425
205390,200,-34.444
205400,200,-34.444
205410,200,-34.437
205420,200,-34.381
205430,200,-34.412
205440,200,-34.450
205450,200,-34.450
205460,200,-34.450
205470,200,-34.450
205480,200,-34.444
205490,200,-34.394
205500,200,-34.375
205510,200,-34.444
205520,200,-34.444
205530,200,-34.412
205540,200,-34.444
205550,200,-34.444
205560,200,-34.387
205570,200,-34.450
205580,200,-34.444
205590,200,-34.437
205600,200,-34.375
205610,200,-34.406
205620,200,-34.450
205630,200,-34.431
205640,200,-34.437
205650,200,-34.437
205660,200,-34.437
205670,200,-34.400
205680,200,-34.369
205690,200,-34.406
205700,200,-34.444
205710,200,-34.412
205720,200,-34.437
205730,200,-34.437
205740,200,-34.444
205750,200,-34.387
205760,200,-34.375
205770,200,-34.425
205780,200,-34.444
205790,200,-34.437
205800,200,-34.431
205810,200,-34.437
205820,200,-34.437
205830,200,-34.419
205840,200,-34.375
205850,200,-34.437
205860,200,-34.437
205870,200,-34.444
205880,200,-34.437
205890,200,-34.444
205900,200,-34.450
205910,200,-34.444
205920,200,-34.444
205930,200,-34.444
205940,200,-34.450
205950,200,-34.437
205960,200,-34.419
205970,200,-34.450
205980,200,-34.444
205990,200,-34.444
206000,200,-34.444
206010,200,-34.444
206020,200,-34.425
206030,200,-34.425
206040,200,-34.425
206050,200,-34.444
206060,200,-34.437
206070,200,-34.450
206080,200,-34.444
206090,200,-34.437
206100,200,-34.444
206110,200,-34.412
206120,200,-34.400
206130,200,-34.450
206140,200,-34.450
206150,200,-34.444
206160,200,-34.450
206170,200,-34.444
206180,200,-34.444
206190,200,-34.400
206200,200,-34.406
206210,200,-34.444
206220,200,-34.444
206230,200,-34.437
206240,200,-34.450
206250,200,-34.444
206260,200,-34.444
206270,200,-34.437
206280,200,-34.456
206290,200,-34.431
206300,200,-34.437
206310,200,-34.444
206320,200,-34.456
206330,200,-34.450
206340,200,-34.450
206350,200,-34.450
206360,200,-34.444
206370,200,-34.419
206380,200,-34.381
206390,200,-34.400
206400,200,-34.450
206410,200,-34.450
206420,200,-34.450
206430,200,-34.444
206440,200,-34.444
206450,200,-34.406
206460,200,-34.419
206470,200,-34.444
206480,200,-34.444
206490,200,-34.406
206500,200,-34.450
206510,200,-34.456
206520,200,-34.456
206530,200,-34.425
206540,200,-34.412
206550,200,-34.450
206560,200,-34.387
206570,200,-34.387
206580,200,-34.437
206590,200,-34.456
206600,200,-34.412
206610,200,-34.450
206620,200,-34.456
206630,200,-34.456
206640,200,-34.431
206650,200,-34.394
206660,200,-34.450
206670,200,-34.456
206680,200,-34.412
206690,200,-34.456
206700,200,-34.444
206710,200,-34.450
206720,200,-34.406
206730,200,-34.387
206740,200,-34.419
206750,200,-34.444
206760,200,-34.431
206770,200,-34.431
206780,200,-34.444
206790,200,-34.450
206800,200,-34.406
206810,200,-34.387
206820,200,-34.431
206830,200,-34.456
206840,200,-34.419
206850,200,-34.450
206860,200,-34.444
206870,200,-34.456
206880,200,-34.381
206890,200,-34.462
206900,200,-34.450
206910,200,-34.394
206920,200,-34.381
206930,200,-34.456
206940,200,-34.450
206950,200,-34.406
206960,200,-34.419
206970,200,-34.456
206980,200,-34.450
206990,200,-34.387
207000,200,-34.381
207010,205,-34.431
207020,205,-34.456
207030,205,-34.412
207040,205,-34.462
207050,205,-34.469
207060,205,-34.462
207070,205,-34.456
207080,205,-34.444
207090,205,-34.456
207100,205,-34.456
207110,205,-34.462
207120,205,-34.462
207130,205,-34.469
207140,205,-34.469
207150,205,-34.462
207160,205,-34.469
207170,205,-34.469
207180,205,-34.469
207190,205,-34.469
207200,205,-34.469
207210,205,-34.462
207220,205,-34.469
207230,205,-34.469
207240,205,-34.469
207250,205,-34.462
207260,205,-34.456
207270,205,-34.462
207280,205,-34.456
207290,205,-34.462
207300,205,-34.462
207310,205,-34.462
207320,205,-34.462
207330,205,-34.462
207340,205,-34.469
207350,205,-34.469
207360,205,-34.456
207370,205,-34.462
207380,205,-34.462
207390,205,-34.456
207400,205,-34.462
207410,205,-34.462
207420,205,-34.462
207430,205,-34.462
207440,205,-34.469
207450,205,-34.462
207460,205,-34.462
207470,205,-34.469
207480,205,-34.462
207490,205,-34.462
207500,205,-34.462
207510,205,-34.456
207520,205,-34.462
207530,205,-34.469
207540,205,-34.462
207550,205,-34.469
207560,205,-34.462
207570,205,-34.462
207580,205,-34.462
207590,205,-34.469
207600,205,-34.469
207610,205,-34.469
207620,205,-34.469
207630,205,-34.469
207640,205,-34.462
207650,205,-34.462
207660,205,-34.462
207670,205,-34.462
207680,205,-34.462
207690,205,-34.469
207700,205,-34.469
207710,205,-34.469
207720,205,-34.469
207730,205,-34.475
207740,205,-34.469
207750,205,-34.469
207760,205,-34.469
207770,205,-34.462
207780,205,-34.462
207790,205,-34.462
207800,205,-34.475
207810,205,-34.462
207820,205,-34.469
207830,205,-34.469
207840,205,-34.469
207850,205,-34.469
207860,205,-34.462
207870,205,-34.469
207880,205,-34.469
207890,205,-34.475
207900,205,-34.475
207910,205,-34.469
207920,205,-34.469
207930,205,-34.469
207940,205,-34.469
207950,205,-34.469
207960,205,-34.462
207970,205,-34.475
207980,205,-34.475
207990,205,-34.469
208000,205,-34.469
208010,205,-34.456
208020,205,-34.469
208030,205,-34.469
208040,205,-34.462
208050,205,-34.469
208060,205,-34.462
208070,205,-34.469
208080,205,-34.469
208090,205,-34.469
208100,205,-34.475
208110,205,-34.469
208120,205,-34.475
208130,205,-34.469
208140,205,-34.469
208150,205,-34.462
208160,205,-34.462
208170,205,-34.469
208180,205,-34.469
208190,205,-34.475
208200,205,-34.475
208210,205,-34.462
208220,205,-34.462
208230,205,-34.475
208240,205,-34.475
208250,205,-34.469
208260,205,-34.475
208270,205,-34.481
208280,205,-34.469
208290,205,-34.462
208300,205,-34.462
208310,205,-34.456
208320,205,-34.469
208330,205,-34.456
208340,205,-34.462
208350,205,-34.462
208360,205,-34.469
208370,205,-34.462
208380,205,-34.469
208390,205,-34.462
208400,205,-34.462
208410,205,-34.462
208420,205,-34.462
208430,205,-34.456
208440,205,-34.462
208450,205,-34.462
208460,205,-34.469
208470,205,-34.462
208480,205,-34.469
208490,205,-34.469
208500,205,-34.469
208510,205,-34.462
208520,205,-34.462
208530,205,-34.462
208540,205,-34.462
208550,205,-34.469
208560,205,-34.469
208570,205,-34.462
208580,205,-34.462
208590,205,-34.469
208600,205,-34.462
208610,205,-34.462
208620,205,-34.462
208630,205,-34.469
208640,205,-34.462
208650,205,-34.462
208660,205,-34.469
208670,205,-34.469
208680,205,-34.469
208690,205,-34.462
208700,205,-34.469
208710,205,-34.462
208720,205,-34.462
208730,205,-34.475
208740,205,-34.481
208750,205,-34.481
208760,205,-34.469
208770,205,-34.469
208780,205,-34.462
208790,205,-34.462
208800,205,-34.469
208810,205,-34.469
208820,205,-34.469
208830,205,-34.469
208840,205,-34.475
208850,205,-34.469
208860,205,-34.475
208870,205,-34.462
208880,205,-34.469
208890,205,-34.469
208900,205,-34.475
208910,205,-34.481
208920,205,-34.475
208930,205,-34.475
208940,205,-34.469
208950,205,-34.456
208960,205,-34.469
208970,205,-34.456
208980,205,-34.462
208990,205,-34.462
209000,205,-34.469
209010,205,-34.469
209020,205,-34.469
209030,205,-34.469
209040,205,-34.469
209050,205,-34.469
209060,205,-34.469
209070,205,-34.469
209080,205,-34.469
209090,205,-34.469
209100,205,-34.469
209110,205,-34.469
209120,205,-34.475
209130,205,-34.462
209140,205,-34.469
209150,205,-34.469
209160,205,-34.469
209170,205,-34.462
209180,205,-34.469
209190,205,-34.469
209200,205,-34.469
209210,205,-34.469
209220,205,-34.475
209230,205,-34.469
209240,205,-34.469
209250,205,-34.469
209260,205,-34.469
209270,205,-34.469
209280,205,-34.475
209290,205,-34.475
209300,205,-34.481
209310,205,-34.487
209320,205,-34.481
209330,205,-34.469
209340,205,-34.475
209350,205,-34.481
209360,205,-34.475
209370,205,-34.469
209380,205,-34.469
209390,205,-34.475
209400,205,-34.481
209410,205,-34.481
209420,205,-34.469
209430,205,-34.469
209440,205,-34.475
209450,205,-34.469
209460,205,-34.469
209470,205,-34.469
209480,205,-34.469
209490,205,-34.469
209500,205,-34.469
209510,205,-34.475
209520,205,-34.475
209530,205,-34.469
209540,205,-34.462
209550,205,-34.475
209560,205,-34.487
209570,205,-34.481
209580,205,-34.475
209590,205,-34.475
209600,205,-34.487
209610,205,-34.475
209620,205,-34.481
209630,205,-34.469
209640,205,-34.469
209650,205,-34.469
209660,205,-34.475
209670,205,-34.481
209680,205,-34.487
209690,205,-34.475
209700,205,-34.469
209710,205,-34.475
209720,205,-34.469
209730,205,-34.469
209740,205,-34.469
209750,205,-34.475
209760,205,-34.469
209770,205,-34.469
209780,205,-34.469
209790,205,-34.475
209800,205,-34.475
209810,205,-34.487
209820,205,-34.475
209830,205,-34.475
209840,205,-34.481
209850,205,-34.469
209860,205,-34.469
209870,205,-34.469
209880,205,-34.469
209890,205,-34.469
209900,205,-34.469
209910,205,-34.469
209920,205,-34.469
209930,205,-34.469
209940,205,-34.475
209950,205,-34.481
209960,205,-34.487
209970,205,-34.481
209980,205,-34.469
209990,205,-34.481
210000,205,-34.469
210010,205,-34.475
210020,205,-34.481
210030,205,-34.469
210040,205,-34.481
210050,205,-34.475
210060,205,-34.475
210070,205,-34.481
210080,205,-34.487
210090,205,-34.475
210100,205,-34.475
210110,205,-34.475
210120,205,-34.481
210130,205,-34.475
210140,205,-34.469
210150,205,-34.481
210160,205,-34.475
210170,205,-34.487
210180,205,-34.487
210190,205,-34.487
210200,205,-34.475
210210,205,-34.475
210220,205,-34.469
210230,205,-34.475
210240,205,-34.475
210250,205,-34.481
210260,205,-34.481
210270,205,-34.475
210280,205,-34.469
210290,205,-34.469
210300,205,-34.475
210310,205,-34.475
210320,205,-34.481
210330,205,-34.475
210340,205,-34.475
210350,205,-34.481
210360,205,-34.481
210370,205,-34.475
210380,205,-34.469
210390,205,-34.469
210400,205,-34.469
210410,205,-34.475
210420,205,-34.475
210430,205,-34.494
210440,205,-34.494
210450,205,-34.481
210460,205,-34.481
210470,205,-34.475
210480,205,-34.481
210490,205,-34.475
210500,205,-34.475
210510,205,-34.469
210520,205,-34.475
210530,205,-34.475
210540,205,-34.475
210550,205,-34.487
210560,205,-34.475
210570,205,-34.475
210580,205,-34.475
210590,205,-34.487
210600,205,-34.481
210610,205,-34.475
210620,205,-34.481
210630,205,-34.487
210640,205,-34.475
210650,205,-34.475
210660,205,-34.469
210670,205,-34.481
210680,205,-34.475
210690,205,-34.487
210700,205,-34.487
210710,205,-34.487
210720,205,-34.494
210730,205,-34.475
210740,205,-34.475
210750,205,-34.481
210760,205,-34.481
210770,205,-34.487
210780,205,-34.481
210790,205,-34.481
210800,205,-34.487
210810,205,-34.487
210820,205,-34.481
210830,205,-34.487
210840,205,-34.487
210850,205,-34.487
210860,205,-34.487
210870,205,-34.475
210880,205,-34.487
210890,205,-34.481
210900,205,-34.494
210910,205,-34.481
210920,205,-34.481
210930,205,-34.481
210940,205,-34.481
210950,205,-34.487
210960,205,-34.481
210970,205,-34.475
210980,205,-34.494
210990,205,-34.487
211000,205,-34.481
211010,205,-34.481
211020,205,-34.475
211030,205,-34.487
211040,205,-34.481
211050,205,-34.487
211060,205,-34.487
211070,205,-34.487
211080,205,-34.487
211090,205,-34.494
211100,205,-34.481
211110,205,-34.481
211120,205,-34.481
211130,205,-34.469
211140,205,-34.487
211150,205,-34.481
211160,205,-34.475
211170,205,-34.475
211180,205,-34.475
211190,205,-34.475
211200,205,-34.475
211210,205,-34.481
211220,205,-34.475
211230,205,-34.469
211240,205,-34.475
211250,205,-34.481
211260,205,-34.475
211270,205,-34.481
211280,205,-34.481
211290,205,-34.487
211300,205,-34.481
211310,205,-34.475
211320,205,-34.475
211330,205,-34.469
211340,205,-34.475
211350,205,-34.475
211360,205,-34.487
211370,205,-34.481
211380,205,-34.475
211390,205,-34.475
211400,205,-34.481
211410,205,-34.481
211420,205,-34.475
211430,205,-34.469
211440,205,-34.475
211450,205,-34.475
211460,205,-34.487
211470,205,-34.487
211480,205,-34.481
211490,205,-34.475
211500,205,-34.487
211510,205,-34.475
211520,205,-34.475
211530,205,-34.469
211540,205,-34.475
211550,205,-34.475
211560,205,-34.487
211570,205,-34.487
211580,205,-34.475
211590,205,-34.475
211600,205,-34.481
211610,205,-34.487
211620,205,-34.475
211630,205,-34.475
211640,205,-34.487
211650,205,-34.487
211660,205,-34.475
211670,205,-34.481
211680,205,-34.475
211690,205,-34.475
211700,205,-34.469
211710,205,-34.469
211720,205,-34.469
211730,205,-34.475
211740,205,-34.487
211750,205,-34.487
211760,205,-34.481
211770,205,-34.475
211780,205,-34.487
211790,205,-34.481
211800,205,-34.481
211810,205,-34.481
211820,205,-34.481
211830,205,-34.481
211840,205,-34.487
211850,205,-34.487
211860,205,-34.487
211870,205,-34.487
211880,205,-34.487
211890,205,-34.481
211900,205,-34.481
211910,205,-34.487
211920,205,-34.487
211930,205,-34.487
211940,205,-34.487
211950,205,-34.487
211960,205,-34.481
211970,205,-34.481
211980,205,-34.481
211990,205,-34.481
212000,205,-34.475
212010,210,-34.462
212020,210,-34.487
212030,210,-34.487
212040,210,-34.487
212050,210,-34.487
212060,210,-34.481
212070,210,-34.481
212080,210,-34.481
212090,210,-34.481
212100,210,-34.481
212110,210,-34.481
212120,210,-34.487
212130,210,-34.481
212140,210,-34.481
212150,210,-34.481
212160,210,-34.475
212170,210,-34.475
212180,210,-34.475
212190,210,-34.487
212200,210,-34.475
212210,210,-34.481
212220,210,-34.475
212230,210,-34.462
212240,210,-34.469
212250,210,-34.469
212260,210,-34.475
212270,210,-34.475
212280,210,-34.481
212290,210,-34.481
212300,210,-34.475
212310,210,-34.475
212320,210,-34.481
212330,210,-34.481
212340,210,-34.469
212350,210,-34.469
212360,210,-34.469
212370,210,-34.462
212380,210,-34.469
212390,210,-34.475
212400,210,-34.475
212410,210,-34.475
212420,210,-34.481
212430,210,-34.475
212440,210,-34.469
212450,210,-34.469
212460,210,-34.469
212470,210,-34.475
212480,210,-34.469
212490,210,-34.475
212500,210,-34.475
212510,210,-34.481
212520,210,-34.481
212530,210,-34.469
212540,210,-34.475
212550,210,-34.481
212560,210,-34.481
212570,210,-34.475
212580,210,-34.475
212590,210,-34.481
212600,210,-34.481
212610,210,-34.475
212620,210,-34.469
212630,210,-34.469
212640,210,-34.469
212650,210,-34.469
212660,210,-34.469
212670,210,-34.475
212680,210,-34.475
212690,210,-34.487
212700,210,-34.481
212710,210,-34.475
212720,210,-34.469
212730,210,-34.469
212740,210,-34.469
212750,210,-34.469
212760,210,-34.475
212770,210,-34.487
212780,210,-34.475
212790,210,-34.481
212800,210,-34.475
212810,210,-34.475
212820,210,-34.481
212830,210,-34.475
212840,210,-34.475
212850,210,-34.475
212860,210,-34.469
212870,210,-34.481
212880,210,-34.475
212890,210,-34.469
212900,210,-34.469
212910,210,-34.469
212920,210,-34.475
212930,210,-34.469
212940,210,-34.475
212950,210,-34.469
212960,210,-34.475
212970,210,-34.469
212980,210,-34.475
212990,210,-34.475
213000,210,-34.475
213010,210,-34.475
213020,210,-34.481
213030,210,-34.481
213040,210,-34.475
213050,210,-34.475
213060,210,-34.487
213070,210,-34.481
213080,210,-34.475
213090,210,-34.475
213100,210,-34.481
213110,210,-34.481
213120,210,-34.475
213130,210,-34.469
213140,210,-34.469
213150,210,-34.469
213160,210,-34.475
213170,210,-34.475
213180,210,-34.481
213190,210,-34.487
213200,210,-34.469
213210,210,-34.462
213220,210,-34.475
213230,210,-34.475
213240,210,-34.487
213250,210,-34.481
213260,210,-34.475
213270,210,-34.469
213280,210,-34.469
213290,210,-34.475
213300,210,-34.481
213310,210,-34.481
213320,210,-34.475
213330,210,-34.469
213340,210,-34.475
213350,210,-34.469
213360,210,-34.481
213370,210,-34.462
213380,210,-34.481
213390,210,-34.475
213400,210,-34.481
213410,210,-34.469
213420,210,-34.475
213430,210,-34.481
213440,210,-34.494
213450,210,-34.481
213460,210,-34.475
213470,210,-34.475
213480,210,-34.475
213490,210,-34.475
213500,210,-34.475
213510,210,-34.481
213520,210,-34.481
213530,210,-34.469
213540,210,-34.469
213550,210,-34.469
213560,210,-34.469
213570,210,-34.475
213580,210,-34.462
213590,210,-34.475
213600,210,-34.475
213610,210,-34.481
213620,210,-34.487
213630,210,-34.475
213640,210,-34.469
213650,210,-34.469
213660,210,-34.469
213670,210,-34.475
213680,210,-34.469
213690,210,-34.475
213700,210,-34.475
213710,210,-34.475
213720,210,-34.481
213730,210,-34.487
213740,210,-34.481
213750,210,-34.481
213760,210,-34.475
213770,210,-34.469
213780,210,-34.469
213790,210,-34.469
213800,210,-34.469
213810,210,-34.475
213820,210,-34.475
213830,210,-34.481
213840,210,-34.481
213850,210,-34.475
213860,210,-34.469
213870,210,-34.469
213880,210,-34.475
213890,210,-34.481
213900,210,-34.481
213910,210,-34.475
213920,210,-34.469
213930,210,-34.469
213940,210,-34.462
213950,210,-34.481
213960,210,-34.469
213970,210,-34.481
213980,210,-34.481
213990,210,-34.475
214000,210,-34.475
214010,210,-34.481
214020,210,-34.475
214030,210,-34.469
214040,210,-34.475
214050,210,-34.469
214060,210,-34.475
214070,210,-34.475
214080,210,-34.481
214090,210,-34.487
214100,210,-34.481
214110,210,-34.469
214120,210,-34.487
214130,210,-34.475
214140,210,-34.475
214150,210,-34.481
214160,210,-34.481
214170,210,-34.469
214180,210,-34.487
214190,210,-34.481
214200,210,-34.469
214210,210,-34.469
214220,210,-34.481
214230,210,-34.475
214240,210,-34.475
214250,210,-34.487
214260,210,-34.487
214270,210,-34.475
214280,210,-34.475
214290,210,-34.487
214300,210,-34.487
214310,210,-34.475
214320,210,-34.469
214330,210,-34.469
214340,210,-34.475
214350,210,-34.481
214360,210,-34.494
214370,210,-34.475
214380,210,-34.487
214390,210,-34.481
214400,210,-34.475
214410,210,-34.481
214420,210,-34.469
214430,210,-34.487
214440,210,-34.475
214450,210,-34.475
214460,210,-34.487
214470,210,-34.494
214480,210,-34.487
214490,210,-34.481
214500,210,-34.475
214510,210,-34.475
214520,210,-34.487
214530,210,-34.481
214540,210,-34.481
214550,210,-34.475
214560,210,-34.494
214570,210,-34.487
214580,210,-34.481
214590,210,-34.475
214600,210,-34.475
214610,210,-34.475
214620,210,-34.475
214630,210,-34.481
214640,210,-34.481
214650,210,-34.481
214660,210,-34.481
214670,210,-34.487
214680,210,-34.494
214690,210,-34.481
214700,210,-34.469
214710,210,-34.487
214720,210,-34.481
214730,210,-34.481
214740,210,-34.487
214750,210,-34.487
214760,210,-34.487
214770,210,-34.487
214780,210,-34.494
214790,210,-34.481
214800,210,-34.475
214810,210,-34.487
214820,210,-34.494
214830,210,-34.481
214840,210,-34.475
214850,210,-34.487
214860,210,-34.462
214870,210,-34.481
214880,210,-34.487
214890,210,-34.481
214900,210,-34.469
214910,210,-34.487
214920,210,-34.481
214930,210,-34.475
214940,210,-34.487
214950,210,-34.481
214960,210,-34.481
214970,210,-34.481
214980,210,-34.481
214990,210,-34.481
215000,210,-34.475
215010,210,-34.481
215020,210,-34.494
215030,210,-34.487
215040,210,-34.487
215050,210,-34.481
215060,210,-34.494
215070,210,-34.487
215080,210,-34.475
215090,210,-34.481
215100,210,-34.475
215110,210,-34.475
215120,210,-34.481
215130,210,-34.475
215140,210,-34.494
215150,210,-34.481
215160,210,-34.481
215170,210,-34.487
215180,210,-34.475
215190,210,-34.487
215200,210,-34.494
215210,210,-34.487
215220,210,-34.481
215230,210,-34.487
215240,210,-34.475
215250,210,-34.487
215260,210,-34.481
215270,210,-34.487
215280,210,-34.487
215290,210,-34.487
215300,210,-34.494
215310,210,-34.481
215320,210,-34.481
215330,210,-34.481
215340,210,-34.481
215350,210,-34.481
215360,210,-34.487
215370,210,-34.481
215380,210,-34.481
215390,210,-34.487
215400,210,-34.487
215410,210,-34.487
215420,210,-34.481
215430,210,-34.494
215440,210,-34.494
215450,210,-34.487
215460,210,-34.481
215470,210,-34.475
215480,210,-34.481
215490,210,-34.481
215500,210,-34.475
215510,210,-34.487
215520,210,-34.494
215530,210,-34.475
215540,210,-34.469
215550,210,-34.487
215560,210,-34.481
215570,210,-34.475
215580,210,-34.494
215590,210,-34.481
215600,210,-34.481
215610,210,-34.481
215620,210,-34.481
215630,210,-34.487
215640,210,-34.487
215650,210,-34.475
215660,210,-34.475
215670,210,-34.494
215680,210,-34.494
215690,210,-34.487
215700,210,-34.475
215710,210,-34.481
215720,210,-34.481
215730,210,-34.494
215740,210,-34.487
215750,210,-34.481
215760,210,-34.469
215770,210,-34.481
215780,210,-34.481
215790,210,-34.481
215800,210,-34.487
215810,210,-34.494
215820,210,-34.487
215830,210,-34.481
215840,210,-34.487
215850,210,-34.481
215860,210,-34.487
215870,210,-34.494
215880,210,-34.487
215890,210,-34.487
215900,210,-34.481
215910,210,-34.475
215920,210,-34.494
215930,210,-34.481
215940,210,-34.481
215950,210,-34.487
215960,210,-34.481
215970,210,-34.494
215980,210,-34.494
215990,210,-34.487
216000,210,-34.481
216010,210,-34.487
216020,210,-34.481
216030,210,-34.487
216040,210,-34.494
216050,210,-34.475
216060,210,-34.494
216070,210,-34.494
216080,210,-34.487
216090,210,-34.487
216100,210,-34.487
216110,210,-34.475
216120,210,-34.487
216130,210,-34.487
216140,210,-34.487
216150,210,-34.487
216160,210,-34.487
216170,210,-34.494
216180,210,-34.487
216190,210,-34.481
216200,210,-34.475
216210,210,-34.481
216220,210,-34.487
216230,210,-34.494
216240,210,-34.487
216250,210,-34.481
216260,210,-34.487
216270,210,-34.481
216280,210,-34.487
216290,210,-34.494
216300,210,-34.481
216310,210,-34.481
216320,210,-34.481
216330,210,-34.481
216340,210,-34.487
216350,210,-34.494
216360,210,-34.481
216370,210,-34.481
216380,210,-34.481
216390,210,-34.487
216400,210,-34.487
216410,210,-34.487
216420,210,-34.481
216430,210,-34.475
216440,210,-34.494
216450,210,-34.487
216460,210,-34.487
216470,210,-34.487
216480,210,-34.487
216490,210,-34.494
216500,210,-34.494
216510,210,-34.487
216520,210,-34.481
216530,210,-34.494
216540,210,-34.487
216550,210,-34.487
216560,210,-34.481
216570,210,-34.487
216580,210,-34.481
216590,210,-34.494
216600,210,-34.494
216610,210,-34.494
216620,210,-34.487
216630,210,-34.487
216640,210,-34.487
216650,210,-34.500
216660,210,-34.487
216670,210,-34.494
216680,210,-34.494
216690,210,-34.494
216700,210,-34.487
216710,210,-34.487
216720,210,-34.487
216730,210,-34.500
216740,210,-34.494
216750,210,-34.500
216760,210,-34.494
216770,210,-34.494
216780,210,-34.487
216790,210,-34.487
216800,210,-34.481
216810,210,-34.500
216820,210,-34.494
216830,210,-34.487
216840,210,-34.500
216850,210,-34.494
216860,210,-34.487
216870,210,-34.487
216880,210,-34.487
216890,210,-34.487
216900,210,-34.487
216910,210,-34.500
216920,210,-34.487
216930,210,-34.494
216940,210,-34.494
216950,210,-34.481
216960,210,-34.481
216970,210,-34.500
216980,210,-34.494
216990,210,-34.494
217000,210,-34.494
217010,215,-34.469
217020,215,-34.500
217030,215,-34.494
217040,215,-34.487
217050,215,-34.481
217060,215,-34.494
217070,215,-34.487
217080,215,-34.487
217090,215,-34.481
217100,215,-34.500
217110,215,-34.487
217120,215,-34.494
217130,215,-34.494
217140,215,-34.481
217150,215,-34.481
217160,215,-34.481
217170,215,-34.481
217180,215,-34.494
217190,215,-34.494
217200,215,-34.487
217210,215,-34.481
217220,215,-34.487
217230,215,-34.481
217240,215,-34.500
217250,215,-34.487
217260,215,-34.500
217270,215,-34.494
217280,215,-34.494
217290,215,-34.494
217300,215,-34.494
217310,215,-34.487
217320,215,-34.487
217330,215,-34.481
217340,215,-34.487
217350,215,-34.487
217360,215,-34.487
217370,215,-34.487
217380,215,-34.500
217390,215,-34.494
217400,215,-34.500
217410,215,-34.494
217420,215,-34.494
217430,215,-34.494
217440,215,-34.481
217450,215,-34.481
217460,215,-34.481
217470,215,-34.487
217480,215,-34.494
217490,215,-34.494
217500,215,-34.487
217510,215,-34.487
217520,215,-34.487
217530,215,-34.481
217540,215,-34.500
217550,215,-34.494
217560,215,-34.494
217570,215,-34.494
217580,215,-34.487
217590,215,-34.481
217600,215,-34.481
217610,215,-34.487
217620,215,-34.494
217630,215,-34.494
217640,215,-34.481
217650,215,-34.487
217660,215,-34.494
217670,215,-34.494
217680,215,-34.506
217690,215,-34.494
217700,215,-34.487
217710,215,-34.475
217720,215,-34.494
217730,215,-34.481
217740,215,-34.487
217750,215,-34.487
217760,215,-34.494
217770,215,-34.481
217780,215,-34.487
217790,215,-34.475
217800,215,-34.494
217810,215,-34.481
217820,215,-34.475
217830,215,-34.487
217840,215,-34.487
217850,215,-34.481
217860,215,-34.481
217870,215,-34.494
217880,215,-34.487
217890,215,-34.481
217900,215,-34.481
217910,215,-34.494
217920,215,-34.494
217930,215,-34.487
217940,215,-34.487
217950,215,-34.487
217960,215,-34.481
217970,215,-34.487
217980,215,-34.487
217990,215,-34.487
218000,215,-34.481
218010,215,-34.487
218020,215,-34.494
218030,215,-34.487
218040,215,-34.487
218050,215,-34.487
218060,215,-34.487
218070,215,-34.487
218080,215,-34.481
218090,215,-34.487
218100,215,-34.481
218110,215,-34.481
218120,215,-34.487
218130,215,-34.494
218140,215,-34.487
218150,215,-34.481
218160,215,-34.487
218170,215,-34.487
218180,215,-34.487
218190,215,-34.481
218200,215,-34.494
218210,215,-34.481
218220,215,-34.487
218230,215,-34.487
218240,215,-34.481
218250,215,-34.481
218260,215,-34.487
218270,215,-34.494
218280,215,-34.481
218290,215,-34.487
218300,215,-34.487
218310,215,-34.487
218320,215,-34.481
218330,215,-34.500
218340,215,-34.487
218350,215,-34.487
218360,215,-34.487
218370,215,-34.487
218380,215,-34.481
218390,215,-34.487
218400,215,-34.494
218410,215,-34.487
218420,215,-34.487
218430,215,-34.494
218440,215,-34.487
218450,215,-34.487
218460,215,-34.487
218470,215,-34.487
218480,215,-34.481
218490,215,-34.487
218500,215,-34.487
218510,215,-34.494
218520,215,-34.487
218530,215,-34.487
218540,215,-34.487
218550,215,-34.487
218560,215,-34.487
218570,215,-34.487
218580,215,-34.494
218590,215,-34.487
218600,215,-34.487
218610,215,-34.494
218620,215,-34.494
218630,215,-34.494
218640,215,-34.487
218650,215,-34.487
218660,215,-34.481
218670,215,-34.481
218680,215,-34.494
218690,215,-34.500
218700,215,-34.494
218710,215,-34.494
218720,215,-34.500
218730,215,-34.494
218740,215,-34.481
218750,215,-34.487
218760,215,-34.481
218770,215,-34.487
218780,215,-34.494
218790,215,-34.494
218800,215,-34.481
218810,215,-34.487
218820,215,-34.487
218830,215,-34.494
218840,215,-34.487
218850,215,-34.494
218860,215,-34.487
218870,215,-34.487
218880,215,-34.487
218890,215,-34.487
218900,215,-34.481
218910,215,-34.494
218920,215,-34.481
218930,215,-34.487
218940,215,-34.481
218950,215,-34.494
218960,215,-34.500
218970,215,-34.487
218980,215,-34.481
218990,215,-34.494
219000,215,-34.487
219010,215,-34.481
219020,215,-34.487
219030,215,-34.481
219040,215,-34.494
219050,215,-34.494
219060,215,-34.487
219070,215,-34.487
219080,215,-34.487
219090,215,-34.481
219100,215,-34.500
219110,215,-34.487
219120,215,-34.494
219130,215,-34.487
219140,215,-34.487
219150,215,-34.487
219160,215,-34.494
219170,215,-34.506
219180,215,-34.494
219190,215,-34.487
219200,215,-34.487
219210,215,-34.487
219220,215,-34.487
219230,215,-34.494
219240,215,-34.500
219250,215,-34.494
219260,215,-34.487
219270,215,-34.494
219280,215,-34.494
219290,215,-34.494
219300,215,-34.481
219310,215,-34.475
219320,215,-34.494
219330,215,-34.494
219340,215,-34.494
219350,215,-34.487
219360,215,-34.487
219370,215,-34.481
219380,215,-34.494
219390,215,-34.494
219400,215,-34.481
219410,215,-34.481
219420,215,-34.481
219430,215,-34.481
219440,215,-34.487
219450,215,-34.500
219460,215,-34.487
219470,215,-34.481
219480,215,-34.494
219490,215,-34.487
219500,215,-34.481
219510,215,-34.475
219520,215,-34.487
219530,215,-34.487
219540,215,-34.494
219550,215,-34.487
219560,215,-34.481
219570,215,-34.481
219580,215,-34.481
219590,215,-34.487
219600,215,-34.487
219610,215,-34.487
219620,215,-34.487
219630,215,-34.494
219640,215,-34.494
219650,215,-34.494
219660,215,-34.481
219670,215,-34.487
219680,215,-34.475
219690,215,-34.487
219700,215,-34.487
219710,215,-34.487
219720,215,-34.487
219730,215,-34.494
219740,215,-34.481
219750,215,-34.481
219760,215,-34.487
219770,215,-34.481
219780,215,-34.494
219790,215,-34.494
219800,215,-34.481
219810,215,-34.481
219820,215,-34.487
219830,215,-34.481
219840,215,-34.494
219850,215,-34.487
219860,215,-34.487
219870,215,-34.481
219880,215,-34.494
219890,215,-34.494
219900,215,-34.487
219910,215,-34.487
219920,215,-34.494
219930,215,-34.487
219940,215,-34.487
219950,215,-34.487
219960,215,-34.487
219970,215,-34.481
219980,215,-34.494
219990,215,-34.494
220000,215,-34.500
220010,215,-34.487
220020,215,-34.494
220030,215,-34.487
220040,215,-34.494
220050,215,-34.487
220060,215,-34.481
220070,215,-34.481
220080,215,-34.481
220090,215,-34.494
220100,215,-34.494
220110,215,-34.487
220120,215,-34.481
220130,215,-34.487
220140,215,-34.494
220150,215,-34.494
220160,215,-34.494
220170,215,-34.494
220180,215,-34.487
220190,215,-34.494
220200,215,-34.494
220210,215,-34.494
220220,215,-34.487
220230,215,-34.487
220240,215,-34.487
220250,215,-34.487
220260,215,-34.487
220270,215,-34.487
220280,215,-34.494
220290,215,-34.487
220300,215,-34.494
220310,215,-34.487
220320,215,-34.487
220330,215,-34.487
220340,215,-34.481
220350,215,-34.487
220360,215,-34.481
220370,215,-34.487
220380,215,-34.500
220390,215,-34.494
220400,215,-34.494
220410,215,-34.500
220420,215,-34.494
220430,215,-34.481
220440,215,-34.487
220450,215,-34.481
220460,215,-34.487
220470,215,-34.494
220480,215,-34.481
220490,215,-34.487
220500,215,-34.487
220510,215,-34.487
220520,215,-34.487
220530,215,-34.494
220540,215,-34.487
220550,215,-34.494
220560,215,-34.487
220570,215,-34.481
220580,215,-34.487
220590,215,-34.487
220600,215,-34.487
220610,215,-34.487
220620,215,-34.494
220630,215,-34.494
220640,215,-34.487
220650,215,-34.487
220660,215,-34.487
220670,215,-34.487
220680,215,-34.500
220690,215,-34.494
220700,215,-34.500
220710,215,-34.494
220720,215,-34.487
220730,215,-34.494
220740,215,-34.487
220750,215,-34.481
220760,215,-34.487
220770,215,-34.487
220780,215,-34.500
220790,215,-34.494
220800,215,-34.500
220810,215,-34.500
220820,215,-34.481
220830,215,-34.487
220840,215,-34.481
220850,215,-34.481
220860,215,-34.494
220870,215,-34.487
220880,215,-34.481
220890,215,-34.487
220900,215,-34.481
220910,215,-34.494
220920,215,-34.494
220930,215,-34.487
220940,215,-34.494
220950,215,-34.487
220960,215,-34.487
220970,215,-34.487
220980,215,-34.487
220990,215,-34.487
221000,215,-34.487
221010,215,-34.487
221020,215,-34.481
221030,215,-34.494
221040,215,-34.500
221050,215,-34.487
221060,215,-34.487
221070,215,-34.500
221080,215,-34.494
221090,215,-34.494
221100,215,-34.487
221110,215,-34.481
221120,215,-34.481
221130,215,-34.487
221140,215,-34.500
221150,215,-34.494
221160,215,-34.494
221170,215,-34.494
221180,215,-34.487
221190,215,-34.481
221200,215,-34.487
221210,215,-34.487
221220,215,-34.500
221230,215,-34.494
221240,215,-34.506
221250,215,-34.494
221260,215,-34.487
221270,215,-34.487
221280,215,-34.487
221290,215,-34.481
221300,215,-34.487
221310,215,-34.500
221320,215,-34.494
221330,215,-34.487
221340,215,-34.494
221350,215,-34.487
221360,215,-34.487
221370,215,-34.481
221380,215,-34.494
221390,215,-34.487
221400,215,-34.494
221410,215,-34.494
221420,215,-34.500
221430,215,-34.487
221440,215,-34.494
221450,215,-34.487
221460,215,-34.487
221470,215,-34.494
221480,215,-34.494
221490,215,-34.481
221500,215,-34.481
221510,215,-34.487
221520,215,-34.487
221530,215,-34.500
221540,215,-34.494
221550,215,-34.494
221560,215,-34.494
221570,215,-34.487
221580,215,-34.487
221590,215,-34.487
221600,215,-34.487
221610,215,-34.494
221620,215,-34.494
221630,215,-34.494
221640,215,-34.494
221650,215,-34.494
221660,215,-34.487
221670,215,-34.487
221680,215,-34.487
221690,215,-34.487
221700,215,-34.500
221710,215,-34.494
221720,215,-34.500
221730,215,-34.494
221740,215,-34.494
221750,215,-34.494
221760,215,-34.494
221770,215,-34.487
221780,215,-34.487
221790,215,-34.487
221800,215,-34.500
221810,215,-34.500
221820,215,-34.494
221830,215,-34.494
221840,215,-34.494
221850,215,-34.475
221860,215,-34.494
221870,215,-34.500
221880,215,-34.494
221890,215,-34.487
221900,215,-34.494
221910,215,-34.487
221920,215,-34.487
221930,215,-34.481
221940,215,-34.494
221950,215,-34.494
221960,215,-34.487
221970,215,-34.481
221980,215,-34.487
221990,215,-34.487
222000,215,-34.494
222010,220,-34.481
222020,220,-34.487
222030,220,-34.487
222040,220,-34.494
222050,220,-34.494
222060,220,-34.487
222070,220,-34.487
222080,220,-34.494
222090,220,-34.487
222100,220,-34.494
222110,220,-34.494
222120,220,-34.494
222130,220,-34.487
222140,220,-34.487
222150,220,-34.487
222160,220,-34.481
222170,220,-34.487
222180,220,-34.494
222190,220,-34.487
222200,220,-34.487
222210,220,-34.487
222220,220,-34.487
222230,220,-34.494
222240,220,-34.494
222250,220,-34.487
222260,220,-34.487
222270,220,-34.487
222280,220,-34.487
222290,220,-34.500
222300,220,-34.494
222310,220,-34.494
222320,220,-34.494
222330,220,-34.494
222340,220,-34.481
222350,220,-34.487
222360,220,-34.487
222370,220,-34.500
222380,220,-34.500
222390,220,-34.494
222400,220,-34.500
222410,220,-34.494
222420,220,-34.487
222430,220,-34.487
222440,220,-34.487
222450,220,-34.494
222460,220,-34.494
222470,220,-34.487
222480,220,-34.487
222490,220,-34.487
222500,220,-34.487
222510,220,-34.500
222520,220,-34.494
222530,220,-34.500
222540,220,-34.494
222550,220,-34.500
222560,220,-34.500
222570,220,-34.487
222580,220,-34.487
222590,220,-34.487
222600,220,-34.494
222610,220,-34.500
222620,220,-34.487
222630,220,-34.487
222640,220,-34.500
222650,220,-34.500
222660,220,-34.500
222670,220,-34.500
222680,220,-34.494
222690,220,-34.506
222700,220,-34.494
222710,220,-34.494
222720,220,-34.487
222730,220,-34.494
222740,220,-34.494
222750,220,-34.494
222760,220,-34.500
222770,220,-34.500
222780,220,-34.494
222790,220,-34.487
222800,220,-34.487
222810,220,-34.500
222820,220,-34.487
222830,220,-34.506
222840,220,-34.500
222850,220,-34.487
222860,220,-34.494
222870,220,-34.494
222880,220,-34.494
222890,220,-34.494
222900,220,-34.494
222910,220,-34.494
222920,220,-34.500
222930,220,-34.494
222940,220,-34.487
222950,220,-34.494
222960,220,-34.487
222970,220,-34.494
222980,220,-34.494
222990,220,-34.487
223000,220,-34.487
223010,220,-34.494
223020,220,-34.500
223030,220,-34.494
223040,220,-34.494
223050,220,-34.500
223060,220,-34.487
223070,220,-34.487
223080,220,-34.494
223090,220,-34.487
223100,220,-34.494
223110,220,-34.500
223120,220,-34.494
223130,220,-34.494
223140,220,-34.500
223150,220,-34.494
223160,220,-34.487
223170,220,-34.494
223180,220,-34.481
223190,220,-34.500
223200,220,-34.487
223210,220,-34.487
223220,220,-34.500
223230,220,-34.487
223240,220,-34.487
223250,220,-34.494
223260,220,-34.487
223270,220,-34.487
223280,220,-34.487
223290,220,-34.494
223300,220,-34.494
223310,220,-34.500
223320,220,-34.494
223330,220,-34.487
223340,220,-34.487
223350,220,-34.487
223360,220,-34.481
223370,220,-34.481
223380,220,-34.500
223390,220,-34.494
223400,220,-34.500
223410,220,-34.500
223420,220,-34.494
223430,220,-34.500
223440,220,-34.487
223450,220,-34.494
223460,220,-34.487
223470,220,-34.487
223480,220,-34.494
223490,220,-34.500
223500,220,-34.494
223510,220,-34.487
223520,220,-34.487
223530,220,-34.487
223540,220,-34.487
223550,220,-34.494
223560,220,-34.494
223570,220,-34.500
223580,220,-34.494
223590,220,-34.487
223600,220,-34.500
223610,220,-34.487
223620,220,-34.487
223630,220,-34.487
223640,220,-34.494
223650,220,-34.494
223660,220,-34.494
223670,220,-34.487
223680,220,-34.494
223690,220,-34.487
223700,220,-34.500
223710,220,-34.487
223720,220,-34.487
223730,220,-34.494
223740,220,-34.487
223750,220,-34.481
223760,220,-34.494
223770,220,-34.494
223780,220,-34.494
223790,220,-34.494
223800,220,-34.500
223810,220,-34.494
223820,220,-34.487
223830,220,-34.481
223840,220,-34.487
223850,220,-34.500
223860,220,-34.494
223870,220,-34.500
223880,220,-34.500
223890,220,-34.494
223900,220,-34.500
223910,220,-34.487
223920,220,-34.487
223930,220,-34.494
223940,220,-34.487
223950,220,-34.487
223960,220,-34.494
223970,220,-34.487
223980,220,-34.494
223990,220,-34.487
224000,220,-34.481
224010,220,-34.494
224020,220,-34.487
224030,220,-34.494
224040,220,-34.487
224050,220,-34.487
224060,220,-34.494
224070,220,-34.494
224080,220,-34.494
224090,220,-34.481
224100,220,-34.487
224110,220,-34.481
224120,220,-34.487
224130,220,-34.481
224140,220,-34.487
224150,220,-34.500
224160,220,-34.487
224170,220,-34.487
224180,220,-34.487
224190,220,-34.494
224200,220,-34.487
224210,220,-34.487
224220,220,-34.494
224230,220,-34.494
224240,220,-34.500
224250,220,-34.494
224260,220,-34.487
224270,220,-34.487
224280,220,-34.481
224290,220,-34.494
224300,220,-34.487
224310,220,-34.487
224320,220,-34.487
224330,220,-34.494
224340,220,-34.494
224350,220,-34.487
224360,220,-34.487
224370,220,-34.481
224380,220,-34.481
224390,220,-34.494
224400,220,-34.494
224410,220,-34.487
224420,220,-34.487
224430,220,-34.512
224440,220,-34.500
224450,220,-34.500
224460,220,-34.500
224470,220,-34.563
224480,220,-34.487
224490,220,-34.481
224500,220,-34.481
224510,220,-34.475
224520,220,-34.487
224530,220,-34.487
224540,220,-34.487
224550,220,-34.487
224560,220,-34.487
224570,220,-34.487
224580,220,-34.494
224590,220,-34.494
224600,220,-34.487
224610,220,-34.494
224620,220,-34.487
224630,220,-34.494
224640,220,-34.500
224650,220,-34.487
224660,220,-34.487
224670,220,-34.494
224680,220,-34.487
224690,220,-34.487
224700,220,-34.494
224710,220,-34.494
224720,220,-34.494
224730,220,-34.487
224740,220,-34.487
224750,220,-34.481
224760,220,-34.481
224770,220,-34.481
224780,220,-34.487
224790,220,-34.487
224800,220,-34.481
224810,220,-34.487
224820,220,-34.494
224830,220,-34.494
224840,220,-34.481
224850,220,-34.487
224860,220,-34.481
224870,220,-34.487
224880,220,-34.487
224890,220,-34.494
224900,220,-34.487
224910,220,-34.487
224920,220,-34.487
224930,220,-34.481
224940,220,-34.494
224950,220,-34.494
224960,220,-34.481
224970,220,-34.481
224980,220,-34.487
224990,220,-34.487
225000,220,-34.487
225010,220,-34.487
225020,220,-34.494
225030,220,-34.556
225040,220,-34.512
225050,220,-34.494
225060,220,-34.512
225070,220,-34.525
225080,220,-34.487
225090,220,-34.481
225100,220,-34.494
225110,220,-34.494
225120,220,-34.487
225130,220,-34.481
225140,220,-34.481
225150,220,-34.481
225160,220,-34.487
225170,220,-34.494
225180,220,-34.487
225190,220,-34.481
225200,220,-34.481
225210,220,-34.481
225220,220,-34.487
225230,220,-34.487
225240,220,-34.487
225250,220,-34.481
225260,220,-34.494
225270,220,-34.494
225280,220,-34.487
225290,220,-34.494
225300,220,-34.487
225310,220,-34.487
225320,220,-34.481
225330,220,-34.481
225340,220,-34.487
225350,220,-34.487
225360,220,-34.563
225370,220,-34.544
225380,220,-34.487
225390,220,-34.494
225400,220,-34.544
225410,220,-34.519
225420,220,-34.487
225430,220,-34.481
225440,220,-34.487
225450,220,-34.487
225460,220,-34.481
225470,220,-34.481
225480,220,-34.494
225490,220,-34.494
225500,220,-34.487
225510,220,-34.475
225520,220,-34.487
225530,220,-34.487
225540,220,-34.494
225550,220,-34.487
225560,220,-34.487
225570,220,-34.481
225580,220,-34.487
225590,220,-34.494
225600,220,-34.487
225610,220,-34.487
225620,220,-34.487
225630,220,-34.487
225640,220,-34.500
225650,220,-34.500
225660,220,-34.494
225670,220,-34.500
225680,220,-34.487
225690,220,-34.487
225700,220,-34.494
225710,220,-34.481
225720,220,-34.481
225730,220,-34.487
225740,220,-34.481
225750,220,-34.494
225760,220,-34.494
225770,220,-34.487
225780,220,-34.487
225790,220,-34.487
225800,220,-34.481
225810,220,-34.494
225820,220,-34.494
225830,220,-34.481
225840,220,-34.481
225850,220,-34.487
225860,220,-34.475
225870,220,-34.481
225880,220,-34.481
225890,220,-34.481
225900,220,-34.487
225910,220,-34.487
225920,220,-34.481
225930,220,-34.494
225940,220,-34.506
225950,220,-34.494
225960,220,-34.481
225970,220,-34.475
225980,220,-34.487
225990,220,-34.487
226000,220,-34.475
226010,220,-34.481
226020,220,-34.481
226030,220,-34.481
226040,220,-34.487
226050,220,-34.487
226060,220,-34.487
226070,220,-34.500
226080,220,-34.481
226090,220,-34.469
226100,220,-34.475
226110,220,-34.481
226120,220,-34.481
226130,220,-34.481
226140,220,-34.494
226150,220,-34.494
226160,220,-34.481
226170,220,-34.469
226180,220,-34.481
226190,220,-34.487
226200,220,-34.550
226210,220,-34.544
226220,220,-34.481
226230,220,-34.481
226240,220,-34.481
226250,220,-34.475
226260,220,-34.481
226270,220,-34.481
226280,220,-34.506
226290,220,-34.556
226300,220,-34.550
226310,220,-34.556
226320,220,-34.500
226330,220,-34.531
226340,220,-34.500
226350,220,-34.481
226360,220,-34.475
226370,220,-34.481
226380,220,-34.481
226390,220,-34.481
226400,220,-34.481
226410,220,-34.506
226420,220,-34.556
226430,220,-34.550
226440,220,-34.550
226450,220,-34.500
226460,220,-34.512
226470,220,-34.537
226480,220,-34.550
226490,220,-34.481
226500,220,-34.487
226510,220,-34.481
226520,220,-34.487
226530,220,-34.525
226540,220,-34.550
226550,220,-34.487
226560,220,-34.487
226570,220,-34.494
226580,220,-34.544
226590,220,-34.550
226600,220,-34.500
226610,220,-34.494
226620,220,-34.487
226630,220,-34.487
226640,220,-34.481
226650,220,-34.481
226660,220,-34.487
226670,220,-34.487
226680,220,-34.506
226690,220,-34.550
226700,220,-34.500
226710,220,-34.487
226720,220,-34.481
226730,220,-34.481
226740,220,-34.481
226750,220,-34.487
226760,220,-34.487
226770,220,-34.487
226780,220,-34.487
226790,220,-34.494
226800,220,-34.544
226810,220,-34.494
226820,220,-34.494
226830,220,-34.481
226840,220,-34.519
226850,220,-34.494
226860,220,-34.494
226870,220,-34.487
226880,220,-34.481
226890,220,-34.481
226900,220,-34.475
226910,220,-34.481
226920,220,-34.481
226930,220,-34.519
226940,220,-34.481
226950,220,-34.487
226960,220,-34.487
226970,220,-34.481
226980,220,-34.487
226990,220,-34.487
227000,220,-34.487
227010,225,-34.469
227020,225,-34.481
227030,225,-34.481
227040,225,-34.487
227050,225,-34.487
227060,225,-34.481
227070,225,-34.481
227080,225,-34.487
227090,225,-34.487
227100,225,-34.481
227110,225,-34.481
227120,225,-34.487
227130,225,-34.487
227140,225,-34.512
227150,225,-34.550
227160,225,-34.550
227170,225,-34.506
227180,225,-34.512
227190,225,-34.487
227200,225,-34.487
227210,225,-34.481
227220,225,-34.487
227230,225,-34.494
227240,225,-34.481
227250,225,-34.481
227260,225,-34.481
227270,225,-34.481
227280,225,-34.544
227290,225,-34.550
227300,225,-34.556
227310,225,-34.481
227320,225,-34.481
227330,225,-34.487
227340,225,-34.550
227350,225,-34.537
227360,225,-34.481
227370,225,-34.481
227380,225,-34.481
227390,225,-34.481
227400,225,-34.481
227410,225,-34.475
227420,225,-34.481
227430,225,-34.487
227440,225,-34.487
227450,225,-34.494
227460,225,-34.481
227470,225,-34.481
227480,225,-34.475
227490,225,-34.481
227500,225,-34.481
227510,225,-34.481
227520,225,-34.481
227530,225,-34.487
227540,225,-34.481
227550,225,-34.481
227560,225,-34.475
227570,225,-34.506
227580,225,-34.537
227590,225,-34.544
227600,225,-34.544
227610,225,-34.544
227620,225,-34.544
227630,225,-34.556
227640,225,-34.550
227650,225,-34.550
227660,225,-34.544
227670,225,-34.537
227680,225,-34.537
227690,225,-34.512
227700,225,-34.475
227710,225,-34.475
227720,225,-34.475
227730,225,-34.475
227740,225,-34.475
227750,225,-34.481
227760,225,-34.475
227770,225,-34.475
227780,225,-34.512
227790,225,-34.506
227800,225,-34.544
227810,225,-34.544
227820,225,-34.544
227830,225,-34.537
227840,225,-34.537
227850,225,-34.544
227860,225,-34.544
227870,225,-34.475
227880,225,-34.475
227890,225,-34.481
227900,225,-34.481
227910,225,-34.475
227920,225,-34.481
227930,225,-34.475
227940,225,-34.475
227950,225,-34.469
227960,225,-34.537
227970,225,-34.544
227980,225,-34.544
227990,225,-34.537
228000,225,-34.544
228010,225,-34.550
228020,225,-34.544
228030,225,-34.544
228040,225,-34.531
228050,225,-34.531
228060,225,-34.531
228070,225,-34.537
228080,225,-34.537
228090,225,-34.544
228100,225,-34.519
228110,225,-34.462
228120,225,-34.475
228130,225,-34.475
228140,225,-34.475
228150,225,-34.469
228160,225,-34.475
228170,225,-34.469
228180,225,-34.537
228190,225,-34.550
228200,225,-34.506
228210,225,-34.550
228220,225,-34.537
228230,225,-34.537
228240,225,-34.537
228250,225,-34.537
228260,225,-34.481
228270,225,-34.475
228280,225,-34.481
228290,225,-34.469
228300,225,-34.469
228310,225,-34.475
228320,225,-34.475
228330,225,-34.481
228340,225,-34.475
228350,225,-34.512
228360,225,-34.544
228370,225,-34.544
228380,225,-34.537
228390,225,-34.550
228400,225,-34.550
228410,225,-34.544
228420,225,-34.544
228430,225,-34.531
228440,225,-34.500
228450,225,-34.469
228460,225,-34.469
228470,225,-34.469
228480,225,-34.475
228490,225,-34.475
228500,225,-34.469
228510,225,-34.512
228520,225,-34.544
228530,225,-34.537
228540,225,-34.544
228550,225,-34.550
228560,225,-34.550
228570,225,-34.550
228580,225,-34.550
228590,225,-34.500
228600,225,-34.475
228610,225,-34.469
228620,225,-34.469
228630,225,-34.469
228640,225,-34.469
228650,225,-34.481
228660,225,-34.475
228670,225,-34.475
228680,225,-34.481
228690,225,-34.544
228700,225,-34.544
228710,225,-34.544
228720,225,-34.531
228730,225,-34.537
228740,225,-34.544
228750,225,-34.544
228760,225,-34.544
228770,225,-34.550
228780,225,-34.550
228790,225,-34.544
228800,225,-34.494
228810,225,-34.475
228820,225,-34.475
228830,225,-34.481
228840,225,-34.487
228850,225,-34.544
228860,225,-34.550
228870,225,-34.544
228880,225,-34.531
228890,225,-34.537
228900,225,-34.537
228910,225,-34.537
228920,225,-34.544
228930,225,-34.537
228940,225,-34.544
228950,225,-34.494
228960,225,-34.481
228970,225,-34.469
228980,225,-34.469
228990,225,-34.475
229000,225,-34.469
229010,225,-34.469
229020,225,-34.469
229030,225,-34.475
229040,225,-34.531
229050,225,-34.550
229060,225,-34.544
229070,225,-34.487
229080,225,-34.469
229090,225,-34.475
229100,225,-34.475
229110,225,-34.481
229120,225,-34.469
229130,225,-34.475
229140,225,-34.475
229150,225,-34.481
229160,225,-34.475
229170,225,-34.469
229180,225,-34.494
229190,225,-34.537
229200,225,-34.475
229210,225,-34.475
229220,225,-34.494
229230,225,-34.537
229240,225,-34.487
229250,225,-34.469
229260,225,-34.475
229270,225,-34.469
229280,225,-34.469
229290,225,-34.469
229300,225,-34.469
229310,225,-34.469
229320,225,-34.475
229330,225,-34.475
229340,225,-34.487
229350,225,-34.544
229360,225,-34.537
229370,225,-34.544
229380,225,-34.506
229390,225,-34.469
229400,225,-34.462
229410,225,-34.494
229420,225,-34.544
229430,225,-34.487
229440,225,-34.475
229450,225,-34.475
229460,225,-34.481
229470,225,-34.475
229480,225,-34.475
229490,225,-34.481
229500,225,-34.475
229510,225,-34.525
229520,225,-34.481
229530,225,-34.469
229540,225,-34.475
229550,225,-34.481
229560,225,-34.550
229570,225,-34.544
229580,225,-34.475
229590,225,-34.475
229600,225,-34.487
229610,225,-34.481
229620,225,-34.481
229630,225,-34.481
229640,225,-34.481
229650,225,-34.475
229660,225,-34.469
229670,225,-34.475
229680,225,-34.481
229690,225,-34.550
229700,225,-34.506
229710,225,-34.494
229720,225,-34.475
229730,225,-34.469
229740,225,-34.525
229750,225,-34.481
229760,225,-34.475
229770,225,-34.475
229780,225,-34.481
229790,225,-34.481
229800,225,-34.481
229810,225,-34.475
229820,225,-34.487
229830,225,-34.475
229840,225,-34.494
229850,225,-34.537
229860,225,-34.525
229870,225,-34.481
229880,225,-34.487
229890,225,-34.487
229900,225,-34.469
229910,225,-34.475
229920,225,-34.475
229930,225,-34.475
229940,225,-34.475
229950,225,-34.475
229960,225,-34.469
229970,225,-34.481
229980,225,-34.475
229990,225,-34.469
230000,225,-34.525
230010,225,-34.544
230020,225,-34.537
230030,225,-34.500
230040,225,-34.469
230050,225,-34.469
230060,225,-34.537
230070,225,-34.544
230080,225,-34.487
230090,225,-34.481
230100,225,-34.475
230110,225,-34.475
230120,225,-34.475
230130,225,-34.475
230140,225,-34.475
230150,225,-34.475
230160,225,-34.475
230170,225,-34.537
230180,225,-34.481
230190,225,-34.537
230200,225,-34.537
230210,225,-34.481
230220,225,-34.475
230230,225,-34.475
230240,225,-34.487
230250,225,-34.475
230260,225,-34.475
230270,225,-34.475
230280,225,-34.481
230290,225,-34.519
230300,225,-34.531
230310,225,-34.537
230320,225,-34.506
230330,225,-34.544
230340,225,-34.469
230350,225,-34.481
230360,225,-34.475
230370,225,-34.475
230380,225,-34.475
230390,225,-34.481
230400,225,-34.475
230410,225,-34.475
230420,225,-34.475
230430,225,-34.475
230440,225,-34.544
230450,225,-34.537
230460,225,-34.544
230470,225,-34.531
230480,225,-34.481
230490,225,-34.481
230500,225,-34.531
230510,225,-34.481
230520,225,-34.487
230530,225,-34.481
230540,225,-34.481
230550,225,-34.487
230560,225,-34.481
230570,225,-34.537
230580,225,-34.544
230590,225,-34.544
230600,225,-34.512
230610,225,-34.506
230620,225,-34.512
230630,225,-34.550
230640,225,-34.550
230650,225,-34.544
230660,225,-34.487
230670,225,-34.469
230680,225,-34.469
230690,225,-34.469
230700,225,-34.469
230710,225,-34.469
230720,225,-34.469
230730,225,-34.469
230740,225,-34.475
230750,225,-34.475
230760,225,-34.487
230770,225,-34.550
230780,225,-34.544
230790,225,-34.537
230800,225,-34.537
230810,225,-34.544
230820,225,-34.537
230830,225,-34.531
230840,225,-34.500
230850,225,-34.462
230860,225,-34.469
230870,225,-34.475
230880,225,-34.469
230890,225,-34.469
230900,225,-34.469
230910,225,-34.475
230920,225,-34.481
230930,225,-34.531
230940,225,-34.531
230950,225,-34.544
230960,225,-34.537
230970,225,-34.537
230980,225,-34.531
230990,225,-34.537
231000,225,-34.531
231010,225,-34.519
231020,225,-34.475
231030,225,-34.475
231040,225,-34.469
231050,225,-34.469
231060,225,-34.475
231070,225,-34.469
231080,225,-34.462
231090,225,-34.475
231100,225,-34.475
231110,225,-34.494
231120,225,-34.537
231130,225,-34.544
231140,225,-34.544
231150,225,-34.537
231160,225,-34.531
231170,225,-34.550
231180,225,-34.475
231190,225,-34.475
231200,225,-34.475
231210,225,-34.481
231220,225,-34.481
231230,225,-34.462
231240,225,-34.469
231250,225,-34.469
231260,225,-34.469
231270,225,-34.475
231280,225,-34.500
231290,225,-34.550
231300,225,-34.550
231310,225,-34.544
231320,225,-34.544
231330,225,-34.537
231340,225,-34.544
231350,225,-34.537
231360,225,-34.537
231370,225,-34.544
231380,225,-34.537
231390,225,-34.531
231400,225,-34.487
231410,225,-34.481
231420,225,-34.475
231430,225,-34.475
231440,225,-34.481
231450,225,-34.475
231460,225,-34.481
231470,225,-34.469
231480,225,-34.462
231490,225,-34.500
231500,225,-34.531
231510,225,-34.537
231520,225,-34.544
231530,225,-34.531
231540,225,-34.525
231550,225,-34.512
231560,225,-34.481
231570,225,-34.469
231580,225,-34.469
231590,225,-34.475
231600,225,-34.469
231610,225,-34.469
231620,225,-34.462
231630,225,-34.462
231640,225,-34.462
231650,225,-34.531
231660,225,-34.537
231670,225,-34.550
231680,225,-34.544
231690,225,-34.537
231700,225,-34.537
231710,225,-34.544
231720,225,-34.469
231730,225,-34.469
231740,225,-34.469
231750,225,-34.469
231760,225,-34.469
231770,225,-34.469
231780,225,-34.469
231790,225,-34.469
231800,225,-34.469
231810,225,-34.525
231820,225,-34.544
231830,225,-34.537
231840,225,-34.544
231850,225,-34.537
231860,225,-34.481
231870,225,-34.469
231880,225,-34.469
231890,225,-34.469
231900,225,-34.462
231910,225,-34.462
231920,225,-34.462
231930,225,-34.462
231940,225,-34.462
231950,225,-34.462
231960,225,-34.469
231970,225,-34.469
231980,225,-34.519
231990,225,-34.544
232000,225,-34.537
232010,230,-34.519
232020,230,-34.531
232030,230,-34.462
232040,230,-34.475
232050,230,-34.494
232060,230,-34.544
232070,230,-34.544
232080,230,-34.537
232090,230,-34.531
232100,230,-34.537
232110,230,-34.544
232120,230,-34.531
232130,230,-34.537
232140,230,-34.544
232150,230,-34.537
232160,230,-34.531
232170,230,-34.537
232180,230,-34.512
232190,230,-34.494
232200,230,-34.531
232210,230,-34.537
232220,230,-34.494
232230,230,-34.537
232240,230,-34.537
232250,230,-34.544
232260,230,-34.537
232270,230,-34.531
232280,230,-34.537
232290,230,-34.537
232300,230,-34.537
232310,230,-34.537
232320,230,-34.537
232330,230,-34.537
232340,230,-34.544
232350,230,-34.537
232360,230,-34.537
232370,230,-34.537
232380,230,-34.537
232390,230,-34.537
232400,230,-34.531
232410,230,-34.544
232420,230,-34.531
232430,230,-34.531
232440,230,-34.537
232450,230,-34.537
232460,230,-34.537
232470,230,-34.544
232480,230,-34.525
232490,230,-34.537
232500,230,-34.544
232510,230,-34.550
232520,230,-34.544
232530,230,-34.537
232540,230,-34.531
232550,230,-34.537
232560,230,-34.544
232570,230,-34.537
232580,230,-34.531
232590,230,-34.537
232600,230,-34.544
232610,230,-34.537
232620,230,-34.537
232630,230,-34.544
232640,230,-34.544
232650,230,-34.537
232660,230,-34.537
232670,230,-34.544
232680,230,-34.544
232690,230,-34.537
232700,230,-34.544
232710,230,-34.544
232720,230,-34.544
232730,230,-34.537
232740,230,-34.544
232750,230,-34.544
232760,230,-34.544
232770,230,-34.531
232780,230,-34.531
232790,230,-34.537
232800,230,-34.544
232810,230,-34.537
232820,230,-34.537
232830,230,-34.531
232840,230,-34.469
232850,230,-34.469
232860,230,-34.462
232870,230,-34.469
232880,230,-34.469
232890,230,-34.475
232900,230,-34.475
232910,230,-34.475
232920,230,-34.469
232930,230,-34.469
232940,230,-34.475
232950,230,-34.469
232960,230,-34.469
232970,230,-34.469
232980,230,-34.469
232990,230,-34.475
233000,230,-34.469
233010,230,-34.462
233020,230,-34.469
233030,230,-34.469
233040,230,-34.462
233050,230,-34.462
233060,230,-34.469
233070,230,-34.469
233080,230,-34.469
233090,230,-34.506
233100,230,-34.487
233110,230,-34.481
233120,230,-34.475
233130,230,-34.475
233140,230,-34.469
233150,230,-34.531
233160,230,-34.462
233170,230,-34.531
233180,230,-34.537
233190,230,-34.544
233200,230,-34.544
233210,230,-34.531
233220,230,-34.531
233230,230,-34.537
233240,230,-34.544
233250,230,-34.531
233260,230,-34.537
233270,230,-34.544
233280,230,-34.544
233290,230,-34.544
233300,230,-34.537
233310,230,-34.544
233320,230,-34.544
233330,230,-34.537
233340,230,-34.531
233350,230,-34.537
233360,230,-34.544
233370,230,-34.537
233380,230,-34.537
233390,230,-34.550
233400,230,-34.544
233410,230,-34.537
233420,230,-34.531
233430,230,-34.537
233440,230,-34.537
233450,230,-34.544
233460,230,-34.537
233470,230,-34.544
233480,230,-34.550
233490,230,-34.537
233500,230,-34.537
233510,230,-34.537
233520,230,-34.537
233530,230,-34.544
233540,230,-34.544
233550,230,-34.544
233560,230,-34.544
233570,230,-34.537
233580,230,-34.531
233590,230,-34.537
233600,230,-34.544
233610,230,-34.537
233620,230,-34.531
233630,230,-34.537
233640,230,-34.550
233650,230,-34.544
233660,230,-34.537
233670,230,-34.537
233680,230,-34.537
233690,230,-34.531
233700,230,-34.537
233710,230,-34.544
233720,230,-34.531
233730,230,-34.531
233740,230,-34.544
233750,230,-34.544
233760,230,-34.537
233770,230,-34.544
233780,230,-34.550
233790,230,-34.544
233800,230,-34.537
233810,230,-34.537
233820,230,-34.544
233830,230,-34.537
233840,230,-34.544
233850,230,-34.544
233860,230,-34.537
233870,230,-34.537
233880,230,-34.537
233890,230,-34.544
233900,230,-34.531
233910,230,-34.531
233920,230,-34.537
233930,230,-34.537
233940,230,-34.537
233950,230,-34.544
233960,230,-34.537
233970,230,-34.531
233980,230,-34.544
233990,230,-34.537
234000,230,-34.537
234010,230,-34.537
234020,230,-34.544
234030,230,-34.550
234040,230,-34.544
234050,230,-34.537
234060,230,-34.537
234070,230,-34.537
234080,230,-34.537
234090,230,-34.537
234100,230,-34.544
234110,230,-34.537
234120,230,-34.544
234130,230,-34.537
234140,230,-34.531
234150,230,-34.544
234160,230,-34.537
234170,230,-34.537
234180,230,-34.537
234190,230,-34.550
234200,230,-34.550
234210,230,-34.550
234220,230,-34.550
234230,230,-34.550
234240,230,-34.550
234250,230,-34.544
234260,230,-34.537
234270,230,-34.537
234280,230,-34.544
234290,230,-34.537
234300,230,-34.544
234310,230,-34.544
234320,230,-34.550
234330,230,-34.550
234340,230,-34.550
234350,230,-34.544
234360,230,-34.544
234370,230,-34.537
234380,230,-34.544
234390,230,-34.544
234400,230,-34.544
234410,230,-34.550
234420,230,-34.544
234430,230,-34.544
234440,230,-34.550
234450,230,-34.544
234460,230,-34.544
234470,230,-34.537
234480,230,-34.544
234490,230,-34.537
234500,230,-34.544
234510,230,-34.550
234520,230,-34.544
234530,230,-34.537
234540,230,-34.537
234550,230,-34.544
234560,230,-34.537
234570,230,-34.537
234580,230,-34.544
234590,230,-34.544
234600,230,-34.537
234610,230,-34.550
234620,230,-34.544
234630,230,-34.537
234640,230,-34.537
234650,230,-34.544
234660,230,-34.537
234670,230,-34.537
234680,230,-34.550
234690,230,-34.550
234700,230,-34.544
234710,230,-34.544
234720,230,-34.537
234730,230,-34.544
234740,230,-34.544
234750,230,-34.537
234760,230,-34.537
234770,230,-34.537
234780,230,-34.544
234790,230,-34.544
234800,230,-34.544
234810,230,-34.544
234820,230,-34.537
234830,230,-34.537
234840,230,-34.544
234850,230,-34.550
234860,230,-34.544
234870,230,-34.544
234880,230,-34.550
234890,230,-34.550
234900,230,-34.544
234910,230,-34.537
234920,230,-34.537
234930,230,-34.537
234940,230,-34.537
234950,230,-34.544
234960,230,-34.544
234970,230,-34.537
234980,230,-34.537
234990,230,-34.544
235000,230,-34.537
235010,230,-34.531
235020,230,-34.544
235030,230,-34.544
235040,230,-34.537
235050,230,-34.544
235060,230,-34.544
235070,230,-34.544
235080,230,-34.550
235090,230,-34.550
235100,230,-34.550
235110,230,-34.544
235120,230,-34.544
235130,230,-34.537
235140,230,-34.544
235150,230,-34.544
235160,230,-34.544
235170,230,-34.544
235180,230,-34.544
235190,230,-34.537
235200,230,-34.537
235210,230,-34.544
235220,230,-34.537
235230,230,-34.544
235240,230,-34.544
235250,230,-34.544
235260,230,-34.544
235270,230,-34.544
235280,230,-34.544
235290,230,-34.544
235300,230,-34.544
235310,230,-34.544
235320,230,-34.537
235330,230,-34.537
235340,230,-34.544
235350,230,-34.544
235360,230,-34.544
235370,230,-34.550
235380,230,-34.550
235390,230,-34.537
235400,230,-34.544
235410,230,-34.544
235420,230,-34.537
235430,230,-34.544
235440,230,-34.544
235450,230,-34.544
235460,230,-34.544
235470,230,-34.537
235480,230,-34.537
235490,230,-34.531
235500,230,-34.537
235510,230,-34.544
235520,230,-34.537
235530,230,-34.537
235540,230,-34.537
235550,230,-34.544
235560,230,-34.537
235570,230,-34.537
235580,230,-34.537
235590,230,-34.531
235600,230,-34.537
235610,230,-34.544
235620,230,-34.531
235630,230,-34.531
235640,230,-34.544
235650,230,-34.537
235660,230,-34.531
235670,230,-34.531
235680,230,-34.537
235690,230,-34.537
235700,230,-34.537
235710,230,-34.531
235720,230,-34.544
235730,230,-34.544
235740,230,-34.544
235750,230,-34.537
235760,230,-34.537
235770,230,-34.537
235780,230,-34.537
235790,230,-34.544
235800,230,-34.544
235810,230,-34.544
235820,230,-34.537
235830,230,-34.544
235840,230,-34.537
235850,230,-34.531
235860,230,-34.537
235870,230,-34.537
235880,230,-34.544
235890,230,-34.550
235900,230,-34.544
235910,230,-34.537
235920,230,-34.544
235930,230,-34.544
235940,230,-34.544
235950,230,-34.537
235960,230,-34.544
235970,230,-34.537
235980,230,-34.537
235990,230,-34.544
236000,230,-34.537
236010,230,-34.544
236020,230,-34.550
236030,230,-34.544
236040,230,-34.537
236050,230,-34.537
236060,230,-34.544
236070,230,-34.537
236080,230,-34.531
236090,230,-34.537
236100,230,-34.537
236110,230,-34.544
236120,230,-34.537
236130,230,-34.537
236140,230,-34.544
236150,230,-34.537
236160,230,-34.544
236170,230,-34.544
236180,230,-34.544
236190,230,-34.544
236200,230,-34.544
236210,230,-34.544
236220,230,-34.544
236230,230,-34.544
236240,230,-34.537
236250,230,-34.544
236260,230,-34.544
236270,230,-34.537
236280,230,-34.537
236290,230,-34.544
236300,230,-34.550
236310,230,-34.550
236320,230,-34.544
236330,230,-34.544
236340,230,-34.537
236350,230,-34.544
236360,230,-34.544
236370,230,-34.537
236380,230,-34.550
236390,230,-34.550
236400,230,-34.550
236410,230,-34.550
236420,230,-34.550
236430,230,-34.544
236440,230,-34.544
236450,230,-34.544
236460,230,-34.544
236470,230,-34.544
236480,230,-34.544
236490,230,-34.537
236500,230,-34.537
236510,230,-34.544
236520,230,-34.544
236530,230,-34.537
236540,230,-34.544
236550,230,-34.550
236560,230,-34.544
236570,230,-34.544
236580,230,-34.544
236590,230,-34.544
236600,230,-34.544
236610,230,-34.544
236620,230,-34.537
236630,230,-34.537
236640,230,-34.544
236650,230,-34.544
236660,230,-34.537
236670,230,-34.544
236680,230,-34.550
236690,230,-34.544
236700,230,-34.537
236710,230,-34.537
236720,230,-34.531
236730,230,-34.537
236740,230,-34.531
236750,230,-34.550
236760,230,-34.537
236770,230,-34.537
236780,230,-34.544
236790,230,-34.544
236800,230,-34.544
236810,230,-34.537
236820,230,-34.531
236830,230,-34.537
236840,230,-34.537
236850,230,-34.544
236860,230,-34.550
236870,230,-34.544
236880,230,-34.544
236890,230,-34.537
236900,230,-34.537
236910,230,-34.544
236920,230,-34.544
236930,230,-34.544
236940,230,-34.544
236950,230,-34.544
236960,230,-34.537
236970,230,-34.544
236980,230,-34.537
236990,230,-34.537
237000,230,-34.537
237010,235,-34.525
237020,235,-34.544
237030,235,-34.544
237040,235,-34.544
237050,235,-34.544
237060,235,-34.544
237070,235,-34.544
237080,235,-34.544
237090,235,-34.544
237100,235,-34.550
237110,235,-34.544
237120,235,-34.544
237130,235,-34.550
237140,235,-34.550
237150,235,-34.544
237160,235,-34.537
237170,235,-34.531
237180,235,-34.544
237190,235,-34.544
237200,235,-34.544
237210,235,-34.550
237220,235,-34.544
237230,235,-34.544
237240,235,-34.537
237250,235,-34.544
237260,235,-34.531
237270,235,-34.531
237280,235,-34.544
237290,235,-34.537
237300,235,-34.537
237310,235,-34.544
237320,235,-34.550
237330,235,-34.550
237340,235,-34.550
237350,235,-34.550
237360,235,-34.544
237370,235,-34.544
237380,235,-34.537
237390,235,-34.537
237400,235,-34.537
237410,235,-34.537
237420,235,-34.544
237430,235,-34.550
237440,235,-34.544
237450,235,-34.544
237460,235,-34.537
237470,235,-34.537
237480,235,-34.537
237490,235,-34.544
237500,235,-34.537
237510,235,-34.544
237520,235,-34.544
237530,235,-34.544
237540,235,-34.544
237550,235,-34.537
237560,235,-34.544
237570,235,-34.544
237580,235,-34.537
237590,235,-34.537
237600,235,-34.537
237610,235,-34.537
237620,235,-34.537
237630,235,-34.537
237640,235,-34.544
237650,235,-34.544
237660,235,-34.537
237670,235,-34.537
237680,235,-34.544
237690,235,-34.550
237700,235,-34.550
237710,235,-34.550
237720,235,-34.544
237730,235,-34.544
237740,235,-34.537
237750,235,-34.544
237760,235,-34.537
237770,235,-34.544
237780,235,-34.544
237790,235,-34.544
237800,235,-34.556
237810,235,-34.544
237820,235,-34.531
237830,235,-34.537
237840,235,-34.544
237850,235,-34.544
237860,235,-34.537
237870,235,-34.544
237880,235,-34.544
237890,235,-34.544
237900,235,-34.544
237910,235,-34.544
237920,235,-34.537
237930,235,-34.537
237940,235,-34.537
237950,235,-34.537
237960,235,-34.537
237970,235,-34.537
237980,235,-34.537
237990,235,-34.537
238000,235,-34.537
238010,235,-34.544
238020,235,-34.544
238030,235,-34.537
238040,235,-34.537
238050,235,-34.531
238060,235,-34.544
238070,235,-34.544
238080,235,-34.544
238090,235,-34.544
238100,235,-34.544
238110,235,-34.544
238120,235,-34.537
238130,235,-34.544
238140,235,-34.544
238150,235,-34.537
238160,235,-34.544
238170,235,-34.544
238180,235,-34.544
238190,235,-34.544
238200,235,-34.537
238210,235,-34.537
238220,235,-34.544
238230,235,-34.537
238240,235,-34.537
238250,235,-34.537
238260,235,-34.544
238270,235,-34.544
238280,235,-34.544
238290,235,-34.544
238300,235,-34.544
238310,235,-34.544
238320,235,-34.544
238330,235,-34.544
238340,235,-34.537
238350,235,-34.537
238360,235,-34.544
238370,235,-34.544
238380,235,-34.544
238390,235,-34.550
238400,235,-34.537
238410,235,-34.531
238420,235,-34.537
238430,235,-34.531
238440,235,-34.531
238450,235,-34.537
238460,235,-34.544
238470,235,-34.550
238480,235,-34.544
238490,235,-34.531
238500,235,-34.537
238510,235,-34.537
238520,235,-34.537
238530,235,-34.544
238540,235,-34.544
238550,235,-34.544
238560,235,-34.537
238570,235,-34.537
238580,235,-34.537
238590,235,-34.531
238600,235,-34.544
238610,235,-34.544
238620,235,-34.537
238630,235,-34.544
238640,235,-34.544
238650,235,-34.544
238660,235,-34.544
238670,235,-34.544
238680,235,-34.537
238690,235,-34.550
238700,235,-34.544
238710,235,-34.544
238720,235,-34.537
238730,235,-34.550
238740,235,-34.550
238750,235,-34.544
238760,235,-34.550
238770,235,-34.544
238780,235,-34.544
238790,235,-34.544
238800,235,-34.550
238810,235,-34.544
238820,235,-34.550
238830,235,-34.544
238840,235,-34.544
238850,235,-34.544
238860,235,-34.537
238870,235,-34.544
238880,235,-34.544
238890,235,-34.537
238900,235,-34.544
238910,235,-34.544
238920,235,-34.550
238930,235,-34.550
238940,235,-34.550
238950,235,-34.544
238960,235,-34.537
238970,235,-34.544
238980,235,-34.550
238990,235,-34.550
239000,235,-34.537
239010,235,-34.544
239020,235,-34.550
239030,235,-34.544
239040,235,-34.544
239050,235,-34.550
239060,235,-34.537
239070,235,-34.544
239080,235,-34.550
239090,235,-34.537
239100,235,-34.544
239110,235,-34.544
239120,235,-34.544
239130,235,-34.544
239140,235,-34.544
239150,235,-34.537
239160,235,-34.544
239170,235,-34.537
239180,235,-34.550
239190,235,-34.544
239200,235,-34.537
239210,235,-34.544
239220,235,-34.537
239230,235,-34.531
239240,235,-34.537
239250,235,-34.537
239260,235,-34.537
239270,235,-34.537
239280,235,-34.550
239290,235,-34.550
239300,235,-34.550
239310,235,-34.544
239320,235,-34.544
239330,235,-34.544
239340,235,-34.544
239350,235,-34.537
239360,235,-34.537
239370,235,-34.531
239380,235,-34.544
239390,235,-34.550
239400,235,-34.550
239410,235,-34.550
239420,235,-34.550
239430,235,-34.544
239440,235,-34.544
239450,235,-34.544
239460,235,-34.544
239470,235,-34.537
239480,235,-34.537
239490,235,-34.550
239500,235,-34.544
239510,235,-34.537
239520,235,-34.537
239530,235,-34.537
239540,235,-34.537
239550,235,-34.544
239560,235,-34.537
239570,235,-34.544
239580,235,-34.544
239590,235,-34.544
239600,235,-34.544
239610,235,-34.544
239620,235,-34.544
239630,235,-34.544
239640,235,-34.537
239650,235,-34.544
239660,235,-34.544
239670,235,-34.544
239680,235,-34.544
239690,235,-34.544
239700,235,-34.544
239710,235,-34.537
239720,235,-34.537
239730,235,-34.544
239740,235,-34.544
239750,235,-34.537
239760,235,-34.537
239770,235,-34.550
239780,235,-34.550
239790,235,-34.550
239800,235,-34.550
239810,235,-34.544
239820,235,-34.544
239830,235,-34.544
239840,235,-34.550
239850,235,-34.550
239860,235,-34.544
239870,235,-34.544
239880,235,-34.544
239890,235,-34.544
239900,235,-34.544
239910,235,-34.544
239920,235,-34.537
239930,235,-34.537
239940,235,-34.544
239950,235,-34.544
239960,235,-34.544
239970,235,-34.537
239980,235,-34.544
239990,235,-34.544
240000,235,-34.537
240010,235,-34.537
240020,235,-34.531
240030,235,-34.537
240040,235,-34.544
240050,235,-34.544
240060,235,-34.544
240070,235,-34.544
240080,235,-34.544
240090,235,-34.544
240100,235,-34.537
240110,235,-34.537
240120,235,-34.537
240130,235,-34.537
240140,235,-34.531
240150,235,-34.537
240160,235,-34.544
240170,235,-34.544
240180,235,-34.537
240190,235,-34.544
240200,235,-34.544
240210,235,-34.537
240220,235,-34.544
240230,235,-34.544
240240,235,-34.544
240250,235,-34.537
240260,235,-34.544
240270,235,-34.544
240280,235,-34.544
240290,235,-34.544
240300,235,-34.544
240310,235,-34.544
240320,235,-34.544
240330,235,-34.544
240340,235,-34.544
240350,235,-34.544
240360,235,-34.544
240370,235,-34.544
240380,235,-34.537
240390,235,-34.537
240400,235,-34.537
240410,235,-34.537
240420,235,-34.544
240430,235,-34.544
240440,235,-34.550
240450,235,-34.556
240460,235,-34.550
240470,235,-34.550
240480,235,-34.544
240490,235,-34.544
240500,235,-34.550
240510,235,-34.550
240520,235,-34.550
240530,235,-34.550
240540,235,-34.550
240550,235,-34.550
240560,235,-34.544
240570,235,-34.544
240580,235,-34.544
240590,235,-34.537
240600,235,-34.550
240610,235,-34.544
240620,235,-34.544
240630,235,-34.544
240640,235,-34.544
240650,235,-34.550
240660,235,-34.550
240670,235,-34.544
240680,235,-34.537
240690,235,-34.537
240700,235,-34.544
240710,235,-34.550
240720,235,-34.550
240730,235,-34.550
240740,235,-34.550
240750,235,-34.550
240760,235,-34.550
240770,235,-34.550
240780,235,-34.550
240790,235,-34.544
240800,235,-34.544
240810,235,-34.537
240820,235,-34.544
240830,235,-34.544
240840,235,-34.544
240850,235,-34.544
240860,235,-34.544
240870,235,-34.537
240880,235,-34.544
240890,235,-34.550
240900,235,-34.556
240910,235,-34.550
240920,235,-34.550
240930,235,-34.544
240940,235,-34.544
240950,235,-34.544
240960,235,-34.544
240970,235,-34.544
240980,235,-34.544
240990,235,-34.550
241000,235,-34.544
241010,235,-34.550
241020,235,-34.550
241030,235,-34.550
241040,235,-34.550
241050,235,-34.544
241060,235,-34.544
241070,235,-34.537
241080,235,-34.544
241090,235,-34.544
241100,235,-34.544
241110,235,-34.544
241120,235,-34.550
241130,235,-34.550
241140,235,-34.544
241150,235,-34.550
241160,235,-34.556
241170,235,-34.556
241180,235,-34.550
241190,235,-34.550
241200,235,-34.556
241210,235,-34.550
241220,235,-34.550
241230,235,-34.550
241240,235,-34.544
241250,235,-34.544
241260,235,-34.544
241270,235,-34.550
241280,235,-34.550
241290,235,-34.550
241300,235,-34.550
241310,235,-34.550
241320,235,-34.544
241330,235,-34.544
241340,235,-34.544
241350,235,-34.544
241360,235,-34.550
241370,235,-34.556
241380,235,-34.550
241390,235,-34.550
241400,235,-34.550
241410,235,-34.556
241420,235,-34.550
241430,235,-34.550
241440,235,-34.550
241450,235,-34.550
241460,235,-34.550
241470,235,-34.544
241480,235,-34.544
241490,235,-34.544
241500,235,-34.550
241510,235,-34.550
241520,235,-34.550
241530,235,-34.550
241540,235,-34.556
241550,235,-34.556
241560,235,-34.556
241570,235,-34.556
241580,235,-34.556
241590,235,-34.537
241600,235,-34.537
241610,235,-34.544
241620,235,-34.544
241630,235,-34.544
241640,235,-34.544
241650,235,-34.544
241660,235,-34.550
241670,235,-34.550
241680,235,-34.556
241690,235,-34.550
241700,235,-34.550
241710,235,-34.550
241720,235,-34.550
241730,235,-34.544
241740,235,-34.550
241750,235,-34.550
241760,235,-34.550
241770,235,-34.544
241780,235,-34.550
241790,235,-34.556
241800,235,-34.550
241810,235,-34.544
241820,235,-34.544
241830,235,-34.544
241840,235,-34.544
241850,235,-34.550
241860,235,-34.544
241870,235,-34.537
241880,235,-34.544
241890,235,-34.544
241900,235,-34.537
241910,235,-34.537
241920,235,-34.544
241930,235,-34.544
241940,235,-34.537
241950,235,-34.537
241960,235,-34.544
241970,235,-34.537
241980,235,-34.537
241990,235,-34.531
242000,235,-34.537
242010,240,-34.531
242020,240,-34.537
242030,240,-34.544
242040,240,-34.544
242050,240,-34.537
242060,240,-34.544
242070,240,-34.550
242080,240,-34.537
242090,240,-34.537
242100,240,-34.531
242110,240,-34.537
242120,240,-34.537
242130,240,-34.531
242140,240,-34.537
242150,240,-34.544
242160,240,-34.537
242170,240,-34.544
242180,240,-34.531
242190,240,-34.537
242200,240,-34.531
242210,240,-34.544
242220,240,-34.544
242230,240,-34.537
242240,240,-34.537
242250,240,-34.544
242260,240,-34.544
242270,240,-34.544
242280,240,-34.544
242290,240,-34.544
242300,240,-34.544
242310,240,-34.544
242320,240,-34.550
242330,240,-34.556
242340,240,-34.556
242350,240,-34.550
242360,240,-34.550
242370,240,-34.544
242380,240,-34.544
242390,240,-34.544
242400,240,-34.531
242410,240,-34.537
242420,240,-34.537
242430,240,-34.544
242440,240,-34.550
242450,240,-34.550
242460,240,-34.550
242470,240,-34.550
242480,240,-34.550
242490,240,-34.550
242500,240,-34.550
242510,240,-34.550
242520,240,-34.556
242530,240,-34.550
242540,240,-34.537
242550,240,-34.544
242560,240,-34.544
242570,240,-34.544
242580,240,-34.550
242590,240,-34.550
242600,240,-34.550
242610,240,-34.550
242620,240,-34.550
242630,240,-34.550
242640,240,-34.550
242650,240,-34.544
242660,240,-34.544
242670,240,-34.544
242680,240,-34.537
242690,240,-34.550
242700,240,-34.550
242710,240,-34.556
242720,240,-34.556
242730,240,-34.556
242740,240,-34.550
242750,240,-34.550
242760,240,-34.550
242770,240,-34.550
242780,240,-34.550
242790,240,-34.550
242800,240,-34.550
242810,240,-34.544
242820,240,-34.544
242830,240,-34.537
242840,240,-34.544
242850,240,-34.544
242860,240,-34.550
242870,240,-34.550
242880,240,-34.550
242890,240,-34.550
242900,240,-34.550
242910,240,-34.550
242920,240,-34.550
242930,240,-34.556
242940,240,-34.550
242950,240,-34.550
242960,240,-34.550
242970,240,-34.550
242980,240,-34.550
242990,240,-34.550
243000,240,-34.544
243010,240,-34.544
243020,240,-34.544
243030,240,-34.537
243040,240,-34.544
243050,240,-34.550
243060,240,-34.550
243070,240,-34.550
243080,240,-34.550
243090,240,-34.550
243100,240,-34.550
243110,240,-34.556
243120,240,-34.550
243130,240,-34.550
243140,240,-34.544
243150,240,-34.550
243160,240,-34.556
243170,240,-34.556
243180,240,-34.550
243190,240,-34.550
243200,240,-34.544
243210,240,-34.544
243220,240,-34.544
243230,240,-34.550
243240,240,-34.556
243250,240,-34.556
243260,240,-34.556
243270,240,-34.556
243280,240,-34.556
243290,240,-34.556
243300,240,-34.544
243310,240,-34.544
243320,240,-34.544
243330,240,-34.550
243340,240,-34.550
243350,240,-34.556
243360,240,-34.550
243370,240,-34.550
243380,240,-34.550
243390,240,-34.556
243400,240,-34.550
243410,240,-34.550
243420,240,-34.550
243430,240,-34.550
243440,240,-34.550
243450,240,-34.550
243460,240,-34.556
243470,240,-34.544
243480,240,-34.537
243490,240,-34.537
243500,240,-34.531
243510,240,-34.537
243520,240,-34.537
243530,240,-34.544
243540,240,-34.550
243550,240,-34.544
243560,240,-34.544
243570,240,-34.537
243580,240,-34.544
243590,240,-34.544
243600,240,-34.537
243610,240,-34.537
243620,240,-34.544
243630,240,-34.544
243640,240,-34.544
243650,240,-34.537
243660,240,-34.544
243670,240,-34.544
243680,240,-34.537
243690,240,-34.537
243700,240,-34.544
243710,240,-34.544
243720,240,-34.537
243730,240,-34.544
243740,240,-34.544
243750,240,-34.544
243760,240,-34.544
243770,240,-34.550
243780,240,-34.544
243790,240,-34.544
243800,240,-34.544
243810,240,-34.550
243820,240,-34.556
243830,240,-34.550
243840,240,-34.550
243850,240,-34.550
243860,240,-34.550
243870,240,-34.544
243880,240,-34.544
243890,240,-34.544
243900,240,-34.544
243910,240,-34.544
243920,240,-34.544
243930,240,-34.550
243940,240,-34.550
243950,240,-34.550
243960,240,-34.544
243970,240,-34.537
243980,240,-34.544
243990,240,-34.544
244000,240,-34.544
244010,240,-34.550
244020,240,-34.556
244030,240,-34.556
244040,240,-34.550
244050,240,-34.550
244060,240,-34.550
244070,240,-34.550
244080,240,-34.550
244090,240,-34.550
244100,240,-34.544
244110,240,-34.550
244120,240,-34.556
244130,240,-34.556
244140,240,-34.544
244150,240,-34.550
244160,240,-34.550
244170,240,-34.544
244180,240,-34.544
244190,240,-34.550
244200,240,-34.544
244210,240,-34.550
244220,240,-34.550
244230,240,-34.550
244240,240,-34.550
244250,240,-34.550
244260,240,-34.544
244270,240,-34.544
244280,240,-34.550
244290,240,-34.550
244300,240,-34.550
244310,240,-34.550
244320,240,-34.550
244330,240,-34.544
244340,240,-34.550
244350,240,-34.550
244360,240,-34.544
244370,240,-34.550
244380,240,-34.544
244390,240,-34.550
244400,240,-34.556
244410,240,-34.556
244420,240,-34.550
244430,240,-34.556
244440,240,-34.550
244450,240,-34.550
244460,240,-34.544
244470,240,-34.537
244480,240,-34.550
244490,240,-34.550
244500,240,-34.550
244510,240,-34.544
244520,240,-34.544
244530,240,-34.544
244540,240,-34.550
244550,240,-34.550
244560,240,-34.556
244570,240,-34.556
244580,240,-34.550
244590,240,-34.550
244600,240,-34.550
244610,240,-34.550
244620,240,-34.550
244630,240,-34.544
244640,240,-34.544
244650,240,-34.537
244660,240,-34.550
244670,240,-34.550
244680,240,-34.550
244690,240,-34.550
244700,240,-34.550
244710,240,-34.556
244720,240,-34.550
244730,240,-34.544
244740,240,-34.544
244750,240,-34.544
244760,240,-34.544
244770,240,-34.550
244780,240,-34.550
244790,240,-34.544
244800,240,-34.537
244810,240,-34.550
244820,240,-34.544
244830,240,-34.544
244840,240,-34.550
244850,240,-34.550
244860,240,-34.550
244870,240,-34.563
244880,240,-34.550
244890,240,-34.550
244900,240,-34.556
244910,240,-34.550
244920,240,-34.550
244930,240,-34.556
244940,240,-34.563
244950,240,-34.544
244960,240,-34.556
244970,240,-34.550
244980,240,-34.563
244990,240,-34.544
245000,240,-34.550
245010,240,-34.550
245020,240,-34.550
245030,240,-34.550
245040,240,-34.550
245050,240,-34.556
245060,240,-34.563
245070,240,-34.550
245080,240,-34.556
245090,240,-34.550
245100,240,-34.550
245110,240,-34.550
245120,240,-34.550
245130,240,-34.550
245140,240,-34.556
245150,240,-34.556
245160,240,-34.556
245170,240,-34.550
245180,240,-34.550
245190,240,-34.550
245200,240,-34.556
245210,240,-34.550
245220,240,-34.556
245230,240,-34.556
245240,240,-34.556
245250,240,-34.556
245260,240,-34.544
245270,240,-34.550
245280,240,-34.556
245290,240,-34.556
245300,240,-34.550
245310,240,-34.544
245320,240,-34.544
245330,240,-34.550
245340,240,-34.550
245350,240,-34.550
245360,240,-34.556
245370,240,-34.550
245380,240,-34.550
245390,240,-34.550
245400,240,-34.550
245410,240,-34.550
245420,240,-34.556
245430,240,-34.556
245440,240,-34.563
245450,240,-34.550
245460,240,-34.556
245470,240,-34.556
245480,240,-34.556
245490,240,-34.556
245500,240,-34.556
245510,240,-34.550
245520,240,-34.550
245530,240,-34.556
245540,240,-34.556
245550,240,-34.550
245560,240,-34.550
245570,240,-34.550
245580,240,-34.550
245590,240,-34.544
245600,240,-34.550
245610,240,-34.550
245620,240,-34.556
245630,240,-34.556
245640,240,-34.556
245650,240,-34.550
245660,240,-34.544
245670,240,-34.544
245680,240,-34.544
245690,240,-34.550
245700,240,-34.550
245710,240,-34.556
245720,240,-34.556
245730,240,-34.550
245740,240,-34.550
245750,240,-34.550
245760,240,-34.550
245770,240,-34.550
245780,240,-34.550
245790,240,-34.550
245800,240,-34.537
245810,240,-34.544
245820,240,-34.544
245830,240,-34.544
245840,240,-34.544
245850,240,-34.537
245860,240,-34.537
245870,240,-34.537
245880,240,-34.544
245890,240,-34.544
245900,240,-34.550
245910,240,-34.550
245920,240,-34.550
245930,240,-34.544
245940,240,-34.544
245950,240,-34.537
245960,240,-34.544
245970,240,-34.544
245980,240,-34.544
245990,240,-34.544
246000,240,-34.544
246010,240,-34.544
246020,240,-34.544
246030,240,-34.544
246040,240,-34.550
246050,240,-34.556
246060,240,-34.544
246070,240,-34.537
246080,240,-34.537
246090,240,-34.550
246100,240,-34.550
246110,240,-34.550
246120,240,-34.550
246130,240,-34.544
246140,240,-34.544
246150,240,-34.550
246160,240,-34.556
246170,240,-34.550
246180,240,-34.556
246190,240,-34.550
246200,240,-34.544
246210,240,-34.544
246220,240,-34.550
246230,240,-34.550
246240,240,-34.556
246250,240,-34.550
246260,240,-34.550
246270,240,-34.556
246280,240,-34.556
246290,240,-34.556
246300,240,-34.556
246310,240,-34.544
246320,240,-34.550
246330,240,-34.550
246340,240,-34.550
246350,240,-34.550
246360,240,-34.550
246370,240,-34.556
246380,240,-34.544
246390,240,-34.544
246400,240,-34.550
246410,240,-34.556
246420,240,-34.550
246430,240,-34.544
246440,240,-34.544
246450,240,-34.550
246460,240,-34.544
246470,240,-34.550
246480,240,-34.550
246490,240,-34.550
246500,240,-34.550
246510,240,-34.550
246520,240,-34.544
246530,240,-34.537
246540,240,-34.556
246550,240,-34.550
246560,240,-34.550
246570,240,-34.550
246580,240,-34.550
246590,240,-34.550
246600,240,-34.550
246610,240,-34.550
246620,240,-34.544
246630,240,-34.550
246640,240,-34.556
246650,240,-34.556
246660,240,-34.556
246670,240,-34.556
246680,240,-34.550
246690,240,-34.556
246700,240,-34.550
246710,240,-34.550
246720,240,-34.550
246730,240,-34.544
246740,240,-34.544
246750,240,-34.550
246760,240,-34.556
246770,240,-34.550
246780,240,-34.550
246790,240,-34.556
246800,240,-34.550
246810,240,-34.550
246820,240,-34.556
246830,240,-34.556
246840,240,-34.556
246850,240,-34.556
246860,240,-34.550
246870,240,-34.550
246880,240,-34.556
246890,240,-34.550
246900,240,-34.550
246910,240,-34.550
246920,240,-34.556
246930,240,-34.550
246940,240,-34.556
246950,240,-34.556
246960,240,-34.556
246970,240,-34.550
246980,240,-34.550
246990,240,-34.556
247000,240,-34.550
247010,245,-34.537
247020,245,-34.550
247030,245,-34.556
247040,245,-34.550
247050,245,-34.556
247060,245,-34.556
247070,245,-34.550
247080,245,-34.550
247090,245,-34.556
247100,245,-34.556
247110,245,-34.556
247120,245,-34.556
247130,245,-34.550
247140,245,-34.550
247150,245,-34.544
247160,245,-34.544
247170,245,-34.544
247180,245,-34.544
247190,245,-34.544
247200,245,-34.544
247210,245,-34.544
247220,245,-34.550
247230,245,-34.550
247240,245,-34.550
247250,245,-34.550
247260,245,-34.544
247270,245,-34.544
247280,245,-34.544
247290,245,-34.544
247300,245,-34.544
247310,245,-34.550
247320,245,-34.550
247330,245,-34.556
247340,245,-34.550
247350,245,-34.556
247360,245,-34.550
247370,245,-34.550
247380,245,-34.550
247390,245,-34.550
247400,245,-34.550
247410,245,-34.550
247420,245,-34.556
247430,245,-34.556
247440,245,-34.556
247450,245,-34.550
247460,245,-34.550
247470,245,-34.556
247480,245,-34.556
247490,245,-34.556
247500,245,-34.556
247510,245,-34.556
247520,245,-34.556
247530,245,-34.550
247540,245,-34.550
247550,245,-34.550
247560,245,-34.550
247570,245,-34.556
247580,245,-34.556
247590,245,-34.556
247600,245,-34.556
247610,245,-34.550
247620,245,-34.556
247630,245,-34.550
247640,245,-34.556
247650,245,-34.550
247660,245,-34.550
247670,245,-34.556
247680,245,-34.556
247690,245,-34.550
247700,245,-34.550
247710,245,-34.550
247720,245,-34.556
247730,245,-34.550
247740,245,-34.550
247750,245,-34.550
247760,245,-34.550
247770,245,-34.550
247780,245,-34.544
247790,245,-34.550
247800,245,-34.550
247810,245,-34.550
247820,245,-34.556
247830,245,-34.556
247840,245,-34.556
247850,245,-34.556
247860,245,-34.563
247870,245,-34.556
247880,245,-34.563
247890,245,-34.550
247900,245,-34.556
247910,245,-34.556
247920,245,-34.556
247930,245,-34.550
247940,245,-34.550
247950,245,-34.556
247960,245,-34.556
247970,245,-34.556
247980,245,-34.550
247990,245,-34.556
248000,245,-34.556
248010,245,-34.550
248020,245,-34.550
248030,245,-34.550
248040,245,-34.550
248050,245,-34.556
248060,245,-34.550
248070,245,-34.556
248080,245,-34.556
248090,245,-34.556
248100,245,-34.563
248110,245,-34.550
248120,245,-34.556
248130,245,-34.544
248140,245,-34.556
248150,245,-34.556
248160,245,-34.550
248170,245,-34.556
248180,245,-34.550
248190,245,-34.550
248200,245,-34.550
248210,245,-34.550
248220,245,-34.550
248230,245,-34.550
248240,245,-34.556
248250,245,-34.556
248260,245,-34.550
248270,245,-34.556
248280,245,-34.550
248290,245,-34.544
248300,245,-34.544
248310,245,-34.544
248320,245,-34.550
248330,245,-34.556
248340,245,-34.556
248350,245,-34.556
248360,245,-34.556
248370,245,-34.556
248380,245,-34.563
248390,245,-34.550
248400,245,-34.550
248410,245,-34.550
248420,245,-34.550
248430,245,-34.544
248440,245,-34.556
248450,245,-34.550
248460,245,-34.550
248470,245,-34.550
248480,245,-34.550
248490,245,-34.556
248500,245,-34.550
248510,245,-34.556
248520,245,-34.556
248530,245,-34.556
248540,245,-34.556
248550,245,-34.556
248560,245,-34.550
248570,245,-34.556
248580,245,-34.556
248590,245,-34.550
248600,245,-34.550
248610,245,-34.550
248620,245,-34.563
248630,245,-34.550
248640,245,-34.556
248650,245,-34.556
248660,245,-34.556
248670,245,-34.544
248680,245,-34.550
248690,245,-34.550
248700,245,-34.556
248710,245,-34.556
248720,245,-34.556
248730,245,-34.563
248740,245,-34.544
248750,245,-34.550
248760,245,-34.550
248770,245,-34.556
248780,245,-34.550
248790,245,-34.550
248800,245,-34.550
248810,245,-34.556
248820,245,-34.556
248830,245,-34.550
248840,245,-34.550
248850,245,-34.550
248860,245,-34.550
248870,245,-34.550
248880,245,-34.550
248890,245,-34.556
248900,245,-34.556
248910,245,-34.550
248920,245,-34.556
248930,245,-34.550
248940,245,-34.550
248950,245,-34.550
248960,245,-34.544
248970,245,-34.544
248980,245,-34.544
248990,245,-34.544
249000,245,-34.550
249010,245,-34.550
249020,245,-34.550
249030,245,-34.550
249040,245,-34.550
249050,245,-34.550
249060,245,-34.544
249070,245,-34.550
249080,245,-34.550
249090,245,-34.544
249100,245,-34.544
249110,245,-34.544
249120,245,-34.550
249130,245,-34.544
249140,245,-34.550
249150,245,-34.550
249160,245,-34.550
249170,245,-34.556
249180,245,-34.556
249190,245,-34.556
249200,245,-34.556
249210,245,-34.550
249220,245,-34.550
249230,245,-34.556
249240,245,-34.556
249250,245,-34.550
249260,245,-34.550
249270,245,-34.550
249280,245,-34.556
249290,245,-34.556
249300,245,-34.556
249310,245,-34.556
249320,245,-34.556
249330,245,-34.556
249340,245,-34.556
249350,245,-34.550
249360,245,-34.556
249370,245,-34.556
249380,245,-34.563
249390,245,-34.556
249400,245,-34.550
249410,245,-34.556
249420,245,-34.556
249430,245,-34.556
249440,245,-34.556
249450,245,-34.556
249460,245,-34.550
249470,245,-34.556
249480,245,-34.556
249490,245,-34.556
249500,245,-34.556
249510,245,-34.563
249520,245,-34.550
249530,245,-34.556
249540,245,-34.544
249550,245,-34.556
249560,245,-34.556
249570,245,-34.556
249580,245,-34.563
249590,245,-34.556
249600,245,-34.556
249610,245,-34.556
249620,245,-34.550
249630,245,-34.556
249640,245,-34.556
249650,245,-34.556
249660,245,-34.563
249670,245,-34.556
249680,245,-34.556
249690,245,-34.556
249700,245,-34.556
249710,245,-34.556
249720,245,-34.550
249730,245,-34.556
249740,245,-34.556
249750,245,-34.556
249760,245,-34.556
249770,245,-34.556
249780,245,-34.556
249790,245,-34.556
249800,245,-34.550
249810,245,-34.563
249820,245,-34.556
249830,245,-34.563
249840,245,-34.556
249850,245,-34.556
249860,245,-34.563
249870,245,-34.556
249880,245,-34.563
249890,245,-34.556
249900,245,-34.556
249910,245,-34.550
249920,245,-34.556
249930,245,-34.556
249940,245,-34.563
249950,245,-34.556
249960,245,-34.563
249970,245,-34.556
249980,245,-34.550
249990,245,-34.550
250000,245,-34.550
250010,245,-34.550
250020,245,-34.556
250030,245,-34.556
250040,245,-34.563
250050,245,-34.556
250060,245,-34.556
250070,245,-34.563
250080,245,-34.550
250090,245,-34.556
250100,245,-34.556
250110,245,-34.550
250120,245,-34.556
250130,245,-34.563
250140,245,-34.556
250150,245,-34.556
250160,245,-34.556
250170,245,-34.556
250180,245,-34.556
250190,245,-34.563
250200,245,-34.556
250210,245,-34.563
250220,245,-34.556
250230,245,-34.556
250240,245,-34.563
250250,245,-34.556
250260,245,-34.550
250270,245,-34.556
250280,245,-34.556
250290,245,-34.563
250300,245,-34.550
250310,245,-34.556
250320,245,-34.563
250330,245,-34.556
250340,245,-34.556
250350,245,-34.556
250360,245,-34.556
250370,245,-34.556
250380,245,-34.556
250390,245,-34.556
250400,245,-34.563
250410,245,-34.550
250420,245,-34.563
250430,245,-34.550
250440,245,-34.563
250450,245,-34.563
250460,245,-34.556
250470,245,-34.550
250480,245,-34.556
250490,245,-34.569
250500,245,-34.556
250510,245,-34.556
250520,245,-34.556
250530,245,-34.550
250540,245,-34.550
250550,245,-34.563
250560,245,-34.550
250570,245,-34.556
250580,245,-34.556
250590,245,-34.556
250600,245,-34.556
250610,245,-34.563
250620,245,-34.550
250630,245,-34.563
250640,245,-34.550
250650,245,-34.556
250660,245,-34.556
250670,245,-34.556
250680,245,-34.556
250690,245,-34.556
250700,245,-34.563
250710,245,-34.556
250720,245,-34.556
250730,245,-34.563
250740,245,-34.556
250750,245,-34.556
250760,245,-34.556
250770,245,-34.563
250780,245,-34.556
250790,245,-34.544
250800,245,-34.550
250810,245,-34.556
250820,245,-34.556
250830,245,-34.563
250840,245,-34.556
250850,245,-34.556
250860,245,-34.556
250870,245,-34.556
250880,245,-34.556
250890,245,-34.550
250900,245,-34.563
250910,245,-34.556
250920,245,-34.550
250930,245,-34.556
250940,245,-34.563
250950,245,-34.556
250960,245,-34.550
250970,245,-34.569
250980,245,-34.550
250990,245,-34.556
251000,245,-34.550
251010,245,-34.556
251020,245,-34.556
251030,245,-34.556
251040,245,-34.556
251050,245,-34.550
251060,245,-34.556
251070,245,-34.556
251080,245,-34.556
251090,245,-34.556
251100,245,-34.563
251110,245,-34.550
251120,245,-34.556
251130,245,-34.550
251140,245,-34.556
251150,245,-34.563
251160,245,-34.550
251170,245,-34.563
251180,245,-34.556
251190,245,-34.550
251200,245,-34.550
251210,245,-34.550
251220,245,-34.563
251230,245,-34.550
251240,245,-34.550
251250,245,-34.556
251260,245,-34.563
251270,245,-34.556
251280,245,-34.556
251290,245,-34.556
251300,245,-34.550
251310,245,-34.563
251320,245,-34.550
251330,245,-34.556
251340,245,-34.550
251350,245,-34.556
251360,245,-34.563
251370,245,-34.550
251380,245,-34.556
251390,245,-34.550
251400,245,-34.556
251410,245,-34.550
251420,245,-34.550
251430,245,-34.556
251440,245,-34.550
251450,245,-34.556
251460,245,-34.556
251470,245,-34.550
251480,245,-34.556
251490,245,-34.556
251500,245,-34.550
251510,245,-34.556
251520,245,-34.563
251530,245,-34.556
251540,245,-34.556
251550,245,-34.550
251560,245,-34.563
251570,245,-34.556
251580,245,-34.556
251590,245,-34.550
251600,245,-34.556
251610,245,-34.563
251620,245,-34.550
251630,245,-34.563
251640,245,-34.563
251650,245,-34.556
251660,245,-34.556
251670,245,-34.550
251680,245,-34.556
251690,245,-34.563
251700,245,-34.550
251710,245,-34.556
251720,245,-34.550
251730,245,-34.556
251740,245,-34.563
251750,245,-34.550
251760,245,-34.556
251770,245,-34.550
251780,245,-34.556
251790,245,-34.556
251800,245,-34.556
251810,245,-34.556
251820,245,-34.556
251830,245,-34.556
251840,245,-34.550
251850,245,-34.563
251860,245,-34.550
251870,245,-34.550
251880,245,-34.550
251890,245,-34.556
251900,245,-34.550
251910,245,-34.556
251920,245,-34.556
251930,245,-34.556
251940,245,-34.556
251950,245,-34.556
251960,245,-34.550
251970,245,-34.556
251980,245,-34.550
251990,245,-34.550
252000,245,-34.544
252010,250,-34.531
252020,250,-34.544
252030,250,-34.550
252040,250,-34.556
252050,250,-34.544
252060,250,-34.556
252070,250,-34.544
252080,250,-34.544
252090,250,-34.544
252100,250,-34.550
252110,250,-34.550
252120,250,-34.550
252130,250,-34.556
252140,250,-34.550
252150,250,-34.544
252160,250,-34.550
252170,250,-34.556
252180,250,-34.556
252190,250,-34.556
252200,250,-34.563
252210,250,-34.556
252220,250,-34.556
252230,250,-34.556
252240,250,-34.544
252250,250,-34.550
252260,250,-34.556
252270,250,-34.556
252280,250,-34.556
252290,250,-34.556
252300,250,-34.556
252310,250,-34.556
252320,250,-34.606
252330,250,-34.563
252340,250,-34.544
252350,250,-34.556
252360,250,-34.550
252370,250,-34.556
252380,250,-34.556
252390,250,-34.556
252400,250,-34.556
252410,250,-34.563
252420,250,-34.550
252430,250,-34.556
252440,250,-34.563
252450,250,-34.544
252460,250,-34.550
252470,250,-34.556
252480,250,-34.556
252490,250,-34.556
252500,250,-34.563
252510,250,-34.550
252520,250,-34.556
252530,250,-34.550
252540,250,-34.556
252550,250,-34.556
252560,250,-34.556
252570,250,-34.556
252580,250,-34.550
252590,250,-34.556
252600,250,-34.556
252610,250,-34.556
252620,250,-34.550
252630,250,-34.550
252640,250,-34.550
252650,250,-34.556
252660,250,-34.550
252670,250,-34.550
252680,250,-34.556
252690,250,-34.556
252700,250,-34.550
252710,250,-34.556
252720,250,-34.556
252730,250,-34.550
252740,250,-34.556
252750,250,-34.550
252760,250,-34.550
252770,250,-34.556
252780,250,-34.556
252790,250,-34.556
252800,250,-34.556
252810,250,-34.556
252820,250,-34.550
252830,250,-34.556
252840,250,-34.550
252850,250,-34.563
252860,250,-34.556
252870,250,-34.556
252880,250,-34.556
252890,250,-34.556
252900,250,-34.563
252910,250,-34.556
252920,250,-34.550
252930,250,-34.556
252940,250,-34.556
252950,250,-34.556
252960,250,-34.556
252970,250,-34.556
252980,250,-34.563
252990,250,-34.550
253000,250,-34.556
253010,250,-34.556
253020,250,-34.556
253030,250,-34.550
253040,250,-34.556
253050,250,-34.550
253060,250,-34.550
253070,250,-34.556
253080,250,-34.563
253090,250,-34.550
253100,250,-34.556
253110,250,-34.550
253120,250,-34.550
253130,250,-34.550
253140,250,-34.550
253150,250,-34.556
253160,250,-34.550
253170,250,-34.550
253180,250,-34.550
253190,250,-34.544
253200,250,-34.544
253210,250,-34.544
253220,250,-34.544
253230,250,-34.550
253240,250,-34.556
253250,250,-34.550
253260,250,-34.556
253270,250,-34.556
253280,250,-34.550
253290,250,-34.544
253300,250,-34.544
253310,250,-34.550
253320,250,-34.544
253330,250,-34.550
253340,250,-34.556
253350,250,-34.556
253360,250,-34.556
253370,250,-34.550
253380,250,-34.550
253390,250,-34.556
253400,250,-34.563
253410,250,-34.544
253420,250,-34.544
253430,250,-34.550
253440,250,-34.556
253450,250,-34.550
253460,250,-34.556
253470,250,-34.556
253480,250,-34.550
253490,250,-34.556
253500,250,-34.563
253510,250,-34.550
253520,250,-34.556
253530,250,-34.550
253540,250,-34.556
253550,250,-34.556
253560,250,-34.556
253570,250,-34.556
253580,250,-34.550
253590,250,-34.563
253600,250,-34.550
253610,250,-34.556
253620,250,-34.550
253630,250,-34.563
253640,250,-34.550
253650,250,-34.563
253660,250,-34.556
253670,250,-34.550
253680,250,-34.556
253690,250,-34.550
253700,250,-34.556
253710,250,-34.550
253720,250,-34.556
253730,250,-34.563
253740,250,-34.556
253750,250,-34.556
253760,250,-34.563
253770,250,-34.550
253780,250,-34.550
253790,250,-34.556
253800,250,-34.563
253810,250,-34.556
253820,250,-34.563
253830,250,-34.556
253840,250,-34.563
253850,250,-34.556
253860,250,-34.550
253870,250,-34.563
253880,250,-34.550
253890,250,-34.556
253900,250,-34.563
253910,250,-34.556
253920,250,-34.556
253930,250,-34.556
253940,250,-34.556
253950,250,-34.550
253960,250,-34.563
253970,250,-34.550
253980,250,-34.556
253990,250,-34.550
254000,250,-34.563
254010,250,-34.563
254020,250,-34.563
254030,250,-34.556
254040,250,-34.563
254050,250,-34.556
254060,250,-34.556
254070,250,-34.563
254080,250,-34.556
254090,250,-34.563
254100,250,-34.556
254110,250,-34.563
254120,250,-34.550
254130,250,-34.556
254140,250,-34.556
254150,250,-34.556
254160,250,-34.550
254170,250,-34.563
254180,250,-34.556
254190,250,-34.556
254200,250,-34.563
254210,250,-34.556
254220,250,-34.556
254230,250,-34.556
254240,250,-34.563
254250,250,-34.556
254260,250,-34.550
254270,250,-34.556
254280,250,-34.563
254290,250,-34.556
254300,250,-34.556
254310,250,-34.556
254320,250,-34.556
254330,250,-34.556
254340,250,-34.563
254350,250,-34.556
254360,250,-34.556
254370,250,-34.563
254380,250,-34.556
254390,250,-34.563
254400,250,-34.556
254410,250,-34.563
254420,250,-34.556
254430,250,-34.556
254440,250,-34.556
254450,250,-34.556
254460,250,-34.563
254470,250,-34.556
254480,250,-34.556
254490,250,-34.563
254500,250,-34.556
254510,250,-34.556
254520,250,-34.556
254530,250,-34.550
254540,250,-34.556
254550,250,-34.563
254560,250,-34.556
254570,250,-34.556
254580,250,-34.563
254590,250,-34.556
254600,250,-34.556
254610,250,-34.556
254620,250,-34.556
254630,250,-34.556
254640,250,-34.556
254650,250,-34.550
254660,250,-34.556
254670,250,-34.563
254680,250,-34.556
254690,250,-34.556
254700,250,-34.563
254710,250,-34.556
254720,250,-34.556
254730,250,-34.556
254740,250,-34.563
254750,250,-34.550
254760,250,-34.563
254770,250,-34.556
254780,250,-34.550
254790,250,-34.556
254800,250,-34.556
254810,250,-34.556
254820,250,-34.556
254830,250,-34.563
254840,250,-34.556
254850,250,-34.563
254860,250,-34.556
254870,250,-34.556
254880,250,-34.556
254890,250,-34.563
254900,250,-34.556
254910,250,-34.556
254920,250,-34.556
254930,250,-34.556
254940,250,-34.563
254950,250,-34.556
254960,250,-34.556
254970,250,-34.569
254980,250,-34.563
254990,250,-34.556
255000,250,-34.550
255010,250,-34.563
255020,250,-34.556
255030,250,-34.556
255040,250,-34.556
255050,250,-34.556
255060,250,-34.556
255070,250,-34.563
255080,250,-34.556
255090,250,-34.556
255100,250,-34.556
255110,250,-34.563
255120,250,-34.556
255130,250,-34.563
255140,250,-34.556
255150,250,-34.556
255160,250,-34.550
255170,250,-34.556
255180,250,-34.563
255190,250,-34.544
255200,250,-34.556
255210,250,-34.563
255220,250,-34.563
255230,250,-34.563
255240,250,-34.556
255250,250,-34.556
255260,250,-34.563
255270,250,-34.550
255280,250,-34.550
255290,250,-34.563
255300,250,-34.556
255310,250,-34.556
255320,250,-34.556
255330,250,-34.556
255340,250,-34.563
255350,250,-34.556
255360,250,-34.563
255370,250,-34.550
255380,250,-34.550
255390,250,-34.550
255400,250,-34.556
255410,250,-34.556
255420,250,-34.556
255430,250,-34.563
255440,250,-34.556
255450,250,-34.556
255460,250,-34.556
255470,250,-34.550
255480,250,-34.563
255490,250,-34.556
255500,250,-34.563
255510,250,-34.575
255520,250,-34.575
255530,250,-34.556
255540,250,-34.550
255550,250,-34.556
255560,250,-34.563
255570,250,-34.550
255580,250,-34.550
255590,250,-34.556
255600,250,-34.556
255610,250,-34.556
255620,250,-34.556
255630,250,-34.556
255640,250,-34.556
255650,250,-34.556
255660,250,-34.556
255670,250,-34.556
255680,250,-34.581
255690,250,-34.544
255700,250,-34.556
255710,250,-34.600
255720,250,-34.556
255730,250,-34.606
255740,250,-34.556
255750,250,-34.556
255760,250,-34.550
255770,250,-34.556
255780,250,-34.587
255790,250,-34.581
255800,250,-34.569
255810,250,-34.550
255820,250,-34.550
255830,250,-34.556
255840,250,-34.556
255850,250,-34.581
255860,250,-34.550
255870,250,-34.563
255880,250,-34.563
255890,250,-34.556
255900,250,-34.556
255910,250,-34.563
255920,250,-34.556
255930,250,-34.556
255940,250,-34.556
255950,250,-34.556
255960,250,-34.556
255970,250,-34.556
255980,250,-34.563
255990,250,-34.563
256000,250,-34.556
256010,250,-34.563
256020,250,-34.563
256030,250,-34.556
256040,250,-34.556
256050,250,-34.563
256060,250,-34.550
256070,250,-34.550
256080,250,-34.556
256090,250,-34.563
256100,250,-34.556
256110,250,-34.556
256120,250,-34.544
256130,250,-34.550
256140,250,-34.556
256150,250,-34.556
256160,250,-34.556
256170,250,-34.556
256180,250,-34.556
256190,250,-34.556
256200,250,-34.550
256210,250,-34.581
256220,250,-34.556
256230,250,-34.556
256240,250,-34.556
256250,250,-34.556
256260,250,-34.581
256270,250,-34.563
256280,250,-34.556
256290,250,-34.556
256300,250,-34.556
256310,250,-34.550
256320,250,-34.594
256330,250,-34.550
256340,250,-34.550
256350,250,-34.556
256360,250,-34.556
256370,250,-34.556
256380,250,-34.556
256390,250,-34.563
256400,250,-34.550
256410,250,-34.556
256420,250,-34.556
256430,250,-34.556
256440,250,-34.556
256450,250,-34.556
256460,250,-34.563
256470,250,-34.556
256480,25600
256490,250,-34.550
256500,250,-34.587
256510,250,-34.556
256520,250,-34.556
256530,250,-34.556
256540,250,-34.563
256550,250,-34.556
256560,250,-34.563
256570,250,-34.569
256580,250,-34.556
256590,250,-34.556
256600,250,-34.556
256610,250,-34.556
256620,250,-34.556
256630,250,-34.563
256640,250,-34.556
256650,250,-34.556
256660,250,-34.556
256670,250,-34.569
256680,250,-34.563
256690,250,-34.550
256700,250,-34.556
256710,250,-34.556
256720,250,-34.563
256730,250,-34.556
256740,250,-34.556
256750,250,-34.563
256760,250,-34.569
256770,250,-34.563
256780,250,-34.550
256790,250,-34.556
256800,250,-34.556
256810,250,-34.556
256820,250,-34.563
256830,250,-34.550
256840,250,-34.556
256850,250,-34.563
256860,250,-34.556
256870,250,-34.550
256880,250,-34.556
256890,250,-34.563
256900,250,-34.556
256910,250,-34.556
256920,250,-34.625
256930,250,-34.563
256940,250,-34.556
256950,250,-34.563
256960,250,-34.563
256970,250,-34.556
256980,250,-34.600
256990,250,-34.556
257000,250,-34.556
257010,255,-34.544
257020,255,-34.556
257030,255,-34.619
257040,255,-34.625
257050,255,-34.625
257060,255,-34.625
257070,255,-34.587
257080,255,-34.625
257090,255,-34.631
257100,255,-34.625
257110,255,-34.619
257120,255,-34.625
257130,255,-34.625
257140,255,-34.625
257150,255,-34.625
257160,255,-34.600
257170,255,-34.625
257180,255,-34.619
257190,255,-34.625
257200,255,-34.631
257210,255,-34.587
257220,255,-34.631
257230,255,-34.631
257240,255,-34.625
257250,255,-34.625
257260,255,-34.625
257270,255,-34.625
257280,255,-34.625
257290,255,-34.625
257300,255,-34.625
257310,255,-34.581
257320,255,-34.625
257330,255,-34.625
257340,255,-34.625
257350,255,-34.625
257360,255,-34.581
257370,255,-34.619
257380,255,-34.619
257390,255,-34.619
257400,255,-34.625
257410,255,-34.625
257420,255,-34.625
257430,255,-34.631
257440,255,-34.619
257450,255,-34.619
257460,255,-34.612
257470,255,-34.625
257480,255,-34.631
257490,255,-34.606
257500,255,-34.612
257510,255,-34.625
257520,255,-34.619
257530,255,-34.619
257540,255,-34.581
257550,255,-34.619
257560,255,-34.612
257570,255,-34.619
257580,255,-34.625
257590,255,-34.606
257600,255,-34.619
257610,255,-34.625
257620,255,-34.619
257630,255,-34.625
257640,255,-34.625
257650,255,-34.625
257660,255,-34.625
257670,255,-34.619
257680,255,-34.619
257690,255,-34.606
257700,255,-34.612
257710,255,-34.625
257720,255,-34.625
257730,255,-34.619
257740,255,-34.612
257750,255,-34.587
257760,255,-34.619
257770,255,-34.619
257780,255,-34.619
257790,255,-34.625
257800,255,-34.625
257810,255,-34.612
257820,255,-34.619
257830,255,-34.587
257840,255,-34.612
257850,255,-34.625
257860,255,-34.625
257870,255,-34.631
257880,255,-34.631
257890,255,-34.631
257900,255,-34.631
257910,255,-34.625
257920,255,-34.625
257930,255,-34.625
257940,255,-34.625
257950,255,-34.625
257960,255,-34.631
257970,255,-34.631
257980,255,-34.631
257990,255,-34.625
258000,255,-34.631
258010,255,-34.619
258020,255,-34.625
258030,255,-34.587
258040,255,-34.619
258050,255,-34.619
258060,255,-34.619
258070,255,-34.631
258080,255,-34.625
258090,255,-34.625
258100,255,-34.625
258110,255,-34.619
258120,255,-34.619
258130,255,-34.625
258140,255,-34.625
258150,255,-34.606
258160,255,-34.619
258170,255,-34.625
258180,255,-34.619
258190,255,-34.625
258200,255,-34.625
258210,255,-34.631
258220,255,-34.625
258230,255,-34.631
258240,255,-34.637
258250,255,-34.612
258260,255,-34.619
258270,255,-34.631
258280,255,-34.625
258290,255,-34.625
258300,255,-34.594
258310,255,-34.631
258320,255,-34.631
258330,255,-34.619
258340,255,-34.625
258350,255,-34.625
258360,255,-34.631
258370,255,-34.631
258380,255,-34.631
258390,255,-34.625
258400,255,-34.575
258410,255,-34.625
258420,255,-34.625
258430,255,-34.631
258440,255,-34.619
258450,255,-34.631
258460,255,-34.619
258470,255,-34.625
258480,255,-34.625
258490,255,-34.625
258500,255,-34.625
258510,255,-34.625
258520,255,-34.625
258530,255,-34.631
258540,255,-34.631
258550,255,-34.625
258560,255,-34.625
258570,255,-34.619
258580,255,-34.581
258590,255,-34.619
258600,255,-34.625
258610,255,-34.625
258620,255,-34.625
258630,255,-34.631
258640,255,-34.631
258650,255,-34.625
258660,255,-34.631
258670,255,-34.625
258680,255,-34.625
258690,255,-34.625
258700,255,-34.625
258710,255,-34.619
258720,255,-34.625
258730,255,-34.625
258740,255,-34.619
258750,255,-34.619
258760,255,-34.625
258770,255,-34.619
258780,255,-34.619
258790,255,-34.631
258800,255,-34.625
258810,255,-34.625
258820,255,-34.625
258830,255,-34.631
258840,255,-34.619
258850,255,-34.619
258860,255,-34.619
258870,255,-34.625
258880,255,-34.619
258890,255,-34.625
258900,255,-34.625
258910,255,-34.631
258920,255,-34.575
258930,255,-34.619
258940,255,-34.631
258950,255,-34.619
258960,255,-34.612
258970,255,-34.587
258980,255,-34.619
258990,255,-34.619
259000,255,-34.619
259010,255,-34.625
259020,255,-34.625
259030,255,-34.625
259040,255,-34.625
259050,255,-34.625
259060,255,-34.625
259070,255,-34.619
259080,255,-34.619
259090,255,-34.612
259100,255,-34.625
259110,255,-34.619
259120,255,-34.625
259130,255,-34.619
259140,255,-34.625
259150,255,-34.625
259160,255,-34.581
259170,255,-34.625
259180,255,-34.625
259190,255,-34.619
259200,255,-34.625
259210,255,-34.619
259220,255,-34.625
259230,255,-34.619
259240,255,-34.619
259250,255,-34.619
259260,255,-34.625
259270,255,-34.625
259280,255,-34.625
259290,255,-34.625
259300,255,-34.619
259310,255,-34.625
259320,255,-34.619
259330,255,-34.619
259340,255,-34.625
259350,255,-34.612
259360,255,-34.612
259370,255,-34.619
259380,255,-34.619
259390,255,-34.619
259400,255,-34.625
259410,255,-34.625
259420,255,-34.619
259430,255,-34.619
259440,255,-34.612
259450,255,-34.581
259460,255,-34.619
259470,255,-34.625
259480,255,-34.625
259490,255,-34.625
259500,255,-34.619
259510,255,-34.625
259520,255,-34.619
259530,255,-34.619
259540,255,-34.619
259550,255,-34.631
259560,255,-34.631
259570,255,-34.625
259580,255,-34.631
259590,255,-34.631
259600,255,-34.619
259610,255,-34.625
259620,255,-34.625
259630,255,-34.625
259640,255,-34.625
259650,255,-34.600
259660,255,-34.625
259670,255,-34.625
259680,255,-34.625
259690,255,-34.625
259700,255,-34.625
259710,255,-34.606
259720,255,-34.625
259730,255,-34.625
259740,255,-34.619
259750,255,-34.619
259760,255,-34.581
259770,255,-34.619
259780,255,-34.619
259790,255,-34.619
259800,255,-34.625
259810,255,-34.619
259820,255,-34.625
259830,255,-34.619
259840,255,-34.625
259850,255,-34.625
259860,255,-34.631
259870,255,-34.625
259880,255,-34.631
259890,255,-34.625
259900,255,-34.619
259910,255,-34.619
259920,255,-34.619
259930,255,-34.619
259940,255,-34.619
259950,255,-34.619
259960,255,-34.619
259970,255,-34.625
259980,255,-34.625
259990,255,-34.625
260000,255,-34.581
260010,255,-34.619
260020,255,-34.619
260030,255,-34.625
260040,255,-34.625
260050,255,-34.619
260060,255,-34.625
260070,255,-34.625
260080,255,-34.625
260090,255,-34.625
260100,255,-34.625
260110,255,-34.612
260120,255,-34.606
260130,255,-34.612
260140,255,-34.612
260150,255,-34.619
260160,255,-34.612
260170,255,-34.612
260180,255,-34.612
260190,255,-34.612
260200,255,-34.606
260210,255,-34.612
260220,255,-34.612
260230,255,-34.619
260240,255,-34.619
260250,255,-34.619
260260,255,-34.612
260270,255,-34.606
260280,255,-34.612
260290,255,-34.612
260300,255,-34.606
260310,255,-34.606
260320,255,-34.612
260330,255,-34.612
260340,255,-34.612
260350,255,-34.612
260360,255,-34.619
260370,255,-34.619
260380,255,-34.612
260390,255,-34.619
260400,255,-34.612
260410,255,-34.612
260420,255,-34.625
260430,255,-34.625
260440,255,-34.625
260450,255,-34.625
260460,255,-34.631
260470,255,-34.625
260480,255,-34.625
260490,255,-34.581
260500,255,-34.625
260510,255,-34.631
260520,255,-34.625
260530,255,-34.631
260540,255,-34.581
260550,255,-34.619
260560,255,-34.625
260570,255,-34.619
260580,255,-34.625
260590,255,-34.619
260600,255,-34.625
260610,255,-34.625
260620,255,-34.625
260630,255,-34.625
260640,255,-34.619
260650,255,-34.625
260660,255,-34.612
260670,255,-34.625
260680,255,-34.619
260690,255,-34.619
260700,255,-34.619
260710,255,-34.631
260720,255,-34.625
260730,255,-34.625
260740,255,-34.619
260750,255,-34.625
260760,255,-34.619
260770,255,-34.619
260780,255,-34.606
260790,255,-34.619
260800,255,-34.625
260810,255,-34.625
260820,255,-34.619
260830,255,-34.619
260840,255,-34.625
260850,255,-34.631
260860,255,-34.619
260870,255,-34.619
260880,255,-34.625
260890,255,-34.606
260900,255,-34.612
260910,255,-34.631
260920,255,-34.619
260930,255,-34.619
260940,255,-34.625
260950,255,-34.625
260960,255,-34.619
260970,255,-34.619
260980,255,-34.619
260990,255,-34.631
261000,255,-34.619
261010,255,-34.625
261020,255,-34.619
261030,255,-34.619
261040,255,-34.619
261050,255,-34.625
261060,255,-34.625
261070,255,-34.625
261080,255,-34.625
261090,255,-34.625
261100,255,-34.619
261110,255,-34.625
261120,255,-34.612
261130,255,-34.625
261140,255,-34.625
261150,255,-34.625
261160,255,-34.625
261170,255,-34.631
261180,255,-34.625
261190,255,-34.625
261200,255,-34.619
261210,255,-34.619
261220,255,-34.619
261230,255,-34.625
261240,255,-34.625
261250,255,-34.625
261260,255,-34.625
261270,255,-34.625
261280,255,-34.625
261290,255,-34.625
261300,255,-34.625
261310,255,-34.619
261320,255,-34.619
261330,255,-34.619
261340,255,-34.625
261350,255,-34.619
261360,255,-34.625
261370,255,-34.619
261380,255,-34.625
261390,255,-34.625
261400,255,-34.625
261410,255,-34.619
261420,255,-34.619
261430,255,-34.619
261440,255,-34.619
261450,255,-34.619
261460,255,-34.619
261470,255,-34.625
261480,255,-34.625
261490,255,-34.619
261500,255,-34.619
261510,255,-34.612
261520,255,-34.619
261530,255,-34.625
261540,255,-34.625
261550,255,-34.625
261560,255,-34.625
261570,255,-34.625
261580,255,-34.631
261590,255,-34.619
261600,255,-34.625
261610,255,-34.625
261620,255,-34.625
261630,255,-34.612
261640,255,-34.625
261650,255,-34.619
261660,255,-34.625
261670,255,-34.619
261680,255,-34.619
261690,255,-34.612
261700,255,-34.619
261710,255,-34.625
261720,255,-34.619
261730,255,-34.612
261740,255,-34.625
261750,255,-34.625
261760,255,-34.625
261770,255,-34.619
261780,255,-34.619
261790,255,-34.612
261800,255,-34.625
261810,255,-34.619
261820,255,-34.619
261830,255,-34.619
261840,255,-34.625
261850,255,-34.625
261860,255,-34.625
261870,255,-34.619
261880,255,-34.619
261890,255,-34.619
261900,255,-34.625
261910,255,-34.625
261920,255,-34.619
261930,255,-34.619
261940,255,-34.619
261950,255,-34.625
261960,255,-34.625
261970,255,-34.612
261980,255,-34.612
261990,255,-34.619
262000,255,-34.619
262010,0,-34.637
262020,0,-34.606
262030,0,-34.563
262040,0,-34.512
262050,0,-34.431
262060,0,-34.306
262070,0,-34.137
262080,0,-34.056
262090,0,-33.806
262100,0,-33.631
262110,0,-33.406
262120,0,-32.438
262130,0,-31.856
262140,0,-32.062
262150,0,-31.925
262160,0,-31.675
262170,0,-31.612
262180,0,-31.550
262190,0,-31.494
262200,0,-31.437
262210,0,-31.369
262220,0,-31.319
262230,0,-31.269
262240,0,-31.206
262250,0,-31.144
262260,0,-31.075
262270,0,-31.012
262280,0,-30.981
262290,0,-30.912
262300,0,-30.850
262310,0,-30.787
262320,0,-30.775
262330,0,-30.712
262340,0,-30.650
262350,0,-30.581
262360,0,-30.512
262370,0,-30.481
262380,0,-30.425
262390,0,-30.356
262400,0,-30.294
262410,0,-30.250
262420,0,-30.194
262430,0,-30.131
262440,0,-30.081
262450,0,-30.025
262460,0,-29.962
262470,0,-29.919
262480,0,-29.856
262490,0,-29.800
262500,0,-29.737
262510,0,-29.675
262520,0,-29.650
262530,0,-29.581
262540,0,-29.525
262550,0,-29.450
262560,0,-29.431
262570,0,-29.369
262580,0,-29.306
262590,0,-29.244
262600,0,-29.187
262610,0,-29.144
262620,0,-29.081
262630,0,-29.019
262640,0,-28.987
262650,0,-28.925
262660,0,-28.850
262670,0,-28.794
262680,0,-28.781
262690,0,-28.712
262700,0,-28.662
262710,0,-28.594
262720,0,-28.525
262730,0,-28.494
262740,0,-28.431
262750,0,-28.375
262760,0,-28.331
262770,0,-28.262
262780,0,-28.212
262790,0,-28.156
262800,0,-28.094
262810,0,-28.037
262820,0,-27.994
262830,0,-27.931
262840,0,-27.869
262850,0,-27.806
262860,0,-27.787
262870,0,-27.731
262880,0,-27.662
262890,0,-27.600
262900,0,-27.569
262910,0,-27.500
262920,0,-27.437
262930,0,-27.400
262940,0,-27.337
262950,0,-27.275
262960,0,-27.212
262970,0,-27.194
262980,0,-27.131
262990,0,-27.069
263000,0,-27.000
263010,0,-26.969
263020,0,-26.906
263030,0,-26.844
263040,0,-26.806
263050,0,-26.744
263060,0,-26.687
263070,0,-26.625
263080,0,-26.606
263090,0,-26.537
263100,0,-26.475
263110,0,-26.419
263120,0,-26.350
263130,0,-26.337
263140,0,-26.269
263150,0,-26.206
263160,0,-26.144
263170,0,-26.075
263180,0,-26.044
263190,0,-25.981
263200,0,-25.925
263210,0,-25.881
263220,0,-25.819
263230,0,-25.756
263240,0,-25.694
263250,0,-25.681
263260,0,-25.612
263270,0,-25.550
263280,0,-25.512
263290,0,-25.456
263300,0,-25.387
263310,0,-25.331
263320,0,-25.281
263330,0,-25.225
263340,0,-25.162
263350,0,-25.100
263360,0,-25.075
263370,0,-25.012
263380,0,-24.944
263390,0,-24.881
263400,0,-24.856
263410,0,-24.794
263420,0,-24.731
263430,0,-24.675
263440,0,-24.644
263450,0,-24.588
263460,0,-24.519
263470,0,-24.462
263480,0,-24.419
263490,0,-24.356
263500,0,-24.294
263510,0,-24.231
263520,0,-24.212
263530,0,-24.150
263540,0,-24.081
263550,0,-24.019
263560,0,-23.987
263570,0,-23.925
263580,0,-23.869
263590,0,-23.825
263600,0,-23.769
263610,0,-23.706
263620,0,-23.637
263630,0,-23.619
263640,0,-23.550
263650,0,-23.481
263660,0,-23.419
263670,0,-23.387
263680,0,-23.331
263690,0,-23.275
263700,0,-23.219
263710,0,-23.169
263720,0,-23.106
263730,0,-23.044
263740,0,-23.019
263750,0,-22.950
263760,0,-22.881
263770,0,-22.819
263780,0,-22.769
263790,0,-22.750
263800,0,-22.687
263810,0,-22.619
263820,0,-22.550
263830,0,-22.525
263840,0,-22.469
263850,0,-22.400
263860,0,-22.356
263870,0,-22.306
263880,0,-22.244
263890,0,-22.181
263900,0,-22.113
263910,0,-22.087
263920,0,-22.025
263930,0,-21.956
263940,0,-21.894
263950,0,-21.875
263960,0,-21.819
263970,0,-21.756
263980,0,-21.694
263990,0,-21.650
264000,0,-21.581
