t_ms,PWM,Presion_kPa
10,0,-0.481
20,0,-0.481
30,0,-0.469
40,0,-0.462
50,0,-0.437
60,0,-0.394
70,0,-0.381
80,0,-0.369
90,0,-0.481
100,0,-0.481
110,0,-0.469
120,0,-0.462
130,0,-0.437
140,0,-0.394
150,0,-0.381
160,0,-0.369
170,0,-0.481
180,0,-0.481
190,0,-0.469
200,0,-0.462
210,0,-0.437
220,0,-0.394
230,0,-0.381
240,0,-0.369
250,0,-0.481
260,0,-0.481
270,0,-0.469
280,0,-0.462
290,0,-0.437
300,0,-0.394
310,0,-0.381
320,0,-0.369
330,0,-0.481
340,0,-0.481
350,0,-0.469
360,0,-0.462
370,0,-0.437
380,0,-0.394
390,0,-0.381
400,0,-0.369
410,0,-0.481
420,0,-0.481
430,0,-0.469
440,0,-0.462
450,0,-0.437
460,0,-0.394
470,0,-0.381
480,0,-0.369
490,0,-0.481
500,0,-0.481
510,0,-0.469
520,0,-0.462
530,0,-0.437
540,0,-0.394
550,0,-0.381
560,0,-0.369
570,0,-0.481
580,0,-0.481
590,0,-0.469
600,0,-0.462
610,0,-0.437
620,0,-0.394
630,0,-0.381
640,0,-0.369
650,0,-0.481
660,0,-0.481
670,0,-0.469
680,0,-0.462
690,0,-0.437
700,0,-0.394
710,0,-0.381
720,0,-0.369
730,0,-0.481
740,0,-0.481
750,0,-0.469
760,0,-0.462
770,0,-0.437
780,0,-0.394
790,0,-0.381
800,0,-0.369
810,0,-0.481
820,0,-0.481
830,0,-0.469
840,0,-0.462
850,0,-0.437
860,0,-0.394
870,0,-0.381
880,0,-0.369
890,0,-0.481
900,0,-0.481
910,0,-0.469
920,0,-0.462
930,0,-0.437
940,0,-0.394
950,0,-0.462
960,0,-0.437
970,0,-0.394
980,0,-0.381
990,0,-0.369
1000,0,-0.481
1010,0,-0.481
1020,0,-0.469
1030,0,-0.462
1040,0,-0.437
1050,0,-0.394
1060,0,-0.381
1070,0,-0.369
1080,0,-0.481
1090,0,-0.481
1100,0,-0.481
1110,0,-0.481
1120,0,-0.469
1130,0,-0.462
1140,0,-0.437
1150,0,-0.394
1160,0,-0.381
1170,0,-0.369
1180,0,-0.481
1190,0,-0.481
1200,0,-0.469
1210,0,-0.462
1220,0,-0.437
1230,0,-0.394
1240,0,-0.381
1250,0,-0.369
1260,0,-0.481
1270,0,-0.481
1280,0,-0.469
1290,0,-0.462
1300,0,-0.437
1310,0,-0.394
1320,0,-0.381
1330,0,-0.369
1340,0,-0.481
1350,0,-0.481
1360,0,-0.469
1370,0,-0.462
1380,0,-0.437
1390,0,-0.394
1400,0,-0.381
1410,0,-0.369
1420,0,-0.481
1430,0,-0.481
1440,0,-0.469
1450,0,-0.462
1460,0,-0.437
1470,0,-0.394
1480,0,-0.381
1490,0,-0.369
1500,0,-0.481
1510,0,-0.481
1520,0,-0.469
1530,0,-0.462
1540,0,-0.437
1550,0,-0.394
1560,0,-0.381
1570,0,-0.369
1580,0,-0.481
1590,0,-0.481
1600,0,-0.469
1610,0,-0.462
1620,0,-0.437
1630,0,-0.394
1640,0,-0.381
1650,0,-0.369
1660,0,-0.481
1670,0,-0.481
1680,0,-0.469
1690,0,-0.462
1700,0,-0.437
1710,0,-0.394
1720,0,-0.381
1730,0,-0.369
1740,0,-0.481
1750,0,-0.481
1760,0,-0.469
1770,0,-0.462
1780,0,-0.437
1790,0,-0.394
1800,0,-0.381
1810,0,-0.369
1820,0,-0.481
1830,0,-0.481
1840,0,-0.469
1850,0,-0.462
1860,0,-0.437
1870,0,-0.394
1880,0,-0.381
1890,0,-0.369
1900,0,-0.481
1910,0,-0.481
1920,0,-0.469
1930,0,-0.462
1940,0,-0.437
1950,0,-0.394
1960,0,-0.381
1970,0,-0.369
1980,0,-0.481
1990,0,-0.481
2000,0,-0.469
2010,0,-0.462
2020,0,-0.437
2030,0,-0.394
2040,0,-0.381
2050,0,-0.369
2060,0,-0.481
2070,0,-0.481
2080,0,-0.469
2090,0,-0.462
2100,0,-0.437
2110,0,-0.756
2120,0,-0.756
2130,0,-0.712
2140,0,-0.7
2150,0,-0.706
2160,0,-0.681
2170,0,-0.681
2180,0,-0.662
2190,0,-0.65
2200,0,-0.606
2210,0,-0.619
2220,0,-0.587
2230,0,-0.55
2240,0,-0.544
2250,0,-0.55
2260,0,-0.506
2270,0,-0.5
2280,0,-0.494
2290,0,-0.494
2300,0,-0.481
2310,0,-0.481
2320,0,-0.469
2330,0,-0.462
2340,0,-0.437
2350,0,-0.394
2360,0,-0.381
2370,0,-0.369
2380,0,-0.369
2390,0,-0.344
2400,0,-0.35
2410,0,-0.344
2420,0,-0.337
2430,0,-0.337
2440,0,-0.306
2450,0,-0.287
2460,0,-0.275
2470,0,-0.294
2480,0,-0.281
2490,0,-0.281
2500,0,-0.25
2510,0,-0.212
2520,0,-0.25
2530,0,-0.206
2540,0,-0.231
2550,0,-0.212
2560,0,-0.187
2570,0,-0.225
2580,0,-0.2
2590,0,-0.187
2600,0,-0.194
2610,0,-0.194
2620,0,-0.187
2630,0,-0.2
2640,0,-0.175
2650,0,-0.169
2660,0,-0.137
2670,0,-0.112
2680,0,-0.125
2690,0,-0.094
2700,0,-0.1
2710,0,-0.062
2720,0,-0.056
2730,0,-0.031
2740,0,-0.037
2750,0,-0.006
2760,0,-0.012
2770,0,0.006
2780,0,0.025
2790,0,0.05
2800,0,0.081
2810,0,0.088
2820,0,0.113
2830,0,0.131
2840,0,0.144
2850,0,0.156
2860,0,0.188
2870,0,0.225
2880,0,0.231
2890,0,0.231
2900,0,0.256
2910,0,0.288
2920,0,0.294
2930,0,0.306
2940,0,0.338
2950,0,0.35
2960,0,0.375
2970,0,0.363
2980,0,0.381
2990,0,0.406
3000,0,0.425
3010,0,0.431
3020,0,0.444
3030,0,0.475
3040,0,0.513
3050,0,0.538
3060,0,0.556
3070,0,0.619
3080,0,0.65
3090,0,0.669
3100,0,0.688
3110,0,0.719
3120,0,0.738
3130,0,0.75
3140,0,0.806
3150,0,0.819
3160,0,0.844
3170,0,0.856
3180,0,0.869
3190,0,0.906
3200,0,0.919
3210,0,0.925
3220,0,0.963
3230,0,0.969
3240,0,0.981
3250,0,0.994
3260,0,1
3270,0,1.013
3280,0,1.013
3290,0,1.013
3300,0,1.019
3310,0,1.019
3320,0,1.013
3330,0,1.038
3340,0,1.038
3350,0,1.044
3360,0,1.031
3370,0,1.006
3380,0,1.013
3390,0,1.019
3400,0,1.013
3410,0,1
3420,0,0.994
3430,0,0.975
3440,0,0.956
3450,0,0.975
3460,0,0.95
3470,0,1.006
3480,0,1
3490,0,0.975
3500,0,0.988
3510,0,0.988
3520,0,1
3530,0,-0.481
3540,0,-0.481
3550,0,-0.469
3560,0,-0.462
3570,0,-0.437
3580,0,-0.394
3590,0,-0.381
3600,0,-0.369
3610,0,-0.481
3620,0,-0.481
3630,0,-0.469
3640,0,1
3650,0,0.994
3660,0,1
3670,0,0.981
3680,0,0.975
3690,0,0.969
3700,0,0.969
3710,0,0.988
3720,0,0.988
3730,0,0.969
3740,0,0.956
3750,0,0.956
3760,0,0.944
3770,0,0.944
3780,0,0.95
3790,0,0.944
3800,0,0.925
3810,0,0.913
3820,0,0.894
3830,0,0.888
3840,0,0.906
3850,0,0.925
3860,0,0.913
3870,0,0.925
3880,0,0.906
3890,0,0.913
3900,0,0.925
3910,0,0.913
3920,0,0.95
3930,0,0.963
3940,0,0.969
3950,0,0.963
3960,0,0.956
3970,0,0.969
3980,0,0.969
3990,0,0.988
4000,0,0.994
4010,0,1.019
4020,0,1.025
4030,0,1.013
4040,0,1.031
4050,0,1.05
4060,0,1.056
4070,0,1.069
4080,0,1.05
4090,0,1.063
4100,0,1.1
4110,0,1.113
4120,0,1.131
4130,0,1.15
4140,0,1.169
4150,0,1.181
4160,0,1.169
4170,0,1.2
4180,0,1.206
4190,0,1.219
4200,0,1.231
4210,0,1.225
4220,0,1.194
4230,0,1.181
4240,0,1.169
4250,0,1.181
4260,0,1.169
4270,0,1.163
4280,0,1.156
4290,0,1.163
4300,0,1.144
4310,0,1.144
4320,0,1.156
4330,0,1.181
4340,0,1.163
4350,0,1.156
4360,0,1.156
4370,0,1.163
4380,0,1.156
4390,0,1.144
4400,0,1.144
4410,0,1.138
4420,0,1.138
4430,0,1.138
4440,0,1.138
4450,0,1.125
4460,0,1.131
4470,0,1.125
4480,0,1.131
4490,0,1.144
4500,0,1.138
4510,0,1.144
4520,0,1.131
4530,0,1.125
4540,0,1.125
4550,0,1.131
4560,0,1.144
4570,0,1.119
4580,0,1.119
4590,0,1.119
4600,0,1.125
4610,0,1.125
4620,0,1.119
4630,0,1.125
4640,0,1.119
4650,0,1.113
4660,0,1.119
4670,0,1.106
4680,0,1.125
4690,0,1.119
4700,0,1.106
4710,0,1.113
4720,0,1.113
4730,0,1.1
4740,0,1.1
4750,0,1.075
4760,0,1.1
4770,0,1.088
4780,0,1.094
4790,0,1.094
4800,0,1.1
4810,0,1.094
4820,0,1.081
4830,0,1.063
4840,0,1.069
4850,0,1.05
4860,0,1.031
4870,0,1.05
4880,0,1.05
4890,0,1.031
4900,0,1
4910,0,0.988
4920,0,0.981
4930,0,0.969
4940,0,0.969
4950,0,0.963
4960,0,0.969
4970,0,0.938
4980,0,0.938
4990,0,0.919
5000,0,0.919
5010,0,0.9
5020,0,0.906
5030,0,0.913
5040,0,0.925
5050,0,0.906
5060,0,0.888
5070,0,0.888
5080,0,0.888
5090,0,0.888
5100,0,0.881
5110,0,0.888
5120,0,0.888
5130,0,0.894
5140,0,0.9
5150,0,0.875
5160,0,0.881
5170,0,0.888
5180,0,0.888
5190,0,0.888
5200,0,0.894
5210,0,0.881
5220,0,0.894
5230,0,0.9
5240,0,0.881
5250,0,0.9
5260,0,0.906
5270,0,0.913
5280,0,0.9
5290,0,0.888
5300,0,0.913
5310,0,0.906
5320,0,0.888
5330,0,0.894
5340,0,0.906
5350,0,0.906
5360,0,0.931
5370,0,0.919
5380,0,0.925
5390,0,0.931
5400,0,0.925
5410,0,0.919
5420,0,0.931
5430,0,0.938
5440,0,0.938
5450,0,0.944
5460,0,0.944
5470,0,0.938
5480,0,0.944
5490,0,0.944
5500,0,0.938
5510,0,0.963
5520,0,0.963
5530,0,0.956
5540,0,0.988
5550,0,0.981
5560,0,0.975
5570,0,0.981
5580,0,1
5590,0,0.994
5600,0,0.988
5610,0,0.981
5620,0,1.006
5630,0,1.006
5640,0,1.006
5650,0,1.013
5660,0,1.019
5670,0,1.044
5680,0,1.05
5690,0,1.05
5700,0,1.05
5710,0,1.05
5720,0,1.069
5730,0,1.063
5740,0,1.081
5750,0,1.075
5760,0,1.1
5770,0,1.1
5780,0,1.119
5790,0,1.144
5800,0,1.163
5810,0,1.156
5820,0,1.131
5830,0,1.144
5840,0,1.156
5850,0,1.163
5860,0,1.156
5870,0,1.181
5880,0,1.194
5890,0,1.213
5900,0,1.219
5910,0,1.181
5920,0,1.175
5930,0,1.175
5940,0,1.169
5950,0,1.138
5960,0,1.119
5970,0,1.131
5980,0,1.119
5990,0,1.113
6000,0,1.088
6010,0,1.063
6020,0,1.069
6030,0,1.044
6040,0,1.006
6050,0,1
6060,0,1.013
6070,0,1
6080,0,0.975
6090,0,0.95
6100,0,0.944
6110,0,0.925
6120,0,0.913
6130,0,0.894
6140,0,0.875
6150,0,0.875
6160,0,0.85
6170,0,0.813
6180,0,0.806
6190,0,0.794
6200,0,0.769
6210,0,0.756
6220,0,0.763
6230,0,0.75
6240,0,0.731
6250,0,0.681
6260,0,0.656
6270,0,0.663
6280,0,0.656
6290,0,0.65
6300,0,0.638
6310,0,0.606
6320,0,0.606
6330,0,0.581
6340,0,0.588
6350,0,0.575
6360,0,0.569
6370,0,0.569
6380,0,0.569
6390,0,0.55
6400,0,0.519
6410,0,0.506
6420,0,0.513
6430,0,0.494
6440,0,0.481
6450,0,0.481
6460,0,0.488
6470,0,0.488
6480,0,0.456
6490,0,0.475
6500,0,0.475
6510,0,0.488
6520,0,0.469
6530,0,0.463
6540,0,0.45
6550,0,0.463
6560,0,0.438
6570,0,0.425
6580,0,0.406
6590,0,0.394
6600,0,0.4
6610,0,0.4
6620,0,0.369
6630,0,0.363
6640,0,0.356
6650,0,0.363
6660,0,0.35
6670,0,0.356
6680,0,0.369
6690,0,0.381
6700,0,0.356
6710,0,0.356
6720,0,0.35
6730,0,0.331
6740,0,0.356
6750,0,0.344
6760,0,0.331
6770,0,0.331
6780,0,0.331
6790,0,0.338
6800,0,0.319
6810,0,0.313
6820,0,0.3
6830,0,0.313
6840,0,0.3
6850,0,0.313
6860,0,0.306
6870,0,0.3
6880,0,0.288
6890,0,0.288
6900,0,0.263
6910,0,0.25
6920,0,0.244
6930,0,0.244
6940,0,0.244
6950,0,0.256
6960,0,0.263
6970,0,0.225
6980,0,0.244
6990,0,0.238
7000,0,0.244
7010,5,0.194
7020,5,0.194
7030,5,0.188
7040,5,0.169
7050,5,0.156
7060,5,0.144
7070,5,0.113
7080,5,0.106
7090,5,0.088
7100,5,0.069
7110,5,0.056
7120,5,0.044
7130,5,0.044
7140,5,0.013
7150,5,-0.019
7160,5,-0.044
7170,5,-0.062
7180,5,-0.069
7190,5,-0.075
7200,5,-0.106
7210,5,-0.119
7220,5,-0.144
7230,5,-0.144
7240,5,-0.181
7250,5,-0.212
7260,5,-0.206
7270,5,-0.231
7280,5,-0.25
7290,5,-0.269
7300,5,-0.3
7310,5,-0.294
7320,5,-0.306
7330,5,-0.331
7340,5,-0.344
7350,5,-0.35
7360,5,-0.344
7370,5,-0.356
7380,5,-0.394
7390,5,-0.419
7400,5,-0.431
7410,5,-0.444
7420,5,-0.45
7430,5,-0.487
7440,5,-0.506
7450,5,-0.5
7460,5,-0.512
7470,5,-0.512
7480,5,-0.537
7490,5,-0.562
7500,5,-0.562
7510,5,-0.575
7520,5,-0.581
7530,5,-0.606
7540,5,-0.606
7550,5,-0.625
7560,5,-0.637
7570,5,-0.644
7580,5,-0.662
7590,5,-0.7
7600,5,-0.706
7610,5,-0.712
7620,5,-0.725
7630,5,-0.725
7640,5,-0.744
7650,5,-0.762
7660,5,-0.775
7670,5,-0.8
7680,5,-0.794
7690,5,-0.806
7700,5,-0.825
7710,5,-0.831
7720,5,-0.844
7730,5,-0.837
7740,5,-0.844
7750,5,-0.856
7760,5,-0.85
7770,5,-0.887
7780,5,-0.9
7790,5,-0.906
7800,5,-0.919
7810,5,-0.906
7820,5,-0.925
7830,5,-0.925
7840,5,-0.944
7850,5,-0.962
7860,5,-0.95
7870,5,-0.969
7880,5,-0.987
7890,5,-0.981
7900,5,-0.981
7910,5,-0.981
7920,5,-0.994
7930,5,-1.006
7940,5,-1
7950,5,-1.012
7960,5,-1.012
7970,5,-1.006
7980,5,-1.012
7990,5,-1.037
8000,5,-1.031
8010,5,-1.062
8020,5,-1.044
8030,5,-1.05
8040,5,-1.056
8050,5,-1.056
8060,5,-1.044
8070,5,-1.062
8080,5,-1.069
8090,5,-1.075
8100,5,-1.081
8110,5,-1.081
8120,5,-1.087
8130,5,-1.1
8140,5,-1.119
8150,5,-1.125
8160,5,-1.106
8170,5,-1.094
8180,5,-1.112
8190,5,-1.125
8200,5,-1.156
8210,5,-1.162
8220,5,-1.144
8230,5,-1.156
8240,5,-1.169
8250,5,-1.175
8260,5,-1.181
8270,5,-1.175
8280,5,-1.181
8290,5,-1.181
8300,5,-1.181
8310,5,-1.2
8320,5,-1.194
8330,5,-1.194
8340,5,-1.219
8350,5,-1.225
8360,5,-1.225
8370,5,-1.231
8380,5,-1.244
8390,5,-1.25
8400,5,-1.25
8410,5,-1.25
8420,5,-1.269
8430,5,-1.294
8440,5,-1.287
8450,5,-1.281
8460,5,-1.281
8470,5,-1.294
8480,5,-1.281
8490,5,-1.306
8500,5,-1.287
8510,5,-1.294
8520,5,-1.3
8530,5,-1.287
8540,5,-1.319
8550,5,-1.306
8560,5,-1.312
8570,5,-1.3
8580,5,-1.331
8590,5,-1.325
8600,5,-1.331
8610,5,-1.337
8620,5,-1.344
8630,5,-1.35
8640,5,-1.331
8650,5,-1.337
8660,5,-1.344
8670,5,-1.356
8680,5,-1.369
8690,5,-1.35
8700,5,-1.35
8710,5,-1.344
8720,5,-1.344
8730,5,-1.356
8740,5,-1.362
8750,5,-1.369
8760,5,-1.375
8770,5,-1.375
8780,5,-1.381
8790,5,-1.375
8800,5,-1.369
8810,5,-1.375
8820,5,-1.381
8830,5,-1.381
8840,5,-1.375
8850,5,-1.375
8860,5,-1.381
8870,5,-1.375
8880,5,-1.375
8890,5,-1.381
8900,5,-1.381
8910,5,-1.375
8920,5,-1.369
8930,5,-1.387
8940,5,-1.375
8950,5,-1.362
8960,5,-1.381
8970,5,-1.394
8980,5,-1.394
8990,5,-1.394
9000,5,-1.381
9010,5,-1.387
9020,5,-1.381
9030,5,-1.387
9040,5,-1.375
9050,5,-1.387
9060,5,-1.394
9070,5,-1.387
9080,5,-1.381
9090,5,-1.375
9100,5,-1.381
9110,5,-1.375
9120,5,-1.362
9130,5,-1.369
9140,5,-1.362
9150,5,-1.369
9160,5,-1.362
9170,5,-1.381
9180,5,-1.362
9190,5,-1.375
9200,5,-1.362
9210,5,-1.375
9220,5,-1.369
9230,5,-1.362
9240,5,-1.356
9250,5,-1.356
9260,5,-1.362
9270,5,-1.369
9280,5,-1.381
9290,5,-1.381
9300,5,-1.369
9310,5,-1.375
9320,5,-1.381
9330,5,-1.362
9340,5,-1.362
9350,5,-1.375
9360,5,-1.375
9370,5,-1.375
9380,5,-1.387
9390,5,-1.381
9400,5,-1.375
9410,5,-1.381
9420,5,-1.356
9430,5,-1.35
9440,5,-1.362
9450,5,-1.375
9460,5,-1.381
9470,5,-1.381
9480,5,-1.356
9490,5,-1.362
9500,5,-1.375
9510,5,-1.369
9520,5,-1.362
9530,5,-1.369
9540,5,-1.375
9550,5,-1.375
9560,5,-1.381
9570,5,-1.369
9580,5,-1.356
9590,5,-1.375
9600,5,-1.375
9610,5,-1.381
9620,5,-1.387
9630,5,-1.369
9640,5,-1.381
9650,5,-1.375
9660,5,-1.381
9670,5,-1.387
9680,5,-1.394
9690,5,-1.394
9700,5,-1.394
9710,5,-1.387
9720,5,-1.394
9730,5,-1.387
9740,5,-1.4
9750,5,-1.381
9760,5,-1.394
9770,5,-1.387
9780,5,-1.4
9790,5,-1.4
9800,5,-1.394
9810,5,-1.4
9820,5,-1.387
9830,5,-1.387
9840,5,-1.394
9850,5,-1.387
9860,5,-1.4
9870,5,-1.387
9880,5,-1.394
9890,5,-1.4
9900,5,-1.387
9910,5,-1.4
9920,5,-1.4
9930,5,-1.4
9940,5,-1.412
9950,5,-1.4
9960,5,-1.4
9970,5,-1.412
9980,5,-1.419
9990,5,-1.406
10000,5,-1.425
10010,5,-1.425
10020,5,-1.412
10030,5,-1.425
10040,5,-1.419
10050,5,-1.419
10060,5,-1.4
10070,5,-1.412
10080,5,-1.406
10090,5,-1.394
10100,5,-1.437
10110,5,-1.425
10120,5,-1.431
10130,5,-1.412
10140,5,-1.412
10150,5,-1.394
10160,5,-1.419
10170,5,-1.412
10180,5,-1.419
10190,5,-1.412
10200,5,-1.4
10210,5,-1.412
10220,5,-1.412
10230,5,-1.406
10240,5,-1.406
10250,5,-1.406
10260,5,-1.412
10270,5,-1.412
10280,5,-1.4
10290,5,-1.406
10300,5,-1.419
10310,5,-1.431
10320,5,-1.419
10330,5,-1.431
10340,5,-1.419
10350,5,-1.419
10360,5,-1.4
10370,5,-1.4
10380,5,-1.412
10390,5,-1.412
10400,5,-1.406
10410,5,-1.406
10420,5,-1.4
10430,5,-1.4
10440,5,-1.394
10450,5,-1.4
10460,5,-1.406
10470,5,-1.406
10480,5,-1.406
10490,5,-1.406
10500,5,-1.406
10510,5,-1.425
10520,5,-1.406
10530,5,-1.4
10540,5,-1.419
10550,5,-1.406
10560,5,-1.4
10570,5,-1.406
10580,5,-1.4
10590,5,-1.412
10600,5,-1.412
10610,5,-1.412
10620,5,-1.406
10630,5,-1.412
10640,5,-1.425
10650,5,-1.412
10660,5,-1.412
10670,5,-1.412
10680,5,-1.425
10690,5,-1.412
10700,5,-1.4
10710,5,-1.4
10720,5,-1.406
10730,5,-1.419
10740,5,-1.425
10750,5,-1.406
10760,5,-1.412
10770,5,-1.406
10780,5,-1.406
10790,5,-1.406
10800,5,-1.4
10810,5,-1.406
10820,5,-1.406
10830,5,-1.406
10840,5,-1.4
10850,5,-1.387
10860,5,-1.412
10870,5,-1.4
10880,5,-1.4
10890,5,-1.412
10900,5,-1.4
10910,5,-1.381
10920,5,-1.387
10930,5,-1.406
10940,5,-1.4
10950,5,-1.387
10960,5,-1.394
10970,5,-1.387
10980,5,-1.387
10990,5,-1.375
11000,5,-1.381
11010,5,-1.387
11020,5,-1.381
11030,5,-1.387
11040,5,-1.4
11050,5,-1.387
11060,5,-1.387
11070,5,-1.406
11080,5,-1.394
11090,5,-1.381
11100,5,-1.375
11110,5,-1.381
11120,5,-1.381
11130,5,-1.387
11140,5,-1.394
11150,5,-1.381
11160,5,-1.387
11170,5,-1.369
11180,5,-1.362
11190,5,-1.356
11200,5,-1.35
11210,5,-1.369
11220,5,-1.356
11230,5,-1.369
11240,5,-1.362
11250,5,-1.331
11260,5,-1.337
11270,5,-1.362
11280,5,-1.35
11290,5,-1.362
11300,5,-1.35
11310,5,-1.356
11320,5,-1.337
11330,5,-1.344
11340,5,-1.356
11350,5,-1.337
11360,5,-1.362
11370,5,-1.337
11380,5,-1.331
11390,5,-1.319
11400,5,-1.344
11410,5,-1.325
11420,5,-1.331
11430,5,-1.331
11440,5,-1.337
11450,5,-1.337
11460,5,-1.331
11470,5,-1.337
11480,5,-1.331
11490,5,-1.337
11500,5,-1.337
11510,5,-1.319
11520,5,-1.325
11530,5,-1.319
11540,5,-1.325
11550,5,-1.325
11560,5,-1.319
11570,5,-1.331
11580,5,-1.325
11590,5,-1.331
11600,5,-1.337
11610,5,-1.325
11620,5,-1.319
11630,5,-1.319
11640,5,-1.312
11650,5,-1.331
11660,5,-1.319
11670,5,-1.319
11680,5,-1.312
11690,5,-1.319
11700,5,-1.325
11710,5,-1.325
11720,5,-1.312
11730,5,-1.319
11740,5,-1.325
11750,5,-1.319
11760,5,-1.325
11770,5,-1.306
11780,5,-1.306
11790,5,-1.294
11800,5,-1.3
11810,5,-1.287
11820,5,-1.306
11830,5,-1.3
11840,5,-1.294
11850,5,-1.306
11860,5,-1.287
11870,5,-1.294
11880,5,-1.294
11890,5,-1.306
11900,5,-1.281
11910,5,-1.306
11920,5,-1.287
11930,5,-1.3
11940,5,-1.287
11950,5,-1.294
11960,5,-1.287
11970,5,-1.3
11980,5,-1.306
11990,5,-1.294
12000,5,-1.287
12010,10,-1.319
12020,10,-1.312
12030,10,-1.3
12040,10,-1.294
12050,10,-1.275
12060,10,-1.3
12070,10,-1.287
12080,10,-1.287
12090,10,-1.3
12100,10,-1.3
12110,10,-1.275
12120,10,-1.3
12130,10,-1.269
12140,10,-1.281
12150,10,-1.3
12160,10,-1.3
12170,10,-1.269
12180,10,-1.287
12190,10,-1.294
12200,10,-1.287
12210,10,-1.275
12220,10,-1.275
12230,10,-1.269
12240,10,-1.281
12250,10,-1.269
12260,10,-1.275
12270,10,-1.262
12280,10,-1.281
12290,10,-1.287
12300,10,-1.275
12310,10,-1.262
12320,10,-1.287
12330,10,-1.281
12340,10,-1.281
12350,10,-1.281
12360,10,-1.287
12370,10,-1.3
12380,10,-1.287
12390,10,-1.287
12400,10,-1.312
12410,10,-1.306
12420,10,-1.281
12430,10,-1.269
12440,10,-1.294
12450,10,-1.3
12460,10,-1.281
12470,10,-1.269
12480,10,-1.269
12490,10,-1.281
12500,10,-1.287
12510,10,-1.287
12520,10,-1.3
12530,10,-1.281
12540,10,-1.281
12550,10,-1.294
12560,10,-1.287
12570,10,-1.281
12580,10,-1.3
12590,10,-1.294
12600,10,-1.269
12610,10,-1.287
12620,10,-1.287
12630,10,-1.3
12640,10,-1.281
12650,10,-1.269
12660,10,-1.287
12670,10,-1.287
12680,10,-1.294
12690,10,-1.281
12700,10,-1.275
12710,10,-1.275
12720,10,-1.275
12730,10,-1.269
12740,10,-1.269
12750,10,-1.262
12760,10,-1.262
12770,10,-1.269
12780,10,-1.262
12790,10,-1.244
12800,10,-1.244
12810,10,-1.25
12820,10,-1.25
12830,10,-1.244
12840,10,-1.256
12850,10,-1.256
12860,10,-1.269
12870,10,-1.269
12880,10,-1.269
12890,10,-1.275
12900,10,-1.256
12910,10,-1.256
12920,10,-1.25
12930,10,-1.244
12940,10,-1.225
12950,10,-1.244
12960,10,-1.237
12970,10,-1.231
12980,10,-1.25
12990,10,-1.244
13000,10,-1.231
13010,10,-1.237
13020,10,-1.244
13030,10,-1.256
13040,10,-1.231
13050,10,-1.237
13060,10,-1.225
13070,10,-1.225
13080,10,-1.219
13090,10,-1.212
13100,10,-1.225
13110,10,-1.225
13120,10,-1.212
13130,10,-1.206
13140,10,-1.212
13150,10,-1.2
13160,10,-1.219
13170,10,-1.2
13180,10,-1.212
13190,10,-1.206
13200,10,-1.225
13210,10,-1.212
13220,10,-1.212
13230,10,-1.219
13240,10,-1.194
13250,10,-1.225
13260,10,-1.2
13270,10,-1.212
13280,10,-1.194
13290,10,-1.212
13300,10,-1.206
13310,10,-1.2
13320,10,-1.187
13330,10,-1.2
13340,10,-1.206
13350,10,-1.175
13360,10,-1.2
13370,10,-1.194
13380,10,-1.187
13390,10,-1.206
13400,10,-1.2
13410,10,-1.187
13420,10,-1.206
13430,10,-1.212
13440,10,-1.187
13450,10,-1.2
13460,10,-1.194
13470,10,-1.169
13480,10,-1.187
13490,10,-1.2
13500,10,-1.194
13510,10,-1.169
13520,10,-1.181
13530,10,-1.187
13540,10,-1.181
13550,10,-1.175
13560,10,-1.169
13570,10,-1.156
13580,10,-1.175
13590,10,-1.169
13600,10,-1.169
13610,10,-1.175
13620,10,-1.175
13630,10,-1.144
13640,10,-1.156
13650,10,-1.162
13660,10,-1.175
13670,10,-1.156
13680,10,-1.169
13690,10,-1.156
13700,10,-1.162
13710,10,-1.169
13720,10,-1.144
13730,10,-1.162
13740,10,-1.156
13750,10,-1.169
13760,10,-1.162
13770,10,-1.187
13780,10,-1.194
13790,10,-1.187
13800,10,-1.175
13810,10,-1.2
13820,10,-1.2
13830,10,-1.2
13840,10,-1.237
13850,10,-1.237
13860,10,-1.244
13870,10,-1.256
13880,10,-1.25
13890,10,-1.256
13900,10,-1.25
13910,10,-1.256
13920,10,-1.262
13930,10,-1.262
13940,10,-1.269
13950,10,-1.275
13960,10,-1.275
13970,10,-1.281
13980,10,-1.275
13990,10,-1.294
14000,10,-1.294
14010,10,-1.3
14020,10,-1.306
14030,10,-1.281
14040,10,-1.3
14050,10,-1.319
14060,10,-1.294
14070,10,-1.319
14080,10,-1.319
14090,10,-1.325
14100,10,-1.325
14110,10,-1.319
14120,10,-1.325
14130,10,-1.319
14140,10,-1.325
14150,10,-1.331
14160,10,-1.331
14170,10,-1.331
14180,10,-1.344
14190,10,-1.344
14200,10,-1.344
14210,10,-1.35
14220,10,-1.362
14230,10,-1.331
14240,10,-1.375
14250,10,-1.362
14260,10,-1.369
14270,10,-1.356
14280,10,-1.369
14290,10,-1.375
14300,10,-1.362
14310,10,-1.369
14320,10,-1.369
14330,10,-1.369
14340,10,-1.375
14350,10,-1.375
14360,10,-1.362
14370,10,-1.381
14380,10,-1.369
14390,10,-1.381
14400,10,-1.381
14410,10,-1.375
14420,10,-1.375
14430,10,-1.381
14440,10,-1.375
14450,10,-1.381
14460,10,-1.369
14470,10,-1.381
14480,10,-1.369
14490,10,-1.381
14500,10,-1.375
14510,10,-1.356
14520,10,-1.362
14530,10,-1.35
14540,10,-1.362
14550,10,-1.356
14560,10,-1.369
14570,10,-1.362
14580,10,-1.375
14590,10,-1.375
14600,10,-1.381
14610,10,-1.381
14620,10,-1.375
14630,10,-1.381
14640,10,-1.387
14650,10,-1.387
14660,10,-1.387
14670,10,-1.387
14680,10,-1.4
14690,10,-1.4
14700,10,-1.387
14710,10,-1.406
14720,10,-1.4
14730,10,-1.381
14740,10,-1.4
14750,10,-1.394
14760,10,-1.406
14770,10,-1.394
14780,10,-1.4
14790,10,-1.394
14800,10,-1.394
14810,10,-1.394
14820,10,-1.4
14830,10,-1.4
14840,10,-1.4
14850,10,-1.406
14860,10,-1.412
14870,10,-1.394
14880,10,-1.412
14890,10,-1.412
14900,10,-1.419
14910,10,-1.412
14920,10,-1.425
14930,10,-1.419
14940,10,-1.419
14950,10,-1.412
14960,10,-1.387
14970,10,-1.412
14980,10,-1.412
14990,10,-1.425
15000,10,-1.406
15010,10,-1.406
15020,10,-1.394
15030,10,-1.406
15040,10,-1.412
15050,10,-1.387
15060,10,-1.425
15070,10,-1.431
15080,10,-1.425
15090,10,-1.425
15100,10,-1.425
15110,10,-1.431
15120,10,-1.431
15130,10,-1.412
15140,10,-1.431
15150,10,-1.425
15160,10,-1.412
15170,10,-1.425
15180,10,-1.444
15190,10,-1.431
15200,10,-1.437
15210,10,-1.437
15220,10,-1.431
15230,10,-1.431
15240,10,-1.425
15250,10,-1.437
15260,10,-1.431
15270,10,-1.444
15280,10,-1.425
15290,10,-1.419
15300,10,-1.437
15310,10,-1.437
15320,10,-1.431
15330,10,-1.425
15340,10,-1.425
15350,10,-1.437
15360,10,-1.425
15370,10,-1.431
15380,10,-1.425
15390,10,-1.412
15400,10,-1.431
15410,10,-1.444
15420,10,-1.431
15430,10,-1.419
15440,10,-1.425
15450,10,-1.431
15460,10,-1.431
15470,10,-1.419
15480,10,-1.431
15490,10,-1.425
15500,10,-1.431
15510,10,-1.425
15520,10,-1.425
15530,10,-1.419
15540,10,-1.412
15550,10,-1.431
15560,10,-1.425
15570,10,-1.431
15580,10,-1.431
15590,10,-1.419
15600,10,-1.431
15610,10,-1.425
15620,10,-1.419
15630,10,-1.412
15640,10,-1.419
15650,10,-1.412
15660,10,-1.406
15670,10,-1.406
15680,10,-1.381
15690,10,-1.406
15700,10,-1.394
15710,10,-1.387
15720,10,-1.412
15730,10,-1.412
15740,10,-1.406
15750,10,-1.419
15760,10,-1.406
15770,10,-1.412
15780,10,-1.4
15790,10,-1.406
15800,10,-1.412
15810,10,-1.394
15820,10,-1.419
15830,10,-1.419
15840,10,-1.412
15850,10,-1.412
15860,10,-1.425
15870,10,-1.406
15880,10,-1.412
15890,10,-1.4
15900,10,-1.4
15910,10,-1.406
15920,10,-1.4
15930,10,-1.4
15940,10,-1.406
15950,10,-1.406
15960,10,-1.394
15970,10,-1.419
15980,10,-1.412
15990,10,-1.412
16000,10,-1.406
16010,10,-1.406
16020,10,-1.394
16030,10,-1.406
16040,10,-1.406
16050,10,-1.4
16060,10,-1.412
16070,10,-1.412
16080,10,-1.419
16090,10,-1.412
16100,10,-1.406
16110,10,-1.394
16120,10,-1.394
16130,10,-1.4
16140,10,-1.412
16150,10,-1.412
16160,10,-1.412
16170,10,-1.4
16180,10,-1.4
16190,10,-1.419
16200,10,-1.419
16210,10,-1.406
16220,10,-1.4
16230,10,-1.394
16240,10,-1.412
16250,10,-1.406
16260,10,-1.4
16270,10,-1.387
16280,10,-1.406
16290,10,-1.387
16300,10,-1.381
16310,10,-1.412
16320,10,-1.406
16330,10,-1.387
16340,10,-1.4
16350,10,-1.419
16360,10,-1.419
16370,10,-1.425
16380,10,-1.419
16390,10,-1.406
16400,10,-1.4
16410,10,-1.394
16420,10,-1.412
16430,10,-1.425
16440,10,-1.412
16450,10,-1.412
16460,10,-1.412
16470,10,-1.425
16480,10,-1.406
16490,10,-1.394
16500,10,-1.4
16510,10,-1.425
16520,10,-1.431
16530,10,-1.431
16540,10,-1.431
16550,10,-1.425
16560,10,-1.437
16570,10,-1.412
16580,10,-1.425
16590,10,-1.419
16600,10,-1.412
16610,10,-1.437
16620,10,-1.437
16630,10,-1.431
16640,10,-1.419
16650,10,-1.419
16660,10,-1.431
16670,10,-1.431
16680,10,-1.425
16690,10,-1.412
16700,10,-1.431
16710,10,-1.431
16720,10,-1.431
16730,10,-1.425
16740,10,-1.431
16750,10,-1.444
16760,10,-1.431
16770,10,-1.437
16780,10,-1.431
16790,10,-1.431
16800,10,-1.431
16810,10,-1.431
16820,10,-1.431
16830,10,-1.431
16840,10,-1.437
16850,10,-1.437
16860,10,-1.437
16870,10,-1.45
16880,10,-1.444
16890,10,-1.412
16900,10,-1.444
16910,10,-1.444
16920,10,-1.45
16930,10,-1.45
16940,10,-1.425
16950,10,-1.444
16960,10,-1.425
16970,10,-1.425
16980,10,-1.444
16990,10,-1.45
17000,10,-1.462
17010,15,-1.45
17020,15,-1.456
17030,15,-1.469
17040,15,-1.462
17050,15,-1.462
17060,15,-1.469
17070,15,-1.462
17080,15,-1.462
17090,15,-1.469
17100,15,-1.462
17110,15,-1.469
17120,15,-1.456
17130,15,-1.475
17140,15,-1.462
17150,15,-1.456
17160,15,-1.469
17170,15,-1.462
17180,15,-1.444
17190,15,-1.437
17200,15,-1.475
17210,15,-1.481
17220,15,-1.456
17230,15,-1.469
17240,15,-1.462
17250,15,-1.481
17260,15,-1.444
17270,15,-1.444
17280,15,-1.456
17290,15,-1.481
17300,15,-1.444
17310,15,-1.431
17320,15,-1.475
17330,15,-1.469
17340,15,-1.462
17350,15,-1.462
17360,15,-1.469
17370,15,-1.481
17380,15,-1.469
17390,15,-1.475
17400,15,-1.469
17410,15,-1.475
17420,15,-1.469
17430,15,-1.456
17440,15,-1.462
17450,15,-1.481
17460,15,-1.487
17470,15,-1.481
17480,15,-1.487
17490,15,-1.475
17500,15,-1.475
17510,15,-1.481
17520,15,-1.481
17530,15,-1.469
17540,15,-1.475
17550,15,-1.475
17560,15,-1.475
17570,15,-1.481
17580,15,-1.481
17590,15,-1.469
17600,15,-1.475
17610,15,-1.475
17620,15,-1.481
17630,15,-1.475
17640,15,-1.462
17650,15,-1.462
17660,15,-1.475
17670,15,-1.481
17680,15,-1.462
17690,15,-1.469
17700,15,-1.462
17710,15,-1.462
17720,15,-1.475
17730,15,-1.462
17740,15,-1.456
17750,15,-1.462
17760,15,-1.469
17770,15,-1.456
17780,15,-1.456
17790,15,-1.462
17800,15,-1.456
17810,15,-1.456
17820,15,-1.45
17830,15,-1.462
17840,15,-1.431
17850,15,-1.462
17860,15,-1.456
17870,15,-1.45
17880,15,-1.444
17890,15,-1.431
17900,15,-1.45
17910,15,-1.45
17920,15,-1.431
17930,15,-1.456
17940,15,-1.45
17950,15,-1.444
17960,15,-1.437
17970,15,-1.444
17980,15,-1.45
17990,15,-1.437
18000,15,-1.425
18010,15,-1.45
18020,15,-1.437
18030,15,-1.431
18040,15,-1.45
18050,15,-1.444
18060,15,-1.425
18070,15,-1.431
18080,15,-1.45
18090,15,-1.444
18100,15,-1.412
18110,15,-1.456
18120,15,-1.437
18130,15,-1.431
18140,15,-1.425
18150,15,-1.444
18160,15,-1.425
18170,15,-1.425
18180,15,-1.425
18190,15,-1.437
18200,15,-1.431
18210,15,-1.431
18220,15,-1.444
18230,15,-1.444
18240,15,-1.425
18250,15,-1.425
18260,15,-1.419
18270,15,-1.425
18280,15,-1.431
18290,15,-1.425
18300,15,-1.425
18310,15,-1.425
18320,15,-1.412
18330,15,-1.425
18340,15,-1.419
18350,15,-1.412
18360,15,-1.419
18370,15,-1.412
18380,15,-1.412
18390,15,-1.4
18400,15,-1.394
18410,15,-1.419
18420,15,-1.406
18430,15,-1.4
18440,15,-1.381
18450,15,-1.4
18460,15,-1.387
18470,15,-1.406
18480,15,-1.4
18490,15,-1.381
18500,15,-1.406
18510,15,-1.4
18520,15,-1.381
18530,15,-1.4
18540,15,-1.4
18550,15,-1.381
18560,15,-1.394
18570,15,-1.387
18580,15,-1.394
18590,15,-1.4
18600,15,-1.375
18610,15,-1.375
18620,15,-1.387
18630,15,-1.394
18640,15,-1.381
18650,15,-1.387
18660,15,-1.394
18670,15,-1.394
18680,15,-1.381
18690,15,-1.387
18700,15,-1.381
18710,15,-1.387
18720,15,-1.369
18730,15,-1.375
18740,15,-1.387
18750,15,-1.375
18760,15,-1.375
18770,15,-1.375
18780,15,-1.369
18790,15,-1.369
18800,15,-1.369
18810,15,-1.356
18820,15,-1.362
18830,15,-1.356
18840,15,-1.362
18850,15,-1.356
18860,15,-1.362
18870,15,-1.356
18880,15,-1.356
18890,15,-1.362
18900,15,-1.362
18910,15,-1.356
18920,15,-1.362
18930,15,-1.369
18940,15,-1.362
18950,15,-1.35
18960,15,-1.35
18970,15,-1.344
18980,15,-1.356
18990,15,-1.344
19000,15,-1.35
19010,15,-1.344
19020,15,-1.331
19030,15,-1.337
19040,15,-1.356
19050,15,-1.356
19060,15,-1.35
19070,15,-1.344
19080,15,-1.331
19090,15,-1.344
19100,15,-1.325
19110,15,-1.331
19120,15,-1.344
19130,15,-1.344
19140,15,-1.331
19150,15,-1.325
19160,15,-1.337
19170,15,-1.337
19180,15,-1.331
19190,15,-1.331
19200,15,-1.337
19210,15,-1.331
19220,15,-1.325
19230,15,-1.331
19240,15,-1.319
19250,15,-1.312
19260,15,-1.306
19270,15,-1.306
19280,15,-1.294
19290,15,-1.306
19300,15,-1.3
19310,15,-1.294
19320,15,-1.294
19330,15,-1.287
19340,15,-1.287
19350,15,-1.306
19360,15,-1.287
19370,15,-1.281
19380,15,-1.3
19390,15,-1.3
19400,15,-1.262
19410,15,-1.294
19420,15,-1.287
19430,15,-1.294
19440,15,-1.287
19450,15,-1.294
19460,15,-1.294
19470,15,-1.275
19480,15,-1.275
19490,15,-1.269
19500,15,-1.275
19510,15,-1.269
19520,15,-1.262
19530,15,-1.275
19540,15,-1.275
19550,15,-1.281
19560,15,-1.275
19570,15,-1.281
19580,15,-1.262
19590,15,-1.256
19600,15,-1.262
19610,15,-1.731
19620,15,-2.037
19630,15,-2.025
19640,15,-2.012
19650,15,-2.019
19660,15,-1.994
19670,15,-2
19680,15,-1.981
19690,15,-1.987
19700,15,-1.975
19710,15,-1.981
19720,15,-1.975
19730,15,-1.981
19740,15,-1.987
19750,15,-1.981
19760,15,-1.969
19770,15,-1.981
19780,15,-1.969
19790,15,-1.969
19800,15,-1.969
19810,15,-1.962
19820,15,-1.962
19830,15,-1.962
19840,15,-1.981
19850,15,-1.956
19860,15,-1.95
19870,15,-1.962
19880,15,-1.931
19890,15,-1.944
19900,15,-1.937
19910,15,-2.019
19920,15,-2.019
19930,15,-2.006
19940,15,-2.019
19950,15,-2.025
19960,15,-2
19970,15,-2.012
19980,15,-2
19990,15,-1.994
20000,15,-1.987
20010,15,-2
20020,15,-1.981
20030,15,-1.987
20040,15,-1.981
20050,15,-1.987
20060,15,-1.975
20070,15,-1.981
20080,15,-1.956
20090,15,-1.975
20100,15,-1.975
20110,15,-1.969
20120,15,-1.987
20130,15,-2
20140,15,-1.981
20150,15,-1.969
20160,15,-1.969
20170,15,-1.975
20180,15,-1.969
20190,15,-1.962
20200,15,-1.962
20210,15,-1.962
20220,15,-1.962
20230,15,-1.95
20240,15,-1.95
20250,15,-1.931
20260,15,-1.937
20270,15,-1.95
20280,15,-1.944
20290,15,-1.937
20300,15,-1.937
20310,15,-1.944
20320,15,-1.944
20330,15,-1.937
20340,15,-1.937
20350,15,-1.937
20360,15,-1.944
20370,15,-1.944
20380,15,-1.944
20390,15,-1.937
20400,15,-1.944
20410,15,-1.919
20420,15,-1.925
20430,15,-1.925
20440,15,-1.919
20450,15,-1.925
20460,15,-1.919
20470,15,-1.931
20480,15,-1.937
20490,15,-1.925
20500,15,-1.919
20510,15,-1.906
20520,15,-1.919
20530,15,-1.9
20540,15,-1.912
20550,15,-1.912
20560,15,-1.919
20570,15,-1.912
20580,15,-1.9
20590,15,-1.9
20600,15,-1.887
20610,15,-1.875
20620,15,-1.881
20630,15,-1.894
20640,15,-1.875
20650,15,-1.887
20660,15,-1.875
20670,15,-1.881
20680,15,-1.894
20690,15,-1.887
20700,15,-1.887
20710,15,-1.887
20720,15,-1.881
20730,15,-1.881
20740,15,-1.887
20750,15,-1.881
20760,15,-1.875
20770,15,-1.881
20780,15,-1.887
20790,15,-1.881
20800,15,-1.881
20810,15,-1.869
20820,15,-1.875
20830,15,-1.875
20840,15,-1.875
20850,15,-1.881
20860,15,-1.875
20870,15,-1.875
20880,15,-1.881
20890,15,-1.875
20900,15,-1.869
20910,15,-1.869
20920,15,-1.869
20930,15,-1.869
20940,15,-1.862
20950,15,-1.869
20960,15,-1.862
20970,15,-1.856
20980,15,-1.85
20990,15,-1.862
21000,15,-1.837
21010,15,-1.831
21020,15,-1.844
21030,15,-1.837
21040,15,-1.844
21050,15,-1.837
21060,15,-1.837
21070,15,-1.837
21080,15,-1.831
21090,15,-1.825
21100,15,-1.812
21110,15,-1.812
21120,15,-1.819
21130,15,-1.812
21140,15,-1.806
21150,15,-1.812
21160,15,-1.794
21170,15,-1.8
21180,15,-1.806
21190,15,-1.787
21200,15,-1.794
21210,15,-1.794
21220,15,-1.8
21230,15,-1.794
21240,15,-1.775
21250,15,-1.8
21260,15,-1.794
21270,15,-1.794
21280,15,-1.8
21290,15,-1.787
21300,15,-1.787
21310,15,-1.794
21320,15,-1.794
21330,15,-1.781
21340,15,-1.781
21350,15,-1.787
21360,15,-1.812
21370,15,-1.794
21380,15,-1.794
21390,15,-1.787
21400,15,-1.794
21410,15,-1.794
21420,15,-1.781
21430,15,-1.781
21440,15,-1.781
21450,15,-1.781
21460,15,-1.775
21470,15,-1.781
21480,15,-1.762
21490,15,-1.762
21500,15,-1.762
21510,15,-1.769
21520,15,-1.769
21530,15,-1.756
21540,15,-1.737
21550,15,-1.737
21560,15,-1.75
21570,15,-1.744
21580,15,-1.731
21590,15,-1.731
21600,15,-1.737
21610,15,-1.737
21620,15,-1.725
21630,15,-1.712
21640,15,-1.712
21650,15,-1.725
21660,15,-1.719
21670,15,-1.719
21680,15,-1.712
21690,15,-1.706
21700,15,-1.712
21710,15,-1.712
21720,15,-1.706
21730,15,-1.712
21740,15,-1.694
21750,15,-1.719
21760,15,-1.719
21770,15,-1.719
21780,15,-1.725
21790,15,-1.725
21800,15,-1.725
21810,15,-1.706
21820,15,-1.7
21830,15,-1.675
21840,15,-1.687
21850,15,-1.681
21860,15,-1.687
21870,15,-1.7
21880,15,-1.681
21890,15,-1.687
21900,15,-1.687
21910,15,-1.681
21920,15,-1.675
21930,15,-1.675
21940,15,-1.669
21950,15,-1.669
21960,15,-1.675
21970,15,-1.681
21980,15,-1.681
21990,15,-1.662
22000,15,-1.675
22010,20,-1.662
22020,20,-1.662
22030,20,-1.656
22040,20,-1.656
22050,20,-1.656
22060,20,-1.65
22070,20,-1.637
22080,20,-1.619
22090,20,-1.65
22100,20,-1.644
22110,20,-1.625
22120,20,-1.637
22130,20,-1.644
22140,20,-1.637
22150,20,-1.631
22160,20,-1.637
22170,20,-1.631
22180,20,-1.631
22190,20,-1.631
22200,20,-1.631
22210,20,-1.637
22220,20,-1.631
22230,20,-1.644
22240,20,-1.619
22250,20,-1.619
22260,20,-1.612
22270,20,-1.612
22280,20,-1.625
22290,20,-1.625
22300,20,-1.612
22310,20,-1.619
22320,20,-1.612
22330,20,-1.606
22340,20,-1.6
22350,20,-1.594
22360,20,-1.594
22370,20,-1.612
22380,20,-1.606
22390,20,-1.606
22400,20,-1.594
22410,20,-1.6
22420,20,-1.581
22430,20,-1.581
22440,20,-1.569
22450,20,-1.575
22460,20,-1.594
22470,20,-1.6
22480,20,-1.587
22490,20,-1.594
22500,20,-1.587
22510,20,-1.6
22520,20,-1.575
22530,20,-1.606
22540,20,-1.587
22550,20,-1.581
22560,20,-1.581
22570,20,-1.575
22580,20,-1.587
22590,20,-1.587
22600,20,-1.581
22610,20,-1.581
22620,20,-1.575
22630,20,-1.575
22640,20,-1.581
22650,20,-1.575
22660,20,-1.569
22670,20,-1.575
22680,20,-1.581
22690,20,-1.575
22700,20,-1.569
22710,20,-1.569
22720,20,-1.569
22730,20,-1.569
22740,20,-1.569
22750,20,-1.562
22760,20,-1.569
22770,20,-1.569
22780,20,-1.562
22790,20,-1.569
22800,20,-1.575
22810,20,-1.575
22820,20,-1.562
22830,20,-1.556
22840,20,-1.569
22850,20,-1.562
22860,20,-1.556
22870,20,-1.556
22880,20,-1.562
22890,20,-1.55
22900,20,-1.556
22910,20,-1.544
22920,20,-1.556
22930,20,-1.556
22940,20,-1.544
22950,20,-1.544
22960,20,-1.55
22970,20,-1.544
22980,20,-1.531
22990,20,-1.55
23000,20,-1.55
23010,20,-1.55
23020,20,-1.537
23030,20,-1.537
23040,20,-1.537
23050,20,-1.556
23060,20,-1.544
23070,20,-1.531
23080,20,-1.537
23090,20,-1.525
23100,20,-1.537
23110,20,-1.537
23120,20,-1.55
23130,20,-1.55
23140,20,-1.55
23150,20,-1.537
23160,20,-1.531
23170,20,-1.55
23180,20,-1.55
23190,20,-1.537
23200,20,-1.55
23210,20,-1.556
23220,20,-1.525
23230,20,-1.531
23240,20,-1.531
23250,20,-1.519
23260,20,-1.531
23270,20,-1.531
23280,20,-1.531
23290,20,-1.525
23300,20,-1.537
23310,20,-1.531
23320,20,-1.537
23330,20,-1.525
23340,20,-1.512
23350,20,-1.531
23360,20,-1.537
23370,20,-1.525
23380,20,-1.531
23390,20,-1.531
23400,20,-1.531
23410,20,-1.519
23420,20,-1.531
23430,20,-1.525
23440,20,-1.525
23450,20,-1.537
23460,20,-1.537
23470,20,-1.525
23480,20,-1.519
23490,20,-1.519
23500,20,-1.537
23510,20,-1.525
23520,20,-1.531
23530,20,-1.512
23540,20,-1.512
23550,20,-1.519
23560,20,-1.512
23570,20,-1.512
23580,20,-1.512
23590,20,-1.512
23600,20,-1.512
23610,20,-1.525
23620,20,-1.512
23630,20,-1.519
23640,20,-1.525
23650,20,-1.519
23660,20,-1.512
23670,20,-1.5
23680,20,-1.512
23690,20,-1.506
23700,20,-1.512
23710,20,-1.487
23720,20,-1.5
23730,20,-1.512
23740,20,-1.519
23750,20,-1.512
23760,20,-1.512
23770,20,-1.506
23780,20,-1.506
23790,20,-1.5
23800,20,-1.506
23810,20,-1.519
23820,20,-1.506
23830,20,-1.512
23840,20,-1.494
23850,20,-1.512
23860,20,-1.5
23870,20,-1.512
23880,20,-1.512
23890,20,-1.519
23900,20,-1.512
23910,20,-1.506
23920,20,-1.512
23930,20,-1.494
23940,20,-1.506
23950,20,-1.5
23960,20,-1.494
23970,20,-1.506
23980,20,-1.506
23990,20,-1.5
24000,20,-1.506
24010,20,-1.519
24020,20,-1.5
24030,20,-1.5
24040,20,-1.475
24050,20,-1.487
24060,20,-1.506
24070,20,-1.519
24080,20,-1.506
24090,20,-1.512
24100,20,-1.494
24110,20,-1.512
24120,20,-1.506
24130,20,-1.512
24140,20,-1.5
24150,20,-1.506
24160,20,-1.519
24170,20,-1.506
24180,20,-1.519
24190,20,-1.506
24200,20,-1.525
24210,20,-1.512
24220,20,-1.512
24230,20,-1.512
24240,20,-1.506
24250,20,-1.506
24260,20,-1.5
24270,20,-1.506
24280,20,-1.512
24290,20,-1.494
24300,20,-1.5
24310,20,-1.512
24320,20,-1.5
24330,20,-1.5
24340,20,-1.494
24350,20,-1.506
24360,20,-1.519
24370,20,-1.5
24380,20,-1.5
24390,20,-1.506
24400,20,-1.512
24410,20,-1.506
24420,20,-1.506
24430,20,-1.5
24440,20,-1.506
24450,20,-1.506
24460,20,-1.5
24470,20,-1.5
24480,20,-1.506
24490,20,-1.506
24500,20,-1.494
24510,20,-1.5
24520,20,-1.506
24530,20,-1.506
24540,20,-1.506
24550,20,-1.525
24560,20,-1.5
24570,20,-1.506
24580,20,-1.5
24590,20,-1.5
24600,20,-1.5
24610,20,-1.512
24620,20,-1.512
24630,20,-1.512
24640,20,-1.512
24650,20,-1.519
24660,20,-1.506
24670,20,-1.506
24680,20,-1.494
24690,20,-1.5
24700,20,-1.512
24710,20,-1.519
24720,20,-1.506
24730,20,-1.512
24740,20,-1.5
24750,20,-1.487
24760,20,-1.487
24770,20,-1.512
24780,20,-1.494
24790,20,-1.506
24800,20,-1.5
24810,20,-1.494
24820,20,-1.5
24830,20,-1.5
24840,20,-1.494
24850,20,-1.506
24860,20,-1.506
24870,20,-1.5
24880,20,-1.5
24890,20,-1.506
24900,20,-1.506
24910,20,-1.5
24920,20,-1.506
24930,20,-1.519
24940,20,-1.512
24950,20,-1.519
24960,20,-1.519
24970,20,-1.519
24980,20,-1.525
24990,20,-1.519
25000,20,-1.525
25010,20,-1.531
25020,20,-1.519
25030,20,-1.525
25040,20,-1.512
25050,20,-1.519
25060,20,-1.5
25070,20,-1.5
25080,20,-1.512
25090,20,-1.519
25100,20,-1.506
25110,20,-1.531
25120,20,-1.506
25130,20,-1.519
25140,20,-1.5
25150,20,-1.506
25160,20,-1.519
25170,20,-1.506
25180,20,-1.512
25190,20,-1.512
25200,20,-1.537
25210,20,-1.519
25220,20,-1.525
25230,20,-1.512
25240,20,-1.519
25250,20,-1.512
25260,20,-1.506
25270,20,-1.519
25280,20,-1.494
25290,20,-1.525
25300,20,-1.506
25310,20,-1.512
25320,20,-1.5
25330,20,-1.519
25340,20,-1.531
25350,20,-1.506
25360,20,-1.519
25370,20,-1.506
25380,20,-1.519
25390,20,-1.512
25400,20,-1.519
25410,20,-1.519
25420,20,-1.512
25430,20,-1.506
25440,20,-1.506
25450,20,-1.5
25460,20,-1.519
25470,20,-1.525
25480,20,-1.525
25490,20,-1.519
25500,20,-1.525
25510,20,-1.525
25520,20,-1.525
25530,20,-1.531
25540,20,-1.519
25550,20,-1.531
25560,20,-1.519
25570,20,-1.512
25580,20,-1.525
25590,20,-1.519
25600,20,-1.512
25610,20,-1.519
25620,20,-1.512
25630,20,-1.525
25640,20,-1.512
25650,20,-1.519
25660,20,-1.525
25670,20,-1.512
25680,20,-1.512
25690,20,-1.512
25700,20,-1.525
25710,20,-1.531
25720,20,-1.519
25730,20,-1.506
25740,20,-1.512
25750,20,-1.506
25760,20,-1.531
25770,20,-1.506
25780,20,-1.531
25790,20,-1.506
25800,20,-1.519
25810,20,-1.519
25820,20,-1.531
25830,20,-1.525
25840,20,-1.519
25850,20,-1.525
25860,20,-1.519
25870,20,-1.531
25880,20,-1.525
25890,20,-1.512
25900,20,-1.512
25910,20,-1.531
25920,20,-1.519
25930,20,-1.531
25940,20,-1.506
25950,20,-1.506
25960,20,-1.506
25970,20,-1.512
25980,20,-1.5
25990,20,-1.512
26000,20,-1.525
26010,20,-1.512
26020,20,-1.519
26030,20,-1.531
26040,20,-1.525
26050,20,-1.519
26060,20,-1.519
26070,20,-1.525
26080,20,-1.537
26090,20,-1.531
26100,20,-1.531
26110,20,-1.525
26120,20,-1.531
26130,20,-1.512
26140,20,-1.519
26150,20,-1.525
26160,20,-1.537
26170,20,-1.531
26180,20,-1.544
26190,20,-1.544
26200,20,-1.544
26210,20,-1.55
26220,20,-1.537
26230,20,-1.525
26240,20,-1.544
26250,20,-1.537
26260,20,-1.531
26270,20,-1.531
26280,20,-1.531
26290,20,-1.537
26300,20,-1.556
26310,20,-1.544
26320,20,-1.537
26330,20,-1.55
26340,20,-1.537
26350,20,-1.525
26360,20,-1.544
26370,20,-1.537
26380,20,-1.556
26390,20,-1.544
26400,20,-1.55
26410,20,-1.537
26420,20,-1.525
26430,20,-1.537
26440,20,-1.544
26450,20,-1.544
26460,20,-1.544
26470,20,-1.525
26480,20,-1.537
26490,20,-1.525
26500,20,-1.544
26510,20,-1.531
26520,20,-1.531
26530,20,-1.544
26540,20,-1.531
26550,20,-1.537
26560,20,-1.531
26570,20,-1.537
26580,20,-1.544
26590,20,-1.537
26600,20,-1.55
26610,20,-1.55
26620,20,-1.537
26630,20,-1.544
26640,20,-1.544
26650,20,-1.525
26660,20,-1.531
26670,20,-1.531
26680,20,-1.531
26690,20,-1.544
26700,20,-1.531
26710,20,-1.544
26720,20,-1.55
26730,20,-1.537
26740,20,-1.544
26750,20,-1.556
26760,20,-1.544
26770,20,-1.562
26780,20,-1.55
26790,20,-1.544
26800,20,-1.544
26810,20,-1.55
26820,20,-1.537
26830,20,-1.55
26840,20,-1.556
26850,20,-1.544
26860,20,-1.55
26870,20,-1.55
26880,20,-1.525
26890,20,-1.55
26900,20,-1.544
26910,20,-1.519
26920,20,-1.544
26930,20,-1.544
26940,20,-1.537
26950,20,-1.544
26960,20,-1.525
26970,20,-1.537
26980,20,-1.556
26990,20,-1.55
27000,20,-1.55
27010,25,-1.55
27020,25,-1.531
27030,25,-1.544
27040,25,-1.537
27050,25,-1.525
27060,25,-1.512
27070,25,-1.531
27080,25,-1.512
27090,25,-1.531
27100,25,-1.531
27110,25,-1.525
27120,25,-1.525
27130,25,-1.525
27140,25,-1.525
27150,25,-1.537
27160,25,-1.525
27170,25,-1.525
27180,25,-1.531
27190,25,-1.525
27200,25,-1.525
27210,25,-1.531
27220,25,-1.531
27230,25,-1.531
27240,25,-1.531
27250,25,-1.544
27260,25,-1.537
27270,25,-1.544
27280,25,-1.531
27290,25,-1.544
27300,25,-1.537
27310,25,-1.537
27320,25,-1.537
27330,25,-1.531
27340,25,-1.531
27350,25,-1.537
27360,25,-1.525
27370,25,-1.525
27380,25,-1.512
27390,25,-1.531
27400,25,-1.525
27410,25,-1.519
27420,25,-1.525
27430,25,-1.537
27440,25,-1.537
27450,25,-1.537
27460,25,-1.519
27470,25,-1.531
27480,25,-1.531
27490,25,-1.519
27500,25,-1.531
27510,25,-1.531
27520,25,-1.525
27530,25,-1.525
27540,25,-1.525
27550,25,-1.519
27560,25,-1.512
27570,25,-1.512
27580,25,-1.519
27590,25,-1.512
27600,25,-1.525
27610,25,-1.519
27620,25,-1.512
27630,25,-1.506
27640,25,-1.512
27650,25,-1.519
27660,25,-1.525
27670,25,-1.512
27680,25,-1.525
27690,25,-1.525
27700,25,-1.531
27710,25,-1.531
27720,25,-1.519
27730,25,-1.531
27740,25,-1.531
27750,25,-1.531
27760,25,-1.525
27770,25,-1.531
27780,25,-1.531
27790,25,-1.531
27800,25,-1.519
27810,25,-1.519
27820,25,-1.531
27830,25,-1.525
27840,25,-1.525
27850,25,-1.525
27860,25,-1.531
27870,25,-1.525
27880,25,-1.525
27890,25,-1.531
27900,25,-1.544
27910,25,-1.531
27920,25,-1.531
27930,25,-1.531
27940,25,-1.531
27950,25,-1.519
27960,25,-1.525
27970,25,-1.525
27980,25,-1.531
27990,25,-1.531
28000,25,-1.537
28010,25,-1.531
28020,25,-1.537
28030,25,-1.537
28040,25,-1.537
28050,25,-1.531
28060,25,-1.531
28070,25,-1.531
28080,25,-1.512
28090,25,-1.519
28100,25,-1.519
28110,25,-1.5
28120,25,-1.512
28130,25,-1.506
28140,25,-1.519
28150,25,-1.512
28160,25,-1.525
28170,25,-1.512
28180,25,-1.519
28190,25,-1.519
28200,25,-1.525
28210,25,-1.525
28220,25,-1.531
28230,25,-1.537
28240,25,-1.531
28250,25,-1.525
28260,25,-1.525
28270,25,-1.531
28280,25,-1.525
28290,25,-1.525
28300,25,-1.531
28310,25,-1.525
28320,25,-1.519
28330,25,-1.525
28340,25,-1.519
28350,25,-1.519
28360,25,-1.512
28370,25,-1.512
28380,25,-1.525
28390,25,-1.512
28400,25,-1.512
28410,25,-1.519
28420,25,-1.519
28430,25,-1.512
28440,25,-1.525
28450,25,-1.525
28460,25,-1.525
28470,25,-1.5
28480,25,-1.5
28490,25,-1.512
28500,25,-1.525
28510,25,-1.531
28520,25,-1.525
28530,25,-1.525
28540,25,-1.506
28550,25,-1.512
28560,25,-1.506
28570,25,-1.512
28580,25,-1.512
28590,25,-1.519
28600,25,-1.519
28610,25,-1.531
28620,25,-1.531
28630,25,-1.519
28640,25,-1.525
28650,25,-1.525
28660,25,-1.525
28670,25,-1.531
28680,25,-1.525
28690,25,-1.525
28700,25,-1.525
28710,25,-1.519
28720,25,-1.531
28730,25,-1.531
28740,25,-1.537
28750,25,-1.531
28760,25,-1.531
28770,25,-1.519
28780,25,-1.531
28790,25,-1.537
28800,25,-1.531
28810,25,-1.525
28820,25,-1.544
28830,25,-1.544
28840,25,-1.55
28850,25,-1.537
28860,25,-1.537
28870,25,-1.556
28880,25,-1.537
28890,25,-1.544
28900,25,-1.537
28910,25,-1.544
28920,25,-1.544
28930,25,-1.537
28940,25,-1.544
28950,25,-1.544
28960,25,-1.537
28970,25,-1.544
28980,25,-1.55
28990,25,-1.537
29000,25,-1.55
29010,25,-1.544
29020,25,-1.537
29030,25,-1.544
29040,25,-1.531
29050,25,-1.537
29060,25,-1.537
29070,25,-1.544
29080,25,-1.537
29090,25,-1.537
29100,25,-1.544
29110,25,-1.537
29120,25,-1.544
29130,25,-1.55
29140,25,-1.531
29150,25,-1.537
29160,25,-1.537
29170,25,-1.537
29180,25,-1.537
29190,25,-1.544
29200,25,-1.525
29210,25,-1.525
29220,25,-1.531
29230,25,-1.525
29240,25,-1.512
29250,25,-1.512
29260,25,-1.519
29270,25,-1.512
29280,25,-1.525
29290,25,-1.525
29300,25,-1.506
29310,25,-1.519
29320,25,-1.519
29330,25,-1.519
29340,25,-1.531
29350,25,-1.531
29360,25,-1.537
29370,25,-1.531
29380,25,-1.531
29390,25,-1.537
29400,25,-1.525
29410,25,-1.519
29420,25,-1.531
29430,25,-1.525
29440,25,-1.512
29450,25,-1.512
29460,25,-1.525
29470,25,-1.525
29480,25,-1.531
29490,25,-1.531
29500,25,-1.531
29510,25,-1.525
29520,25,-1.531
29530,25,-1.537
29540,25,-1.525
29550,25,-1.519
29560,25,-1.512
29570,25,-1.519
29580,25,-1.519
29590,25,-1.519
29600,25,-1.512
29610,25,-1.512
29620,25,-1.519
29630,25,-1.519
29640,25,-1.525
29650,25,-1.531
29660,25,-1.519
29670,25,-1.537
29680,25,-1.531
29690,25,-1.531
29700,25,-1.525
29710,25,-1.525
29720,25,-1.525
29730,25,-1.525
29740,25,-1.531
29750,25,-1.525
29760,25,-1.531
29770,25,-1.525
29780,25,-1.519
29790,25,-1.525
29800,25,-1.512
29810,25,-1.512
29820,25,-1.519
29830,25,-1.519
29840,25,-1.531
29850,25,-1.531
29860,25,-1.531
29870,25,-1.531
29880,25,-1.519
29890,25,-1.525
29900,25,-1.531
29910,25,-1.519
29920,25,-1.525
29930,25,-1.537
29940,25,-1.531
29950,25,-1.531
29960,25,-1.537
29970,25,-1.531
29980,25,-1.531
29990,25,-1.525
30000,25,-1.519
30010,25,-1.525
30020,25,-1.525
30030,25,-1.525
30040,25,-1.525
30050,25,-1.525
30060,25,-1.537
30070,25,-1.531
30080,25,-1.525
30090,25,-1.544
30100,25,-1.531
30110,25,-1.537
30120,25,-1.525
30130,25,-1.525
30140,25,-1.537
30150,25,-1.537
30160,25,-1.531
30170,25,-1.531
30180,25,-1.519
30190,25,-1.531
30200,25,-1.531
30210,25,-1.531
30220,25,-1.537
30230,25,-1.531
30240,25,-1.512
30250,25,-1.525
30260,25,-1.525
30270,25,-1.531
30280,25,-1.525
30290,25,-1.525
30300,25,-1.519
30310,25,-1.519
30320,25,-1.537
30330,25,-1.531
30340,25,-1.525
30350,25,-1.537
30360,25,-1.531
30370,25,-1.537
30380,25,-1.537
30390,25,-1.531
30400,25,-1.531
30410,25,-1.531
30420,25,-1.531
30430,25,-1.525
30440,25,-1.531
30450,25,-1.519
30460,25,-1.537
30470,25,-1.531
30480,25,-1.531
30490,25,-1.531
30500,25,-1.525
30510,25,-1.519
30520,25,-1.512
30530,25,-1.519
30540,25,-1.519
30550,25,-1.512
30560,25,-1.531
30570,25,-1.531
30580,25,-1.519
30590,25,-1.519
30600,25,-1.512
30610,25,-1.512
30620,25,-1.512
30630,25,-1.519
30640,25,-1.537
30650,25,-1.537
30660,25,-1.55
30670,25,-1.525
30680,25,-1.525
30690,25,-1.525
30700,25,-1.525
30710,25,-1.519
30720,25,-1.519
30730,25,-1.519
30740,25,-1.525
30750,25,-1.519
30760,25,-1.512
30770,25,-1.512
30780,25,-1.512
30790,25,-1.5
30800,25,-1.512
30810,25,-1.512
30820,25,-1.519
30830,25,-1.512
30840,25,-1.525
30850,25,-1.506
30860,25,-1.525
30870,25,-1.519
30880,25,-1.512
30890,25,-1.519
30900,25,-1.506
30910,25,-1.512
30920,25,-1.512
30930,25,-1.519
30940,25,-1.519
30950,25,-1.519
30960,25,-1.519
30970,25,-1.512
30980,25,-1.519
30990,25,-1.512
31000,25,-1.519
31010,25,-1.519
31020,25,-1.512
31030,25,-1.525
31040,25,-1.525
31050,25,-1.519
31060,25,-1.506
31070,25,-1.512
31080,25,-1.506
31090,25,-1.506
31100,25,-1.506
31110,25,-1.519
31120,25,-1.5
31130,25,-1.494
31140,25,-1.5
31150,25,-1.5
31160,25,-1.494
31170,25,-1.5
31180,25,-1.494
31190,25,-1.494
31200,25,-1.5
31210,25,-1.494
31220,25,-1.506
31230,25,-1.512
31240,25,-1.506
31250,25,-1.506
31260,25,-1.506
31270,25,-1.525
31280,25,-1.506
31290,25,-1.531
31300,25,-1.512
31310,25,-1.519
31320,25,-1.506
31330,25,-1.519
31340,25,-1.512
31350,25,-1.525
31360,25,-1.525
31370,25,-1.519
31380,25,-1.537
31390,25,-1.519
31400,25,-1.519
31410,25,-1.506
31420,25,-1.525
31430,25,-1.512
31440,25,-1.525
31450,25,-1.512
31460,25,-1.519
31470,25,-1.519
31480,25,-1.519
31490,25,-1.519
31500,25,-1.506
31510,25,-1.519
31520,25,-1.519
31530,25,-1.525
31540,25,-1.519
31550,25,-1.512
31560,25,-1.506
31570,25,-1.519
31580,25,-1.512
31590,25,-1.512
31600,25,-1.525
31610,25,-1.531
31620,25,-1.537
31630,25,-1.519
31640,25,-1.537
31650,25,-1.519
31660,25,-1.519
31670,25,-1.525
31680,25,-1.525
31690,25,-1.525
31700,25,-1.512
31710,25,-1.512
31720,25,-1.512
31730,25,-1.512
31740,25,-1.531
31750,25,-1.531
31760,25,-1.525
31770,25,-1.512
31780,25,-1.537
31790,25,-1.525
31800,25,-1.506
31810,25,-1.525
31820,25,-1.512
31830,25,-1.512
31840,25,-1.506
31850,25,-1.512
31860,25,-1.506
31870,25,-1.506
31880,25,-1.512
31890,25,-1.506
31900,25,-1.506
31910,25,-1.506
31920,25,-1.512
31930,25,-1.525
31940,25,-1.519
31950,25,-1.519
31960,25,-1.519
31970,25,-1.512
31980,25,-1.506
31990,25,-1.512
32000,25,-1.5
32010,30,-1.525
32020,30,-1.5
32030,30,-1.512
32040,30,-1.531
32050,30,-1.512
32060,30,-1.519
32070,30,-1.512
32080,30,-1.512
32090,30,-1.506
32100,30,-1.5
32110,30,-1.5
32120,30,-1.506
32130,30,-1.5
32140,30,-1.5
32150,30,-1.512
32160,30,-1.519
32170,30,-1.519
32180,30,-1.519
32190,30,-1.525
32200,30,-1.525
32210,30,-1.519
32220,30,-1.525
32230,30,-1.519
32240,30,-1.512
32250,30,-1.519
32260,30,-1.5
32270,30,-1.519
32280,30,-1.512
32290,30,-1.512
32300,30,-1.525
32310,30,-1.512
32320,30,-1.519
32330,30,-1.5
32340,30,-1.5
32350,30,-1.506
32360,30,-1.494
32370,30,-1.506
32380,30,-1.506
32390,30,-1.494
32400,30,-1.506
32410,30,-1.494
32420,30,-1.5
32430,30,-1.487
32440,30,-1.506
32450,30,-1.506
32460,30,-1.487
32470,30,-1.494
32480,30,-1.487
32490,30,-1.494
32500,30,-1.506
32510,30,-1.512
32520,30,-1.512
32530,30,-1.512
32540,30,-1.512
32550,30,-1.512
32560,30,-1.494
32570,30,-1.487
32580,30,-1.5
32590,30,-1.494
32600,30,-1.494
32610,30,-1.512
32620,30,-1.5
32630,30,-1.5
32640,30,-1.494
32650,30,-1.494
32660,30,-1.494
32670,30,-1.494
32680,30,-1.5
32690,30,-1.5
32700,30,-1.494
32710,30,-1.5
32720,30,-1.487
32730,30,-1.494
32740,30,-1.487
32750,30,-1.494
32760,30,-1.5
32770,30,-1.5
32780,30,-1.494
32790,30,-1.506
32800,30,-1.494
32810,30,-1.494
32820,30,-1.494
32830,30,-1.494
32840,30,-1.494
32850,30,-1.494
32860,30,-1.494
32870,30,-1.487
32880,30,-1.5
32890,30,-1.506
32900,30,-1.5
32910,30,-1.506
32920,30,-1.506
32930,30,-1.506
32940,30,-1.5
32950,30,-1.494
32960,30,-1.506
32970,30,-1.519
32980,30,-1.506
32990,30,-1.512
33000,30,-1.512
33010,30,-1.525
33020,30,-1.512
33030,30,-1.5
33040,30,-1.5
33050,30,-1.5
33060,30,-1.487
33070,30,-1.5
33080,30,-1.494
33090,30,-1.5
33100,30,-1.5
33110,30,-1.5
33120,30,-1.494
33130,30,-1.487
33140,30,-1.5
33150,30,-1.481
33160,30,-1.494
33170,30,-1.475
33180,30,-1.487
33190,30,-1.481
33200,30,-1.487
33210,30,-1.494
33220,30,-1.481
33230,30,-1.481
33240,30,-1.481
33250,30,-1.481
33260,30,-1.494
33270,30,-1.494
33280,30,-1.475
33290,30,-1.494
33300,30,-1.494
33310,30,-1.487
33320,30,-1.5
33330,30,-1.475
33340,30,-1.481
33350,30,-1.481
33360,30,-1.481
33370,30,-1.494
33380,30,-1.494
33390,30,-1.487
33400,30,-1.475
33410,30,-1.487
33420,30,-1.475
33430,30,-1.487
33440,30,-1.487
33450,30,-1.481
33460,30,-1.487
33470,30,-1.494
33480,30,-1.487
33490,30,-1.481
33500,30,-1.481
33510,30,-1.494
33520,30,-1.494
33530,30,-1.494
33540,30,-1.475
33550,30,-1.481
33560,30,-1.475
33570,30,-1.494
33580,30,-1.494
33590,30,-1.494
33600,30,-1.481
33610,30,-1.5
33620,30,-1.5
33630,30,-1.481
33640,30,-1.481
33650,30,-1.481
33660,30,-1.5
33670,30,-1.494
33680,30,-1.481
33690,30,-1.494
33700,30,-1.487
33710,30,-1.487
33720,30,-1.5
33730,30,-1.475
33740,30,-1.475
33750,30,-1.487
33760,30,-1.481
33770,30,-1.494
33780,30,-1.494
33790,30,-1.481
33800,30,-1.481
33810,30,-1.475
33820,30,-1.481
33830,30,-1.481
33840,30,-1.475
33850,30,-1.475
33860,30,-1.475
33870,30,-1.481
33880,30,-1.481
33890,30,-1.487
33900,30,-1.487
33910,30,-1.481
33920,30,-1.475
33930,30,-1.494
33940,30,-1.481
33950,30,-1.481
33960,30,-1.481
33970,30,-1.481
33980,30,-1.487
33990,30,-1.487
34000,30,-1.487
34010,30,-1.481
34020,30,-1.481
34030,30,-1.481
34040,30,-1.475
34050,30,-1.469
34060,30,-1.481
34070,30,-1.475
34080,30,-1.481
34090,30,-1.481
34100,30,-1.481
34110,30,-1.481
34120,30,-1.487
34130,30,-1.487
34140,30,-1.5
34150,30,-1.487
34160,30,-1.469
34170,30,-1.481
34180,30,-1.487
34190,30,-1.5
34200,30,-1.487
34210,30,-1.494
34220,30,-1.494
34230,30,-1.487
34240,30,-1.487
34250,30,-1.487
34260,30,-1.481
34270,30,-1.487
34280,30,-1.5
34290,30,-1.5
34300,30,-1.487
34310,30,-1.487
34320,30,-1.487
34330,30,-1.506
34340,30,-1.487
34350,30,-1.481
34360,30,-1.487
34370,30,-1.5
34380,30,-1.487
34390,30,-1.487
34400,30,-1.5
34410,30,-1.481
34420,30,-1.494
34430,30,-1.487
34440,30,-1.5
34450,30,-1.481
34460,30,-1.487
34470,30,-1.487
34480,30,-1.481
34490,30,-1.481
34500,30,-1.475
34510,30,-1.487
34520,30,-1.481
34530,30,-1.487
34540,30,-1.487
34550,30,-1.487
34560,30,-1.487
34570,30,-1.487
34580,30,-1.481
34590,30,-1.487
34600,30,-1.494
34610,30,-1.481
34620,30,-1.481
34630,30,-1.481
34640,30,-1.481
34650,30,-1.487
34660,30,-1.494
34670,30,-1.481
34680,30,-1.494
34690,30,-1.494
34700,30,-1.494
34710,30,-1.494
34720,30,-1.494
34730,30,-1.494
34740,30,-1.494
34750,30,-1.5
34760,30,-1.5
34770,30,-1.487
34780,30,-1.494
34790,30,-1.494
34800,30,-1.487
34810,30,-1.487
34820,30,-1.487
34830,30,-1.487
34840,30,-1.481
34850,30,-1.487
34860,30,-1.494
34870,30,-1.494
34880,30,-1.487
34890,30,-1.494
34900,30,-1.481
34910,30,-1.481
34920,30,-1.487
34930,30,-1.475
34940,30,-1.494
34950,30,-1.494
34960,30,-1.481
34970,30,-1.494
34980,30,-1.487
34990,30,-1.487
35000,30,-1.487
35010,30,-1.487
35020,30,-1.487
35030,30,-1.494
35040,30,-1.494
35050,30,-1.487
35060,30,-1.481
35070,30,-1.494
35080,30,-1.494
35090,30,-1.487
35100,30,-1.5
35110,30,-1.494
35120,30,-1.506
35130,30,-1.506
35140,30,-1.494
35150,30,-1.5
35160,30,-1.494
35170,30,-1.494
35180,30,-1.5
35190,30,-1.494
35200,30,-1.5
35210,30,-1.494
35220,30,-1.5
35230,30,-1.494
35240,30,-1.5
35250,30,-1.5
35260,30,-1.5
35270,30,-1.5
35280,30,-1.506
35290,30,-1.512
35300,30,-1.506
35310,30,-1.506
35320,30,-1.506
35330,30,-1.519
35340,30,-1.512
35350,30,-1.519
35360,30,-1.519
35370,30,-1.525
35380,30,-1.512
35390,30,-1.519
35400,30,-1.519
35410,30,-1.512
35420,30,-1.512
35430,30,-1.519
35440,30,-1.512
35450,30,-1.5
35460,30,-1.506
35470,30,-1.506
35480,30,-1.519
35490,30,-1.512
35500,30,-1.525
35510,30,-1.5
35520,30,-1.506
35530,30,-1.525
35540,30,-1.525
35550,30,-1.519
35560,30,-1.519
35570,30,-1.525
35580,30,-1.525
35590,30,-1.525
35600,30,-1.519
35610,30,-1.525
35620,30,-1.525
35630,30,-1.531
35640,30,-1.537
35650,30,-1.531
35660,30,-1.525
35670,30,-1.531
35680,30,-1.519
35690,30,-1.519
35700,30,-1.519
35710,30,-1.525
35720,30,-1.525
35730,30,-1.519
35740,30,-1.519
35750,30,-1.531
35760,30,-1.519
35770,30,-1.525
35780,30,-1.525
35790,30,-1.531
35800,30,-1.537
35810,30,-1.544
35820,30,-1.531
35830,30,-1.531
35840,30,-1.544
35850,30,-1.531
35860,30,-1.544
35870,30,-1.537
35880,30,-1.537
35890,30,-1.544
35900,30,-1.525
35910,30,-1.537
35920,30,-1.537
35930,30,-1.537
35940,30,-1.537
35950,30,-1.544
35960,30,-1.544
35970,30,-1.537
35980,30,-1.537
35990,30,-1.544
36000,30,-1.544
36010,30,-1.537
36020,30,-1.537
36030,30,-1.55
36040,30,-1.537
36050,30,-1.537
36060,30,-1.537
36070,30,-1.537
36080,30,-1.537
36090,30,-1.537
36100,30,-1.537
36110,30,-1.544
36120,30,-1.537
36130,30,-1.55
36140,30,-1.55
36150,30,-1.537
36160,30,-1.544
36170,30,-1.537
36180,30,-1.544
36190,30,-1.537
36200,30,-1.537
36210,30,-1.55
36220,30,-1.544
36230,30,-1.544
36240,30,-1.55
36250,30,-1.556
36260,30,-1.537
36270,30,-1.55
36280,30,-1.544
36290,30,-1.556
36300,30,-1.556
36310,30,-1.537
36320,30,-1.556
36330,30,-1.55
36340,30,-1.55
36350,30,-1.55
36360,30,-1.556
36370,30,-1.55
36380,30,-1.544
36390,30,-1.55
36400,30,-1.562
36410,30,-1.556
36420,30,-1.562
36430,30,-1.562
36440,30,-1.562
36450,30,-1.562
36460,30,-1.562
36470,30,-1.556
36480,30,-1.562
36490,30,-1.575
36500,30,-1.575
36510,30,-1.569
36520,30,-1.562
36530,30,-1.556
36540,30,-1.569
36550,30,-1.575
36560,30,-1.569
36570,30,-1.562
36580,30,-1.556
36590,30,-1.556
36600,30,-1.544
36610,30,-1.556
36620,30,-1.556
36630,30,-1.562
36640,30,-1.562
36650,30,-1.556
36660,30,-1.569
36670,30,-1.569
36680,30,-1.569
36690,30,-1.569
36700,30,-1.581
36710,30,-1.581
36720,30,-1.575
36730,30,-1.581
36740,30,-1.575
36750,30,-1.575
36760,30,-1.569
36770,30,-1.575
36780,30,-1.587
36790,30,-1.575
36800,30,-1.587
36810,30,-1.587
36820,30,-1.569
36830,30,-1.575
36840,30,-1.575
36850,30,-1.581
36860,30,-1.575
36870,30,-1.569
36880,30,-1.562
36890,30,-1.569
36900,30,-1.569
36910,30,-1.581
36920,30,-1.581
36930,30,-1.562
36940,30,-1.581
36950,30,-1.569
36960,30,-1.581
36970,30,-1.581
36980,30,-1.581
36990,30,-1.587
37000,30,-1.594
37010,35,-1.587
37020,35,-1.587
37030,35,-1.581
37040,35,-1.581
37050,35,-1.575
37060,35,-1.569
37070,35,-1.575
37080,35,-1.575
37090,35,-1.581
37100,35,-1.575
37110,35,-1.569
37120,35,-1.587
37130,35,-1.581
37140,35,-1.581
37150,35,-1.587
37160,35,-1.581
37170,35,-1.575
37180,35,-1.581
37190,35,-1.581
37200,35,-1.569
37210,35,-1.587
37220,35,-1.594
37230,35,-1.581
37240,35,-1.581
37250,35,-1.575
37260,35,-1.587
37270,35,-1.587
37280,35,-1.581
37290,35,-1.581
37300,35,-1.575
37310,35,-1.587
37320,35,-1.594
37330,35,-1.594
37340,35,-1.594
37350,35,-1.581
37360,35,-1.581
37370,35,-1.575
37380,35,-1.569
37390,35,-1.575
37400,35,-1.581
37410,35,-1.587
37420,35,-1.594
37430,35,-1.581
37440,35,-1.575
37450,35,-1.594
37460,35,-1.594
37470,35,-1.581
37480,35,-1.594
37490,35,-1.594
37500,35,-1.575
37510,35,-1.594
37520,35,-1.569
37530,35,-1.587
37540,35,-1.6
37550,35,-1.587
37560,35,-1.6
37570,35,-1.575
37580,35,-1.575
37590,35,-1.594
37600,35,-1.581
37610,35,-1.594
37620,35,-1.594
37630,35,-1.581
37640,35,-1.594
37650,35,-1.587
37660,35,-1.594
37670,35,-1.606
37680,35,-1.6
37690,35,-1.594
37700,35,-1.594
37710,35,-1.587
37720,35,-1.6
37730,35,-1.587
37740,35,-1.6
37750,35,-1.575
37760,35,-1.6
37770,35,-1.594
37780,35,-1.581
37790,35,-1.587
37800,35,-1.594
37810,35,-1.594
37820,35,-1.587
37830,35,-1.587
37840,35,-1.594
37850,35,-1.587
37860,35,-1.594
37870,35,-1.581
37880,35,-1.6
37890,35,-1.6
37900,35,-1.606
37910,35,-1.594
37920,35,-1.594
37930,35,-1.6
37940,35,-1.6
37950,35,-1.606
37960,35,-1.6
37970,35,-1.587
37980,35,-1.6
37990,35,-1.594
38000,35,-1.594
38010,35,-1.606
38020,35,-1.594
38030,35,-1.587
38040,35,-1.594
38050,35,-1.6
38060,35,-1.594
38070,35,-1.587
38080,35,-1.612
38090,35,-1.6
38100,35,-1.606
38110,35,-1.606
38120,35,-1.581
38130,35,-1.606
38140,35,-1.6
38150,35,-1.6
38160,35,-1.6
38170,35,-1.6
38180,35,-1.606
38190,35,-1.606
38200,35,-1.6
38210,35,-1.594
38220,35,-1.606
38230,35,-1.612
38240,35,-1.6
38250,35,-1.606
38260,35,-1.606
38270,35,-1.6
38280,35,-1.606
38290,35,-1.606
38300,35,-1.6
38310,35,-1.619
38320,35,-1.612
38330,35,-1.612
38340,35,-1.612
38350,35,-1.606
38360,35,-1.612
38370,35,-1.6
38380,35,-1.612
38390,35,-1.619
38400,35,-1.606
38410,35,-1.6
38420,35,-1.6
38430,35,-1.612
38440,35,-1.612
38450,35,-1.619
38460,35,-1.612
38470,35,-1.631
38480,35,-1.612
38490,35,-1.625
38500,35,-1.625
38510,35,-1.619
38520,35,-1.619
38530,35,-1.619
38540,35,-1.606
38550,35,-1.606
38560,35,-1.612
38570,35,-1.625
38580,35,-1.619
38590,35,-1.625
38600,35,-1.625
38610,35,-1.631
38620,35,-1.631
38630,35,-1.619
38640,35,-1.625
38650,35,-1.619
38660,35,-1.619
38670,35,-1.619
38680,35,-1.631
38690,35,-1.625
38700,35,-1.619
38710,35,-1.625
38720,35,-1.625
38730,35,-1.625
38740,35,-1.631
38750,35,-1.619
38760,35,-1.619
38770,35,-1.625
38780,35,-1.631
38790,35,-1.619
38800,35,-1.619
38810,35,-1.619
38820,35,-1.619
38830,35,-1.631
38840,35,-1.625
38850,35,-1.625
38860,35,-1.631
38870,35,-1.612
38880,35,-1.625
38890,35,-1.625
38900,35,-1.612
38910,35,-1.625
38920,35,-1.625
38930,35,-1.619
38940,35,-1.612
38950,35,-1.612
38960,35,-1.619
38970,35,-1.612
38980,35,-1.612
38990,35,-1.619
39000,35,-1.619
39010,35,-1.625
39020,35,-1.625
39030,35,-1.631
39040,35,-1.631
39050,35,-1.625
39060,35,-1.612
39070,35,-1.625
39080,35,-1.619
39090,35,-1.619
39100,35,-1.619
39110,35,-1.631
39120,35,-1.625
39130,35,-1.625
39140,35,-1.625
39150,35,-1.625
39160,35,-1.619
39170,35,-1.631
39180,35,-1.619
39190,35,-1.619
39200,35,-1.612
39210,35,-1.625
39220,35,-1.619
39230,35,-1.619
39240,35,-1.625
39250,35,-1.637
39260,35,-1.637
39270,35,-1.637
39280,35,-1.637
39290,35,-1.637
39300,35,-1.65
39310,35,-1.656
39320,35,-1.637
39330,35,-1.637
39340,35,-1.631
39350,35,-1.637
39360,35,-1.637
39370,35,-1.637
39380,35,-1.637
39390,35,-1.637
39400,35,-1.644
39410,35,-1.637
39420,35,-1.644
39430,35,-1.65
39440,35,-1.65
39450,35,-1.637
39460,35,-1.644
39470,35,-1.637
39480,35,-1.65
39490,35,-1.644
39500,35,-1.637
39510,35,-1.637
39520,35,-1.644
39530,35,-1.65
39540,35,-1.644
39550,35,-1.631
39560,35,-1.644
39570,35,-1.644
39580,35,-1.65
39590,35,-1.65
39600,35,-1.637
39610,35,-1.644
39620,35,-1.637
39630,35,-1.65
39640,35,-1.65
39650,35,-1.644
39660,35,-1.644
39670,35,-1.637
39680,35,-1.644
39690,35,-1.644
39700,35,-1.644
39710,35,-1.644
39720,35,-1.637
39730,35,-1.644
39740,35,-1.65
39750,35,-1.644
39760,35,-1.637
39770,35,-1.656
39780,35,-1.644
39790,35,-1.637
39800,35,-1.65
39810,35,-1.656
39820,35,-1.644
39830,35,-1.644
39840,35,-1.637
39850,35,-1.637
39860,35,-1.644
39870,35,-1.644
39880,35,-1.644
39890,35,-1.637
39900,35,-1.631
39910,35,-1.644
39920,35,-1.65
39930,35,-1.637
39940,35,-1.637
39950,35,-1.656
39960,35,-1.65
39970,35,-1.65
39980,35,-1.637
39990,35,-1.656
40000,35,-1.656
40010,35,-1.644
40020,35,-1.65
40030,35,-1.644
40040,35,-1.631
40050,35,-1.644
40060,35,-1.644
40070,35,-1.65
40080,35,-1.644
40090,35,-1.631
40100,35,-1.644
40110,35,-1.637
40120,35,-1.644
40130,35,-1.644
40140,35,-1.65
40150,35,-1.644
40160,35,-1.631
40170,35,-1.637
40180,35,-1.644
40190,35,-1.631
40200,35,-1.637
40210,35,-1.656
40220,35,-1.644
40230,35,-1.631
40240,35,-1.644
40250,35,-1.637
40260,35,-1.65
40270,35,-1.656
40280,35,-1.637
40290,35,-1.644
40300,35,-1.644
40310,35,-1.644
40320,35,-1.637
40330,35,-1.644
40340,35,-1.65
40350,35,-1.65
40360,35,-1.65
40370,35,-1.644
40380,35,-1.65
40390,35,-1.662
40400,35,-1.644
40410,35,-1.644
40420,35,-1.644
40430,35,-1.65
40440,35,-1.644
40450,35,-1.644
40460,35,-1.65
40470,35,-1.662
40480,35,-1.656
40490,35,-1.65
40500,35,-1.644
40510,35,-1.65
40520,35,-1.656
40530,35,-1.637
40540,35,-1.65
40550,35,-1.637
40560,35,-1.644
40570,35,-1.631
40580,35,-1.644
40590,35,-1.65
40600,35,-1.65
40610,35,-1.644
40620,35,-1.637
40630,35,-1.631
40640,35,-1.644
40650,35,-1.637
40660,35,-1.65
40670,35,-1.65
40680,35,-1.644
40690,35,-1.637
40700,35,-1.65
40710,35,-1.644
40720,35,-1.631
40730,35,-1.644
40740,35,-1.65
40750,35,-1.656
40760,35,-1.644
40770,35,-1.656
40780,35,-1.644
40790,35,-1.65
40800,35,-1.656
40810,35,-1.65
40820,35,-1.65
40830,35,-1.644
40840,35,-1.656
40850,35,-1.656
40860,35,-1.656
40870,35,-1.656
40880,35,-1.662
40890,35,-1.662
40900,35,-1.662
40910,35,-1.65
40920,35,-1.656
40930,35,-1.65
40940,35,-1.656
40950,35,-1.65
40960,35,-1.656
40970,35,-1.662
40980,35,-1.656
40990,35,-1.644
41000,35,-1.65
41010,35,-1.65
41020,35,-1.644
41030,35,-1.65
41040,35,-1.656
41050,35,-1.65
41060,35,-1.644
41070,35,-1.644
41080,35,-1.644
41090,35,-1.644
41100,35,-1.644
41110,35,-1.662
41120,35,-1.65
41130,35,-1.656
41140,35,-1.656
41150,35,-1.65
41160,35,-1.65
41170,35,-1.65
41180,35,-1.644
41190,35,-1.65
41200,35,-1.65
41210,35,-1.644
41220,35,-1.656
41230,35,-1.644
41240,35,-1.637
41250,35,-1.631
41260,35,-1.637
41270,35,-1.631
41280,35,-1.631
41290,35,-1.644
41300,35,-1.644
41310,35,-1.65
41320,35,-1.644
41330,35,-1.644
41340,35,-1.644
41350,35,-1.644
41360,35,-1.644
41370,35,-1.644
41380,35,-1.65
41390,35,-1.637
41400,35,-1.656
41410,35,-1.644
41420,35,-1.637
41430,35,-1.644
41440,35,-1.65
41450,35,-1.65
41460,35,-1.65
41470,35,-1.637
41480,35,-1.637
41490,35,-1.637
41500,35,-1.644
41510,35,-1.644
41520,35,-1.644
41530,35,-1.65
41540,35,-1.637
41550,35,-1.637
41560,35,-1.644
41570,35,-1.644
41580,35,-1.631
41590,35,-1.644
41600,35,-1.644
41610,35,-1.644
41620,35,-1.65
41630,35,-1.65
41640,35,-1.656
41650,35,-1.65
41660,35,-1.656
41670,35,-1.65
41680,35,-1.644
41690,35,-1.644
41700,35,-1.637
41710,35,-1.644
41720,35,-1.644
41730,35,-1.637
41740,35,-1.644
41750,35,-1.637
41760,35,-1.631
41770,35,-1.631
41780,35,-1.637
41790,35,-1.644
41800,35,-1.637
41810,35,-1.644
41820,35,-1.644
41830,35,-1.644
41840,35,-1.65
41850,35,-1.644
41860,35,-1.65
41870,35,-1.65
41880,35,-1.644
41890,35,-1.644
41900,35,-1.65
41910,35,-1.65
41920,35,-1.631
41930,35,-1.644
41940,35,-1.644
41950,35,-1.644
41960,35,-1.65
41970,35,-1.637
41980,35,-1.637
41990,35,-1.65
42000,35,-1.644
42010,40,-1.656
42020,40,-1.65
42030,40,-1.656
42040,40,-1.644
42050,40,-1.65
42060,40,-1.644
42070,40,-1.637
42080,40,-1.65
42090,40,-1.637
42100,40,-1.644
42110,40,-1.637
42120,40,-1.644
42130,40,-1.644
42140,40,-1.631
42150,40,-1.644
42160,40,-1.625
42170,40,-1.631
42180,40,-1.637
42190,40,-1.644
42200,40,-1.656
42210,40,-1.656
42220,40,-1.644
42230,40,-1.65
42240,40,-1.65
42250,40,-1.65
42260,40,-1.644
42270,40,-1.644
42280,40,-1.65
42290,40,-1.644
42300,40,-1.65
42310,40,-1.644
42320,40,-1.637
42330,40,-1.637
42340,40,-1.637
42350,40,-1.637
42360,40,-1.637
42370,40,-1.637
42380,40,-1.631
42390,40,-1.631
42400,40,-1.637
42410,40,-1.65
42420,40,-1.644
42430,40,-1.644
42440,40,-1.65
42450,40,-1.631
42460,40,-1.637
42470,40,-1.631
42480,40,-1.644
42490,40,-1.65
42500,40,-1.637
42510,40,-1.637
42520,40,-1.644
42530,40,-1.637
42540,40,-1.65
42550,40,-1.631
42560,40,-1.637
42570,40,-1.65
42580,40,-1.637
42590,40,-1.637
42600,40,-1.631
42610,40,-1.631
42620,40,-1.644
42630,40,-1.637
42640,40,-1.637
42650,40,-1.631
42660,40,-1.644
42670,40,-1.644
42680,40,-1.644
42690,40,-1.637
42700,40,-1.637
42710,40,-1.637
42720,40,-1.637
42730,40,-1.637
42740,40,-1.637
42750,40,-1.637
42760,40,-1.644
42770,40,-1.65
42780,40,-1.631
42790,40,-1.637
42800,40,-1.631
42810,40,-1.625
42820,40,-1.631
42830,40,-1.637
42840,40,-1.644
42850,40,-1.644
42860,40,-1.637
42870,40,-1.631
42880,40,-1.637
42890,40,-1.625
42900,40,-1.625
42910,40,-1.631
42920,40,-1.644
42930,40,-1.612
42940,40,-1.625
42950,40,-1.631
42960,40,-1.644
42970,40,-1.631
42980,40,-1.637
42990,40,-1.631
43000,40,-1.637
43010,40,-1.637
43020,40,-1.631
43030,40,-1.631
43040,40,-1.625
43050,40,-1.631
43060,40,-1.637
43070,40,-1.637
43080,40,-1.637
43090,40,-1.637
43100,40,-1.65
43110,40,-1.644
43120,40,-1.637
43130,40,-1.644
43140,40,-1.644
43150,40,-1.637
43160,40,-1.631
43170,40,-1.644
43180,40,-1.637
43190,40,-1.656
43200,40,-1.644
43210,40,-1.644
43220,40,-1.644
43230,40,-1.637
43240,40,-1.644
43250,40,-1.637
43260,40,-1.644
43270,40,-1.637
43280,40,-1.644
43290,40,-1.644
43300,40,-1.637
43310,40,-1.631
43320,40,-1.644
43330,40,-1.644
43340,40,-1.631
43350,40,-1.637
43360,40,-1.644
43370,40,-1.637
43380,40,-1.644
43390,40,-1.644
43400,40,-1.65
43410,40,-1.637
43420,40,-1.644
43430,40,-1.644
43440,40,-1.644
43450,40,-1.656
43460,40,-1.644
43470,40,-1.644
43480,40,-1.644
43490,40,-1.637
43500,40,-1.65
43510,40,-1.637
43520,40,-1.637
43530,40,-1.637
43540,40,-1.637
43550,40,-1.637
43560,40,-1.65
43570,40,-1.637
43580,40,-1.644
43590,40,-1.637
43600,40,-1.631
43610,40,-1.644
43620,40,-1.631
43630,40,-1.644
43640,40,-1.631
43650,40,-1.637
43660,40,-1.637
43670,40,-1.644
43680,40,-1.644
43690,40,-1.644
43700,40,-1.637
43710,40,-1.631
43720,40,-1.631
43730,40,-1.631
43740,40,-1.637
43750,40,-1.644
43760,40,-1.631
43770,40,-1.637
43780,40,-1.644
43790,40,-1.65
43800,40,-1.644
43810,40,-1.637
43820,40,-1.631
43830,40,-1.631
43840,40,-1.637
43850,40,-1.625
43860,40,-1.644
43870,40,-1.65
43880,40,-1.644
43890,40,-1.637
43900,40,-1.644
43910,40,-1.631
43920,40,-1.637
43930,40,-1.644
43940,40,-1.631
43950,40,-1.631
43960,40,-1.644
43970,40,-1.631
43980,40,-1.625
43990,40,-1.637
44000,40,-1.65
44010,40,-1.644
44020,40,-1.644
44030,40,-1.65
44040,40,-1.637
44050,40,-1.637
44060,40,-1.637
44070,40,-1.637
44080,40,-1.644
44090,40,-1.65
44100,40,-1.637
44110,40,-1.644
44120,40,-1.656
44130,40,-1.644
44140,40,-1.637
44150,40,-1.644
44160,40,-1.637
44170,40,-1.656
44180,40,-1.65
44190,40,-1.65
44200,40,-1.65
44210,40,-1.644
44220,40,-1.65
44230,40,-1.637
44240,40,-1.637
44250,40,-1.644
44260,40,-1.644
44270,40,-1.644
44280,40,-1.637
44290,40,-1.65
44300,40,-1.65
44310,40,-1.637
44320,40,-1.637
44330,40,-1.644
44340,40,-1.644
44350,40,-1.644
44360,40,-1.637
44370,40,-1.65
44380,40,-1.644
44390,40,-1.65
44400,40,-1.644
44410,40,-1.65
44420,40,-1.644
44430,40,-1.644
44440,40,-1.644
44450,40,-1.637
44460,40,-1.65
44470,40,-1.625
44480,40,-1.65
44490,40,-1.637
44500,40,-1.644
44510,40,-1.65
44520,40,-1.631
44530,40,-1.637
44540,40,-1.65
44550,40,-1.637
44560,40,-1.637
44570,40,-1.644
44580,40,-1.637
44590,40,-1.637
44600,40,-1.644
44610,40,-1.644
44620,40,-1.631
44630,40,-1.637
44640,40,-1.644
44650,40,-1.637
44660,40,-1.637
44670,40,-1.637
44680,40,-1.644
44690,40,-1.637
44700,40,-1.644
44710,40,-1.644
44720,40,-1.65
44730,40,-1.644
44740,40,-1.637
44750,40,-1.644
44760,40,-1.644
44770,40,-1.65
44780,40,-1.637
44790,40,-1.644
44800,40,-1.637
44810,40,-1.637
44820,40,-1.65
44830,40,-1.637
44840,40,-1.644
44850,40,-1.656
44860,40,-1.644
44870,40,-1.644
44880,40,-1.65
44890,40,-1.644
44900,40,-1.644
44910,40,-1.637
44920,40,-1.637
44930,40,-1.644
44940,40,-1.631
44950,40,-1.637
44960,40,-1.65
44970,40,-1.637
44980,40,-1.644
44990,40,-1.65
45000,40,-1.644
45010,40,-1.631
45020,40,-1.637
45030,40,-1.644
45040,40,-1.637
45050,40,-1.637
45060,40,-1.65
45070,40,-1.644
45080,40,-1.644
45090,40,-1.637
45100,40,-1.644
45110,40,-1.65
45120,40,-1.65
45130,40,-1.644
45140,40,-1.631
45150,40,-1.644
45160,40,-1.65
45170,40,-1.644
45180,40,-1.637
45190,40,-1.644
45200,40,-1.644
45210,40,-1.637
45220,40,-1.65
45230,40,-1.644
45240,40,-1.65
45250,40,-1.644
45260,40,-1.644
45270,40,-1.637
45280,40,-1.637
45290,40,-1.631
45300,40,-1.644
45310,40,-1.637
45320,40,-1.644
45330,40,-1.637
45340,40,-1.637
45350,40,-1.65
45360,40,-1.631
45370,40,-1.644
45380,40,-1.637
45390,40,-1.644
45400,40,-1.637
45410,40,-1.637
45420,40,-1.637
45430,40,-1.637
45440,40,-1.637
45450,40,-1.637
45460,40,-1.637
45470,40,-1.631
45480,40,-1.631
45490,40,-1.637
45500,40,-1.637
45510,40,-1.637
45520,40,-1.625
45530,40,-1.631
45540,40,-1.631
45550,40,-1.637
45560,40,-1.637
45570,40,-1.631
45580,40,-1.631
45590,40,-1.631
45600,40,-1.631
45610,40,-1.631
45620,40,-1.631
45630,40,-1.619
45640,40,-1.625
45650,40,-1.625
45660,40,-1.631
45670,40,-1.625
45680,40,-1.631
45690,40,-1.631
45700,40,-1.631
45710,40,-1.637
45720,40,-1.619
45730,40,-1.631
45740,40,-1.637
45750,40,-1.637
45760,40,-1.631
45770,40,-1.625
45780,40,-1.625
45790,40,-1.631
45800,40,-1.625
45810,40,-1.631
45820,40,-1.619
45830,40,-1.631
45840,40,-1.637
45850,40,-1.625
45860,40,-1.637
45870,40,-1.637
45880,40,-1.637
45890,40,-1.637
45900,40,-1.631
45910,40,-1.637
45920,40,-1.637
45930,40,-1.631
45940,40,-1.644
45950,40,-1.631
45960,40,-1.631
45970,40,-1.644
45980,40,-1.625
45990,40,-1.631
46000,40,-1.631
46010,40,-1.631
46020,40,-1.625
46030,40,-1.637
46040,40,-1.631
46050,40,-1.631
46060,40,-1.625
46070,40,-1.619
46080,40,-1.625
46090,40,-1.619
46100,40,-1.625
46110,40,-1.619
46120,40,-1.619
46130,40,-1.625
46140,40,-1.619
46150,40,-1.619
46160,40,-1.619
46170,40,-1.625
46180,40,-1.619
46190,40,-1.625
46200,40,-1.625
46210,40,-1.619
46220,40,-1.625
46230,40,-1.625
46240,40,-1.619
46250,40,-1.625
46260,40,-1.619
46270,40,-1.619
46280,40,-1.625
46290,40,-1.625
46300,40,-1.612
46310,40,-1.625
46320,40,-1.631
46330,40,-1.631
46340,40,-1.625
46350,40,-1.637
46360,40,-1.637
46370,40,-1.631
46380,40,-1.625
46390,40,-1.625
46400,40,-1.625
46410,40,-1.619
46420,40,-1.631
46430,40,-1.625
46440,40,-1.625
46450,40,-1.625
46460,40,-1.631
46470,40,-1.625
46480,40,-1.637
46490,40,-1.631
46500,40,-1.631
46510,40,-1.631
46520,40,-1.625
46530,40,-1.631
46540,40,-1.619
46550,40,-1.631
46560,40,-1.625
46570,40,-1.625
46580,40,-1.631
46590,40,-1.625
46600,40,-1.619
46610,40,-1.631
46620,40,-1.637
46630,40,-1.619
46640,40,-1.625
46650,40,-1.619
46660,40,-1.625
46670,40,-1.625
46680,40,-1.619
46690,40,-1.619
46700,40,-1.625
46710,40,-1.6
46720,40,-1.612
46730,40,-1.619
46740,40,-1.625
46750,40,-1.619
46760,40,-1.612
46770,40,-1.625
46780,40,-1.631
46790,40,-1.612
46800,40,-1.612
46810,40,-1.631
46820,40,-1.619
46830,40,-1.612
46840,40,-1.631
46850,40,-1.619
46860,40,-1.625
46870,40,-1.625
46880,40,-1.625
46890,40,-1.625
46900,40,-1.612
46910,40,-1.612
46920,40,-1.612
46930,40,-1.619
46940,40,-1.619
46950,40,-1.619
46960,40,-1.619
46970,40,-1.619
46980,40,-1.612
46990,40,-1.619
47000,40,-1.619
47010,45,-1.619
47020,45,-1.619
47030,45,-1.619
47040,45,-1.631
47050,45,-1.631
47060,45,-1.631
47070,45,-1.625
47080,45,-1.619
47090,45,-1.625
47100,45,-1.619
47110,45,-1.631
47120,45,-1.625
47130,45,-1.637
47140,45,-1.625
47150,45,-1.625
47160,45,-1.631
47170,45,-1.631
47180,45,-1.631
47190,45,-1.619
47200,45,-1.612
47210,45,-1.625
47220,45,-1.619
47230,45,-1.625
47240,45,-1.619
47250,45,-1.612
47260,45,-1.625
47270,45,-1.625
47280,45,-1.619
47290,45,-1.619
47300,45,-1.625
47310,45,-1.606
47320,45,-1.619
47330,45,-1.612
47340,45,-1.612
47350,45,-1.612
47360,45,-1.619
47370,45,-1.612
47380,45,-1.612
47390,45,-1.619
47400,45,-1.612
47410,45,-1.619
47420,45,-1.631
47430,45,-1.612
47440,45,-1.619
47450,45,-1.619
47460,45,-1.619
47470,45,-1.619
47480,45,-1.612
47490,45,-1.625
47500,45,-1.619
47510,45,-1.619
47520,45,-1.625
47530,45,-1.625
47540,45,-1.625
47550,45,-1.625
47560,45,-1.625
47570,45,-1.625
47580,45,-1.619
47590,45,-1.625
47600,45,-1.625
47610,45,-1.619
47620,45,-1.625
47630,45,-1.625
47640,45,-1.619
47650,45,-1.619
47660,45,-1.619
47670,45,-1.619
47680,45,-1.619
47690,45,-1.612
47700,45,-1.612
47710,45,-1.619
47720,45,-1.619
47730,45,-1.631
47740,45,-1.631
47750,45,-1.631
47760,45,-1.631
47770,45,-1.625
47780,45,-1.637
47790,45,-1.619
47800,45,-1.625
47810,45,-1.6
47820,45,-1.612
47830,45,-1.619
47840,45,-1.612
47850,45,-1.612
47860,45,-1.612
47870,45,-1.612
47880,45,-1.606
47890,45,-1.606
47900,45,-1.606
47910,45,-1.612
47920,45,-1.612
47930,45,-1.612
47940,45,-1.612
47950,45,-1.612
47960,45,-1.625
47970,45,-1.619
47980,45,-1.612
47990,45,-1.594
48000,45,-1.612
48010,45,-1.606
48020,45,-1.612
48030,45,-1.612
48040,45,-1.606
48050,45,-1.606
48060,45,-1.6
48070,45,-1.606
48080,45,-1.6
48090,45,-1.612
48100,45,-1.606
48110,45,-1.619
48120,45,-1.612
48130,45,-1.606
48140,45,-1.619
48150,45,-1.6
48160,45,-1.606
48170,45,-1.606
48180,45,-1.619
48190,45,-1.612
48200,45,-1.612
48210,45,-1.606
48220,45,-1.619
48230,45,-1.6
48240,45,-1.619
48250,45,-1.612
48260,45,-1.619
48270,45,-1.619
48280,45,-1.625
48290,45,-1.606
48300,45,-1.625
48310,45,-1.619
48320,45,-1.625
48330,45,-1.619
48340,45,-1.606
48350,45,-1.625
48360,45,-1.619
48370,45,-1.612
48380,45,-1.612
48390,45,-1.619
48400,45,-1.606
48410,45,-1.612
48420,45,-1.612
48430,45,-1.619
48440,45,-1.612
48450,45,-1.6
48460,45,-1.612
48470,45,-1.612
48480,45,-1.612
48490,45,-1.606
48500,45,-1.619
48510,45,-1.606
48520,45,-1.619
48530,45,-1.606
48540,45,-1.6
48550,45,-1.606
48560,45,-1.6
48570,45,-1.606
48580,45,-1.612
48590,45,-1.6
48600,45,-1.594
48610,45,-1.606
48620,45,-1.606
48630,45,-1.6
48640,45,-1.612
48650,45,-1.6
48660,45,-1.587
48670,45,-1.594
48680,45,-1.6
48690,45,-1.6
48700,45,-1.594
48710,45,-1.594
48720,45,-1.587
48730,45,-1.594
48740,45,-1.587
48750,45,-1.594
48760,45,-1.6
48770,45,-1.594
48780,45,-1.587
48790,45,-1.594
48800,45,-1.606
48810,45,-1.6
48820,45,-1.594
48830,45,-1.594
48840,45,-1.6
48850,45,-1.587
48860,45,-1.6
48870,45,-1.606
48880,45,-1.6
48890,45,-1.594
48900,45,-1.6
48910,45,-1.6
48920,45,-1.606
48930,45,-1.587
48940,45,-1.6
48950,45,-1.606
48960,45,-1.6
48970,45,-1.594
48980,45,-1.6
48990,45,-1.6
49000,45,-1.6
49010,45,-1.612
49020,45,-1.606
49030,45,-1.606
49040,45,-1.606
49050,45,-1.612
49060,45,-1.606
49070,45,-1.612
49080,45,-1.6
49090,45,-1.619
49100,45,-1.612
49110,45,-1.606
49120,45,-1.612
49130,45,-1.612
49140,45,-1.612
49150,45,-1.6
49160,45,-1.612
49170,45,-1.6
49180,45,-1.612
49190,45,-1.6
49200,45,-1.606
49210,45,-1.606
49220,45,-1.6
49230,45,-1.594
49240,45,-1.594
49250,45,-1.6
49260,45,-1.6
49270,45,-1.6
49280,45,-1.587
49290,45,-1.587
49300,45,-1.594
49310,45,-1.6
49320,45,-1.6
49330,45,-1.594
49340,45,-1.594
49350,45,-1.606
49360,45,-1.6
49370,45,-1.594
49380,45,-1.594
49390,45,-1.606
49400,45,-1.6
49410,45,-1.606
49420,45,-1.594
49430,45,-1.594
49440,45,-1.594
49450,45,-1.6
49460,45,-1.6
49470,45,-1.6
49480,45,-1.587
49490,45,-1.6
49500,45,-1.594
49510,45,-1.581
49520,45,-1.594
49530,45,-1.594
49540,45,-1.594
49550,45,-1.581
49560,45,-1.594
49570,45,-1.6
49580,45,-1.6
49590,45,-1.6
49600,45,-1.575
49610,45,-1.594
49620,45,-1.6
49630,45,-1.587
49640,45,-1.587
49650,45,-1.6
49660,45,-1.6
49670,45,-1.587
49680,45,-1.6
49690,45,-1.587
49700,45,-1.6
49710,45,-1.587
49720,45,-1.594
49730,45,-1.581
49740,45,-1.587
49750,45,-1.587
49760,45,-1.6
49770,45,-1.594
49780,45,-1.6
49790,45,-1.6
49800,45,-1.6
49810,45,-1.581
49820,45,-1.587
49830,45,-1.606
49840,45,-1.6
49850,45,-1.6
49860,45,-1.6
49870,45,-1.606
49880,45,-1.6
49890,45,-1.606
49900,45,-1.594
49910,45,-1.594
49920,45,-1.6
49930,45,-1.606
49940,45,-1.6
49950,45,-1.6
49960,45,-1.594
49970,45,-1.594
49980,45,-1.594
49990,45,-1.594
50000,45,-1.594
50010,45,-1.581
50020,45,-1.594
50030,45,-1.594
50040,45,-1.594
50050,45,-1.594
50060,45,-1.594
50070,45,-1.587
50080,45,-1.587
50090,45,-1.594
50100,45,-1.594
50110,45,-1.587
50120,45,-1.594
50130,45,-1.581
50140,45,-1.587
50150,45,-1.6
50160,45,-1.594
50170,45,-1.594
50180,45,-1.581
50190,45,-1.581
50200,45,-1.594
50210,45,-1.575
50220,45,-1.594
50230,45,-1.587
50240,45,-1.594
50250,45,-1.594
50260,45,-1.594
50270,45,-1.587
50280,45,-1.587
50290,45,-1.581
50300,45,-1.581
50310,45,-1.581
50320,45,-1.594
50330,45,-1.594
50340,45,-1.581
50350,45,-1.569
50360,45,-1.581
50370,45,-1.575
50380,45,-1.581
50390,45,-1.581
50400,45,-1.581
50410,45,-1.581
50420,45,-1.575
50430,45,-1.581
50440,45,-1.575
50450,45,-1.581
50460,45,-1.575
50470,45,-1.587
50480,45,-1.594
50490,45,-1.587
50500,45,-1.581
50510,45,-1.575
50520,45,-1.575
50530,45,-1.575
50540,45,-1.575
50550,45,-1.575
50560,45,-1.587
50570,45,-1.581
50580,45,-1.575
50590,45,-1.569
50600,45,-1.575
50610,45,-1.587
50620,45,-1.569
50630,45,-1.575
50640,45,-1.594
50650,45,-1.581
50660,45,-1.587
50670,45,-1.575
50680,45,-1.587
50690,45,-1.6
50700,45,-1.581
50710,45,-1.587
50720,45,-1.581
50730,45,-1.581
50740,45,-1.575
50750,45,-1.6
50760,45,-1.594
50770,45,-1.587
50780,45,-1.587
50790,45,-1.6
50800,45,-1.6
50810,45,-1.594
50820,45,-1.587
50830,45,-1.587
50840,45,-1.594
50850,45,-1.575
50860,45,-1.581
50870,45,-1.587
50880,45,-1.587
50890,45,-1.581
50900,45,-1.581
50910,45,-1.587
50920,45,-1.594
50930,45,-1.581
50940,45,-1.581
50950,45,-1.575
50960,45,-1.569
50970,45,-1.581
50980,45,-1.569
50990,45,-1.581
51000,45,-1.581
51010,45,-1.581
51020,45,-1.569
51030,45,-1.581
51040,45,-1.581
51050,45,-1.581
51060,45,-1.575
51070,45,-1.587
51080,45,-1.575
51090,45,-1.562
51100,45,-1.562
51110,45,-1.569
51120,45,-1.562
51130,45,-1.562
51140,45,-1.569
51150,45,-1.562
51160,45,-1.575
51170,45,-1.562
51180,45,-1.581
51190,45,-1.569
51200,45,-1.575
51210,45,-1.569
51220,45,-1.569
51230,45,-1.575
51240,45,-1.581
51250,45,-1.581
51260,45,-1.569
51270,45,-1.587
51280,45,-1.587
51290,45,-1.581
51300,45,-1.575
51310,45,-1.581
51320,45,-1.562
51330,45,-1.575
51340,45,-1.575
51350,45,-1.575
51360,45,-1.556
51370,45,-1.575
51380,45,-1.587
51390,45,-1.587
51400,45,-1.581
51410,45,-1.581
51420,45,-1.575
51430,45,-1.569
51440,45,-1.575
51450,45,-1.569
51460,45,-1.587
51470,45,-1.575
51480,45,-1.569
51490,45,-1.575
51500,45,-1.581
51510,45,-1.575
51520,45,-1.562
51530,45,-1.569
51540,45,-1.569
51550,45,-1.556
51560,45,-1.575
51570,45,-1.569
51580,45,-1.581
51590,45,-1.569
51600,45,-1.562
51610,45,-1.562
51620,45,-1.575
51630,45,-1.562
51640,45,-1.581
51650,45,-1.575
51660,45,-1.575
51670,45,-1.569
51680,45,-1.562
51690,45,-1.575
51700,45,-1.562
51710,45,-1.556
51720,45,-1.562
51730,45,-1.55
51740,45,-1.562
51750,45,-1.562
51760,45,-1.556
51770,45,-1.562
51780,45,-1.569
51790,45,-1.569
51800,45,-1.575
51810,45,-1.562
51820,45,-1.562
51830,45,-1.575
51840,45,-1.575
51850,45,-1.562
51860,45,-1.569
51870,45,-1.575
51880,45,-1.575
51890,45,-1.569
51900,45,-1.575
51910,45,-1.575
51920,45,-1.569
51930,45,-1.587
51940,45,-1.575
51950,45,-1.575
51960,45,-1.575
51970,45,-1.562
51980,45,-1.562
51990,45,-1.556
52000,45,-1.562
52010,50,-1.575
52020,50,-1.562
52030,50,-1.55
52040,50,-1.562
52050,50,-1.569
52060,50,-1.575
52070,50,-1.575
52080,50,-1.575
52090,50,-1.575
52100,50,-1.569
52110,50,-1.569
52120,50,-1.569
52130,50,-1.55
52140,50,-1.55
52150,50,-1.569
52160,50,-1.55
52170,50,-1.556
52180,50,-1.544
52190,50,-1.562
52200,50,-1.569
52210,50,-1.569
52220,50,-1.569
52230,50,-1.569
52240,50,-1.569
52250,50,-1.575
52260,50,-1.562
52270,50,-1.556
52280,50,-1.569
52290,50,-1.569
52300,50,-1.562
52310,50,-1.569
52320,50,-1.569
52330,50,-1.562
52340,50,-1.569
52350,50,-1.575
52360,50,-1.569
52370,50,-1.55
52380,50,-1.575
52390,50,-1.569
52400,50,-1.556
52410,50,-1.562
52420,50,-1.556
52430,50,-1.569
52440,50,-1.562
52450,50,-1.569
52460,50,-1.569
52470,50,-1.569
52480,50,-1.569
52490,50,-1.569
52500,50,-1.569
52510,50,-1.562
52520,50,-1.55
52530,50,-1.569
52540,50,-1.569
52550,50,-1.556
52560,50,-1.569
52570,50,-1.556
52580,50,-1.562
52590,50,-1.55
52600,50,-1.556
52610,50,-1.556
52620,50,-1.55
52630,50,-1.569
52640,50,-1.562
52650,50,-1.562
52660,50,-1.562
52670,50,-1.562
52680,50,-1.569
52690,50,-1.569
52700,50,-1.562
52710,50,-1.55
52720,50,-1.55
52730,50,-1.569
52740,50,-1.569
52750,50,-1.562
52760,50,-1.562
52770,50,-1.569
52780,50,-1.556
52790,50,-1.556
52800,50,-1.55
52810,50,-1.556
52820,50,-1.562
52830,50,-1.544
52840,50,-1.55
52850,50,-1.55
52860,50,-1.556
52870,50,-1.55
52880,50,-1.544
52890,50,-1.544
52900,50,-1.544
52910,50,-1.55
52920,50,-1.544
52930,50,-1.55
52940,50,-1.544
52950,50,-1.55
52960,50,-1.55
52970,50,-1.544
52980,50,-1.556
52990,50,-1.556
53000,50,-1.556
53010,50,-1.562
53020,50,-1.556
53030,50,-1.544
53040,50,-1.556
53050,50,-1.556
53060,50,-1.544
53070,50,-1.531
53080,50,-1.544
53090,50,-1.544
53100,50,-1.556
53110,50,-1.55
53120,50,-1.562
53130,50,-1.55
53140,50,-1.556
53150,50,-1.544
53160,50,-1.55
53170,50,-1.55
53180,50,-1.556
53190,50,-1.544
53200,50,-1.556
53210,50,-1.544
53220,50,-1.55
53230,50,-1.544
53240,50,-1.544
53250,50,-1.562
53260,50,-1.544
53270,50,-1.55
53280,50,-1.55
53290,50,-1.55
53300,50,-1.55
53310,50,-1.55
53320,50,-1.544
53330,50,-1.569
53340,50,-1.55
53350,50,-1.531
53360,50,-1.55
53370,50,-1.544
53380,50,-1.537
53390,50,-1.544
53400,50,-1.55
53410,50,-1.544
53420,50,-1.544
53430,50,-1.556
53440,50,-1.55
53450,50,-1.531
53460,50,-1.544
53470,50,-1.537
53480,50,-1.537
53490,50,-1.531
53500,50,-1.537
53510,50,-1.544
53520,50,-1.55
53530,50,-1.537
53540,50,-1.537
53550,50,-1.537
53560,50,-1.537
53570,50,-1.544
53580,50,-1.525
53590,50,-1.537
53600,50,-1.537
53610,50,-1.562
53620,50,-1.544
53630,50,-1.537
53640,50,-1.55
53650,50,-1.525
53660,50,-1.537
53670,50,-1.55
53680,50,-1.525
53690,50,-1.537
53700,50,-1.531
53710,50,-1.525
53720,50,-1.519
53730,50,-1.537
53740,50,-1.544
53750,50,-1.544
53760,50,-1.544
53770,50,-1.537
53780,50,-1.537
53790,50,-1.531
53800,50,-1.537
53810,50,-1.544
53820,50,-1.537
53830,50,-1.544
53840,50,-1.544
53850,50,-1.55
53860,50,-1.544
53870,50,-1.544
53880,50,-1.537
53890,50,-1.544
53900,50,-1.544
53910,50,-1.55
53920,50,-1.544
53930,50,-1.55
53940,50,-1.531
53950,50,-1.531
53960,50,-1.537
53970,50,-1.537
53980,50,-1.537
53990,50,-1.531
54000,50,-1.55
54010,50,-1.537
54020,50,-1.544
54030,50,-1.537
54040,50,-1.544
54050,50,-1.537
54060,50,-1.55
54070,50,-1.537
54080,50,-1.544
54090,50,-1.537
54100,50,-1.55
54110,50,-1.544
54120,50,-1.55
54130,50,-1.537
54140,50,-1.544
54150,50,-1.55
54160,50,-1.537
54170,50,-1.537
54180,50,-1.544
54190,50,-1.55
54200,50,-1.537
54210,50,-1.55
54220,50,-1.531
54230,50,-1.537
54240,50,-1.531
54250,50,-1.537
54260,50,-1.544
54270,50,-1.537
54280,50,-1.537
54290,50,-1.544
54300,50,-1.537
54310,50,-1.55
54320,50,-1.531
54330,50,-1.531
54340,50,-1.531
54350,50,-1.531
54360,50,-1.537
54370,50,-1.537
54380,50,-1.537
54390,50,-1.525
54400,50,-1.531
54410,50,-1.525
54420,50,-1.525
54430,50,-1.531
54440,50,-1.531
54450,50,-1.537
54460,50,-1.537
54470,50,-1.525
54480,50,-1.531
54490,50,-1.537
54500,50,-1.531
54510,50,-1.531
54520,50,-1.531
54530,50,-1.537
54540,50,-1.537
54550,50,-1.537
54560,50,-1.525
54570,50,-1.531
54580,50,-1.537
54590,50,-1.531
54600,50,-1.537
54610,50,-1.537
54620,50,-1.531
54630,50,-1.537
54640,50,-1.525
54650,50,-1.531
54660,50,-1.531
54670,50,-1.537
54680,50,-1.537
54690,50,-1.531
54700,50,-1.537
54710,50,-1.537
54720,50,-1.537
54730,50,-1.519
54740,50,-1.537
54750,50,-1.531
54760,50,-1.519
54770,50,-1.525
54780,50,-1.525
54790,50,-1.531
54800,50,-1.519
54810,50,-1.537
54820,50,-1.525
54830,50,-1.531
54840,50,-1.531
54850,50,-1.531
54860,50,-1.537
54870,50,-1.537
54880,50,-1.537
54890,50,-1.531
54900,50,-1.531
54910,50,-1.544
54920,50,-1.531
54930,50,-1.531
54940,50,-1.531
54950,50,-1.525
54960,50,-1.525
54970,50,-1.519
54980,50,-1.531
54990,50,-1.531
55000,50,-1.525
55010,50,-1.537
55020,50,-1.525
55030,50,-1.531
55040,50,-1.531
55050,50,-1.531
55060,50,-1.531
55070,50,-1.525
55080,50,-1.537
55090,50,-1.537
55100,50,-1.531
55110,50,-1.531
55120,50,-1.537
55130,50,-1.537
55140,50,-1.525
55150,50,-1.519
55160,50,-1.525
55170,50,-1.531
55180,50,-1.525
55190,50,-1.525
55200,50,-1.531
55210,50,-1.537
55220,50,-1.531
55230,50,-1.537
55240,50,-1.531
55250,50,-1.531
55260,50,-1.531
55270,50,-1.537
55280,50,-1.531
55290,50,-1.531
55300,50,-1.525
55310,50,-1.525
55320,50,-1.525
55330,50,-1.519
55340,50,-1.519
55350,50,-1.531
55360,50,-1.525
55370,50,-1.519
55380,50,-1.531
55390,50,-1.525
55400,50,-1.519
55410,50,-1.519
55420,50,-1.506
55430,50,-1.519
55440,50,-1.512
55450,50,-1.519
55460,50,-1.519
55470,50,-1.512
55480,50,-1.519
55490,50,-1.525
55500,50,-1.525
55510,50,-1.525
55520,50,-1.519
55530,50,-1.525
55540,50,-1.519
55550,50,-1.525
55560,50,-1.525
55570,50,-1.531
55580,50,-1.525
55590,50,-1.519
55600,50,-1.512
55610,50,-1.512
55620,50,-1.506
55630,50,-1.512
55640,50,-1.512
55650,50,-1.512
55660,50,-1.519
55670,50,-1.519
55680,50,-1.519
55690,50,-1.531
55700,50,-1.525
55710,50,-1.512
55720,50,-1.512
55730,50,-1.506
55740,50,-1.506
55750,50,-1.512
55760,50,-1.5
55770,50,-1.512
55780,50,-1.506
55790,50,-1.512
55800,50,-1.506
55810,50,-1.5
55820,50,-1.512
55830,50,-1.512
55840,50,-1.506
55850,50,-1.5
55860,50,-1.5
55870,50,-1.506
55880,50,-1.512
55890,50,-1.5
55900,50,-1.506
55910,50,-1.512
55920,50,-1.506
55930,50,-1.506
55940,50,-1.506
55950,50,-1.512
55960,50,-1.512
55970,50,-1.512
55980,50,-1.506
55990,50,-1.506
56000,50,-1.512
56010,50,-1.506
56020,50,-1.506
56030,50,-1.506
56040,50,-1.506
56050,50,-1.5
56060,50,-1.506
56070,50,-1.5
56080,50,-1.494
56090,50,-1.5
56100,50,-1.5
56110,50,-1.5
56120,50,-1.5
56130,50,-1.5
56140,50,-1.5
56150,50,-1.494
56160,50,-1.5
56170,50,-1.494
56180,50,-1.5
56190,50,-1.5
56200,50,-1.487
56210,50,-1.494
56220,50,-1.494
56230,50,-1.494
56240,50,-1.494
56250,50,-1.5
56260,50,-1.506
56270,50,-1.5
56280,50,-1.5
56290,50,-1.494
56300,50,-1.494
56310,50,-1.5
56320,50,-1.487
56330,50,-1.481
56340,50,-1.494
56350,50,-1.494
56360,50,-1.494
56370,50,-1.494
56380,50,-1.487
56390,50,-1.5
56400,50,-1.487
56410,50,-1.487
56420,50,-1.494
56430,50,-1.487
56440,50,-1.481
56450,50,-1.487
56460,50,-1.487
56470,50,-1.5
56480,50,-1.487
56490,50,-1.487
56500,50,-1.506
56510,50,-1.5
56520,50,-1.494
56530,50,-1.494
56540,50,-1.494
56550,50,-1.494
56560,50,-1.487
56570,50,-1.487
56580,50,-1.5
56590,50,-1.5
56600,50,-1.494
56610,50,-1.487
56620,50,-1.494
56630,50,-1.494
56640,50,-1.506
56650,50,-1.506
56660,50,-1.487
56670,50,-1.5
56680,50,-1.506
56690,50,-1.494
56700,50,-1.494
56710,50,-1.5
56720,50,-1.494
56730,50,-1.5
56740,50,-1.5
56750,50,-1.481
56760,50,-1.5
56770,50,-1.494
56780,50,-1.487
56790,50,-1.494
56800,50,-1.494
56810,50,-1.494
56820,50,-1.487
56830,50,-1.494
56840,50,-1.494
56850,50,-1.487
56860,50,-1.494
56870,50,-1.5
56880,50,-1.506
56890,50,-1.487
56900,50,-1.494
56910,50,-1.494
56920,50,-1.494
56930,50,-1.5
56940,50,-1.494
56950,50,-1.494
56960,50,-1.5
56970,50,-1.5
56980,50,-1.494
56990,50,-1.494
57000,50,-1.494
57010,55,-1.506
57020,55,-1.494
57030,55,-1.487
57040,55,-1.5
57050,55,-1.481
57060,55,-1.5
57070,55,-1.487
57080,55,-1.487
57090,55,-1.481
57100,55,-1.487
57110,55,-1.487
57120,55,-1.481
57130,55,-1.494
57140,55,-1.481
57150,55,-1.487
57160,55,-1.475
57170,55,-1.481
57180,55,-1.475
57190,55,-1.487
57200,55,-1.481
57210,55,-1.475
57220,55,-1.481
57230,55,-1.481
57240,55,-1.481
57250,55,-1.475
57260,55,-1.469
57270,55,-1.481
57280,55,-1.469
57290,55,-1.475
57300,55,-1.481
57310,55,-1.481
57320,55,-1.475
57330,55,-1.469
57340,55,-1.481
57350,55,-1.481
57360,55,-1.481
57370,55,-1.481
57380,55,-1.475
57390,55,-1.475
57400,55,-1.481
57410,55,-1.469
57420,55,-1.475
57430,55,-1.469
57440,55,-1.475
57450,55,-1.481
57460,55,-1.469
57470,55,-1.475
57480,55,-1.487
57490,55,-1.481
57500,55,-1.481
57510,55,-1.475
57520,55,-1.469
57530,55,-1.481
57540,55,-1.481
57550,55,-1.481
57560,55,-1.487
57570,55,-1.487
57580,55,-1.481
57590,55,-1.481
57600,55,-1.475
57610,55,-1.487
57620,55,-1.475
57630,55,-1.481
57640,55,-1.475
57650,55,-1.481
57660,55,-1.481
57670,55,-1.469
57680,55,-1.469
57690,55,-1.475
57700,55,-1.469
57710,55,-1.481
57720,55,-1.475
57730,55,-1.475
57740,55,-1.481
57750,55,-1.475
57760,55,-1.469
57770,55,-1.475
57780,55,-1.469
57790,55,-1.481
57800,55,-1.469
57810,55,-1.469
57820,55,-1.469
57830,55,-1.469
57840,55,-1.469
57850,55,-1.475
57860,55,-1.469
57870,55,-1.475
57880,55,-1.469
57890,55,-1.475
57900,55,-1.469
57910,55,-1.469
57920,55,-1.469
57930,55,-1.469
57940,55,-1.475
57950,55,-1.475
57960,55,-1.481
57970,55,-1.475
57980,55,-1.469
57990,55,-1.481
58000,55,-1.469
58010,55,-1.462
58020,55,-1.469
58030,55,-1.475
58040,55,-1.462
58050,55,-1.475
58060,55,-1.462
58070,55,-1.475
58080,55,-1.475
58090,55,-1.469
58100,55,-1.462
58110,55,-1.475
58120,55,-1.475
58130,55,-1.475
58140,55,-1.475
58150,55,-1.475
58160,55,-1.475
58170,55,-1.469
58180,55,-1.469
58190,55,-1.469
58200,55,-1.469
58210,55,-1.475
58220,55,-1.469
58230,55,-1.462
58240,55,-1.475
58250,55,-1.456
58260,55,-1.462
58270,55,-1.462
58280,55,-1.456
58290,55,-1.456
58300,55,-1.456
58310,55,-1.456
58320,55,-1.462
58330,55,-1.469
58340,55,-1.469
58350,55,-1.469
58360,55,-1.469
58370,55,-1.462
58380,55,-1.462
58390,55,-1.469
58400,55,-1.456
58410,55,-1.462
58420,55,-1.462
58430,55,-1.462
58440,55,-1.45
58450,55,-1.462
58460,55,-1.456
58470,55,-1.462
58480,55,-1.456
58490,55,-1.462
58500,55,-1.462
58510,55,-1.456
58520,55,-1.462
58530,55,-1.456
58540,55,-1.469
58550,55,-1.462
58560,55,-1.462
58570,55,-1.475
58580,55,-1.456
58590,55,-1.462
58600,55,-1.462
58610,55,-1.469
58620,55,-1.462
58630,55,-1.469
58640,55,-1.462
58650,55,-1.462
58660,55,-1.456
58670,55,-1.456
58680,55,-1.462
58690,55,-1.462
58700,55,-1.462
58710,55,-1.45
58720,55,-1.456
58730,55,-1.462
58740,55,-1.45
58750,55,-1.456
58760,55,-1.45
58770,55,-1.45
58780,55,-1.456
58790,55,-1.45
58800,55,-1.444
58810,55,-1.444
58820,55,-1.444
58830,55,-1.45
58840,55,-1.45
58850,55,-1.45
58860,55,-1.456
58870,55,-1.456
58880,55,-1.462
58890,55,-1.456
58900,55,-1.45
58910,55,-1.45
58920,55,-1.444
58930,55,-1.456
58940,55,-1.45
58950,55,-1.45
58960,55,-1.444
58970,55,-1.444
58980,55,-1.444
58990,55,-1.444
59000,55,-1.444
59010,55,-1.456
59020,55,-1.45
59030,55,-1.462
59040,55,-1.444
59050,55,-1.45
59060,55,-1.437
59070,55,-1.444
59080,55,-1.444
59090,55,-1.444
59100,55,-1.444
59110,55,-1.437
59120,55,-1.437
59130,55,-1.437
59140,55,-1.444
59150,55,-1.437
59160,55,-1.45
59170,55,-1.45
59180,55,-1.437
59190,55,-1.45
59200,55,-1.45
59210,55,-1.437
59220,55,-1.437
59230,55,-1.444
59240,55,-1.437
59250,55,-1.444
59260,55,-1.444
59270,55,-1.444
59280,55,-1.437
59290,55,-1.437
59300,55,-1.444
59310,55,-1.437
59320,55,-1.444
59330,55,-1.437
59340,55,-1.437
59350,55,-1.444
59360,55,-1.431
59370,55,-1.437
59380,55,-1.437
59390,55,-1.431
59400,55,-1.431
59410,55,-1.431
59420,55,-1.431
59430,55,-1.425
59440,55,-1.419
59450,55,-1.419
59460,55,-1.425
59470,55,-1.419
59480,55,-1.425
59490,55,-1.425
59500,55,-1.425
59510,55,-1.431
59520,55,-1.431
59530,55,-1.431
59540,55,-1.431
59550,55,-1.437
59560,55,-1.431
59570,55,-1.431
59580,55,-1.419
59590,55,-1.419
59600,55,-1.425
59610,55,-1.419
59620,55,-1.412
59630,55,-1.425
59640,55,-1.412
59650,55,-1.425
59660,55,-1.425
59670,55,-1.412
59680,55,-1.406
59690,55,-1.406
59700,55,-1.406
59710,55,-1.412
59720,55,-1.406
59730,55,-1.419
59740,55,-1.419
59750,55,-1.412
59760,55,-1.419
59770,55,-1.412
59780,55,-1.412
59790,55,-1.412
59800,55,-1.412
59810,55,-1.412
59820,55,-1.412
59830,55,-1.419
59840,55,-1.419
59850,55,-1.419
59860,55,-1.406
59870,55,-1.412
59880,55,-1.406
59890,55,-1.412
59900,55,-1.406
59910,55,-1.412
59920,55,-1.406
59930,55,-1.412
59940,55,-1.412
59950,55,-1.425
59960,55,-1.425
59970,55,-1.425
59980,55,-1.412
59990,55,-1.412
60000,55,-1.412
60010,55,-1.412
60020,55,-1.412
60030,55,-1.406
60040,55,-1.412
60050,55,-1.419
60060,55,-1.419
60070,55,-1.419
60080,55,-1.412
60090,55,-1.406
60100,55,-1.419
60110,55,-1.406
60120,55,-1.4
60130,55,-1.412
60140,55,-1.406
60150,55,-1.412
60160,55,-1.406
60170,55,-1.406
60180,55,-1.406
60190,55,-1.406
60200,55,-1.412
60210,55,-1.412
60220,55,-1.412
60230,55,-1.419
60240,55,-1.412
60250,55,-1.412
60260,55,-1.406
60270,55,-1.4
60280,55,-1.406
60290,55,-1.412
60300,55,-1.412
60310,55,-1.4
60320,55,-1.406
60330,55,-1.412
60340,55,-1.406
60350,55,-1.412
60360,55,-1.412
60370,55,-1.412
60380,55,-1.412
60390,55,-1.4
60400,55,-1.4
60410,55,-1.419
60420,55,-1.412
60430,55,-1.412
60440,55,-1.406
60450,55,-1.406
60460,55,-1.394
60470,55,-1.406
60480,55,-1.406
60490,55,-1.4
60500,55,-1.406
60510,55,-1.406
60520,55,-1.4
60530,55,-1.4
60540,55,-1.406
60550,55,-1.406
60560,55,-1.4
60570,55,-1.4
60580,55,-1.4
60590,55,-1.4
60600,55,-1.406
60610,55,-1.394
60620,55,-1.4
60630,55,-1.394
60640,55,-1.387
60650,55,-1.4
60660,55,-1.394
60670,55,-1.387
60680,55,-1.394
60690,55,-1.387
60700,55,-1.394
60710,55,-1.387
60720,55,-1.4
60730,55,-1.4
60740,55,-1.387
60750,55,-1.4
60760,55,-1.394
60770,55,-1.4
60780,55,-1.4
60790,55,-1.381
60800,55,-1.387
60810,55,-1.387
60820,55,-1.406
60830,55,-1.4
60840,55,-1.387
60850,55,-1.4
60860,55,-1.394
60870,55,-1.381
60880,55,-1.387
60890,55,-1.394
60900,55,-1.4
60910,55,-1.394
60920,55,-1.387
60930,55,-1.4
60940,55,-1.387
60950,55,-1.387
60960,55,-1.394
60970,55,-1.394
60980,55,-1.387
60990,55,-1.387
61000,55,-1.406
61010,55,-1.394
61020,55,-1.387
61030,55,-1.4
61040,55,-1.394
61050,55,-1.369
61060,55,-1.387
61070,55,-1.394
61080,55,-1.394
61090,55,-1.394
61100,55,-1.381
61110,55,-1.387
61120,55,-1.381
61130,55,-1.387
61140,55,-1.394
61150,55,-1.375
61160,55,-1.387
61170,55,-1.375
61180,55,-1.375
61190,55,-1.375
61200,55,-1.375
61210,55,-1.375
61220,55,-1.375
61230,55,-1.381
61240,55,-1.381
61250,55,-1.375
61260,55,-1.375
61270,55,-1.375
61280,55,-1.381
61290,55,-1.387
61300,55,-1.381
61310,55,-1.381
61320,55,-1.381
61330,55,-1.375
61340,55,-1.387
61350,55,-1.381
61360,55,-1.375
61370,55,-1.381
61380,55,-1.375
61390,55,-1.381
61400,55,-1.381
61410,55,-1.375
61420,55,-1.387
61430,55,-1.381
61440,55,-1.369
61450,55,-1.375
61460,55,-1.381
61470,55,-1.369
61480,55,-1.381
61490,55,-1.375
61500,55,-1.375
61510,55,-1.375
61520,55,-1.381
61530,55,-1.375
61540,55,-1.381
61550,55,-1.387
61560,55,-1.381
61570,55,-1.381
61580,55,-1.381
61590,55,-1.375
61600,55,-1.387
61610,55,-1.387
61620,55,-1.375
61630,55,-1.381
61640,55,-1.381
61650,55,-1.375
61660,55,-1.369
61670,55,-1.375
61680,55,-1.381
61690,55,-1.375
61700,55,-1.381
61710,55,-1.381
61720,55,-1.381
61730,55,-1.387
61740,55,-1.375
61750,55,-1.369
61760,55,-1.381
61770,55,-1.381
61780,55,-1.381
61790,55,-1.375
61800,55,-1.375
61810,55,-1.369
61820,55,-1.381
61830,55,-1.375
61840,55,-1.381
61850,55,-1.369
61860,55,-1.369
61870,55,-1.375
61880,55,-1.375
61890,55,-1.369
61900,55,-1.369
61910,55,-1.375
61920,55,-1.369
61930,55,-1.362
61940,55,-1.369
61950,55,-1.375
61960,55,-1.369
61970,55,-1.369
61980,55,-1.369
61990,55,-1.375
62000,55,-1.356
62010,60,-1.369
62020,60,-1.362
62030,60,-1.356
62040,60,-1.369
62050,60,-1.362
62060,60,-1.369
62070,60,-1.369
62080,60,-1.362
62090,60,-1.362
62100,60,-1.35
62110,60,-1.356
62120,60,-1.344
62130,60,-1.35
62140,60,-1.356
62150,60,-1.344
62160,60,-1.356
62170,60,-1.356
62180,60,-1.356
62190,60,-1.35
62200,60,-1.362
62210,60,-1.356
62220,60,-1.362
62230,60,-1.362
62240,60,-1.344
62250,60,-1.35
62260,60,-1.369
62270,60,-1.35
62280,60,-1.356
62290,60,-1.344
62300,60,-1.356
62310,60,-1.35
62320,60,-1.362
62330,60,-1.344
62340,60,-1.35
62350,60,-1.356
62360,60,-1.337
62370,60,-1.35
62380,60,-1.362
62390,60,-1.344
62400,60,-1.356
62410,60,-1.35
62420,60,-1.356
62430,60,-1.35
62440,60,-1.356
62450,60,-1.344
62460,60,-1.35
62470,60,-1.344
62480,60,-1.344
62490,60,-1.356
62500,60,-1.362
62510,60,-1.362
62520,60,-1.35
62530,60,-1.356
62540,60,-1.337
62550,60,-1.344
62560,60,-1.35
62570,60,-1.337
62580,60,-1.337
62590,60,-1.35
62600,60,-1.35
62610,60,-1.337
62620,60,-1.35
62630,60,-1.35
62640,60,-1.344
62650,60,-1.344
62660,60,-1.344
62670,60,-1.344
62680,60,-1.337
62690,60,-1.337
62700,60,-1.337
62710,60,-1.344
62720,60,-1.344
62730,60,-1.337
62740,60,-1.35
62750,60,-1.35
62760,60,-1.337
62770,60,-1.344
62780,60,-1.337
62790,60,-1.35
62800,60,-1.35
62810,60,-1.337
62820,60,-1.331
62830,60,-1.337
62840,60,-1.337
62850,60,-1.337
62860,60,-1.344
62870,60,-1.337
62880,60,-1.337
62890,60,-1.331
62900,60,-1.344
62910,60,-1.331
62920,60,-1.337
62930,60,-1.344
62940,60,-1.331
62950,60,-1.337
62960,60,-1.337
62970,60,-1.337
62980,60,-1.344
62990,60,-1.344
63000,60,-1.344
63010,60,-1.331
63020,60,-1.331
63030,60,-1.331
63040,60,-1.325
63050,60,-1.337
63060,60,-1.331
63070,60,-1.331
63080,60,-1.344
63090,60,-1.319
63100,60,-1.331
63110,60,-1.331
63120,60,-1.337
63130,60,-1.344
63140,60,-1.337
63150,60,-1.344
63160,60,-1.325
63170,60,-1.325
63180,60,-1.325
63190,60,-1.331
63200,60,-1.325
63210,60,-1.325
63220,60,-1.325
63230,60,-1.325
63240,60,-1.325
63250,60,-1.319
63260,60,-1.325
63270,60,-1.319
63280,60,-1.312
63290,60,-1.319
63300,60,-1.325
63310,60,-1.325
63320,60,-1.312
63330,60,-1.319
63340,60,-1.319
63350,60,-1.312
63360,60,-1.325
63370,60,-1.325
63380,60,-1.312
63390,60,-1.325
63400,60,-1.312
63410,60,-1.312
63420,60,-1.3
63430,60,-1.319
63440,60,-1.312
63450,60,-1.312
63460,60,-1.3
63470,60,-1.319
63480,60,-1.294
63490,60,-1.294
63500,60,-1.3
63510,60,-1.3
63520,60,-1.306
63530,60,-1.294
63540,60,-1.3
63550,60,-1.3
63560,60,-1.3
63570,60,-1.306
63580,60,-1.3
63590,60,-1.294
63600,60,-1.3
63610,60,-1.312
63620,60,-1.3
63630,60,-1.294
63640,60,-1.294
63650,60,-1.3
63660,60,-1.3
63670,60,-1.306
63680,60,-1.287
63690,60,-1.294
63700,60,-1.306
63710,60,-1.3
63720,60,-1.294
63730,60,-1.294
63740,60,-1.3
63750,60,-1.3
63760,60,-1.3
63770,60,-1.312
63780,60,-1.3
63790,60,-1.306
63800,60,-1.3
63810,60,-1.3
63820,60,-1.294
63830,60,-1.287
63840,60,-1.312
63850,60,-1.3
63860,60,-1.306
63870,60,-1.294
63880,60,-1.306
63890,60,-1.306
63900,60,-1.287
63910,60,-1.294
63920,60,-1.294
63930,60,-1.3
63940,60,-1.312
63950,60,-1.294
63960,60,-1.3
63970,60,-1.306
63980,60,-1.287
63990,60,-1.294
64000,60,-1.3
64010,60,-1.306
64020,60,-1.3
64030,60,-1.294
64040,60,-1.3
64050,60,-1.3
64060,60,-1.3
64070,60,-1.294
64080,60,-1.3
64090,60,-1.294
64100,60,-1.3
64110,60,-1.294
64120,60,-1.3
64130,60,-1.3
64140,60,-1.3
64150,60,-1.3
64160,60,-1.3
64170,60,-1.287
64180,60,-1.3
64190,60,-1.3
64200,60,-1.294
64210,60,-1.3
64220,60,-1.3
64230,60,-1.294
64240,60,-1.287
64250,60,-1.294
64260,60,-1.287
64270,60,-1.3
64280,60,-1.3
64290,60,-1.287
64300,60,-1.294
64310,60,-1.294
64320,60,-1.294
64330,60,-1.281
64340,60,-1.287
64350,60,-1.294
64360,60,-1.294
64370,60,-1.287
64380,60,-1.287
64390,60,-1.281
64400,60,-1.281
64410,60,-1.275
64420,60,-1.281
64430,60,-1.281
64440,60,-1.275
64450,60,-1.281
64460,60,-1.294
64470,60,-1.287
64480,60,-1.281
64490,60,-1.275
64500,60,-1.281
64510,60,-1.275
64520,60,-1.275
64530,60,-1.281
64540,60,-1.275
64550,60,-1.287
64560,60,-1.281
64570,60,-1.281
64580,60,-1.275
64590,60,-1.287
64600,60,-1.281
64610,60,-1.281
64620,60,-1.281
64630,60,-1.281
64640,60,-1.287
64650,60,-1.287
64660,60,-1.287
64670,60,-1.281
64680,60,-1.281
64690,60,-1.294
64700,60,-1.281
64710,60,-1.275
64720,60,-1.281
64730,60,-1.275
64740,60,-1.287
64750,60,-1.281
64760,60,-1.287
64770,60,-1.281
64780,60,-1.275
64790,60,-1.275
64800,60,-1.275
64810,60,-1.269
64820,60,-1.269
64830,60,-1.262
64840,60,-1.262
64850,60,-1.269
64860,60,-1.281
64870,60,-1.269
64880,60,-1.269
64890,60,-1.281
64900,60,-1.275
64910,60,-1.262
64920,60,-1.262
64930,60,-1.269
64940,60,-1.262
64950,60,-1.269
64960,60,-1.275
64970,60,-1.275
64980,60,-1.262
64990,60,-1.269
65000,60,-1.269
65010,60,-1.262
65020,60,-1.275
65030,60,-1.269
65040,60,-1.269
65050,60,-1.269
65060,60,-1.262
65070,60,-1.269
65080,60,-1.269
65090,60,-1.262
65100,60,-1.262
65110,60,-1.269
65120,60,-1.269
65130,60,-1.269
65140,60,-1.262
65150,60,-1.269
65160,60,-1.262
65170,60,-1.262
65180,60,-1.262
65190,60,-1.269
65200,60,-1.262
65210,60,-1.269
65220,60,-1.262
65230,60,-1.269
65240,60,-1.256
65250,60,-1.256
65260,60,-1.262
65270,60,-1.269
65280,60,-1.269
65290,60,-1.269
65300,60,-1.269
65310,60,-1.256
65320,60,-1.269
65330,60,-1.262
65340,60,-1.262
65350,60,-1.262
65360,60,-1.262
65370,60,-1.262
65380,60,-1.262
65390,60,-1.262
65400,60,-1.25
65410,60,-1.256
65420,60,-1.244
65430,60,-1.237
65440,60,-1.256
65450,60,-1.25
65460,60,-1.256
65470,60,-1.25
65480,60,-1.262
65490,60,-1.244
65500,60,-1.256
65510,60,-1.256
65520,60,-1.244
65530,60,-1.25
65540,60,-1.25
65550,60,-1.244
65560,60,-1.25
65570,60,-1.256
65580,60,-1.25
65590,60,-1.256
65600,60,-1.237
65610,60,-1.244
65620,60,-1.256
65630,60,-1.25
65640,60,-1.25
65650,60,-1.237
65660,60,-1.25
65670,60,-1.256
65680,60,-1.231
65690,60,-1.237
65700,60,-1.25
65710,60,-1.237
65720,60,-1.231
65730,60,-1.237
65740,60,-1.244
65750,60,-1.244
65760,60,-1.237
65770,60,-1.244
65780,60,-1.237
65790,60,-1.244
65800,60,-1.244
65810,60,-1.244
65820,60,-1.244
65830,60,-1.25
65840,60,-1.244
65850,60,-1.219
65860,60,-1.237
65870,60,-1.231
65880,60,-1.237
65890,60,-1.231
65900,60,-1.231
65910,60,-1.231
65920,60,-1.219
65930,60,-1.231
65940,60,-1.225
65950,60,-1.219
65960,60,-1.237
65970,60,-1.231
65980,60,-1.231
65990,60,-1.244
66000,60,-1.219
66010,60,-1.219
66020,60,-1.219
66030,60,-1.225
66040,60,-1.219
66050,60,-1.225
66060,60,-1.237
66070,60,-1.231
66080,60,-1.237
66090,60,-1.225
66100,60,-1.237
66110,60,-1.231
66120,60,-1.231
66130,60,-1.237
66140,60,-1.244
66150,60,-1.231
66160,60,-1.231
66170,60,-1.231
66180,60,-1.219
66190,60,-1.206
66200,60,-1.219
66210,60,-1.212
66220,60,-1.225
66230,60,-1.212
66240,60,-1.219
66250,60,-1.225
66260,60,-1.225
66270,60,-1.225
66280,60,-1.225
66290,60,-1.219
66300,60,-1.219
66310,60,-1.225
66320,60,-1.212
66330,60,-1.225
66340,60,-1.212
66350,60,-1.219
66360,60,-1.212
66370,60,-1.219
66380,60,-1.219
66390,60,-1.219
66400,60,-1.219
66410,60,-1.219
66420,60,-1.212
66430,60,-1.212
66440,60,-1.219
66450,60,-1.231
66460,60,-1.225
66470,60,-1.219
66480,60,-1.219
66490,60,-1.219
66500,60,-1.219
66510,60,-1.219
66520,60,-1.212
66530,60,-1.206
66540,60,-1.219
66550,60,-1.206
66560,60,-1.225
66570,60,-1.212
66580,60,-1.212
66590,60,-1.212
66600,60,-1.212
66610,60,-1.212
66620,60,-1.212
66630,60,-1.219
66640,60,-1.212
66650,60,-1.212
66660,60,-1.219
66670,60,-1.212
66680,60,-1.212
66690,60,-1.206
66700,60,-1.212
66710,60,-1.206
66720,60,-1.206
66730,60,-1.206
66740,60,-1.219
66750,60,-1.2
66760,60,-1.219
66770,60,-1.212
66780,60,-1.212
66790,60,-1.212
66800,60,-1.212
66810,60,-1.206
66820,60,-1.225
66830,60,-1.206
66840,60,-1.225
66850,60,-1.206
66860,60,-1.212
66870,60,-1.219
66880,60,-1.212
66890,60,-1.219
66900,60,-1.212
66910,60,-1.2
66920,60,-1.206
66930,60,-1.212
66940,60,-1.2
66950,60,-1.212
66960,60,-1.206
66970,60,-1.212
66980,60,-1.194
66990,60,-1.2
67000,60,-1.2
67010,65,-1.2
67020,65,-1.194
67030,65,-1.2
67040,65,-1.206
67050,65,-1.2
67060,65,-1.181
67070,65,-1.187
67080,65,-1.194
67090,65,-1.187
67100,65,-1.187
67110,65,-1.175
67120,65,-1.162
67130,65,-1.156
67140,65,-1.144
67150,65,-1.156
67160,65,-1.15
67170,65,-1.15
67180,65,-1.144
67190,65,-1.144
67200,65,-1.156
67210,65,-1.162
67220,65,-1.169
67230,65,-1.175
67240,65,-1.175
67250,65,-1.181
67260,65,-1.181
67270,65,-1.175
67280,65,-1.181
67290,65,-1.175
67300,65,-1.162
67310,65,-1.169
67320,65,-1.169
67330,65,-1.175
67340,65,-1.181
67350,65,-1.169
67360,65,-1.162
67370,65,-1.156
67380,65,-1.144
67390,65,-1.137
67400,65,-1.156
67410,65,-1.156
67420,65,-1.162
67430,65,-1.162
67440,65,-1.169
67450,65,-1.169
67460,65,-1.169
67470,65,-1.162
67480,65,-1.169
67490,65,-1.175
67500,65,-1.162
67510,65,-1.175
67520,65,-1.169
67530,65,-1.169
67540,65,-1.156
67550,65,-1.162
67560,65,-1.169
67570,65,-1.156
67580,65,-1.162
67590,65,-1.15
67600,65,-1.156
67610,65,-1.144
67620,65,-1.15
67630,65,-1.15
67640,65,-1.15
67650,65,-1.144
67660,65,-1.144
67670,65,-1.144
67680,65,-1.144
67690,65,-1.137
67700,65,-1.144
67710,65,-1.137
67720,65,-1.144
67730,65,-1.131
67740,65,-1.15
67750,65,-1.131
67760,65,-1.15
67770,65,-1.15
67780,65,-1.144
67790,65,-1.15
67800,65,-1.156
67810,65,-1.144
67820,65,-1.15
67830,65,-1.144
67840,65,-1.144
67850,65,-1.156
67860,65,-1.162
67870,65,-1.15
67880,65,-1.15
67890,65,-1.15
67900,65,-1.162
67910,65,-1.156
67920,65,-1.15
67930,65,-1.156
67940,65,-1.162
67950,65,-1.156
67960,65,-1.156
67970,65,-1.15
67980,65,-1.156
67990,65,-1.162
68000,65,-1.156
68010,65,-1.156
68020,65,-1.162
68030,65,-1.162
68040,65,-1.156
68050,65,-1.162
68060,65,-1.162
68070,65,-1.156
68080,65,-1.15
68090,65,-1.156
68100,65,-1.156
68110,65,-1.162
68120,65,-1.15
68130,65,-1.15
68140,65,-1.15
68150,65,-1.15
68160,65,-1.156
68170,65,-1.15
68180,65,-1.156
68190,65,-1.15
68200,65,-1.144
68210,65,-1.144
68220,65,-1.144
68230,65,-1.144
68240,65,-1.144
68250,65,-1.144
68260,65,-1.15
68270,65,-1.137
68280,65,-1.144
68290,65,-1.144
68300,65,-1.15
68310,65,-1.137
68320,65,-1.137
68330,65,-1.144
68340,65,-1.15
68350,65,-1.144
68360,65,-1.131
68370,65,-1.137
68380,65,-1.137
68390,65,-1.144
68400,65,-1.144
68410,65,-1.137
68420,65,-1.144
68430,65,-1.131
68440,65,-1.131
68450,65,-1.137
68460,65,-1.137
68470,65,-1.137
68480,65,-1.137
68490,65,-1.137
68500,65,-1.137
68510,65,-1.131
68520,65,-1.137
68530,65,-1.131
68540,65,-1.119
68550,65,-1.119
68560,65,-1.144
68570,65,-1.144
68580,65,-1.156
68590,65,-1.15
68600,65,-1.15
68610,65,-1.144
68620,65,-1.137
68630,65,-1.156
68640,65,-1.156
68650,65,-1.156
68660,65,-1.156
68670,65,-1.15
68680,65,-1.15
68690,65,-1.15
68700,65,-1.15
68710,65,-1.15
68720,65,-1.156
68730,65,-1.162
68740,65,-1.15
68750,65,-1.15
68760,65,-1.15
68770,65,-1.15
68780,65,-1.15
68790,65,-1.15
68800,65,-1.15
68810,65,-1.162
68820,65,-1.15
68830,65,-1.15
68840,65,-1.15
68850,65,-1.137
68860,65,-1.15
68870,65,-1.144
68880,65,-1.144
68890,65,-1.137
68900,65,-1.15
68910,65,-1.144
68920,65,-1.131
68930,65,-1.125
68940,65,-1.131
68950,65,-1.131
68960,65,-1.131
68970,65,-1.131
68980,65,-1.125
68990,65,-1.131
69000,65,-1.137
69010,65,-1.137
69020,65,-1.137
69030,65,-1.144
69040,65,-1.131
69050,65,-1.131
69060,65,-1.131
69070,65,-1.137
69080,65,-1.137
69090,65,-1.131
69100,65,-1.137
69110,65,-1.131
69120,65,-1.144
69130,65,-1.131
69140,65,-1.131
69150,65,-1.125
69160,65,-1.125
69170,65,-1.131
69180,65,-1.131
69190,65,-1.125
69200,65,-1.137
69210,65,-1.131
69220,65,-1.131
69230,65,-1.131
69240,65,-1.131
69250,65,-1.125
69260,65,-1.131
69270,65,-1.131
69280,65,-1.125
69290,65,-1.125
69300,65,-1.125
69310,65,-1.137
69320,65,-1.131
69330,65,-1.125
69340,65,-1.125
69350,65,-1.125
69360,65,-1.119
69370,65,-1.125
69380,65,-1.125
69390,65,-1.119
69400,65,-1.119
69410,65,-1.119
69420,65,-1.119
69430,65,-1.119
69440,65,-1.119
69450,65,-1.119
69460,65,-1.119
69470,65,-1.112
69480,65,-1.119
69490,65,-1.119
69500,65,-1.112
69510,65,-1.119
69520,65,-1.106
69530,65,-1.112
69540,65,-1.106
69550,65,-1.106
69560,65,-1.094
69570,65,-1.106
69580,65,-1.1
69590,65,-1.106
69600,65,-1.112
69610,65,-1.119
69620,65,-1.112
69630,65,-1.112
69640,65,-1.112
69650,65,-1.112
69660,65,-1.106
69670,65,-1.1
69680,65,-1.106
69690,65,-1.106
69700,65,-1.1
69710,65,-1.1
69720,65,-1.112
69730,65,-1.112
69740,65,-1.112
69750,65,-1.1
69760,65,-1.1
69770,65,-1.106
69780,65,-1.106
69790,65,-1.094
69800,65,-1.094
69810,65,-1.094
69820,65,-1.1
69830,65,-1.094
69840,65,-1.094
69850,65,-1.1
69860,65,-1.106
69870,65,-1.106
69880,65,-1.1
69890,65,-1.1
69900,65,-1.087
69910,65,-1.106
69920,65,-1.119
69930,65,-1.119
69940,65,-1.119
69950,65,-1.119
69960,65,-1.112
69970,65,-1.112
69980,65,-1.112
69990,65,-1.112
70000,65,-1.119
70010,65,-1.119
70020,65,-1.112
70030,65,-1.112
70040,65,-1.112
70050,65,-1.119
70060,65,-1.112
70070,65,-1.119
70080,65,-1.125
70090,65,-1.119
70100,65,-1.119
70110,65,-1.131
70120,65,-1.112
70130,65,-1.125
70140,65,-1.119
70150,65,-1.112
70160,65,-1.125
70170,65,-1.125
70180,65,-1.125
70190,65,-1.125
70200,65,-1.112
70210,65,-1.125
70220,65,-1.112
70230,65,-1.119
70240,65,-1.119
70250,65,-1.119
70260,65,-1.119
70270,65,-1.119
70280,65,-1.119
70290,65,-1.119
70300,65,-1.119
70310,65,-1.119
70320,65,-1.119
70330,65,-1.119
70340,65,-1.119
70350,65,-1.125
70360,65,-1.112
70370,65,-1.119
70380,65,-1.112
70390,65,-1.119
70400,65,-1.112
70410,65,-1.119
70420,65,-1.119
70430,65,-1.112
70440,65,-1.119
70450,65,-1.119
70460,65,-1.112
70470,65,-1.112
70480,65,-1.112
70490,65,-1.112
70500,65,-1.112
70510,65,-1.112
70520,65,-1.106
70530,65,-1.106
70540,65,-1.094
70550,65,-1.1
70560,65,-1.094
70570,65,-1.087
70580,65,-1.106
70590,65,-1.1
70600,65,-1.1
70610,65,-1.1
70620,65,-1.1
70630,65,-1.1
70640,65,-1.094
70650,65,-1.087
70660,65,-1.106
70670,65,-1.087
70680,65,-1.081
70690,65,-1.106
70700,65,-1.1
70710,65,-1.094
70720,65,-1.094
70730,65,-1.094
70740,65,-1.094
70750,65,-1.094
70760,65,-1.087
70770,65,-1.087
70780,65,-1.094
70790,65,-1.087
70800,65,-1.1
70810,65,-1.087
70820,65,-1.094
70830,65,-1.1
70840,65,-1.087
70850,65,-1.087
70860,65,-1.094
70870,65,-1.087
70880,65,-1.094
70890,65,-1.094
70900,65,-1.081
70910,65,-1.081
70920,65,-1.094
70930,65,-1.087
70940,65,-1.094
70950,65,-1.087
70960,65,-1.087
70970,65,-1.087
70980,65,-1.087
70990,65,-1.094
71000,65,-1.087
71010,65,-1.087
71020,65,-1.081
71030,65,-1.081
71040,65,-1.087
71050,65,-1.075
71060,65,-1.094
71070,65,-1.075
71080,65,-1.075
71090,65,-1.081
71100,65,-1.087
71110,65,-1.094
71120,65,-1.087
71130,65,-1.087
71140,65,-1.094
71150,65,-1.081
71160,65,-1.075
71170,65,-1.081
71180,65,-1.075
71190,65,-1.081
71200,65,-1.081
71210,65,-1.087
71220,65,-1.087
71230,65,-1.087
71240,65,-1.069
71250,65,-1.081
71260,65,-1.075
71270,65,-1.087
71280,65,-1.081
71290,65,-1.087
71300,65,-1.075
71310,65,-1.081
71320,65,-1.075
71330,65,-1.081
71340,65,-1.075
71350,65,-1.081
71360,65,-1.081
71370,65,-1.081
71380,65,-1.081
71390,65,-1.081
71400,65,-1.081
71410,65,-1.081
71420,65,-1.087
71430,65,-1.087
71440,65,-1.087
71450,65,-1.081
71460,65,-1.081
71470,65,-1.081
71480,65,-1.087
71490,65,-1.075
71500,65,-1.081
71510,65,-1.075
71520,65,-1.075
71530,65,-1.075
71540,65,-1.075
71550,65,-1.069
71560,65,-1.081
71570,65,-1.069
71580,65,-1.056
71590,65,-1.062
71600,65,-1.075
71610,65,-1.069
71620,65,-1.075
71630,65,-1.081
71640,65,-1.075
71650,65,-1.075
71660,65,-1.069
71670,65,-1.075
71680,65,-1.069
71690,65,-1.075
71700,65,-1.069
71710,65,-1.069
71720,65,-1.069
71730,65,-1.062
71740,65,-1.062
71750,65,-1.056
71760,65,-1.05
71770,65,-1.05
71780,65,-1.05
71790,65,-1.056
71800,65,-1.05
71810,65,-1.05
71820,65,-1.056
71830,65,-1.056
71840,65,-1.05
71850,65,-1.05
71860,65,-1.05
71870,65,-1.056
71880,65,-1.037
71890,65,-1.044
71900,65,-1.056
71910,65,-1.05
71920,65,-1.044
71930,65,-1.05
71940,65,-1.044
71950,65,-1.056
71960,65,-1.031
71970,65,-1.056
71980,65,-1.044
71990,65,-1.05
72000,65,-1.05
72010,70,-1.062
72020,70,-1.056
72030,70,-1.044
72040,70,-1.037
72050,70,-1.044
72060,70,-1.037
72070,70,-1.05
72080,70,-1.044
72090,70,-1.044
72100,70,-1.05
72110,70,-1.044
72120,70,-1.037
72130,70,-1.037
72140,70,-1.031
72150,70,-1.037
72160,70,-1.031
72170,70,-1.025
72180,70,-1.031
72190,70,-1.044
72200,70,-1.037
72210,70,-1.031
72220,70,-1.019
72230,70,-1.025
72240,70,-1.025
72250,70,-1.025
72260,70,-1.012
72270,70,-1.031
72280,70,-1.056
72290,70,-1.062
72300,70,-1.062
72310,70,-1.062
72320,70,-1.056
72330,70,-1.056
72340,70,-1.044
72350,70,-1.037
72360,70,-1.044
72370,70,-1.044
72380,70,-1.056
72390,70,-1.05
72400,70,-1.044
72410,70,-1.037
72420,70,-1.037
72430,70,-1.037
72440,70,-1.031
72450,70,-1.037
72460,70,-1.031
72470,70,-1.031
72480,70,-1.031
72490,70,-1.031
72500,70,-1.037
72510,70,-1.05
72520,70,-1.05
72530,70,-1.044
72540,70,-1.05
72550,70,-1.05
72560,70,-1.05
72570,70,-1.05
72580,70,-1.05
72590,70,-1.031
72600,70,-1.05
72610,70,-1.037
72620,70,-1.05
72630,70,-1.044
72640,70,-1.044
72650,70,-1.025
72660,70,-1.031
72670,70,-1.031
72680,70,-1.037
72690,70,-1.019
72700,70,-1.031
72710,70,-1.019
72720,70,-1.025
72730,70,-1.025
72740,70,-1.031
72750,70,-1.044
72760,70,-1.037
72770,70,-1.037
72780,70,-1.031
72790,70,-1.031
72800,70,-1.031
72810,70,-1.037
72820,70,-1.019
72830,70,-1.031
72840,70,-1.025
72850,70,-1.031
72860,70,-1.031
72870,70,-1.025
72880,70,-1.025
72890,70,-1.031
72900,70,-1.031
72910,70,-1.037
72920,70,-1.019
72930,70,-1.025
72940,70,-1.019
72950,70,-1.031
72960,70,-1.025
72970,70,-1.025
72980,70,-1.019
72990,70,-1.019
73000,70,-1.019
73010,70,-1.025
73020,70,-1.012
73030,70,-1.012
73040,70,-1.006
73050,70,-1.006
73060,70,-1.012
73070,70,-1.019
73080,70,-1.006
73090,70,-1.012
73100,70,-1.012
73110,70,-1
73120,70,-1.006
73130,70,-1.006
73140,70,-1.012
73150,70,-1.019
73160,70,-1.012
73170,70,-1.012
73180,70,-1
73190,70,-1.012
73200,70,-1.006
73210,70,-1.006
73220,70,-1
73230,70,-1.006
73240,70,-1
73250,70,-0.994
73260,70,-0.987
73270,70,-0.981
73280,70,-0.994
73290,70,-1
73300,70,-0.987
73310,70,-0.994
73320,70,-0.987
73330,70,-0.987
73340,70,-0.981
73350,70,-0.975
73360,70,-0.981
73370,70,-0.981
73380,70,-0.987
73390,70,-0.981
73400,70,-0.981
73410,70,-0.975
73420,70,-0.981
73430,70,-0.975
73440,70,-0.981
73450,70,-0.962
73460,70,-0.975
73470,70,-0.981
73480,70,-0.987
73490,70,-0.981
73500,70,-0.981
73510,70,-0.969
73520,70,-0.969
73530,70,-0.981
73540,70,-0.962
73550,70,-0.969
73560,70,-0.975
73570,70,-0.969
73580,70,-0.981
73590,70,-0.969
73600,70,-0.956
73610,70,-0.981
73620,70,-0.975
73630,70,-0.981
73640,70,-0.962
73650,70,-0.962
73660,70,-0.962
73670,70,-0.981
73680,70,-0.981
73690,70,-0.994
73700,70,-0.987
73710,70,-0.994
73720,70,-1
73730,70,-0.994
73740,70,-0.994
73750,70,-0.987
73760,70,-1
73770,70,-1
73780,70,-1
73790,70,-1
73800,70,-0.994
73810,70,-0.981
73820,70,-0.981
73830,70,-0.975
73840,70,-0.975
73850,70,-0.981
73860,70,-0.981
73870,70,-0.975
73880,70,-0.975
73890,70,-0.981
73900,70,-0.975
73910,70,-0.969
73920,70,-0.962
73930,70,-0.969
73940,70,-0.962
73950,70,-0.987
73960,70,-0.975
73970,70,-0.981
73980,70,-0.969
73990,70,-0.969
74000,70,-0.981
74010,70,-0.981
74020,70,-0.981
74030,70,-0.975
74040,70,-0.981
74050,70,-0.981
74060,70,-0.975
74070,70,-0.975
74080,70,-0.987
74090,70,-0.975
74100,70,-0.969
74110,70,-0.975
74120,70,-0.969
74130,70,-0.969
74140,70,-0.981
74150,70,-0.981
74160,70,-0.981
74170,70,-0.981
74180,70,-0.987
74190,70,-0.969
74200,70,-0.987
74210,70,-0.975
74220,70,-0.975
74230,70,-0.975
74240,70,-0.975
74250,70,-0.975
74260,70,-0.975
74270,70,-0.969
74280,70,-0.95
74290,70,-0.962
74300,70,-0.962
74310,70,-0.956
74320,70,-0.95
74330,70,-0.956
74340,70,-0.956
74350,70,-0.944
74360,70,-0.956
74370,70,-0.962
74380,70,-0.956
74390,70,-0.95
74400,70,-0.944
74410,70,-0.944
74420,70,-0.95
74430,70,-0.944
74440,70,-0.931
74450,70,-0.95
74460,70,-0.95
74470,70,-0.944
74480,70,-0.95
74490,70,-0.944
74500,70,-0.937
74510,70,-0.937
74520,70,-0.937
74530,70,-0.937
74540,70,-0.937
74550,70,-0.931
74560,70,-0.944
74570,70,-0.931
74580,70,-0.95
74590,70,-0.937
74600,70,-0.944
74610,70,-0.944
74620,70,-0.931
74630,70,-0.937
74640,70,-0.937
74650,70,-0.931
74660,70,-0.931
74670,70,-0.937
74680,70,-0.944
74690,70,-0.944
74700,70,-0.931
74710,70,-0.937
74720,70,-0.931
74730,70,-0.931
74740,70,-0.931
74750,70,-0.937
74760,70,-0.931
74770,70,-0.931
74780,70,-0.931
74790,70,-0.931
74800,70,-0.925
74810,70,-0.906
74820,70,-0.919
74830,70,-0.931
74840,70,-0.925
74850,70,-0.937
74860,70,-0.937
74870,70,-0.937
74880,70,-0.944
74890,70,-0.944
74900,70,-0.925
74910,70,-0.931
74920,70,-0.919
74930,70,-0.937
74940,70,-0.931
74950,70,-0.906
74960,70,-0.931
74970,70,-0.931
74980,70,-0.925
74990,70,-0.931
75000,70,-0.931
75010,70,-0.931
75020,70,-0.931
75030,70,-0.937
75040,70,-0.931
75050,70,-0.925
75060,70,-0.925
75070,70,-0.925
75080,70,-0.919
75090,70,-0.919
75100,70,-0.931
75110,70,-0.925
75120,70,-0.931
75130,70,-0.925
75140,70,-0.919
75150,70,-0.919
75160,70,-0.937
75170,70,-0.919
75180,70,-0.931
75190,70,-0.931
75200,70,-0.919
75210,70,-0.931
75220,70,-0.931
75230,70,-0.931
75240,70,-0.956
75250,70,-0.944
75260,70,-0.931
75270,70,-0.937
75280,70,-0.912
75290,70,-0.912
75300,70,-0.925
75310,70,-0.919
75320,70,-0.937
75330,70,-0.931
75340,70,-0.919
75350,70,-0.912
75360,70,-0.912
75370,70,-0.906
75380,70,-0.919
75390,70,-0.919
75400,70,-0.925
75410,70,-0.937
75420,70,-0.931
75430,70,-0.925
75440,70,-0.925
75450,70,-0.931
75460,70,-0.944
75470,70,-0.956
75480,70,-0.931
75490,70,-0.937
75500,70,-0.944
75510,70,-0.931
75520,70,-0.944
75530,70,-0.931
75540,70,-0.937
75550,70,-0.937
75560,70,-0.925
75570,70,-0.937
75580,70,-0.925
75590,70,-0.919
75600,70,-0.931
75610,70,-0.912
75620,70,-0.925
75630,70,-0.919
75640,70,-0.919
75650,70,-0.931
75660,70,-0.919
75670,70,-0.925
75680,70,-0.919
75690,70,-0.919
75700,70,-0.906
75710,70,-0.906
75720,70,-0.912
75730,70,-0.931
75740,70,-0.925
75750,70,-0.925
75760,70,-0.925
75770,70,-0.931
75780,70,-0.937
75790,70,-0.937
75800,70,-0.931
75810,70,-0.944
75820,70,-0.925
75830,70,-0.937
75840,70,-0.931
75850,70,-0.925
75860,70,-0.931
75870,70,-0.925
75880,70,-0.919
75890,70,-0.919
75900,70,-0.912
75910,70,-0.919
75920,70,-0.906
75930,70,-0.912
75940,70,-0.919
75950,70,-0.912
75960,70,-0.906
75970,70,-0.912
75980,70,-0.912
75990,70,-0.906
76000,70,-0.919
76010,70,-0.912
76020,70,-0.894
76030,70,-0.9
76040,70,-0.9
76050,70,-0.919
76060,70,-0.919
76070,70,-0.925
76080,70,-0.919
76090,70,-0.925
76100,70,-0.937
76110,70,-0.919
76120,70,-0.925
76130,70,-0.925
76140,70,-0.919
76150,70,-0.925
76160,70,-0.919
76170,70,-0.919
76180,70,-0.925
76190,70,-0.912
76200,70,-0.925
76210,70,-0.925
76220,70,-0.925
76230,70,-0.925
76240,70,-0.925
76250,70,-0.925
76260,70,-0.919
76270,70,-0.925
76280,70,-0.912
76290,70,-0.912
76300,70,-0.912
76310,70,-0.931
76320,70,-0.931
76330,70,-0.931
76340,70,-0.925
76350,70,-0.931
76360,70,-0.931
76370,70,-0.925
76380,70,-0.925
76390,70,-0.925
76400,70,-0.931
76410,70,-0.919
76420,70,-0.919
76430,70,-0.912
76440,70,-0.919
76450,70,-0.912
76460,70,-0.925
76470,70,-0.912
76480,70,-0.912
76490,70,-0.906
76500,70,-0.894
76510,70,-0.912
76520,70,-0.912
76530,70,-0.912
76540,70,-0.912
76550,70,-0.912
76560,70,-0.912
76570,70,-0.906
76580,70,-0.9
76590,70,-0.906
76600,70,-0.912
76610,70,-0.906
76620,70,-0.906
76630,70,-0.9
76640,70,-0.887
76650,70,-0.9
76660,70,-0.9
76670,70,-0.894
76680,70,-0.894
76690,70,-0.9
76700,70,-0.9
76710,70,-0.9
76720,70,-0.894
76730,70,-0.9
76740,70,-0.894
76750,70,-0.906
76760,70,-0.894
76770,70,-0.9
76780,70,-0.9
76790,70,-0.906
76800,70,-0.894
76810,70,-0.9
76820,70,-0.9
76830,70,-0.9
76840,70,-0.9
76850,70,-0.906
76860,70,-0.894
76870,70,-0.9
76880,70,-0.894
76890,70,-0.894
76900,70,-0.9
76910,70,-0.9
76920,70,-0.894
76930,70,-0.9
76940,70,-0.894
76950,70,-0.9
76960,70,-0.887
76970,70,-0.9
76980,70,-0.906
76990,70,-0.887
77000,70,-0.881
77010,75,-0.881
77020,75,-0.875
77030,75,-0.906
77040,75,-0.9
77050,75,-0.9
77060,75,-0.912
77070,75,-0.906
77080,75,-0.9
77090,75,-0.9
77100,75,-0.9
77110,75,-0.894
77120,75,-0.906
77130,75,-0.894
77140,75,-0.912
77150,75,-0.894
77160,75,-0.9
77170,75,-0.887
77180,75,-0.906
77190,75,-0.887
77200,75,-0.881
77210,75,-0.9
77220,75,-0.887
77230,75,-0.906
77240,75,-0.906
77250,75,-0.894
77260,75,-0.906
77270,75,-0.881
77280,75,-0.887
77290,75,-0.881
77300,75,-0.894
77310,75,-0.875
77320,75,-0.894
77330,75,-0.869
77340,75,-0.875
77350,75,-0.875
77360,75,-0.887
77370,75,-0.887
77380,75,-0.869
77390,75,-0.894
77400,75,-0.881
77410,75,-0.894
77420,75,-0.881
77430,75,-0.894
77440,75,-0.875
77450,75,-0.875
77460,75,-0.881
77470,75,-0.894
77480,75,-0.894
77490,75,-0.881
77500,75,-0.881
77510,75,-0.875
77520,75,-0.881
77530,75,-0.869
77540,75,-0.881
77550,75,-0.869
77560,75,-0.881
77570,75,-0.869
77580,75,-0.875
77590,75,-0.862
77600,75,-0.875
77610,75,-0.869
77620,75,-0.862
77630,75,-0.875
77640,75,-0.856
77650,75,-0.844
77660,75,-0.85
77670,75,-0.844
77680,75,-0.85
77690,75,-0.831
77700,75,-0.837
77710,75,-0.85
77720,75,-0.837
77730,75,-0.844
77740,75,-0.85
77750,75,-0.85
77760,75,-0.844
77770,75,-0.85
77780,75,-0.85
77790,75,-0.85
77800,75,-0.837
77810,75,-0.844
77820,75,-0.856
77830,75,-0.856
77840,75,-0.862
77850,75,-0.881
77860,75,-0.862
77870,75,-0.881
77880,75,-0.85
77890,75,-0.862
77900,75,-0.85
77910,75,-0.856
77920,75,-0.844
77930,75,-0.831
77940,75,-0.844
77950,75,-0.831
77960,75,-0.844
77970,75,-0.831
77980,75,-0.837
77990,75,-0.837
78000,75,-0.837
78010,75,-0.862
78020,75,-0.825
78030,75,-0.837
78040,75,-0.844
78050,75,-0.831
78060,75,-0.85
78070,75,-0.837
78080,75,-0.837
78090,75,-0.856
78100,75,-0.844
78110,75,-0.844
78120,75,-0.831
78130,75,-0.844
78140,75,-0.831
78150,75,-0.837
78160,75,-0.831
78170,75,-0.831
78180,75,-0.837
78190,75,-0.837
78200,75,-0.825
78210,75,-0.819
78220,75,-0.825
78230,75,-0.825
78240,75,-0.825
78250,75,-0.825
78260,75,-0.831
78270,75,-0.831
78280,75,-0.825
78290,75,-0.837
78300,75,-0.831
78310,75,-0.825
78320,75,-0.825
78330,75,-0.837
78340,75,-0.837
78350,75,-0.831
78360,75,-0.825
78370,75,-0.837
78380,75,-0.85
78390,75,-0.825
78400,75,-0.831
78410,75,-0.844
78420,75,-0.819
78430,75,-0.837
78440,75,-0.819
78450,75,-0.844
78460,75,-0.837
78470,75,-0.812
78480,75,-0.837
78490,75,-0.844
78500,75,-0.819
78510,75,-0.831
78520,75,-0.812
78530,75,-0.837
78540,75,-0.825
78550,75,-0.825
78560,75,-0.831
78570,75,-0.837
78580,75,-0.825
78590,75,-0.819
78600,75,-0.819
78610,75,-0.812
78620,75,-0.812
78630,75,-0.806
78640,75,-0.812
78650,75,-0.812
78660,75,-0.8
78670,75,-0.819
78680,75,-0.8
78690,75,-0.819
78700,75,-0.812
78710,75,-0.819
78720,75,-0.812
78730,75,-0.825
78740,75,-0.8
78750,75,-0.819
78760,75,-0.8
78770,75,-0.819
78780,75,-0.794
78790,75,-0.781
78800,75,-0.787
78810,75,-0.8
78820,75,-0.812
78830,75,-0.812
78840,75,-0.794
78850,75,-0.812
78860,75,-0.794
78870,75,-0.787
78880,75,-0.794
78890,75,-0.787
78900,75,-0.812
78910,75,-0.819
78920,75,-0.794
78930,75,-0.806
78940,75,-0.812
78950,75,-0.794
78960,75,-0.812
78970,75,-0.831
78980,75,-0.8
78990,75,-0.825
79000,75,-0.794
79010,75,-0.806
79020,75,-0.8
79030,75,-0.794
79040,75,-0.781
79050,75,-0.781
79060,75,-0.825
79070,75,-0.775
79080,75,-0.8
79090,75,-0.869
79100,75,-0.875
79110,75,-0.875
79120,75,-0.869
79130,75,-0.869
79140,75,-0.856
79150,75,-0.875
79160,75,-0.862
79170,75,-0.869
79180,75,-0.875
79190,75,-0.875
79200,75,-0.881
79210,75,-0.881
79220,75,-0.862
79230,75,-0.894
79240,75,-0.862
79250,75,-0.887
79260,75,-0.869
79270,75,-0.881
79280,75,-0.869
79290,75,-0.869
79300,75,-0.862
79310,75,-0.887
79320,75,-0.869
79330,75,-0.869
79340,75,-0.869
79350,75,-0.881
79360,75,-0.875
79370,75,-0.875
79380,75,-0.869
79390,75,-0.881
79400,75,-0.875
79410,75,-0.875
79420,75,-0.875
79430,75,-0.875
79440,75,-0.875
79450,75,-0.881
79460,75,-0.887
79470,75,-0.869
79480,75,-0.881
79490,75,-0.862
79500,75,-0.875
79510,75,-0.862
79520,75,-0.869
79530,75,-0.869
79540,75,-0.869
79550,75,-0.881
79560,75,-0.862
79570,75,-0.862
79580,75,-0.869
79590,75,-0.869
79600,75,-0.869
79610,75,-0.856
79620,75,-0.881
79630,75,-0.85
79640,75,-0.862
79650,75,-0.856
79660,75,-0.856
79670,75,-0.85
79680,75,-0.856
79690,75,-0.869
79700,75,-0.869
79710,75,-0.856
79720,75,-0.869
79730,75,-0.85
79740,75,-0.856
79750,75,-0.85
79760,75,-0.862
79770,75,-0.862
79780,75,-0.844
79790,75,-0.844
79800,75,-0.837
79810,75,-0.85
79820,75,-0.837
79830,75,-0.844
79840,75,-0.844
79850,75,-0.844
79860,75,-0.837
79870,75,-0.825
79880,75,-0.844
79890,75,-0.837
79900,75,-0.819
79910,75,-0.825
79920,75,-0.837
79930,75,-0.831
79940,75,-0.831
79950,75,-0.844
79960,75,-0.831
79970,75,-0.844
79980,75,-0.825
79990,75,-0.837
80000,75,-0.825
80010,75,-0.825
80020,75,-0.812
80030,75,-0.825
80040,75,-0.831
80050,75,-0.812
80060,75,-0.831
80070,75,-0.825
80080,75,-0.819
80090,75,-0.831
80100,75,-0.825
80110,75,-0.825
80120,75,-0.825
80130,75,-0.819
80140,75,-0.806
80150,75,-0.819
80160,75,-0.812
80170,75,-0.825
80180,75,-0.819
80190,75,-0.831
80200,75,-0.819
80210,75,-0.819
80220,75,-0.819
80230,75,-0.812
80240,75,-0.825
80250,75,-0.806
80260,75,-0.812
80270,75,-0.819
80280,75,-0.806
80290,75,-0.819
80300,75,-0.806
80310,75,-0.812
80320,75,-0.812
80330,75,-0.819
80340,75,-0.812
80350,75,-0.8
80360,75,-0.819
80370,75,-0.806
80380,75,-0.806
80390,75,-0.8
80400,75,-0.806
80410,75,-0.806
80420,75,-0.806
80430,75,-0.819
80440,75,-0.8
80450,75,-0.806
80460,75,-0.806
80470,75,-0.794
80480,75,-0.8
80490,75,-0.8
80500,75,-0.8
80510,75,-0.806
80520,75,-0.812
80530,75,-0.794
80540,75,-0.794
80550,75,-0.787
80560,75,-0.794
80570,75,-0.806
80580,75,-0.806
80590,75,-0.794
80600,75,-0.794
80610,75,-0.781
80620,75,-0.8
80630,75,-0.8
80640,75,-0.794
80650,75,-0.8
80660,75,-0.8
80670,75,-0.794
80680,75,-0.781
690,75,-0.806
80700,75,-0.806
80710,75,-0.794
80720,75,-0.794
80730,75,-0.806
80740,75,-0.812
80750,75,-0.787
80760,75,-0.8
80770,75,-0.8
80780,75,-0.812
80790,75,-0.794
80800,75,-0.806
80810,75,-0.812
80820,75,-0.8
80830,75,-0.812
80840,75,-0.8
80850,75,-0.812
80860,75,-0.812
80870,75,-0.812
80880,75,-0.812
80890,75,-0.806
80900,75,-0.806
80910,75,-0.806
80920,75,-0.8
80930,75,-0.8
80940,75,-0.819
80950,75,-0.819
80960,75,-0.806
80970,75,-0.806
80980,75,-0.794
80990,75,-0.794
81000,75,-0.806
81010,75,-0.812
81020,75,-0.787
81030,75,-0.812
81040,75,-0.8
81050,75,-0.806
81060,75,-0.8
81070,75,-0.8
81080,75,-0.8
81090,75,-0.806
81100,75,-0.8
81110,75,-0.787
81120,75,-0.794
81130,75,-0.787
81140,75,-0.8
81150,75,-0.8
81160,75,-0.8
81170,75,-0.8
81180,75,-0.8
81190,75,-0.806
81200,75,-0.806
81210,75,-0.794
81220,75,-0.8
81230,75,-0.806
81240,75,-0.8
81250,75,-0.8
81260,75,-0.794
81270,75,-0.781
81280,75,-0.794
81290,75,-0.794
81300,75,-0.8
81310,75,-0.794
81320,75,-0.8
81330,75,-0.806
81340,75,-0.787
81350,75,-0.781
81360,75,-0.794
81370,75,-0.787
81380,75,-0.794
81390,75,-0.794
81400,75,-0.787
81410,75,-0.794
81420,75,-0.8
81430,75,-0.8
81440,75,-0.794
81450,75,-0.8
81460,75,-0.8
81470,75,-0.806
81480,75,-0.8
81490,75,-0.781
81500,75,-0.787
81510,75,-0.775
81520,75,-0.781
81530,75,-0.769
81540,75,-0.781
81550,75,-0.775
81560,75,-0.794
81570,75,-0.775
81580,75,-0.781
81590,75,-0.775
81600,75,-0.769
81610,75,-0.775
81620,75,-0.794
81630,75,-0.775
81640,75,-0.8
81650,75,-0.769
81660,75,-0.769
81670,75,-0.762
81680,75,-0.762
81690,75,-0.756
81700,75,-0.769
81710,75,-0.756
81720,75,-0.769
81730,75,-0.775
81740,75,-0.794
81750,75,-0.781
81760,75,-0.775
81770,75,-0.794
81780,75,-0.775
81790,75,-0.769
81800,75,-0.762
81810,75,-0.769
81820,75,-0.762
81830,75,-0.769
81840,75,-0.762
81850,75,-0.787
81860,75,-0.762
81870,75,-0.762
81880,75,-0.744
81890,75,-0.762
81900,75,-0.762
81910,75,-0.762
81920,75,-0.781
81930,75,-0.769
81940,75,-0.762
81950,75,-0.781
81960,75,-0.762
81970,75,-0.769
81980,75,-0.756
81990,75,-0.756
82000,75,-0.756
82010,80,-0.775
82020,80,-0.769
82030,80,-0.744
82040,80,-0.75
82050,80,-0.769
82060,80,-0.744
82070,80,-0.75
82080,80,-0.762
82090,80,-0.744
82100,80,-0.75
82110,80,-0.75
82120,80,-0.75
82130,80,-0.769
82140,80,-0.775
82150,80,-0.775
82160,80,-0.769
82170,80,-0.781
82180,80,-0.775
82190,80,-0.775
82200,80,-0.769
82210,80,-0.781
82220,80,-0.781
82230,80,-0.794
82240,80,-0.787
82250,80,-0.787
82260,80,-0.787
82270,80,-0.775
82280,80,-0.781
82290,80,-0.775
82300,80,-0.775
82310,80,-0.775
82320,80,-0.781
82330,80,-0.775
82340,80,-0.794
82350,80,-0.769
82360,80,-0.787
82370,80,-0.794
82380,80,-0.787
82390,80,-0.8
82400,80,-0.794
82410,80,-0.781
82420,80,-0.787
82430,80,-0.787
82440,80,-0.787
82450,80,-0.794
82460,80,-0.781
82470,80,-0.794
82480,80,-0.781
82490,80,-0.769
82500,80,-0.794
82510,80,-0.787
82520,80,-0.794
82530,80,-0.794
82540,80,-0.787
82550,80,-0.794
82560,80,-0.781
82570,80,-0.787
82580,80,-0.781
82590,80,-0.787
82600,80,-0.781
82610,80,-0.775
82620,80,-0.787
82630,80,-0.781
82640,80,-0.775
82650,80,-0.787
82660,80,-0.775
82670,80,-0.781
82680,80,-0.775
82690,80,-0.775
82700,80,-0.756
82710,80,-0.781
82720,80,-0.769
82730,80,-0.769
82740,80,-0.769
82750,80,-0.769
82760,80,-0.775
82770,80,-0.781
82780,80,-0.762
82790,80,-0.781
82800,80,-0.756
82810,80,-0.775
82820,80,-0.762
82830,80,-0.781
82840,80,-0.775
82850,80,-0.787
82860,80,-0.769
82870,80,-0.775
82880,80,-0.787
82890,80,-0.762
82900,80,-0.781
82910,80,-0.769
82920,80,-0.762
82930,80,-0.769
82940,80,-0.756
82950,80,-0.775
82960,80,-0.762
82970,80,-0.775
82980,80,-0.762
82990,80,-0.775
83000,80,-0.762
83010,80,-0.781
83020,80,-0.769
83030,80,-0.762
83040,80,-0.75
83050,80,-0.75
83060,80,-0.769
83070,80,-0.769
83080,80,-0.775
83090,80,-0.775
83100,80,-0.762
83110,80,-0.781
83120,80,-0.762
83130,80,-0.775
83140,80,-0.769
83150,80,-0.775
83160,80,-0.781
83170,80,-0.775
83180,80,-0.769
83190,80,-0.762
83200,80,-0.762
83210,80,-0.756
83220,80,-0.775
83230,80,-0.756
83240,80,-0.775
83250,80,-0.744
83260,80,-0.769
83270,80,-0.762
83280,80,-0.762
83290,80,-0.756
83300,80,-0.762
83310,80,-0.75
83320,80,-0.769
83330,80,-0.756
83340,80,-0.762
83350,80,-0.756
83360,80,-0.775
83370,80,-0.756
83380,80,-0.769
83390,80,-0.75
83400,80,-0.756
83410,80,-0.744
83420,80,-0.762
83430,80,-0.756
83440,80,-0.744
83450,80,-0.762
83460,80,-0.75
83470,80,-0.731
83480,80,-0.75
83490,80,-0.737
83500,80,-0.744
83510,80,-0.737
83520,80,-0.75
83530,80,-0.731
83540,80,-0.744
83550,80,-0.737
83560,80,-0.756
83570,80,-0.731
83580,80,-0.75
83590,80,-0.731
83600,80,-0.731
83610,80,-0.731
83620,80,-0.737
83630,80,-0.737
83640,80,-0.75
83650,80,-0.737
83660,80,-0.744
83670,80,-0.725
83680,80,-0.744
83690,80,-0.744
83700,80,-0.744
83710,80,-0.731
83720,80,-0.744
83730,80,-0.731
83740,80,-0.744
83750,80,-0.731
83760,80,-0.75
83770,80,-0.731
83780,80,-0.744
83790,80,-0.731
83800,80,-0.75
83810,80,-0.737
83820,80,-0.744
83830,80,-0.737
83840,80,-0.756
83850,80,-0.75
83860,80,-0.756
83870,80,-0.75
83880,80,-0.762
83890,80,-0.744
83900,80,-0.75
83910,80,-0.75
83920,80,-0.744
83930,80,-0.75
83940,80,-0.75
83950,80,-0.744
83960,80,-0.756
83970,80,-0.75
83980,80,-0.731
83990,80,-0.75
84000,80,-0.737
84010,80,-0.744
84020,80,-0.744
84030,80,-0.756
84040,80,-0.756
84050,80,-0.725
84060,80,-0.744
84070,80,-0.725
84080,80,-0.731
84090,80,-0.719
84100,80,-0.737
84110,80,-0.737
84120,80,-0.719
84130,80,-0.725
84140,80,-0.725
84150,80,-0.719
84160,80,-0.719
84170,80,-0.719
84180,80,-0.725
84190,80,-0.719
84200,80,-0.706
84210,80,-0.719
84220,80,-0.706
84230,80,-0.719
84240,80,-0.712
84250,80,-0.712
84260,80,-0.7
84270,80,-0.706
84280,80,-0.725
84290,80,-0.706
84300,80,-0.706
84310,80,-0.719
84320,80,-0.731
84330,80,-0.737
84340,80,-0.719
84350,80,-0.725
84360,80,-0.725
84370,80,-0.7
84380,80,-0.712
84390,80,-0.712
84400,80,-0.7
84410,80,-0.712
84420,80,-0.712
84430,80,-0.7
84440,80,-0.694
84450,80,-0.706
84460,80,-0.706
84470,80,-0.687
84480,80,-0.7
84490,80,-0.712
84500,80,-0.7
84510,80,-0.7
84520,80,-0.719
84530,80,-0.712
84540,80,-0.725
84550,80,-0.7
84560,80,-0.7
84570,80,-0.694
84580,80,-0.681
84590,80,-0.687
84600,80,-0.687
84610,80,-0.687
84620,80,-0.687
84630,80,-0.675
84640,80,-0.675
84650,80,-0.675
84660,80,-0.681
84670,80,-0.687
84680,80,-0.694
84690,80,-0.7
84700,80,-0.706
84710,80,-0.706
84720,80,-0.694
84730,80,-0.712
84740,80,-0.712
84750,80,-0.712
84760,80,-0.719
84770,80,-0.706
84780,80,-0.725
84790,80,-0.694
84800,80,-0.706
84810,80,-0.706
84820,80,-0.687
84830,80,-0.706
84840,80,-0.719
84850,80,-0.7
84860,80,-0.712
84870,80,-0.7
84880,80,-0.694
84890,80,-0.694
84900,80,-0.7
84910,80,-0.7
84920,80,-0.7
84930,80,-0.706
84940,80,-0.706
84950,80,-0.7
84960,80,-0.706
84970,80,-0.7
84980,80,-0.694
84990,80,-0.694
85000,80,-0.694
85010,80,-0.7
85020,80,-0.694
85030,80,-0.687
85040,80,-0.7
85050,80,-0.7
85060,80,-0.694
85070,80,-0.712
85080,80,-0.706
85090,80,-0.706
85100,80,-0.712
85110,80,-0.706
85120,80,-0.719
85130,80,-0.694
85140,80,-0.712
85150,80,-0.712
85160,80,-0.694
85170,80,-0.7
85180,80,-0.694
85190,80,-0.7
85200,80,-0.694
85210,80,-0.706
85220,80,-0.706
85230,80,-0.687
85240,80,-0.706
85250,80,-0.687
85260,80,-0.681
85270,80,-0.687
85280,80,-0.687
85290,80,-0.694
85300,80,-0.687
85310,80,-0.687
85320,80,-0.706
85330,80,-0.7
85340,80,-0.681
85350,80,-0.681
85360,80,-0.675
85370,80,-0.694
85380,80,-0.675
85390,80,-0.681
85400,80,-0.669
85410,80,-0.675
85420,80,-0.694
85430,80,-0.669
85440,80,-0.675
85450,80,-0.675
85460,80,-0.675
85470,80,-0.675
85480,80,-0.662
85490,80,-0.675
85500,80,-0.662
85510,80,-0.675
85520,80,-0.662
85530,80,-0.669
85540,80,-0.662
85550,80,-0.675
85560,80,-0.662
85570,80,-0.669
85580,80,-0.669
85590,80,-0.662
85600,80,-0.675
85610,80,-0.656
85620,80,-0.662
85630,80,-0.669
85640,80,-0.656
85650,80,-0.662
85660,80,-0.656
85670,80,-0.662
85680,80,-0.656
85690,80,-0.656
85700,80,-0.644
85710,80,-0.662
85720,80,-0.656
85730,80,-0.637
85740,80,-0.65
85750,80,-0.644
85760,80,-0.656
85770,80,-0.65
85780,80,-0.65
85790,80,-0.656
85800,80,-0.656
85810,80,-0.656
85820,80,-0.656
85830,80,-0.644
85840,80,-0.65
85850,80,-0.669
85860,80,-0.669
85870,80,-0.675
85880,80,-0.687
85890,80,-0.669
85900,80,-0.675
85910,80,-0.675
85920,80,-0.669
85930,80,-0.675
85940,80,-0.681
85950,80,-0.662
85960,80,-0.669
85970,80,-0.656
85980,80,-0.669
85990,80,-0.662
86000,80,-0.669
86010,80,-0.662
86020,80,-0.675
86030,80,-0.65
86040,80,-0.669
86050,80,-0.656
86060,80,-0.662
86070,80,-0.644
86080,80,-0.669
86090,80,-0.656
86100,80,-0.669
86110,80,-0.637
86120,80,-0.656
86130,80,-0.65
86140,80,-0.644
86150,80,-0.637
86160,80,-0.65
86170,80,-0.644
86180,80,-0.65
86190,80,-0.687
86200,80,-0.675
86210,80,-0.681
86220,80,-0.631
86230,80,-0.662
86240,80,-0.65
86250,80,-0.656
86260,80,-0.65
86270,80,-0.662
86280,80,-0.65
86290,80,-0.656
86300,80,-0.656
86310,80,-0.662
86320,80,-0.656
86330,80,-0.669
86340,80,-0.637
86350,80,-0.65
86360,80,-0.644
86370,80,-0.637
86380,80,-0.637
86390,80,-0.625
86400,80,-0.631
86410,80,-0.612
86420,80,-0.631
86430,80,-0.625
86440,80,-0.631
86450,80,-0.619
86460,80,-0.644
86470,80,-0.637
86480,80,-0.65
86490,80,-0.631
86500,80,-0.631
86510,80,-0.625
86520,80,-0.637
86530,80,-0.631
86540,80,-0.644
86550,80,-0.631
86560,80,-0.644
86570,80,-0.625
86580,80,-0.644
86590,80,-0.644
86600,80,-0.644
86610,80,-0.631
86620,80,-0.637
86630,80,-0.625
86640,80,-0.644
86650,80,-0.619
86660,80,-0.631
86670,80,-0.625
86680,80,-0.619
86690,80,-0.637
86700,80,-0.631
86710,80,-0.619
86720,80,-0.631
86730,80,-0.625
86740,80,-0.612
86750,80,-0.625
86760,80,-0.612
86770,80,-0.631
86780,80,-0.612
86790,80,-0.625
86800,80,-0.619
86810,80,-0.619
86820,80,-0.625
86830,80,-0.625
86840,80,-0.606
86850,80,-0.625
86860,80,-0.606
86870,80,-0.619
86880,80,-0.6
86890,80,-0.619
86900,80,-0.619
86910,80,-0.619
86920,80,-0.612
86930,80,-0.619
86940,80,-0.612
86950,80,-0.631
86960,80,-0.612
86970,80,-0.631
86980,80,-0.612
86990,80,-0.612
87000,80,-0.612
87010,85,-0.619
87020,85,-0.625
87030,85,-0.612
87040,85,-0.612
87050,85,-0.606
87060,85,-0.625
87070,85,-0.6
87080,85,-0.594
87090,85,-0.606
87100,85,-0.619
87110,85,-0.6
87120,85,-0.606
87130,85,-0.612
87140,85,-0.6
87150,85,-0.612
87160,85,-0.619
87170,85,-0.6
87180,85,-0.606
87190,85,-0.619
87200,85,-0.606
87210,85,-0.625
87220,85,-0.606
87230,85,-0.612
87240,85,-0.6
87250,85,-0.612
87260,85,-0.625
87270,85,-0.594
87280,85,-0.606
87290,85,-0.612
87300,85,-0.606
87310,85,-0.625
87320,85,-0.612
87330,85,-0.612
87340,85,-0.606
87350,85,-0.6
87360,85,-0.606
87370,85,-0.612
87380,85,-0.606
87390,85,-0.612
87400,85,-0.612
87410,85,-0.606
87420,85,-0.612
87430,85,-0.606
87440,85,-0.619
87450,85,-0.6
87460,85,-0.625
87470,85,-0.625
87480,85,-0.612
87490,85,-0.612
87500,85,-0.6
87510,85,-0.606
87520,85,-0.625
87530,85,-0.6
87540,85,-0.606
87550,85,-0.619
87560,85,-0.606
87570,85,-0.612
87580,85,-0.606
87590,85,-0.606
87600,85,-0.6
87610,85,-0.606
87620,85,-0.619
87630,85,-0.606
87640,85,-0.6
87650,85,-0.6
87660,85,-0.612
87670,85,-0.6
87680,85,-0.612
87690,85,-0.612
87700,85,-0.6
87710,85,-0.606
87720,85,-0.625
87730,85,-0.619
87740,85,-0.619
87750,85,-0.612
87760,85,-0.625
87770,85,-0.606
87780,85,-0.612
87790,85,-0.594
87800,85,-0.606
87810,85,-0.612
87820,85,-0.606
87830,85,-0.612
87840,85,-0.6
87850,85,-0.606
87860,85,-0.612
87870,85,-0.6
87880,85,-0.594
87890,85,-0.612
87900,85,-0.606
87910,85,-0.594
87920,85,-0.6
87930,85,-0.606
87940,85,-0.6
87950,85,-0.581
87960,85,-0.619
87970,85,-0.587
87980,85,-0.6
87990,85,-0.6
88000,85,-0.6
88010,85,-0.612
88020,85,-0.625
88030,85,-0.6
88040,85,-0.612
88050,85,-0.6
88060,85,-0.587
88070,85,-0.606
88080,85,-0.587
88090,85,-0.594
88100,85,-0.594
88110,85,-0.594
88120,85,-0.594
88130,85,-0.594
88140,85,-0.6
88150,85,-0.6
88160,85,-0.6
88170,85,-0.587
88180,85,-0.594
88190,85,-0.594
88200,85,-0.594
88210,85,-0.594
88220,85,-0.6
88230,85,-0.606
88240,85,-0.594
88250,85,-0.587
88260,85,-0.587
88270,85,-0.6
88280,85,-0.581
88290,85,-0.587
88300,85,-0.581
88310,85,-0.587
88320,85,-0.587
88330,85,-0.575
88340,85,-0.581
88350,85,-0.575
88360,85,-0.581
88370,85,-0.575
88380,85,-0.6
88390,85,-0.581
88400,85,-0.581
88410,85,-0.581
88420,85,-0.575
88430,85,-0.587
88440,85,-0.575
88450,85,-0.594
88460,85,-0.575
88470,85,-0.594
88480,85,-0.587
88490,85,-0.594
88500,85,-0.587
88510,85,-0.575
88520,85,-0.587
88530,85,-0.569
88540,85,-0.587
88550,85,-0.575
88560,85,-0.587
88570,85,-0.581
88580,85,-0.569
88590,85,-0.562
88600,85,-0.581
88610,85,-0.575
88620,85,-0.581
88630,85,-0.569
88640,85,-0.587
88650,85,-0.575
88660,85,-0.587
88670,85,-0.569
88680,85,-0.569
88690,85,-0.581
88700,85,-0.581
88710,85,-0.575
88720,85,-0.581
88730,85,-0.569
88740,85,-0.581
88750,85,-0.581
88760,85,-0.575
88770,85,-0.6
88780,85,-0.575
88790,85,-0.587
88800,85,-0.575
88810,85,-0.581
88820,85,-0.575
88830,85,-0.581
88840,85,-0.587
88850,85,-0.587
88860,85,-0.587
88870,85,-0.594
88880,85,-0.587
88890,85,-0.594
88900,85,-0.581
88910,85,-0.587
88920,85,-0.594
88930,85,-0.587
88940,85,-0.581
88950,85,-0.594
88960,85,-0.587
88970,85,-0.587
88980,85,-0.575
88990,85,-0.581
89000,85,-0.569
89010,85,-0.581
89020,85,-0.587
89030,85,-0.581
89040,85,-0.575
89050,85,-0.581
89060,85,-0.562
89070,85,-0.581
89080,85,-0.556
89090,85,-0.569
89100,85,-0.544
89110,85,-0.575
89120,85,-0.581
89130,85,-0.562
89140,85,-0.569
89150,85,-0.562
89160,85,-0.575
89170,85,-0.562
89180,85,-0.569
89190,85,-0.55
89200,85,-0.562
89210,85,-0.544
89220,85,-0.562
89230,85,-0.575
89240,85,-0.556
89250,85,-0.562
89260,85,-0.55
89270,85,-0.562
89280,85,-0.556
89290,85,-0.556
89300,85,-0.537
89310,85,-0.562
89320,85,-0.544
89330,85,-0.556
89340,85,-0.55
89350,85,-0.544
89360,85,-0.562
89370,85,-0.55
89380,85,-0.544
89390,85,-0.544
89400,85,-0.562
89410,85,-0.569
89420,85,-0.556
89430,85,-0.562
89440,85,-0.544
89450,85,-0.556
89460,85,-0.562
89470,85,-0.544
89480,85,-0.55
89490,85,-0.556
89500,85,-0.537
89510,85,-0.544
89520,85,-0.531
89530,85,-0.544
89540,85,-0.531
89550,85,-0.537
89560,85,-0.537
89570,85,-0.544
89580,85,-0.531
89590,85,-0.531
89600,85,-0.525
89610,85,-0.55
89620,85,-0.537
89630,85,-0.544
89640,85,-0.544
89650,85,-0.556
89660,85,-0.556
89670,85,-0.556
89680,85,-0.556
89690,85,-0.531
89700,85,-0.55
89710,85,-0.544
89720,85,-0.544
89730,85,-0.556
89740,85,-0.556
89750,85,-0.556
89760,85,-0.562
89770,85,-0.55
89780,85,-0.569
89790,85,-0.544
89800,85,-0.562
89810,85,-0.55
89820,85,-0.544
89830,85,-0.544
89840,85,-0.544
89850,85,-0.556
89860,85,-0.562
89870,85,-0.537
89880,85,-0.55
89890,85,-0.537
89900,85,-0.537
89910,85,-0.537
89920,85,-0.537
89930,85,-0.531
89940,85,-0.544
89950,85,-0.531
89960,85,-0.55
89970,85,-0.537
89980,85,-0.55
89990,85,-0.544
90000,85,-0.544
90010,85,-0.55
90020,85,-0.556
90030,85,-0.544
90040,85,-0.544
90050,85,-0.531
90060,85,-0.544
90070,85,-0.519
90080,85,-0.544
90090,85,-0.537
90100,85,-0.544
90110,85,-0.512
90120,85,-0.537
90130,85,-0.512
90140,85,-0.531
90150,85,-0.512
90160,85,-0.525
90170,85,-0.519
90180,85,-0.519
90190,85,-0.531
90200,85,-0.537
90210,85,-0.519
90220,85,-0.512
90230,85,-0.512
90240,85,-0.512
90250,85,-0.531
90260,85,-0.5
90270,85,-0.512
90280,85,-0.506
90290,85,-0.519
90300,85,-0.506
90310,85,-0.506
90320,85,-0.506
90330,85,-0.506
90340,85,-0.5
90350,85,-0.519
90360,85,-0.506
90370,85,-0.519
90380,85,-0.494
90390,85,-0.512
90400,85,-0.506
90410,85,-0.512
90420,85,-0.506
90430,85,-0.519
90440,85,-0.5
90450,85,-0.512
90460,85,-0.519
90470,85,-0.525
90480,85,-0.519
90490,85,-0.506
90500,85,-0.525
90510,85,-0.506
90520,85,-0.512
90530,85,-0.494
90540,85,-0.519
90550,85,-0.5
90560,85,-0.519
90570,85,-0.5
90580,85,-0.525
90590,85,-0.506
90600,85,-0.519
90610,85,-0.5
90620,85,-0.506
90630,85,-0.5
90640,85,-0.506
90650,85,-0.506
90660,85,-0.519
90670,85,-0.5
90680,85,-0.512
90690,85,-0.5
90700,85,-0.506
90710,85,-0.512
90720,85,-0.506
90730,85,-0.506
90740,85,-0.512
90750,85,-0.494
90760,85,-0.512
90770,85,-0.487
90780,85,-0.506
90790,85,-0.5
90800,85,-0.5
90810,85,-0.494
90820,85,-0.5
90830,85,-0.487
90840,85,-0.506
90850,85,-0.494
90860,85,-0.506
90870,85,-0.506
90880,85,-0.506
90890,85,-0.494
90900,85,-0.506
90910,85,-0.487
90920,85,-0.494
90930,85,-0.494
90940,85,-0.506
90950,85,-0.5
90960,85,-0.506
90970,85,-0.494
90980,85,-0.512
90990,85,-0.487
91000,85,-0.494
91010,85,-0.494
91020,85,-0.494
91030,85,-0.512
91040,85,-0.487
91050,85,-0.494
91060,85,-0.481
91070,85,-0.506
91080,85,-0.475
91090,85,-0.481
91100,85,-0.487
91110,85,-0.5
91120,85,-0.469
91130,85,-0.506
91140,85,-0.481
91150,85,-0.5
91160,85,-0.475
91170,85,-0.494
91180,85,-0.506
91190,85,-0.487
91200,85,-0.512
91210,85,-0.487
91220,85,-0.494
91230,85,-0.475
91240,85,-0.487
91250,85,-0.494
91260,85,-0.494
91270,85,-0.475
91280,85,-0.5
91290,85,-0.475
91300,85,-0.487
91310,85,-0.487
91320,85,-0.481
91330,85,-0.481
91340,85,-0.469
91350,85,-0.487
91360,85,-0.469
91370,85,-0.475
91380,85,-0.462
91390,85,-0.481
91400,85,-0.462
91410,85,-0.475
91420,85,-0.469
91430,85,-0.475
91440,85,-0.462
91450,85,-0.469
91460,85,-0.456
91470,85,-0.481
91480,85,-0.469
91490,85,-0.475
91500,85,-0.462
91510,85,-0.481
91520,85,-0.469
91530,85,-0.487
91540,85,-0.469
91550,85,-0.475
91560,85,-0.469
91570,85,-0.475
91580,85,-0.462
91590,85,-0.487
91600,85,-0.469
91610,85,-0.469
91620,85,-0.456
91630,85,-0.481
91640,85,-0.475
91650,85,-0.487
91660,85,-0.475
91670,85,-0.475
91680,85,-0.462
91690,85,-0.481
91700,85,-0.462
91710,85,-0.469
91720,85,-0.469
91730,85,-0.494
91740,85,-0.494
91750,85,-0.506
91760,85,-0.487
91770,85,-0.512
91780,85,-0.487
91790,85,-0.5
91800,85,-0.487
91810,85,-0.506
91820,85,-0.5
91830,85,-0.494
91840,85,-0.487
91850,85,-0.5
91860,85,-0.487
91870,85,-0.506
91880,85,-0.487
91890,85,-0.5
91900,85,-0.481
91910,85,-0.494
91920,85,-0.475
91930,85,-0.481
91940,85,-0.475
91950,85,-0.481
91960,85,-0.481
91970,85,-0.494
91980,85,-0.475
91990,85,-0.475
92000,85,-0.475
92010,90,-0.494
92020,90,-0.475
92030,90,-0.462
92040,90,-0.475
92050,90,-0.462
92060,90,-0.481
92070,90,-0.469
92080,90,-0.475
92090,90,-0.456
92100,90,-0.469
92110,90,-0.456
92120,90,-0.462
92130,90,-0.437
92140,90,-0.469
92150,90,-0.444
92160,90,-0.45
92170,90,-0.45
92180,90,-0.456
92190,90,-0.456
92200,90,-0.431
92210,90,-0.45
92220,90,-0.444
92230,90,-0.45
92240,90,-0.437
92250,90,-0.45
92260,90,-0.456
92270,90,-0.45
92280,90,-0.444
92290,90,-0.456
92300,90,-0.444
92310,90,-0.456
92320,90,-0.437
92330,90,-0.45
92340,90,-0.45
92350,90,-0.45
92360,90,-0.444
92370,90,-0.444
92380,90,-0.437
92390,90,-0.45
92400,90,-0.431
92410,90,-0.437
92420,90,-0.45
92430,90,-0.431
92440,90,-0.45
92450,90,-0.456
92460,90,-0.437
92470,90,-0.419
92480,90,-0.456
92490,90,-0.437
92500,90,-0.45
92510,90,-0.437
92520,90,-0.45
92530,90,-0.45
92540,90,-0.444
92550,90,-0.444
92560,90,-0.444
92570,90,-0.45
92580,90,-0.444
92590,90,-0.45
92600,90,-0.45
92610,90,-0.45
92620,90,-0.444
92630,90,-0.45
92640,90,-0.444
92650,90,-0.456
92660,90,-0.437
92670,90,-0.45
92680,90,-0.444
92690,90,-0.444
92700,90,-0.437
92710,90,-0.437
92720,90,-0.431
92730,90,-0.456
92740,90,-0.444
92750,90,-0.45
92760,90,-0.444
92770,90,-0.444
92780,90,-0.431
92790,90,-0.45
92800,90,-0.444
92810,90,-0.45
92820,90,-0.444
92830,90,-0.456
92840,90,-0.431
92850,90,-0.45
92860,90,-0.437
92870,90,-0.45
92880,90,-0.45
92890,90,-0.45
92900,90,-0.444
92910,90,-0.462
92920,90,-0.437
92930,90,-0.45
92940,90,-0.444
92950,90,-0.462
92960,90,-0.45
92970,90,-0.456
92980,90,-0.45
92990,90,-0.456
93000,90,-0.456
93010,90,-0.462
93020,90,-0.444
93030,90,-0.462
93040,90,-0.456
93050,90,-0.456
93060,90,-0.45
93070,90,-0.456
93080,90,-0.456
93090,90,-0.456
93100,90,-0.462
93110,90,-0.444
93120,90,-0.462
93130,90,-0.444
93140,90,-0.45
93150,90,-0.45
93160,90,-0.456
93170,90,-0.45
93180,90,-0.45
93190,90,-0.462
93200,90,-0.462
93210,90,-0.444
93220,90,-0.456
93230,90,-0.444
93240,90,-0.45
93250,90,-0.45
93260,90,-0.456
93270,90,-0.45
93280,90,-0.437
93290,90,-0.444
93300,90,-0.456
93310,90,-0.437
93320,90,-0.45
93330,90,-0.45
93340,90,-0.437
93350,90,-0.45
93360,90,-0.437
93370,90,-0.45
93380,90,-0.444
93390,90,-0.437
93400,90,-0.431
93410,90,-0.437
93420,90,-0.437
93430,90,-0.456
93440,90,-0.437
93450,90,-0.45
93460,90,-0.437
93470,90,-0.45
93480,90,-0.437
93490,90,-0.45
93500,90,-0.45
93510,90,-0.45
93520,90,-0.45
93530,90,-0.456
93540,90,-0.45
93550,90,-0.456
93560,90,-0.456
93570,90,-0.462
93580,90,-0.45
93590,90,-0.45
93600,90,-0.45
93610,90,-0.456
93620,90,-0.456
93630,90,-0.437
93640,90,-0.45
93650,90,-0.45
93660,90,-0.456
93670,90,-0.45
93680,90,-0.444
93690,90,-0.462
93700,90,-0.437
93710,90,-0.456
93720,90,-0.45
93730,90,-0.462
93740,90,-0.475
93750,90,-0.45
93760,90,-0.462
93770,90,-0.475
93780,90,-0.456
93790,90,-0.469
93800,90,-0.456
93810,90,-0.469
93820,90,-0.456
93830,90,-0.469
93840,90,-0.462
93850,90,-0.462
93860,90,-0.45
93870,90,-0.469
93880,90,-0.475
93890,90,-0.469
93900,90,-0.475
93910,90,-0.469
93920,90,-0.475
93930,90,-0.469
93940,90,-0.475
93950,90,-0.469
93960,90,-0.487
93970,90,-0.462
93980,90,-0.475
93990,90,-0.462
94000,90,-0.469
94010,90,-0.475
94020,90,-0.469
94030,90,-0.475
94040,90,-0.456
94050,90,-0.475
94060,90,-0.456
94070,90,-0.469
94080,90,-0.456
94090,90,-0.469
94100,90,-0.456
94110,90,-0.475
94120,90,-0.45
94130,90,-0.475
94140,90,-0.469
94150,90,-0.444
94160,90,-0.475
94170,90,-0.456
94180,90,-0.475
94190,90,-0.456
94200,90,-0.462
94210,90,-0.456
94220,90,-0.462
94230,90,-0.444
94240,90,-0.469
94250,90,-0.45
94260,90,-0.456
94270,90,-0.481
94280,90,-0.456
94290,90,-0.475
94300,90,-0.462
94310,90,-0.469
94320,90,-0.456
94330,90,-0.469
94340,90,-0.462
94350,90,-0.475
94360,90,-0.462
94370,90,-0.475
94380,90,-0.456
94390,90,-0.469
94400,90,-0.45
94410,90,-0.462
94420,90,-0.462
94430,90,-0.45
94440,90,-0.475
94450,90,-0.469
94460,90,-0.45
94470,90,-0.475
94480,90,-0.456
94490,90,-0.45
94500,90,-0.462
94510,90,-0.469
94520,90,-0.456
94530,90,-0.462
94540,90,-0.462
94550,90,-0.462
94560,90,-0.45
94570,90,-0.462
94580,90,-0.469
94590,90,-0.456
94600,90,-0.475
94610,90,-0.456
94620,90,-0.469
94630,90,-0.462
94640,90,-0.469
94650,90,-0.469
94660,90,-0.475
94670,90,-0.456
94680,90,-0.469
94690,90,-0.456
94700,90,-0.469
94710,90,-0.45
94720,90,-0.462
94730,90,-0.462
94740,90,-0.45
94750,90,-0.469
94760,90,-0.456
94770,90,-0.45
94780,90,-0.456
94790,90,-0.456
94800,90,-0.45
94810,90,-0.462
94820,90,-0.456
94830,90,-0.45
94840,90,-0.462
94850,90,-0.481
94860,90,-0.456
94870,90,-0.469
94880,90,-0.45
94890,90,-0.475
94900,90,-0.475
94910,90,-0.462
94920,90,-0.462
94930,90,-0.456
94940,90,-0.462
94950,90,-0.45
94960,90,-0.456
94970,90,-0.462
94980,90,-0.456
94990,90,-0.462
95000,90,-0.45
95010,90,-0.462
95020,90,-0.462
95030,90,-0.456
95040,90,-0.462
95050,90,-0.456
95060,90,-0.475
95070,90,-0.456
95080,90,-0.462
95090,90,-0.45
95100,90,-0.456
95110,90,-0.469
95120,90,-0.456
95130,90,-0.456
95140,90,-0.469
95150,90,-0.456
95160,90,-0.431
95170,90,-0.469
95180,90,-0.45
95190,90,-0.462
95200,90,-0.45
95210,90,-0.45
95220,90,-0.462
95230,90,-0.456
95240,90,-0.456
95250,90,-0.456
95260,90,-0.45
95270,90,-0.456
95280,90,-0.469
95290,90,-0.456
95300,90,-0.456
95310,90,-0.45
95320,90,-0.462
95330,90,-0.469
95340,90,-0.456
95350,90,-0.456
95360,90,-0.45
95370,90,-0.462
95380,90,-0.462
95390,90,-0.444
95400,90,-0.462
95410,90,-0.45
95420,90,-0.462
95430,90,-0.456
95440,90,-0.444
95450,90,-0.462
95460,90,-0.444
95470,90,-0.462
95480,90,-0.444
95490,90,-0.444
95500,90,-0.431
95510,90,-0.45
95520,90,-0.437
95530,90,-0.431
95540,90,-0.437
95550,90,-0.431
95560,90,-0.437
95570,90,-0.431
95580,90,-0.444
95590,90,-0.437
95600,90,-0.45
95610,90,-0.437
95620,90,-0.431
95630,90,-0.437
95640,90,-0.431
95650,90,-0.444
95660,90,-0.431
95670,90,-0.444
95680,90,-0.437
95690,90,-0.444
95700,90,-0.431
95710,90,-0.437
95720,90,-0.419
95730,90,-0.431
95740,90,-0.419
95750,90,-0.437
95760,90,-0.431
95770,90,-0.437
95780,90,-0.431
95790,90,-0.45
95800,90,-0.437
95810,90,-0.437
95820,90,-0.437
95830,90,-0.431
95840,90,-0.437
95850,90,-0.425
95860,90,-0.45
95870,90,-0.437
95880,90,-0.444
95890,90,-0.456
95900,90,-0.437
95910,90,-0.456
95920,90,-0.444
95930,90,-0.45
95940,90,-0.45
95950,90,-0.45
95960,90,-0.45
95970,90,-0.456
95980,90,-0.456
95990,90,-0.444
96000,90,-0.45
96010,90,-0.456
96020,90,-0.45
96030,90,-0.431
96040,90,-0.45
96050,90,-0.444
96060,90,-0.45
96070,90,-0.45
96080,90,-0.456
96090,90,-0.45
96100,90,-0.45
96110,90,-0.462
96120,90,-0.462
96130,90,-0.444
96140,90,-0.469
96150,90,-0.45
96160,90,-0.456
96170,90,-0.444
96180,90,-0.45
96190,90,-0.444
96200,90,-0.456
96210,90,-0.437
96220,90,-0.462
96230,90,-0.45
96240,90,-0.456
96250,90,-0.462
96260,90,-0.444
96270,90,-0.462
96280,90,-0.456
96290,90,-0.462
96300,90,-0.45
96310,90,-0.456
96320,90,-0.45
96330,90,-0.444
96340,90,-0.456
96350,90,-0.444
96360,90,-0.456
96370,90,-0.444
96380,90,-0.462
96390,90,-0.45
96400,90,-0.456
96410,90,-0.462
96420,90,-0.444
96430,90,-0.462
96440,90,-0.437
96450,90,-0.45
96460,90,-0.456
96470,90,-0.444
96480,90,-0.456
96490,90,-0.444
96500,90,-0.456
96510,90,-0.431
96520,90,-0.45
96530,90,-0.444
96540,90,-0.45
96550,90,-0.437
96560,90,-0.45
96570,90,-0.45
96580,90,-0.45
96590,90,-0.45
96600,90,-0.45
96610,90,-0.444
96620,90,-0.45
96630,90,-0.431
96640,90,-0.444
96650,90,-0.45
96660,90,-0.444
96670,90,-0.456
96680,90,-0.444
96690,90,-0.462
96700,90,-0.437
96710,90,-0.45
96720,90,-0.444
96730,90,-0.444
96740,90,-0.437
96750,90,-0.444
96760,90,-0.425
96770,90,-0.45
96780,90,-0.431
96790,90,-0.45
96800,90,-0.45
96810,90,-0.437
96820,90,-0.444
96830,90,-0.425
96840,90,-0.431
96850,90,-0.425
96860,90,-0.444
96870,90,-0.431
96880,90,-0.45
96890,90,-0.437
96900,90,-0.456
96910,90,-0.45
96920,90,-0.444
96930,90,-0.456
96940,90,-0.437
96950,90,-0.45
96960,90,-0.444
96970,90,-0.444
96980,90,-0.444
96990,90,-0.456
97000,90,-0.444
97010,95,-0.456
97020,95,-0.437
97030,95,-0.45
97040,95,-0.431
97050,95,-0.444
97060,95,-0.45
97070,95,-0.425
97080,95,-0.444
97090,95,-0.431
97100,95,-0.425
97110,95,-0.431
97120,95,-0.419
97130,95,-0.431
97140,95,-0.419
97150,95,-0.431
97160,95,-0.425
97170,95,-0.431
97180,95,-0.412
97190,95,-0.425
97200,95,-0.412
97210,95,-0.419
97220,95,-0.412
97230,95,-0.425
97240,95,-0.4
97250,95,-0.412
97260,95,-0.425
97270,95,-0.412
97280,95,-0.425
97290,95,-0.406
97300,95,-0.419
97310,95,-0.425
97320,95,-0.412
97330,95,-0.431
97340,95,-0.406
97350,95,-0.425
97360,95,-0.425
97370,95,-0.412
97380,95,-0.419
97390,95,-0.419
97400,95,-0.412
97410,95,-0.406
97420,95,-0.425
97430,95,-0.419
97440,95,-0.406
97450,95,-0.412
97460,95,-0.406
97470,95,-0.4
97480,95,-0.406
97490,95,-0.406
97500,95,-0.406
97510,95,-0.406
97520,95,-0.394
97530,95,-0.4
97540,95,-0.387
97550,95,-0.4
97560,95,-0.394
97570,95,-0.4
97580,95,-0.394
97590,95,-0.4
97600,95,-0.394
97610,95,-0.406
97620,95,-0.387
97630,95,-0.406
97640,95,-0.387
97650,95,-0.394
97660,95,-0.387
97670,95,-0.394
97680,95,-0.394
97690,95,-0.406
97700,95,-0.394
97710,95,-0.394
97720,95,-0.387
97730,95,-0.406
97740,95,-0.387
97750,95,-0.406
97760,95,-0.4
97770,95,-0.4
97780,95,-0.412
97790,95,-0.406
97800,95,-0.4
97810,95,-0.4
97820,95,-0.4
97830,95,-0.406
97840,95,-0.406
97850,95,-0.406
97860,95,-0.394
97870,95,-0.406
97880,95,-0.4
97890,95,-0.406
97900,95,-0.406
97910,95,-0.412
97920,95,-0.406
97930,95,-0.394
97940,95,-0.4
97950,95,-0.4
97960,95,-0.4
97970,95,-0.394
97980,95,-0.4
97990,95,-0.394
98000,95,-0.4
98010,95,-0.406
98020,95,-0.394
98030,95,-0.394
98040,95,-0.387
98050,95,-0.406
98060,95,-0.394
98070,95,-0.394
98080,95,-0.381
98090,95,-0.4
98100,95,-0.381
98110,95,-0.4
98120,95,-0.394
98130,95,-0.4
98140,95,-0.4
98150,95,-0.412
98160,95,-0.4
98170,95,-0.406
98180,95,-0.406
98190,95,-0.4
98200,95,-0.412
98210,95,-0.412
98220,95,-0.406
98230,95,-0.406
98240,95,-0.406
98250,95,-0.406
98260,95,-0.406
98270,95,-0.406
98280,95,-0.412
98290,95,-0.412
98300,95,-0.4
98310,95,-0.412
98320,95,-0.425
98330,95,-0.412
98340,95,-0.425
98350,95,-0.412
98360,95,-0.425
98370,95,-0.412
98380,95,-0.425
98390,95,-0.406
98400,95,-0.425
98410,95,-0.419
98420,95,-0.4
98430,95,-0.419
98440,95,-0.419
98450,95,-0.412
98460,95,-0.425
98470,95,-0.406
98480,95,-0.419
98490,95,-0.419
98500,95,-0.406
98510,95,-0.425
98520,95,-0.425
98530,95,-0.4
98540,95,-0.425
98550,95,-0.425
98560,95,-0.4
98570,95,-0.412
98580,95,-0.419
98590,95,-0.406
98600,95,-0.419
98610,95,-0.419
98620,95,-0.412
98630,95,-0.419
98640,95,-0.406
98650,95,-0.412
98660,95,-0.425
98670,95,-0.412
98680,95,-0.419
98690,95,-0.406
98700,95,-0.412
98710,95,-0.419
98720,95,-0.406
98730,95,-0.412
98740,95,-0.412
98750,95,-0.394
98760,95,-0.419
98770,95,-0.4
98780,95,-0.412
98790,95,-0.419
98800,95,-0.4
98810,95,-0.406
98820,95,-0.412
98830,95,-0.406
98840,95,-0.4
98850,95,-0.406
98860,95,-0.406
98870,95,-0.4
98880,95,-0.412
98890,95,-0.412
98900,95,-0.4
98910,95,-0.406
98920,95,-0.406
98930,95,-0.406
98940,95,-0.4
98950,95,-0.4
98960,95,-0.394
98970,95,-0.4
98980,95,-0.4
98990,95,-0.4
99000,95,-0.387
99010,95,-0.4
99020,95,-0.387
99030,95,-0.387
99040,95,-0.375
99050,95,-0.406
99060,95,-0.387
99070,95,-0.406
99080,95,-0.394
99090,95,-0.4
99100,95,-0.412
99110,95,-0.4
99120,95,-0.394
99130,95,-0.4
99140,95,-0.394
99150,95,-0.406
99160,95,-0.394
99170,95,-0.406
99180,95,-0.406
99190,95,-0.4
99200,95,-0.394
99210,95,-0.412
99220,95,-0.381
99230,95,-0.412
99240,95,-0.394
99250,95,-0.4
99260,95,-0.394
99270,95,-0.4
99280,95,-0.406
99290,95,-0.406
99300,95,-0.412
99310,95,-0.419
99320,95,-0.394
99330,95,-0.412
99340,95,-0.394
99350,95,-0.412
99360,95,-0.406
99370,95,-0.412
99380,95,-0.412
99390,95,-0.394
99400,95,-0.419
99410,95,-0.406
99420,95,-0.4
99430,95,-0.406
99440,95,-0.406
99450,95,-0.406
99460,95,-0.412
99470,95,-0.406
99480,95,-0.4
99490,95,-0.412
99500,95,-0.406
99510,95,-0.394
99520,95,-0.412
99530,95,-0.394
99540,95,-0.4
99550,95,-0.4
99560,95,-0.406
99570,95,-0.4
99580,95,-0.406
99590,95,-0.412
99600,95,-0.419
99610,95,-0.406
99620,95,-0.419
99630,95,-0.412
99640,95,-0.412
99650,95,-0.412
99660,95,-0.406
99670,95,-0.412
99680,95,-0.425
99690,95,-0.4
99700,95,-0.419
99710,95,-0.419
99720,95,-0.406
99730,95,-0.412
99740,95,-0.412
99750,95,-0.394
99760,95,-0.419
99770,95,-0.406
99780,95,-0.419
99790,95,-0.412
99800,95,-0.406
99810,95,-0.419
99820,95,-0.412
99830,95,-0.4
99840,95,-0.419
99850,95,-0.412
99860,95,-0.412
99870,95,-0.412
99880,95,-0.394
99890,95,-0.419
99900,95,-0.406
99910,95,-0.419
99920,95,-0.425
99930,95,-0.406
99940,95,-0.419
99950,95,-0.412
99960,95,-0.406
99970,95,-0.412
99980,95,-0.425
99990,95,-0.406
100000,95,-0.412
100010,95,-0.419
100020,95,-0.419
100030,95,-0.419
100040,95,-0.412
100050,95,-0.412
100060,95,-0.419
100070,95,-0.419
100080,95,-0.412
100090,95,-0.419
100100,95,-0.412
100110,95,-0.419
100120,95,-0.412
100130,95,-0.406
100140,95,-0.412
100150,95,-0.4
100160,95,-0.406
100170,95,-0.412
100180,95,-0.394
100190,95,-0.412
100200,95,-0.406
100210,95,-0.4
100220,95,-0.4
100230,95,-0.4
100240,95,-0.4
100250,95,-0.387
100260,95,-0.387
100270,95,-0.394
100280,95,-0.4
100290,95,-0.406
100300,95,-0.387
100310,95,-0.406
100320,95,-0.4
100330,95,-0.394
100340,95,-0.406
100350,95,-0.394
100360,95,-0.394
100370,95,-0.406
100380,95,-0.406
100390,95,-0.394
100400,95,-0.4
100410,95,-0.4
100420,95,-0.4
100430,95,-0.406
100440,95,-0.406
100450,95,-0.4
100460,95,-0.406
100470,95,-0.4
100480,95,-0.412
100490,95,-0.394
100500,95,-0.412
100510,95,-0.406
100520,95,-0.4
100530,95,-0.406
100540,95,-0.412
100550,95,-0.4
100560,95,-0.425
100570,95,-0.419
100580,95,-0.425
100590,95,-0.419
100600,95,-0.431
100610,95,-0.431
100620,95,-0.425
100630,95,-0.425
100640,95,-0.425
100650,95,-0.431
100660,95,-0.425
100670,95,-0.431
100680,95,-0.431
100690,95,-0.425
100700,95,-0.425
100710,95,-0.431
100720,95,-0.419
100730,95,-0.431
100740,95,-0.419
100750,95,-0.425
100760,95,-0.431
100770,95,-0.425
100780,95,-0.431
100790,95,-0.431
100800,95,-0.419
100810,95,-0.431
100820,95,-0.425
100830,95,-0.431
100840,95,-0.425
100850,95,-0.425
100860,95,-0.425
100870,95,-0.431
100880,95,-0.431
100890,95,-0.412
100900,95,-0.419
100910,95,-0.425
100920,95,-0.431
100930,95,-0.431
100940,95,-0.431
100950,95,-0.425
100960,95,-0.419
100970,95,-0.425
100980,95,-0.412
100990,95,-0.425
101000,95,-0.437
101010,95,-0.431
101020,95,-0.431
101030,95,-0.431
101040,95,-0.425
101050,95,-0.425
101060,95,-0.425
101070,95,-0.431
101080,95,-0.425
101090,95,-0.431
101100,95,-0.431
101110,95,-0.425
101120,95,-0.431
101130,95,-0.419
101140,95,-0.419
101150,95,-0.425
101160,95,-0.425
101170,95,-0.425
101180,95,-0.425
101190,95,-0.419
101200,95,-0.431
101210,95,-0.419
101220,95,-0.419
101230,95,-0.431
101240,95,-0.419
101250,95,-0.425
101260,95,-0.419
101270,95,-0.419
101280,95,-0.412
101290,95,-0.419
101300,95,-0.412
101310,95,-0.425
101320,95,-0.419
101330,95,-0.425
101340,95,-0.412
101350,95,-0.412
101360,95,-0.412
101370,95,-0.406
101380,95,-0.412
101390,95,-0.412
101400,95,-0.419
101410,95,-0.425
101420,95,-0.425
101430,95,-0.431
101440,95,-0.431
101450,95,-0.425
101460,95,-0.431
101470,95,-0.431
101480,95,-0.437
101490,95,-0.431
101500,95,-0.425
101510,95,-0.431
101520,95,-0.425
101530,95,-0.419
101540,95,-0.425
101550,95,-0.425
101560,95,-0.406
101570,95,-0.425
101580,95,-0.419
101590,95,-0.425
101600,95,-0.425
101610,95,-0.419
101620,95,-0.425
101630,95,-0.425
101640,95,-0.412
101650,95,-0.419
101660,95,-0.412
101670,95,-0.419
101680,95,-0.419
101690,95,-0.419
101700,95,-0.425
101710,95,-0.412
101720,95,-0.419
101730,95,-0.419
101740,95,-0.412
101750,95,-0.412
101760,95,-0.406
101770,95,-0.419
101780,95,-0.4
101790,95,-0.419
101800,95,-0.4
101810,95,-0.412
101820,95,-0.412
101830,95,-0.406
101840,95,-0.412
101850,95,-0.406
101860,95,-0.412
101870,95,-0.406
101880,95,-0.425
101890,95,-0.4
101900,95,-0.406
101910,95,-0.412
101920,95,-0.406
101930,95,-0.419
101940,95,-0.4
101950,95,-0.419
101960,95,-0.4
101970,95,-0.412
101980,95,-0.406
101990,95,-0.412
102000,95,-0.4
102010,100,-0.419
102020,100,-0.406
102030,100,-0.412
102040,100,-0.412
102050,100,-0.406
102060,100,-0.406
102070,100,-0.406
102080,100,-0.406
102090,100,-0.412
102100,100,-0.406
102110,100,-0.406
102120,100,-0.406
102130,100,-0.419
102140,100,-0.4
102150,100,-0.406
102160,100,-0.406
102170,100,-0.406
102180,100,-0.406
102190,100,-0.406
102200,100,-0.394
102210,100,-0.412
102220,100,-0.394
102230,100,-0.4
102240,100,-0.4
102250,100,-0.4
102260,100,-0.406
102270,100,-0.4
102280,100,-0.387
102290,100,-0.394
102300,100,-0.4
102310,100,-0.4
102320,100,-0.4
102330,100,-0.387
102340,100,-0.394
102350,100,-0.406
102360,100,-0.387
102370,100,-0.394
102380,100,-0.387
102390,100,-0.4
102400,100,-0.387
102410,100,-0.394
102420,100,-0.394
102430,100,-0.381
102440,100,-0.394
102450,100,-0.387
102460,100,-0.387
102470,100,-0.387
102480,100,-0.387
102490,100,-0.394
102500,100,-0.387
102510,100,-0.387
102520,100,-0.394
102530,100,-0.387
102540,100,-0.387
102550,100,-0.387
102560,100,-0.387
102570,100,-0.381
102580,100,-0.394
102590,100,-0.387
102600,100,-0.394
102610,100,-0.387
102620,100,-0.4
102630,100,-0.387
102640,100,-0.387
102650,100,-0.394
102660,100,-0.387
102670,100,-0.375
102680,100,-0.381
102690,100,-0.375
102700,100,-0.387
102710,100,-0.387
102720,100,-0.387
102730,100,-0.387
102740,100,-0.394
102750,100,-0.387
102760,100,-0.394
102770,100,-0.381
102780,100,-0.387
102790,100,-0.381
102800,100,-0.387
102810,100,-0.381
102820,100,-0.375
102830,100,-0.381
102840,100,-0.381
102850,100,-0.375
102860,100,-0.375
102870,100,-0.375
102880,100,-0.381
102890,100,-0.375
102900,100,-0.369
102910,100,-0.362
102920,100,-0.375
102930,100,-0.375
102940,100,-0.375
102950,100,-0.375
102960,100,-0.381
102970,100,-0.375
102980,100,-0.381
102990,100,-0.387
103000,100,-0.381
103010,100,-0.381
103020,100,-0.381
103030,100,-0.381
103040,100,-0.387
103050,100,-0.387
103060,100,-0.381
103070,100,-0.375
103080,100,-0.381
103090,100,-0.375
103100,100,-0.375
103110,100,-0.381
103120,100,-0.381
103130,100,-0.369
103140,100,-0.375
103150,100,-0.375
103160,100,-0.375
103170,100,-0.387
103180,100,-0.381
103190,100,-0.381
103200,100,-0.387
103210,100,-0.387
103220,100,-0.381
103230,100,-0.375
103240,100,-0.387
103250,100,-0.375
103260,100,-0.381
103270,100,-0.387
103280,100,-0.369
103290,100,-0.375
103300,100,-0.375
103310,100,-0.387
103320,100,-0.387
103330,100,-0.387
103340,100,-0.381
103350,100,-0.381
103360,100,-0.375
103370,100,-0.375
103380,100,-0.381
103390,100,-0.387
103400,100,-0.381
103410,100,-0.381
103420,100,-0.387
103430,100,-0.387
103440,100,-0.381
103450,100,-0.394
103460,100,-0.381
103470,100,-0.381
103480,100,-0.387
103490,100,-0.387
103500,100,-0.387
103510,100,-0.394
103520,100,-0.381
103530,100,-0.387
103540,100,-0.375
103550,100,-0.381
103560,100,-0.387
103570,100,-0.375
103580,100,-0.362
103590,100,-0.381
103600,100,-0.375
103610,100,-0.387
103620,100,-0.375
103630,100,-0.387
103640,100,-0.375
103650,100,-0.375
103660,100,-0.387
103670,100,-0.375
103680,100,-0.375
103690,100,-0.375
103700,100,-0.381
103710,100,-0.387
103720,100,-0.381
103730,100,-0.375
103740,100,-0.381
103750,100,-0.381
103760,100,-0.381
103770,100,-0.369
103780,100,-0.375
103790,100,-0.381
103800,100,-0.369
103810,100,-0.375
103820,100,-0.375
103830,100,-0.369
103840,100,-0.375
103850,100,-0.375
103860,100,-0.369
103870,100,-0.381
103880,100,-0.381
103890,100,-0.381
103900,100,-0.381
103910,100,-0.362
103920,100,-0.362
103930,100,-0.369
103940,100,-0.375
103950,100,-0.375
103960,100,-0.362
103970,100,-0.375
103980,100,-0.369
103990,100,-0.362
104000,100,-0.362
104010,100,-0.362
104020,100,-0.369
104030,100,-0.369
104040,100,-0.356
104050,100,-0.369
104060,100,-0.369
104070,100,-0.362
104080,100,-0.369
104090,100,-0.369
104100,100,-0.369
104110,100,-0.375
104120,100,-0.375
104130,100,-0.369
104140,100,-0.375
104150,100,-0.381
104160,100,-0.375
104170,100,-0.375
104180,100,-0.375
104190,100,-0.375
104200,100,-0.381
104210,100,-0.375
104220,100,-0.369
104230,100,-0.375
104240,100,-0.375
104250,100,-0.369
104260,100,-0.375
104270,100,-0.369
104280,100,-0.375
104290,100,-0.375
104300,100,-0.369
104310,100,-0.362
104320,100,-0.375
104330,100,-0.369
104340,100,-0.381
104350,100,-0.362
104360,100,-0.381
104370,100,-0.362
104380,100,-0.362
104390,100,-0.369
104400,100,-0.369
104410,100,-0.375
104420,100,-0.369
104430,100,-0.375
104440,100,-0.375
104450,100,-0.369
104460,100,-0.375
104470,100,-0.369
104480,100,-0.369
104490,100,-0.375
104500,100,-0.375
104510,100,-0.375
104520,100,-0.369
104530,100,-0.375
104540,100,-0.375
104550,100,-0.369
104560,100,-0.375
104570,100,-0.381
104580,100,-0.375
104590,100,-0.362
104600,100,-0.375
104610,100,-0.381
104620,100,-0.369
104630,100,-0.369
104640,100,-0.381
104650,100,-0.369
104660,100,-0.369
104670,100,-0.369
104680,100,-0.375
104690,100,-0.369
104700,100,-0.369
104710,100,-0.369
104720,100,-0.381
104730,100,-0.362
104740,100,-0.362
104750,100,-0.375
104760,100,-0.375
104770,100,-0.369
104780,100,-0.369
104790,100,-0.369
104800,100,-0.375
104810,100,-0.369
104820,100,-0.375
104830,100,-0.375
104840,100,-0.369
104850,100,-0.369
104860,100,-0.369
104870,100,-0.375
104880,100,-0.375
104890,100,-0.369
104900,100,-0.375
104910,100,-0.375
104920,100,-0.369
104930,100,-0.362
104940,100,-0.381
104950,100,-0.375
104960,100,-0.369
104970,100,-0.362
104980,100,-0.369
104990,100,-0.362
105000,100,-0.369
105010,100,-0.362
105020,100,-0.375
105030,100,-0.369
105040,100,-0.375
105050,100,-0.369
105060,100,-0.369
105070,100,-0.362
105080,100,-0.356
105090,100,-0.362
105100,100,-0.362
105110,100,-0.369
105120,100,-0.362
105130,100,-0.369
105140,100,-0.369
105150,100,-0.369
105160,100,-0.375
105170,100,-0.356
105180,100,-0.369
105190,100,-0.375
105200,100,-0.375
105210,100,-0.381
105220,100,-0.375
105230,100,-0.375
105240,100,-0.375
105250,100,-0.375
105260,100,-0.375
105270,100,-0.375
105280,100,-0.375
105290,100,-0.369
105300,100,-0.369
105310,100,-0.362
105320,100,-0.369
105330,100,-0.375
105340,100,-0.369
105350,100,-0.369
105360,100,-0.362
105370,100,-0.369
105380,100,-0.369
105390,100,-0.362
105400,100,-0.369
105410,100,-0.375
105420,100,-0.369
105430,100,-0.369
105440,100,-0.369
105450,100,-0.369
105460,100,-0.362
105470,100,-0.362
105480,100,-0.362
105490,100,-0.369
105500,100,-0.381
105510,100,-0.369
105520,100,-0.381
105530,100,-0.375
105540,100,-0.369
105550,100,-0.375
105560,100,-0.375
105570,100,-0.375
105580,100,-0.381
105590,100,-0.375
105600,100,-0.369
105610,100,-0.387
105620,100,-0.381
105630,100,-0.381
105640,100,-0.387
105650,100,-0.387
105660,100,-0.381
105670,100,-0.375
105680,100,-0.381
105690,100,-0.369
105700,100,-0.369
105710,100,-0.375
105720,100,-0.369
105730,100,-0.369
105740,100,-0.375
105750,100,-0.369
105760,100,-0.381
105770,100,-0.375
105780,100,-0.375
105790,100,-0.375
105800,100,-0.375
105810,100,-0.381
105820,100,-0.375
105830,100,-0.387
105840,100,-0.381
105850,100,-0.375
105860,100,-0.381
105870,100,-0.369
105880,100,-0.381
105890,100,-0.387
105900,100,-0.375
105910,100,-0.387
105920,100,-0.375
105930,100,-0.369
105940,100,-0.362
105950,100,-0.375
105960,100,-0.381
105970,100,-0.375
105980,100,-0.369
105990,100,-0.381
106000,100,-0.387
106010,100,-0.381
106020,100,-0.381
106030,100,-0.387
106040,100,-0.381
106050,100,-0.381
106060,100,-0.387
106070,100,-0.387
106080,100,-0.387
106090,100,-0.381
106100,100,-0.375
106110,100,-0.381
106120,100,-0.381
106130,100,-0.375
106140,100,-0.381
106150,100,-0.381
106160,100,-0.369
106170,100,-0.375
106180,100,-0.375
106190,100,-0.381
106200,100,-0.387
106210,100,-0.375
106220,100,-0.387
106230,100,-0.387
106240,100,-0.381
106250,100,-0.381
106260,100,-0.369
106270,100,-0.381
106280,100,-0.381
106290,100,-0.381
106300,100,-0.381
106310,100,-0.381
106320,100,-0.387
106330,100,-0.381
106340,100,-0.394
106350,100,-0.4
106360,100,-0.394
106370,100,-0.387
106380,100,-0.387
106390,100,-0.375
106400,100,-0.381
106410,100,-0.387
106420,100,-0.387
106430,100,-0.4
106440,100,-0.387
106450,100,-0.394
106460,100,-0.387
106470,100,-0.375
106480,100,-0.381
106490,100,-0.387
106500,100,-0.381
106510,100,-0.4
106520,100,-0.381
106530,100,-0.4
106540,100,-0.394
106550,100,-0.4
106560,100,-0.394
106570,100,-0.406
106580,100,-0.394
106590,100,-0.4
106600,100,-0.394
106610,100,-0.375
106620,100,-0.4
106630,100,-0.387
106640,100,-0.4
106650,100,-0.394
106660,100,-0.394
106670,100,-0.394
106680,100,-0.387
106690,100,-0.394
106700,100,-0.387
106710,100,-0.394
106720,100,-0.394
106730,100,-0.394
106740,100,-0.387
106750,100,-0.387
106760,100,-0.387
106770,100,-0.381
106780,100,-0.381
106790,100,-0.381
106800,100,-0.381
106810,100,-0.375
106820,100,-0.387
106830,100,-0.381
106840,100,-0.381
106850,100,-0.387
106860,100,-0.387
106870,100,-0.387
106880,100,-0.375
106890,100,-0.381
106900,100,-0.394
106910,100,-0.381
106920,100,-0.381
106930,100,-0.394
106940,100,-0.387
106950,100,-0.375
106960,100,-0.394
106970,100,-0.4
106980,100,-0.394
106990,100,-0.4
107000,100,-0.4
107010,105,-0.4
107020,105,-0.394
107030,105,-0.387
107040,105,-0.4
107050,105,-0.406
107060,105,-0.412
107070,105,-0.406
107080,105,-0.406
107090,105,-0.412
107100,105,-0.406
107110,105,-0.412
107120,105,-0.419
107130,105,-0.412
107140,105,-0.412
107150,105,-0.419
107160,105,-0.419
107170,105,-0.412
107180,105,-0.412
107190,105,-0.419
107200,105,-0.419
107210,105,-0.3
107220,105,0.931
107230,105,2.031
107240,105,4.456
107250,105,6.713
107260,105,9.119
107270,105,11.85
107280,105,13.606
107290,105,15.481
107300,105,16.825
107310,105,18.638
107320,105,19.844
107330,105,20.669
107340,105,21.663
107350,105,22.563
107360,105,23.088
107370,105,23.356
107380,105,23.819
107390,105,24.256
107400,105,24.631
107410,105,24.788
107420,105,24.831
107430,105,25.031
107440,105,25.206
107450,105,25.463
107460,105,25.5
107470,105,25.513
107480,105,25.394
107490,105,25.494
107500,105,25.525
107510,105,25.731
107520,105,25.619
107530,105,25.613
107540,105,25.444
107550,105,25.506
107560,105,25.438
107570,105,25.563
107580,105,25.531
107590,105,25.531
107600,105,25.369
107610,105,25.356
107620,105,25.375
107630,105,25.694
107640,105,25.35
107650,105,25.294
107660,105,25.331
107670,105,25.388
107680,105,25.544
107690,105,25.425
107700,105,25.306
107710,105,25.188
107720,105,25.288
107730,105,25.3
107740,105,25.431
107750,105,25.306
107760,105,25.263
107770,105,25.156
107780,105,25.213
107790,105,25.144
107800,105,25.313
107810,105,25.256
107820,105,25.231
107830,105,25.081
107840,105,25.056
107850,105,25.025
107860,105,25.131
107870,105,25.181
107880,105,25.163
107890,105,25.1
107900,105,24.975
107910,105,24.975
107920,105,25.05
107930,105,25.181
107940,105,25.188
107950,105,25.156
107960,105,25.031
107970,105,25.281
107980,105,25.15
107990,105,25.144
108000,105,24.975
108010,105,24.988
108020,105,24.963
108030,105,25.144
108040,105,25.094
108050,105,25.119
108060,105,24.981
108070,105,24.994
108080,105,24.856
108090,105,24.975
108100,105,24.95
108110,105,25.056
108120,105,24.95
108130,105,24.95
108140,105,24.856
108150,105,24.881
108160,105,24.863
108170,105,24.994
108180,105,24.994
108190,105,24.975
108200,105,24.894
108210,105,24.819
108220,105,24.844
108230,105,24.931
108240,105,25.056
108250,105,25.081
108260,105,24.969
108270,105,24.85
108280,105,24.863
108290,105,24.888
108300,105,25.225
108310,105,24.881
108320,105,24.925
108330,105,24.925
108340,105,25.063
108350,105,25.013
108360,105,25.025
108370,105,24.856
108380,105,24.869
108390,105,24.8
108400,105,24.9
108410,105,24.919
108420,105,24.994
108430,105,24.888
108440,105,24.913
108450,105,24.756
108460,105,24.831
108470,105,24.881
108480,105,24.925
108490,105,24.988
108500,105,24.894
108510,105,24.769
108520,105,24.756
108530,105,24.881
108540,105,24.919
108550,105,25.05
108560,105,24.969
108570,105,24.906
108580,105,24.763
108590,105,24.85
108600,105,24.906
108610,105,25.081
108620,105,24.975
108630,105,25
108640,105,24.606
108650,105,25.063
108660,105,24.913
108670,105,24.956
108680,105,24.775
108690,105,24.8
108700,105,24.719
108710,105,24.888
108720,105,24.856
108730,105,24.938
108740,105,24.844
108750,105,24.819
108760,105,24.675
108770,105,24.725
108780,105,24.731
108790,105,24.881
108800,105,24.85
108810,105,24.85
108820,105,24.669
108830,105,24.675
108840,105,24.7
108850,105,24.781
108860,105,24.85
108870,105,24.9
108880,105,24.844
108890,105,24.744
108900,105,24.694
108910,105,24.669
108920,105,24.831
108930,105,24.894
108940,105,24.925
108950,105,24.831
108960,105,24.763
108970,105,24.719
108980,105,24.981
108990,105,24.844
109000,105,24.775
109010,105,24.675
109020,105,24.763
109030,105,24.744
109040,105,24.906
109050,105,24.838
109060,105,24.85
109070,105,24.719
109080,105,24.713
109090,105,24.65
109100,105,24.756
109110,105,24.756
109120,105,24.875
109130,105,24.806
109140,105,24.781
109150,105,24.663
109160,105,24.7
109170,105,24.656
109180,105,24.781
109190,105,24.8
109200,105,24.813
109210,105,24.738
109220,105,24.688
109230,105,24.638
109240,105,24.694
109250,105,24.794
109260,105,24.869
109270,105,24.888
109280,105,24.781
109290,105,24.694
109300,105,24.675
109310,105,24.738
109320,105,24.831
109330,105,24.763
109340,105,24.675
109350,105,24.763
109360,105,24.788
109370,105,24.944
109380,105,24.888
109390,105,24.875
109400,105,24.719
109410,105,24.775
109420,105,24.7
109430,105,24.925
109440,105,24.863
109450,105,24.925
109460,105,24.788
109470,105,24.788
109480,105,24.656
109490,105,24.806
109500,105,24.763
109510,105,24.894
109520,105,24.863
109530,105,24.863
109540,105,24.731
109550,105,24.738
109560,105,24.625
109570,105,24.75
109580,105,24.806
109590,105,24.863
109600,105,24.794
109610,105,24.756
109620,105,24.663
109630,105,24.694
109640,105,24.719
109650,105,24.956
109660,105,24.65
109670,105,24.713
109680,105,24.769
109690,105,24.881
109700,105,24.969
109710,105,24.9
109720,105,24.788
109730,105,24.744
109740,105,24.75
109750,105,24.831
109760,105,24.944
109770,105,24.931
109780,105,24.969
109790,105,24.825
109800,105,24.769
109810,105,24.738
109820,105,24.925
109830,105,24.9
109840,105,24.981
109850,105,24.85
109860,105,24.869
109870,105,24.756
109880,105,24.838
109890,105,24.769
109900,105,24.931
109910,105,24.913
109920,105,24.9
109930,105,24.788
109940,105,24.769
109950,105,24.663
109960,105,24.788
109970,105,24.794
109980,105,24.875
109990,105,24.6
110000,105,24.731
110010,105,24.756
110020,105,24.831
110030,105,24.838
110040,105,24.819
110050,105,24.688
110060,105,24.688
110070,105,24.675
110080,105,24.794
110090,105,24.913
110100,105,24.9
110110,105,24.863
110120,105,24.744
110130,105,24.706
110140,105,24.725
110150,105,24.85
110160,105,24.888
110170,105,25.006
110180,105,24.881
110190,105,24.838
110200,105,24.731
110210,105,24.856
110220,105,24.856
110230,105,25.006
110240,105,24.894
110250,105,24.919
110260,105,24.763
110270,105,24.813
110280,105,24.75
110290,105,24.906
110300,105,24.844
110310,105,24.956
110320,105,24.869
110330,105,24.844
110340,105,24.819
110350,105,24.925
110360,105,24.819
110370,105,24.869
110380,105,24.719
110390,105,24.731
110400,105,24.663
110410,105,24.831
110420,105,24.831
110430,105,24.875
110440,105,24.763
110450,105,24.763
110460,105,24.656
110470,105,24.75
110480,105,24.775
110490,105,24.906
110500,105,24.906
110510,105,24.825
110520,105,24.725
110530,105,24.694
110540,105,24.763
110550,105,24.863
110560,105,24.994
110570,105,24.988
110580,105,24.888
110590,105,24.8
110600,105,24.806
110610,105,24.794
110620,105,24.95
110630,105,24.963
110640,105,24.988
110650,105,24.888
110660,105,24.619
110670,105,24.931
110680,105,24.988
110690,105,24.863
110700,105,24.831
110710,105,24.775
110720,105,24.863
110730,105,24.813
110740,105,24.963
110750,105,24.925
110760,105,24.894
110770,105,24.781
110780,105,24.769
110790,105,24.681
110800,105,24.794
110810,105,24.831
110820,105,24.863
110830,105,24.863
110840,105,24.8
110850,105,24.706
110860,105,24.7
110870,105,24.725
110880,105,24.85
110890,105,24.869
110900,105,24.875
110910,105,24.788
110920,105,24.681
110930,105,24.688
110940,105,24.775
110950,105,24.819
110960,105,24.888
110970,105,24.95
110980,105,24.788
110990,105,24.744
111000,105,25
111010,105,24.981
111020,105,24.838
111030,105,24.806
111040,105,24.725
111050,105,24.788
111060,105,24.781
111070,105,25.006
111080,105,24.931
111090,105,24.925
111100,105,24.806
111110,105,24.8
111120,105,24.713
111130,105,24.9
111140,105,24.838
111150,105,24.919
111160,105,24.813
111170,105,24.85
111180,105,24.7
111190,105,24.756
111200,105,24.713
111210,105,24.9
111220,105,24.819
111230,105,24.881
111240,105,24.75
111250,105,24.8
111260,105,24.631
111270,105,24.75
111280,105,24.713
111290,105,24.838
111300,105,24.825
111310,105,24.838
111320,105,24.719
111330,105,24.663
111340,105,24.813
111350,105,24.856
111360,105,24.756
111370,105,24.738
111380,105,24.644
111390,105,24.719
111400,105,24.769
111410,105,24.85
111420,105,24.869
111430,105,24.838
111440,105,24.725
111450,105,24.675
111460,105,24.688
111470,105,24.738
111480,105,24.869
111490,105,24.95
111500,105,24.875
111510,105,24.769
111520,105,24.706
111530,105,24.725
111540,105,24.844
111550,105,24.888
111560,105,24.994
111570,105,24.906
111580,105,24.819
111590,105,24.731
111600,105,24.788
111610,105,24.769
111620,105,24.913
111630,105,24.894
111640,105,24.919
111650,105,24.819
111660,105,24.819
111670,105,24.588
111680,105,24.925
111690,105,24.825
111700,105,24.838
111710,105,24.694
111720,105,24.763
111730,105,24.738
111740,105,24.875
111750,105,24.819
111760,105,24.881
111770,105,24.75
111780,105,24.788
111790,105,24.65
111800,105,24.738
111810,105,24.694
111820,105,24.813
111830,105,24.794
111840,105,24.869
111850,105,24.744
111860,105,24.713
111870,105,24.594
111880,105,24.713
111890,105,24.75
111900,105,24.825
111910,105,24.806
111920,105,24.8
111930,105,24.656
111940,105,24.694
111950,105,24.663
111960,105,24.744
111970,105,24.781
111980,105,24.825
111990,105,24.838
112000,105,24.725
112010,110,24.844
112020,110,24.888
112030,110,24.956
112040,110,24.956
112050,110,25.138
112060,110,25.45
112070,110,25.613
112080,110,25.519
112090,110,25.75
112100,110,26.119
112110,110,26.081
112120,110,26.169
112130,110,26.45
112140,110,26.581
112150,110,26.406
112160,110,26.656
112170,110,26.9
112180,110,26.694
112190,110,26.788
112200,110,27.019
112210,110,26.938
112220,110,26.919
112230,110,27.113
112240,110,27.169
112250,110,26.925
112260,110,27.131
112270,110,27.313
112280,110,27.113
112290,110,27.119
112300,110,27.306
112310,110,27.238
112320,110,27.1
112330,110,27.25
112340,110,27.381
112350,110,27.25
112360,110,27.375
112370,110,27.088
112380,110,27.231
112390,110,27.438
112400,110,27.225
112410,110,27.181
112420,110,27.381
112430,110,27.319
112440,110,27.169
112450,110,27.306
112460,110,27.406
112470,110,27.15
112480,110,27.269
112490,110,27.444
112500,110,27.269
112510,110,27.175
112520,110,27.388
112530,110,27.338
112540,110,27.119
112550,110,27.269
112560,110,27.375
112570,110,27.119
112580,110,27.206
112590,110,27.325
112600,110,27.225
112610,110,27.144
112620,110,27.313
112630,110,27.325
112640,110,27.075
112650,110,27.275
112660,110,27.431
112670,110,27.169
112680,110,27.444
112690,110,27.163
112700,110,27.219
112710,110,27.394
112720,110,27.275
112730,110,27.219
112740,110,27.363
112750,110,27.35
112760,110,27.088
112770,110,27.263
112780,110,27.444
112790,110,27.175
112800,110,27.206
112810,110,27.394
112820,110,27.263
112830,110,27.15
112840,110,27.381
112850,110,27.35
112860,110,27.131
112870,110,27.325
112880,110,27.463
112890,110,27.175
112900,110,27.25
112910,110,27.356
112920,110,27.275
112930,110,27.113
112940,110,27.319
112950,110,27.356
112960,110,27.138
112970,110,27.275
112980,110,27.381
112990,110,27.2
113000,110,27.219
113010,110,27.363
113020,110,27.013
113030,110,27.325
113040,110,27.281
113050,110,27.156
113060,110,27.244
113070,110,27.35
113080,110,27.113
113090,110,27.144
113100,110,27.381
113110,110,27.219
113120,110,27.156
113130,110,27.275
113140,110,27.313
113150,110,27.069
113160,110,27.188
113170,110,27.388
113180,110,27.15
113190,110,27.113
113200,110,27.288
113210,110,27.275
113220,110,27.125
113230,110,27.231
113240,110,27.363
113250,110,27.119
113260,110,27.15
113270,110,27.325
113280,110,27.2
113290,110,27.106
113300,110,27.281
113310,110,27.3
113320,110,27.063
113330,110,27.169
113340,110,27.375
113350,110,27.138
113360,110,27.338
113370,110,27.156
113380,110,27.1
113390,110,27.294
113400,110,27.25
113410,110,27.088
113420,110,27.206
113430,110,27.331
113440,110,27.144
113450,110,27.113
113460,110,27.4
113470,110,27.188
113480,110,27.1
113490,110,27.25
113500,110,27.338
113510,110,27.138
113520,110,27.169
113530,110,27.338
113540,110,27.163
113550,110,27.088
113560,110,27.294
113570,110,27.25
113580,110,27.1
113590,110,27.206
113600,110,27.338
113610,110,27.144
113620,110,27.125
113630,110,27.388
113640,110,27.213
113650,110,27.1
113660,110,27.263
113670,110,27.344
113680,110,27.15
113690,110,27.388
113700,110,27.138
113710,110,27.169
113720,110,27.331
113730,110,27.225
113740,110,27.1
113750,110,27.344
113760,110,27.275
113770,110,27.094
113780,110,27.213
113790,110,27.35
113800,110,27.231
113810,110,27.069
113820,110,27.35
113830,110,27.25
113840,110,27.088
113850,110,27.275
113860,110,27.306
113870,110,27.138
113880,110,27.113
113890,110,27.325
113900,110,27.275
113910,110,27.106
113920,110,27.344
113930,110,27.269
113940,110,27.119
113950,110,27.225
113960,110,27.363
113970,110,27.206
113980,110,27.088
113990,110,27.35
114000,110,27.3
114010,110,27.113
114020,110,27.294
114030,110,26.994
114040,110,27.269
114050,110,27.338
114060,110,27.169
114070,110,27.188
114080,110,27.338
114090,110,27.269
114100,110,27.069
114110,110,27.263
114120,110,27.381
114130,110,27.144
114140,110,27.225
114150,110,27.338
114160,110,27.225
114170,110,27.1
114180,110,27.306
114190,110,27.331
114200,110,27.106
114210,110,27.263
114220,110,27.356
114230,110,27.181
114240,110,27.138
114250,110,27.338
114260,110,27.269
114270,110,27.063
114280,110,27.269
114290,110,27.369
114300,110,27.144
114310,110,27.213
114320,110,27.331
114330,110,27.225
114340,110,27.1
114350,110,27.269
114360,110,27.363
114370,110,27.281
114380,110,27.313
114390,110,27.069
114400,110,27.188
114410,110,27.394
114420,110,27.175
114430,110,27.156
114440,110,27.294
114450,110,27.269
114460,110,27.094
114470,110,27.231
114480,110,27.363
114490,110,27.125
114500,110,27.2
114510,110,27.3
114520,110,27.231
114530,110,27.119
114540,110,27.269
114550,110,27.294
114560,110,27.056
114570,110,27.169
114580,110,27.375
114590,110,27.156
114600,110,27.144
114610,110,27.275
114620,110,27.269
114630,110,27.063
114640,110,27.206
114650,110,27.338
114660,110,27.1
114670,110,27.163
114680,110,27.338
114690,110,27.219
114700,110,27.138
114710,110,27.244
114720,110,27.094
114730,110,27.25
114740,110,27.356
114750,110,27.15
114760,110,27.156
114770,110,27.363
114780,110,27.225
114790,110,27.138
114800,110,27.306
114810,110,27.263
114820,110,27.156
114830,110,27.194
114840,110,27.356
114850,110,27.15
114860,110,27.131
114870,110,27.375
114880,110,27.25
114890,110,27.081
114900,110,27.244
114910,110,27.35
114920,110,27.15
114930,110,27.144
114940,110,27.4
114950,110,27.206
114960,110,27.144
114970,110,27.294
114980,110,27.313
114990,110,27.144
115000,110,27.181
115010,110,27.35
115020,110,27.131
115030,110,27.131
115040,110,27.244
115050,110,27.088
115060,110,27.344
115070,110,27.263
115080,110,27.094
115090,110,27.25
115100,110,27.331
115110,110,27.169
115120,110,27.125
115130,110,27.35
115140,110,27.219
115150,110,27.119
115160,110,27.369
115170,110,27.294
115180,110,27.1
115190,110,27.219
115200,110,27.369
115210,110,27.213
115220,110,27.1
115230,110,27.363
115240,110,27.269
115250,110,27.1
115260,110,27.25
115270,110,27.356
115280,110,27.181
115290,110,27.138
115300,110,27.369
115310,110,27.244
115320,110,27.138
115330,110,27.369
115340,110,27.3
115350,110,27.113
115360,110,27.231
115370,110,27.425
115380,110,27.206
115390,110,27.388
115400,110,27.231
115410,110,27.125
115420,110,27.356
115430,110,27.363
115440,110,27.125
115450,110,27.3
115460,110,27.356
115470,110,27.194
115480,110,27.169
115490,110,27.344
115500,110,27.319
115510,110,27.094
115520,110,27.313
115530,110,27.381
115540,110,27.181
115550,110,27.231
115560,110,27.375
115570,110,27.288
115580,110,27.113
115590,110,27.356
115600,110,27.356
115610,110,27.15
115620,110,27.256
115630,110,27.35
115640,110,27.175
115650,110,27.144
115660,110,27.35
115670,110,27.306
115680,110,27.063
115690,110,27.269
115700,110,27.338
115710,110,26.95
115720,110,27.369
115730,110,27.125
115740,110,27.131
115750,110,27.288
115760,110,27.25
115770,110,27.131
115780,110,27.25
115790,110,27.388
115800,110,27.144
115810,110,27.206
115820,110,27.406
115830,110,27.25
115840,110,27.181
115850,110,27.35
115860,110,27.338
115870,110,27.119
115880,110,27.25
115890,110,27.444
115900,110,27.2
115910,110,27.169
115920,110,27.35
115930,110,27.319
115940,110,27.169
115950,110,27.263
115960,110,27.4
115970,110,27.163
115980,110,27.213
115990,110,27.419
116000,110,27.238
116010,110,27.181
116020,110,27.288
116030,110,27.356
116040,110,27.088
116050,110,27.5
116060,110,27.175
116070,110,27.188
116080,110,27.388
116090,110,27.225
116100,110,27.169
116110,110,27.356
116120,110,27.3
116130,110,27.138
116140,110,27.25
116150,110,27.369
116160,110,27.15
116170,110,27.163
116180,110,27.444
116190,110,27.263
116200,110,27.131
116210,110,27.288
116220,110,27.394
116230,110,27.188
116240,110,27.188
116250,110,27.4
116260,110,27.225
116270,110,27.144
116280,110,27.338
116290,110,27.313
116300,110,27.15
116310,110,27.269
116320,110,27.369
116330,110,27.175
116340,110,27.169
116350,110,27.444
116360,110,27.25
116370,110,27.144
116380,110,27.313
116390,110,27.156
116400,110,27.306
116410,110,27.356
116420,110,27.238
116430,110,27.206
116440,110,27.419
116450,110,27.294
116460,110,27.181
116470,110,27.438
116480,110,27.363
116490,110,27.175
116500,110,27.263
116510,110,27.45
116520,110,27.269
116530,110,27.131
116540,110,27.406
116550,110,27.363
116560,110,27.144
116570,110,27.306
116580,110,27.4
116590,110,27.244
116600,110,27.213
116610,110,27.444
116620,110,27.3
116630,110,27.194
116640,110,27.4
116650,110,27.363
116660,110,27.15
116670,110,27.275
116680,110,27.45
116690,110,27.294
116700,110,27.144
116710,110,27.406
116720,110,27.156
116730,110,27.375
116740,110,27.375
116750,110,27.175
116760,110,27.313
116770,110,27.388
116780,110,27.231
116790,110,27.225
116800,110,27.419
116810,110,27.325
116820,110,27.088
116830,110,27.356
116840,110,27.431
116850,110,27.2
116860,110,27.244
116870,110,27.438
116880,110,27.294
116890,110,27.194
116900,110,27.381
116910,110,27.381
116920,110,27.169
116930,110,27.325
116940,110,27.381
116950,110,27.244
116960,110,27.219
116970,110,27.438
116980,110,27.338
116990,110,27.094
117000,110,27.356
117010,115,27.425
117020,115,27.225
117030,115,27.406
117040,115,27.6
117050,115,27.513
117060,115,27.844
117070,115,27.894
117080,115,28.175
117090,115,28.063
117100,115,28.475
117110,115,28.306
117120,115,28.669
117130,115,28.506
117140,115,28.838
117150,115,28.756
117160,115,28.913
117170,115,29.019
117180,115,28.956
117190,115,29.15
117200,115,29.069
117210,115,29.363
117220,115,29.056
117230,115,29.406
117240,115,29.163
117250,115,29.513
117260,115,29.263
117270,115,29.519
117280,115,29.344
117290,115,29.5
117300,115,29.431
117310,115,29.531
117320,115,29.488
117330,115,29.463
117340,115,29.575
117350,115,29.406
117360,115,29.656
117370,115,29.381
117380,115,29.675
117390,115,29.363
117400,115,29.388
117410,115,29.6
117420,115,29.494
117430,115,29.581
117440,115,29.525
117450,115,29.525
117460,115,29.619
117470,115,29.438
117480,115,29.65
117490,115,29.4
117500,115,29.681
117510,115,29.375
117520,115,29.694
117530,115,29.338
117540,115,29.675
117550,115,29.425
117560,115,29.613
117570,115,29.469
117580,115,29.525
117590,115,29.506
117600,115,29.531
117610,115,29.625
117620,115,29.425
117630,115,29.644
117640,115,29.375
117650,115,29.638
117660,115,29.344
117670,115,29.669
117680,115,29.35
117690,115,29.625
117700,115,29.444
117710,115,29.613
117720,115,29.481
117730,115,29.638
117740,115,29.4
117750,115,29.669
117760,115,29.388
117770,115,29.638
117780,115,29.381
117790,115,29.681
117800,115,29.363
117810,115,29.575
117820,115,29.45
117830,115,29.544
117840,115,29.481
117850,115,29.513
117860,115,29.575
117870,115,29.425
117880,115,29.65
117890,115,29.388
117900,115,29.625
117910,115,29.369
117920,115,29.631
117930,115,29.344
117940,115,29.65
117950,115,29.394
117960,115,29.581
117970,115,29.413
117980,115,29.525
117990,115,29.488
118000,115,29.494
118010,115,29.525
118020,115,29.369
118030,115,29.581
118040,115,29.363
118050,115,29.606
118060,115,29.338
118070,115,29.456
118080,115,29.556
118090,115,29.431
118100,115,29.463
118110,115,29.506
118120,115,29.419
118130,115,29.588
118140,115,29.331
118150,115,29.6
118160,115,29.313
118170,115,29.594
118180,115,29.325
118190,115,29.663
118200,115,29.294
118210,115,29.513
118220,115,29.388
118230,115,29.525
118240,115,29.456
118250,115,29.381
118260,115,29.5
118270,115,29.325
118280,115,29.581
118290,115,29.294
118300,115,29.613
118310,115,29.313
118320,115,29.569
118330,115,29.325
118340,115,29.563
118350,115,29.331
118360,115,29.444
118370,115,29.475
118380,115,29.394
118390,115,29.488
118400,115,29.356
118410,115,29.256
118420,115,29.563
118430,115,29.3
118440,115,29.538
118450,115,29.319
118460,115,29.488
118470,115,29.4
118480,115,29.35
118490,115,29.506
118500,115,29.281
118510,115,29.55
118520,115,29.263
118530,115,29.563
118540,115,29.269
118550,115,29.563
118560,115,29.35
118570,115,29.5
118580,115,29.369
118590,115,29.425
118600,115,29.444
118610,115,29.369
118620,115,29.556
118630,115,29.3
118640,115,29.581
118650,115,29.294
118660,115,29.563
118670,115,29.244
118680,115,29.531
118690,115,29.294
118700,115,29.463
118710,115,29.381
118720,115,29.388
118730,115,29.475
118740,115,29.45
118750,115,29.25
118760,115,29.569
118770,115,29.263
118780,115,29.538
118790,115,29.306
118800,115,29.481
118810,115,29.406
118820,115,29.406
118830,115,29.469
118840,115,29.338
118850,115,29.538
118860,115,29.294
118870,115,29.525
118880,115,29.313
118890,115,29.619
118900,115,29.294
118910,115,29.525
118920,115,29.369
118930,115,29.506
118940,115,29.363
118950,115,29.413
118960,115,29.494
118970,115,29.344
118980,115,29.563
118990,115,29.313
119000,115,29.556
119010,115,29.269
119020,115,29.563
119030,115,29.275
119040,115,29.588
119050,115,29.3
119060,115,29.463
119070,115,29.45
119080,115,29.675
119090,115,29.25
119100,115,29.575
119110,115,29.294
119120,115,29.569
119130,115,29.288
119140,115,29.556
119150,115,29.338
119160,115,29.519
119170,115,29.444
119180,115,29.369
119190,115,29.531
119200,115,29.35
119210,115,29.519
119220,115,29.275
119230,115,29.563
119240,115,29.263
119250,115,29.575
119260,115,29.313
119270,115,29.55
119280,115,29.35
119290,115,29.456
119300,115,29.45
119310,115,29.431
119320,115,29.494
119330,115,29.319
119340,115,29.55
119350,115,29.288
119360,115,29.6
119370,115,29.319
119380,115,29.613
119390,115,29.331
119400,115,29.556
119410,115,29.419
119420,115,29.525
119430,115,29.331
119440,115,29.588
119450,115,29.275
119460,115,29.575
119470,115,29.294
119480,115,29.556
119490,115,29.306
119500,115,29.519
119510,115,29.338
119520,115,29.444
119530,115,29.425
119540,115,29.369
119550,115,29.494
119560,115,29.313
119570,115,29.519
119580,115,29.288
119590,115,29.594
119600,115,29.244
119610,115,29.544
119620,115,29.313
119630,115,29.556
119640,115,29.319
119650,115,29.494
119660,115,29.406
119670,115,29.406
119680,115,29.5
119690,115,29.35
119700,115,29.513
119710,115,29.288
119720,115,29.563
119730,115,29.275
119740,115,29.575
119750,115,29.169
119760,115,29.319
119770,115,29.45
119780,115,29.419
119790,115,29.331
119800,115,29.5
119810,115,29.238
119820,115,29.506
119830,115,29.219
119840,115,29.525
119850,115,29.169
119860,115,29.531
119870,115,29.256
119880,115,29.469
119890,115,29.288
119900,115,29.388
119910,115,29.388
119920,115,29.331
119930,115,29.463
119940,115,29.275
119950,115,29.494
119960,115,29.225
119970,115,29.513
119980,115,29.206
119990,115,29.525
120000,115,29.25
120010,115,29.494
120020,115,29.281
120030,115,29.406
120040,115,29.35
120050,115,29.325
120060,115,29.425
120070,115,29.219
120080,115,29.538
120090,115,29.469
120100,115,29.25
120110,115,29.481
120120,115,29.288
120130,115,29.413
120140,115,29.406
120150,115,29.35
120160,115,29.4
120170,115,29.281
120180,115,29.488
120190,115,29.263
120200,115,29.569
120210,115,29.225
120220,115,29.525
120230,115,29.238
120240,115,29.481
120250,115,29.306
120260,115,29.494
120270,115,29.375
120280,115,29.35
120290,115,29.413
120300,115,29.3
120310,115,29.469
120320,115,29.288
120330,115,29.538
120340,115,29.2
120350,115,29.569
120360,115,29.25
120370,115,29.513
120380,115,29.238
120390,115,29.444
120400,115,29.288
120410,115,29.45
120420,115,29.369
120430,115,29.513
120440,115,29.219
120450,115,29.55
120460,115,29.181
120470,115,29.544
120480,115,29.256
120490,115,29.488
120500,115,29.281
120510,115,29.406
120520,115,29.356
120530,115,29.369
120540,115,29.419
120550,115,29.3
120560,115,29.494
120570,115,29.219
120580,115,29.488
120590,115,29.206
120600,115,29.55
120610,115,29.181
120620,115,29.469
120630,115,29.275
120640,115,29.419
120650,115,29.313
120660,115,29.356
120670,115,29.413
120680,115,29.219
120690,115,29.475
120700,115,29.263
120710,115,29.5
120720,115,29.181
120730,115,29.475
120740,115,29.225
120750,115,29.531
120760,115,29.088
120770,115,29.369
120780,115,29.313
120790,115,29.475
120800,115,29.238
120810,115,29.531
120820,115,29.231
120830,115,29.513
120840,115,29.231
120850,115,29.494
120860,115,29.269
120870,115,29.506
120880,115,29.338
120890,115,29.381
120900,115,29.363
120910,115,29.344
120920,115,29.419
120930,115,29.306
120940,115,29.531
120950,115,29.231
120960,115,29.513
120970,115,29.25
120980,115,29.5
120990,115,29.281
121000,115,29.513
121010,115,29.288
121020,115,29.494
121030,115,29.356
121040,115,29.406
121050,115,29.438
121060,115,29.344
121070,115,29.475
121080,115,29.306
121090,115,29.575
121100,115,29.469
121110,115,29.275
121120,115,29.5
121130,115,29.344
121140,115,29.413
121150,115,29.419
121160,115,29.406
121170,115,29.5
121180,115,29.319
121190,115,29.544
121200,115,29.275
121210,115,29.594
121220,115,29.219
121230,115,29.538
121240,115,29.244
121250,115,29.488
121260,115,29.306
121270,115,29.481
121280,115,29.325
121290,115,29.319
121300,115,29.431
121310,115,29.319
121320,115,29.456
121330,115,29.294
121340,115,29.531
121350,115,29.206
121360,115,29.563
121370,115,29.269
121380,115,29.525
121390,115,29.275
121400,115,29.45
121410,115,29.331
121420,115,29.463
121430,115,29.4
121440,115,29.513
121450,115,29.288
121460,115,29.588
121470,115,29.206
121480,115,29.538
121490,115,29.256
121500,115,29.519
121510,115,29.313
121520,115,29.419
121530,115,29.4
121540,115,29.394
121550,115,29.45
121560,115,29.288
121570,115,29.506
121580,115,29.281
121590,115,29.525
121600,115,29.231
121610,115,29.563
121620,115,29.225
121630,115,29.525
121640,115,29.313
121650,115,29.519
121660,115,29.325
121670,115,29.45
121680,115,29.406
121690,115,29.338
121700,115,29.494
121710,115,29.3
121720,115,29.488
121730,115,29.256
121740,115,29.544
121750,115,29.238
121760,115,29.55
121770,115,29.131
121780,115,29.35
121790,115,29.431
121800,115,29.413
121810,115,29.281
121820,115,29.494
121830,115,29.281
121840,115,29.519
121850,115,29.263
121860,115,29.556
121870,115,29.225
121880,115,29.556
121890,115,29.306
121900,115,29.506
121910,115,29.306
121920,115,29.425
121930,115,29.4
121940,115,29.419
121950,115,29.469
121960,115,29.306
121970,115,29.519
121980,115,29.281
121990,115,29.544
122000,115,29.206
122010,120,29.544
122020,120,29.213
122030,120,29.6
122040,120,29.388
122050,120,29.813
122060,120,29.65
122070,120,30.013
122080,120,30.05
122090,120,29.988
122100,120,30.394
122110,120,30.356
122120,120,30.25
122130,120,30.563
122140,120,30.569
122150,120,30.463
122160,120,30.813
122170,120,30.638
122180,120,30.706
122190,120,30.931
122200,120,30.694
122210,120,30.994
122220,120,30.888
122230,120,30.8
122240,120,31.106
122250,120,30.9
122260,120,30.994
122270,120,31.125
122280,120,30.906
122290,120,31.188
122300,120,31.063
122310,120,30.975
122320,120,31.263
122330,120,31.019
122340,120,31.069
122350,120,31.238
122360,120,30.95
122370,120,31.219
122380,120,31.131
122390,120,31.025
122400,120,31.306
122410,120,31.056
122420,120,31.106
122430,120,31.288
122440,120,31.025
122450,120,30.975
122460,120,31.219
122470,120,31.194
122480,120,30.988
122490,120,31.294
122500,120,31.069
122510,120,31.069
122520,120,31.25
122530,120,30.981
122540,120,31.181
122550,120,31.175
122560,120,30.994
122570,120,31.313
122580,120,31.1
122590,120,31.081
122600,120,31.294
122610,120,31.025
122620,120,31.206
122630,120,31.175
122640,120,30.994
122650,120,31.288
122660,120,31.113
122670,120,31.044
122680,120,31.313
122690,120,31.013
122700,120,31.188
122710,120,31.206
122720,120,30.969
122730,120,31.313
122740,120,31.113
122750,120,31.013
122760,120,31.3
122770,120,30.975
122780,120,31.031
122790,120,31.113
122800,120,31.213
122810,120,30.969
122820,120,31.213
122830,120,31.125
122840,120,31.025
122850,120,31.3
122860,120,31.05
122870,120,31.119
122880,120,31.244
122890,120,31.006
122900,120,31.238
122910,120,31.125
122920,120,30.963
122930,120,31.313
122940,120,31.056
122950,120,31.088
122960,120,31.244
122970,120,30.956
122980,120,31.256
122990,120,31.131
123000,120,30.956
123010,120,31.313
123020,120,31.05
123030,120,31.038
123040,120,31.256
123050,120,30.975
123060,120,31.2
123070,120,31.156
123080,120,30.981
123090,120,31.313
123100,120,31.025
123110,120,31.069
123120,120,31.206
123130,120,31.263
123140,120,30.956
123150,120,31.15
123160,120,31.163
123170,120,30.944
123180,120,31.244
123190,120,31.063
123200,120,31.019
123210,120,31.244
123220,120,30.944
123230,120,31.169
123240,120,31.125
123250,120,30.944
123260,120,31.244
123270,120,31.063
123280,120,31.038
123290,120,31.238
123300,120,30.944
123310,120,31.163
123320,120,31.106
123330,120,30.944
123340,120,31.244
123350,120,31.038
123360,120,31.031
123370,120,31.231
123380,120,30.931
123390,120,31.169
123400,120,31.113
123410,120,30.938
123420,120,31.238
123430,120,31.069
123440,120,30.988
123450,120,31.225
123460,120,31.188
123470,120,30.906
123480,120,31.1
123490,120,31.15
123500,120,30.9
123510,120,31.194
123520,120,30.994
123530,120,30.994
123540,120,31.181
123550,120,30.944
123560,120,31.106
123570,120,31.131
123580,120,30.931
123590,120,31.238
123600,120,31.013
123610,120,30.969
123620,120,31.231
123630,120,30.963
123640,120,31.1
123650,120,31.169
123660,120,30.906
123670,120,31.219
123680,120,31.05
123690,120,30.975
123700,120,31.244
123710,120,30.95
123720,120,31.113
123730,120,31.169
123740,120,30.919
123750,120,31.231
123760,120,31.106
123770,120,31.006
123780,120,31.25
123790,120,31.044
123800,120,31.031
123810,120,31.056
123820,120,31.225
123830,120,30.938
123840,120,31.213
123850,120,31.119
123860,120,30.956
123870,120,31.263
123880,120,31.038
123890,120,31.019
123900,120,31.238
123910,120,30.938
123920,120,31.188
123930,120,31.106
123940,120,30.956
123950,120,31.244
123960,120,31.019
123970,120,31.044
123980,120,31.231
123990,120,30.975
124000,120,31.188
124010,120,31.119
124020,120,30.963
124030,120,31.294
124040,120,31.056
124050,120,31.019
124060,120,31.225
124070,120,30.975
124080,120,31.175
124090,120,31.175
124100,120,30.944
124110,120,31.269
124120,120,31.1
124130,120,30.944
124140,120,30.981
124150,120,31.263
124160,120,30.963
124170,120,31.088
124180,120,31.181
124190,120,30.944
124200,120,31.275
124210,120,31.106
124220,120,31
124230,120,31.269
124240,120,30.981
124250,120,31.1
124260,120,31.163
124270,120,30.925
124280,120,31.263
124290,120,31.094
124300,120,30.956
124310,120,31.231
124320,120,30.981
124330,120,31.075
124340,120,31.156
124350,120,30.938
124360,120,31.213
124370,120,31.106
124380,120,30.963
124390,120,31.25
124400,120,30.981
124410,120,31.094
124420,120,31.206
124430,120,31
124440,120,31.2
124450,120,31.138
124460,120,30.969
124470,120,30.931
124480,120,31.294
124490,120,31.056
124500,120,31.025
124510,120,31.294
124520,120,30.95
124530,120,31.169
124540,120,31.15
124550,120,30.938
124560,120,31.244
124570,120,31.05
124580,120,31.006
124590,120,31.25
124600,120,31.019
124610,120,31.15
124620,120,31.163
124630,120,30.944
124640,120,31.231
124650,120,31.081
124660,120,30.969
124670,120,31.294
124680,120,31.038
124690,120,31.094
124700,120,31.213
124710,120,30.925
124720,120,31.225
124730,120,31.125
124740,120,30.944
124750,120,31.256
124760,120,31.075
124770,120,31.063
124780,120,31.219
124790,120,30.963
124800,120,31.156
124810,120,31.169
124820,120,31.169
124830,120,30.944
124840,120,31.263
124850,120,31.075
124860,120,30.95
124870,120,31.25
124880,120,31.019
124890,120,31.1
124900,120,31.194
124910,120,30.938
124920,120,31.244
124930,120,31.144
124940,120,30.969
124950,120,31.25
124960,120,31.031
124970,120,31.081
124980,120,31.263
124990,120,30.981
125000,120,31.188
125010,120,31.15
125020,120,30.956
125030,120,31.25
125040,120,31.075
125050,120,31.056
125060,120,31.238
125070,120,30.956
125080,120,31.156
125090,120,31.181
125100,120,30.981
125110,120,31.275
125120,120,31.119
125130,120,31.038
125140,120,31.15
125150,120,31.256
125160,120,31.019
125170,120,31.1
125180,120,31.206
125190,120,30.938
125200,120,31.2
125210,120,31.181
125220,120,31.006
125230,120,31.288
125240,120,31.088
125250,120,31.063
125260,120,31.263
125270,120,30.994
125280,120,31.131
125290,120,31.206
125300,120,30.95
125310,120,31.3
125320,120,31.1
125330,120,31.019
125340,120,31.3
125350,120,31.038
125360,120,31.106
125370,120,31.263
125380,120,30.975
125390,120,31.244
125400,120,31.131
125410,120,31
125420,120,31.313
125430,120,31.075
125440,120,31.088
125450,120,31.25
125460,120,31.019
125470,120,31.219
125480,120,31.219
125490,120,31.231
125500,120,30.994
125510,120,31.263
125520,120,31.156
125530,120,31.019
125540,120,31.331
125550,120,31.038
125560,120,31.1
125570,120,31.269
125580,120,31.044
125590,120,31.206
125600,120,31.206
125610,120,30.994
125620,120,31.288
125630,120,31.088
125640,120,31.044
125650,120,31.313
125660,120,31.05
125670,120,31.119
125680,120,31.275
125690,120,31.019
125700,120,31.288
125710,120,31.206
125720,120,31.019
125730,120,31.325
125740,120,31.144
125750,120,31.088
125760,120,31.319
125770,120,31.081
125780,120,31.206
125790,120,31.3
125800,120,31.031
125810,120,31.281
125820,120,31.256
125830,120,31.213
125840,120,31.025
125850,120,31.3
125860,120,31.144
125870,120,31.075
125880,120,31.319
125890,120,31.075
125900,120,31.163
125910,120,31.281
125920,120,31.075
125930,120,31.306
125940,120,31.225
125950,120,31.056
125960,120,31.356
125970,120,31.119
125980,120,31.063
125990,120,31.344
126000,120,31.019
126010,120,31.213
126020,120,31.225
126030,120,30.975
126040,120,31.319
126050,120,31.163
126060,120,31.05
126070,120,31.281
126080,120,31.075
126090,120,31.119
126100,120,31.294
126110,120,30.994
126120,120,31.231
126130,120,31.213
126140,120,30.969
126150,120,31.131
126160,120,31.275
126170,120,31.119
126180,120,31.031
126190,120,31.263
126200,120,31.05
126210,120,31.175
126220,120,31.269
126230,120,30.956
126240,120,31.275
126250,120,31.175
126260,120,31
126270,120,31.319
126280,120,31.113
126290,120,31.088
126300,120,31.281
126310,120,31.025
126320,120,31.238
126330,120,31.238
126340,120,30.988
126350,120,31.25
126360,120,31.15
126370,120,31.013
126380,120,31.288
126390,120,31.05
126400,120,31.144
126410,120,31.256
126420,120,31.019
126430,120,31.219
126440,120,31.194
126450,120,30.975
126460,120,31.306
126470,120,31.119
126480,120,31.081
126490,120,31.075
126500,120,31.319
126510,120,31.075
126520,120,31.125
126530,120,31.269
126540,120,31.044
126550,120,31.275
126560,120,31.163
126570,120,31.044
126580,120,31.325
126590,120,31.125
126600,120,31.094
126610,120,31.344
126620,120,31.088
126630,120,31.2
126640,120,31.231
126650,120,31.025
126660,120,31.3
126670,120,31.169
126680,120,31.025
126690,120,31.338
126700,120,31.131
126710,120,31.088
126720,120,31.281
126730,120,31.031
126740,120,31.213
126750,120,31.206
126760,120,30.994
126770,120,31.306
126780,120,31.2
126790,120,31.038
126800,120,31.313
126810,120,31.069
126820,120,31.094
126830,120,31.106
126840,120,31.313
126850,120,31.025
126860,120,31.219
126870,120,31.244
126880,120,31.013
126890,120,31.294
126900,120,31.181
126910,120,31.044
126920,120,31.319
126930,120,31.088
126940,120,31.119
126950,120,31.294
126960,120,31.025
126970,120,31.194
126980,120,31.231
126990,120,31.038
127000,120,31.338
127010,125,31.144
127020,125,31.063
127030,125,31.406
127040,125,31.344
127050,125,31.244
127060,125,31.531
127070,125,31.819
127080,125,31.813
127090,125,31.763
127100,125,31.869
127110,125,32.144
127120,125,32.088
127130,125,31.988
127140,125,32.038
127150,125,32.319
127160,125,32.388
127170,125,32.475
127180,125,32.525
127190,125,32.4
127200,125,32.288
127210,125,32.406
127220,125,32.644
127230,125,32.556
127240,125,32.469
127250,125,32.394
127260,125,32.6
127270,125,32.656
127280,125,32.581
127290,125,32.438
127300,125,32.444
127310,125,32.706
127320,125,32.7
127330,125,32.563
127340,125,32.419
127350,125,32.581
127360,125,32.725
127370,125,32.688
127380,125,32.55
127390,125,32.469
127400,125,32.706
127410,125,32.7
127420,125,32.638
127430,125,32.513
127440,125,32.563
127450,125,32.763
127460,125,32.681
127470,125,32.556
127480,125,32.431
127490,125,32.644
127500,125,32.488
127510,125,32.688
127520,125,32.744
127530,125,32.619
127540,125,32.488
127550,125,32.525
127560,125,32.731
127570,125,32.706
127580,125,32.588
127590,125,32.463
127600,125,32.556
127610,125,32.75
127620,125,32.663
127630,125,32.525
127640,125,32.45
127650,125,32.688
127660,125,32.706
127670,125,32.588
127680,125,32.463
127690,125,32.531
127700,125,32.769
127710,125,32.694
127720,125,32.563
127730,125,32.456
127740,125,32.669
127750,125,32.688
127760,125,32.65
127770,125,32.494
127780,125,32.463
127790,125,32.688
127800,125,32.694
127810,125,32.556
127820,125,32.45
127830,125,32.538
127840,125,32.425
127850,125,32.588
127860,125,32.763
127870,125,32.638
127880,125,32.5
127890,125,32.425
127900,125,32.694
127910,125,32.681
127920,125,32.619
127930,125,32.45
127940,125,32.556
127950,125,32.719
127960,125,32.631
127970,125,32.513
127980,125,32.469
127990,125,32.625
128000,125,32.731
128010,125,32.631
128020,125,32.456
128030,125,32.469
128040,125,32.725
128050,125,32.656
128060,125,32.581
128070,125,32.419
128080,125,32.55
128090,125,32.719
128100,125,32.613
128110,125,32.481
128120,125,32.413
128130,125,32.613
128140,125,32.644
128150,125,32.575
128160,125,32.456
128170,125,32.425
128180,125,32.369
128190,125,32.525
128200,125,32.688
128210,125,32.588
128220,125,32.5
128230,125,32.388
128240,125,32.606
128250,125,32.675
128260,125,32.544
128270,125,32.425
128280,125,32.456
128290,125,32.681
128300,125,32.65
128310,125,32.544
128320,125,32.413
128330,125,32.588
128340,125,32.675
128350,125,32.563
128360,125,32.456
128370,125,32.419
128380,125,32.613
128390,125,32.663
128400,125,32.538
128410,125,32.406
128420,125,32.463
128430,125,32.663
128440,125,32.613
128450,125,32.494
128460,125,32.4
128470,125,32.588
128480,125,32.675
128490,125,32.575
128500,125,32.456
128510,125,32.531
128520,125,32.456
128530,125,32.469
128540,125,32.669
128550,125,32.606
128560,125,32.469
128570,125,32.369
128580,125,32.575
128590,125,32.675
128600,125,32.575
128610,125,32.444
128620,125,32.369
128630,125,32.638
128640,125,32.669
128650,125,32.544
128660,125,32.375
128670,125,32.469
128680,125,32.675
128690,125,32.575
128700,125,32.494
128710,125,32.369
128720,125,32.575
128730,125,32.656
128740,125,32.538
128750,125,32.413
128760,125,32.381
128770,125,32.656
128780,125,32.644
128790,125,32.513
128800,125,32.4
128810,125,32.481
128820,125,32.675
128830,125,32.613
128840,125,32.456
128850,125,32.6
128860,125,32.431
128870,125,32.388
128880,125,32.656
128890,125,32.625
128900,125,32.5
128910,125,32.388
128920,125,32.456
128930,125,32.694
128940,125,32.6
128950,125,32.475
128960,125,32.394
128970,125,32.6
128980,125,32.619
128990,125,32.538
129000,125,32.419
129010,125,32.4
129020,125,32.638
129030,125,32.594
129040,125,32.469
129050,125,32.356
129060,125,32.519
129070,125,32.669
129080,125,32.569
129090,125,32.45
129100,125,32.363
129110,125,32.619
129120,125,32.594
129130,125,32.513
129140,125,32.369
129150,125,32.463
129160,125,32.65
129170,125,32.575
129180,125,32.544
129190,125,32.538
129200,125,32.413
129210,125,32.331
129220,125,32.55
129230,125,32.663
129240,125,32.525
129250,125,32.388
129260,125,32.381
129270,125,32.631
129280,125,32.6
129290,125,32.469
129300,125,32.35
129310,125,32.5
129320,125,32.619
129330,125,32.513
129340,125,32.425
129350,125,32.388
129360,125,32.638
129370,125,32.606
129380,125,32.481
129390,125,32.375
129400,125,32.463
129410,125,32.613
129420,125,32.575
129430,125,32.463
129440,125,32.363
129450,125,32.55
129460,125,32.619
129470,125,32.538
129480,125,32.431
129490,125,32.388
129500,125,32.644
129510,125,32.606
129520,125,32.669
129530,125,32.575
129540,125,32.463
129550,125,32.369
129560,125,32.531
129570,125,32.675
129580,125,32.544
129590,125,32.413
129600,125,32.388
129610,125,32.638
129620,125,32.625
129630,125,32.519
129640,125,32.388
129650,125,32.494
129660,125,32.663
129670,125,32.525
129680,125,32.425
129690,125,32.331
129700,125,32.538
129710,125,32.656
129720,125,32.544
129730,125,32.406
129740,125,32.394
129750,125,32.656
129760,125,32.613
129770,125,32.481
129780,125,32.375
129790,125,32.513
129800,125,32.619
129810,125,32.519
129820,125,32.413
129830,125,32.375
129840,125,32.644
129850,125,32.65
129860,125,32.644
129870,125,32.6
129880,125,32.469
129890,125,32.344
129900,125,32.506
129910,125,32.669
129920,125,32.569
129930,125,32.456
129940,125,32.363
129950,125,32.6
129960,125,32.669
129970,125,32.531
129980,125,32.363
129990,125,32.4
130000,125,32.619
130010,125,32.575
130020,125,32.488
130030,125,32.369
130040,125,32.531
130050,125,32.663
130060,125,32.544
130070,125,32.425
130080,125,32.394
130090,125,32.606
130100,125,32.638
130110,125,32.519
130120,125,32.4
130130,125,32.413
130140,125,32.675
130150,125,32.569
130160,125,32.444
130170,125,32.356
130180,125,32.55
130190,125,32.581
130200,125,32.644
130210,125,32.606
130220,125,32.513
130230,125,32.388
130240,125,32.4
130250,125,32.663
130260,125,32.594
130270,125,32.463
130280,125,32.369
130290,125,32.531
130300,125,32.625
130310,125,32.55
130320,125,32.438
130330,125,32.394
130340,125,32.625
130350,125,32.594
130360,125,32.519
130370,125,32.375
130380,125,32.506
130390,125,32.656
130400,125,32.556
130410,125,32.45
130420,125,32.356
130430,125,32.563
130440,125,32.656
130450,125,32.519
130460,125,32.413
130470,125,32.381
130480,125,32.669
130490,125,32.638
130500,125,32.513
130510,125,32.381
130520,125,32.525
130530,125,32.394
130540,125,32.519
130550,125,32.644
130560,125,32.575
130570,125,32.456
130580,125,32.394
130590,125,32.65
130600,125,32.6
130610,125,32.475
130620,125,32.369
130630,125,32.494
130640,125,32.656
130650,125,32.594
130660,125,32.444
130670,125,32.381
130680,125,32.638
130690,125,32.6
130700,125,32.488
130710,125,32.375
130720,125,32.388
130730,125,32.65
130740,125,32.575
130750,125,32.444
130760,125,32.35
130770,125,32.513
130780,125,32.656
130790,125,32.55
130800,125,32.431
130810,125,32.4
130820,125,32.625
130830,125,32.606
130840,125,32.519
130850,125,32.381
130860,125,32.425
130870,125,32.363
130880,125,32.5
130890,125,32.656
130900,125,32.531
130910,125,32.456
130920,125,32.388
130930,125,32.594
130940,125,32.631
130950,125,32.513
130960,125,32.375
130970,125,32.413
130980,125,32.663
130990,125,32.588
131000,125,32.456
131010,125,32.363
131020,125,32.525
131030,125,32.644
131040,125,32.544
131050,125,32.425
131060,125,32.369
131070,125,32.644
131080,125,32.6
131090,125,32.475
131100,125,32.369
131110,125,32.488
131120,125,32.656
131130,125,32.581
131140,125,32.456
131150,125,32.356
131160,125,32.594
131170,125,32.619
131180,125,32.556
131190,125,32.381
131200,125,32.406
131210,125,32.375
131220,125,32.444
131230,125,32.644
131240,125,32.563
131250,125,32.456
131260,125,32.338
131270,125,32.544
131280,125,32.65
131290,125,32.525
131300,125,32.4
131310,125,32.381
131320,125,32.606
131330,125,32.625
131340,125,32.506
131350,125,32.35
131360,125,32.519
131370,125,32.644
131380,125,32.519
131390,125,32.444
131400,125,32.356
131410,125,32.569
131420,125,32.638
131430,125,32.5
131440,125,32.381
131450,125,32.4
131460,125,32.681
131470,125,32.588
131480,125,32.469
131490,125,32.375
131500,125,32.519
131510,125,32.644
131520,125,32.569
131530,125,32.456
131540,125,32.519
131550,125,32.4
131560,125,32.406
131570,125,32.675
131580,125,32.588
131590,125,32.494
131600,125,32.369
131610,125,32.519
131620,125,32.669
131630,125,32.556
131640,125,32.444
131650,125,32.406
131660,125,32.631
131670,125,32.625
131680,125,32.531
131690,125,32.4
131700,125,32.438
131710,125,32.644
131720,125,32.569
131730,125,32.45
131740,125,32.338
131750,125,32.55
131760,125,32.65
131770,125,32.513
131780,125,32.388
131790,125,32.375
131800,125,32.6
131810,125,32.625
131820,125,32.494
131830,125,32.369
131840,125,32.456
131850,125,32.65
131860,125,32.513
131870,125,32.494
131880,125,32.544
131890,125,32.444
131900,125,32.4
131910,125,32.631
131920,125,32.588
131930,125,32.469
131940,125,32.35
131950,125,32.444
131960,125,32.644
131970,125,32.563
131980,125,32.444
131990,125,32.338
132000,125,32.55
132010,130,32.644
132020,130,32.556
132030,130,32.494
132040,130,32.481
132050,130,32.644
132060,130,32.913
132070,130,33.069
132080,130,33.106
132090,130,33.156
132100,130,33.219
132110,130,33.269
132120,130,33.344
132130,130,33.406
132140,130,33.469
132150,130,33.538
132160,130,33.575
132170,130,33.663
132180,130,33.75
132190,130,33.856
132200,130,33.925
132210,130,33.944
132220,130,33.819
132230,130,33.881
132240,130,33.881
132250,130,33.881
132260,130,33.944
132270,130,34.081
132280,130,34.138
132290,130,34.163
132300,130,34.263
132310,130,34.269
132320,130,34.256
132330,130,34.275
132340,130,34.263
132350,130,34.269
132360,130,34.269
132370,130,34.244
132380,130,34.238
132390,130,34.194
132400,130,34.2
132410,130,34.175
132420,130,34.2
132430,130,34.181
132440,130,34.169
132450,130,34.163
132460,130,34.125
132470,130,34.131
132480,130,34.081
132490,130,34.088
132500,130,34.094
132510,130,34.081
132520,130,34.125
132530,130,34.194
132540,130,34.263
132550,130,34.2
132560,130,34.113
132570,130,34.125
132580,130,34.113
132590,130,34.094
132600,130,34.094
132610,130,34.088
132620,130,34.163
132630,130,34.2
132640,130,34.188
132650,130,34.25
132660,130,34.313
132670,130,34.313
132680,130,34.313
132690,130,34.313
132700,130,34.294
132710,130,34.25
132720,130,34.256
132730,130,34.238
132740,130,34.256
132750,130,34.256
132760,130,34.206
132770,130,34.181
132780,130,34.175
132790,130,34.144
132800,130,34.163
132810,130,34.15
132820,130,34.113
132830,130,34.119
132840,130,34.1
132850,130,34.088
132860,130,34.094
132870,130,34.088
132880,130,34.069
132890,130,34.15
132900,130,34.15
132910,130,34.119
132920,130,34.094
132930,130,34.1
132940,130,34.094
132950,130,34.056
132960,130,34.044
132970,130,34.031
132980,130,34.081
132990,130,34.15
133000,130,34.144
133010,130,34.2
133020,130,34.238
133030,130,34.263
133040,130,34.306
133050,130,34.231
133060,130,34.238
133070,130,34.244
133080,130,34.25
133090,130,34.238
133100,130,34.231
133110,130,34.181
133120,130,34.175
133130,130,34.169
133140,130,34.194
133150,130,34.15
133160,130,34.106
133170,130,34.106
133180,130,34.081
133190,130,34.088
133200,130,34.056
133210,130,34.056
133220,130,34.106
133230,130,34.181
133240,130,34.138
133250,130,34.131
133260,130,34.113
133270,130,34.1
133280,130,34.119
133290,130,34.088
133300,130,34.094
133310,130,34.063
133320,130,34.056
133330,130,34.05
133340,130,34.038
133350,130,34.069
133360,130,34.106
133370,130,34.156
133380,130,34.181
133390,130,34.213
133400,130,34.275
133410,130,34.269
133420,130,34.269
133430,130,34.256
133440,130,34.238
133450,130,34.25
133460,130,34.256
133470,130,34.225
133480,130,34.181
133490,130,34.188
133500,130,34.194
133510,130,34.131
133520,130,34.119
133530,130,34.125
133540,130,34.088
133550,130,34.113
133560,130,34.15
133570,130,34.169
133580,130,34.188
133590,130,34.194
133600,130,34.169
133610,130,34.131
133620,130,34.131
133630,130,34.119
133640,130,34.081
133650,130,34.075
133660,130,34.081
133670,130,34.019
133680,130,34.031
133690,130,34.025
133700,130,34.031
133710,130,34.025
133720,130,34.063
133730,130,34.113
133740,130,34.163
133750,130,34.231
133760,130,34.225
133770,130,34.244
133780,130,34.256
133790,130,34.238
133800,130,34.181
133810,130,34.194
133820,130,34.194
133830,130,34.188
133840,130,34.194
133850,130,34.131
133860,130,34.113
133870,130,34.119
133880,130,34.113
133890,130,34.069
133900,130,34.219
133910,130,34.194
133920,130,34.188
133930,130,34.181
133940,130,34.169
133950,130,34.113
133960,130,34.119
133970,130,34.119
133980,130,34.113
133990,130,34.094
134000,130,34.088
134010,130,34.05
134020,130,34.006
134030,130,34.006
134040,130,33.988
134050,130,34
134060,130,34.019
134070,130,34.056
134080,130,34.119
134090,130,34.119
134100,130,34.188
134110,130,34.25
134120,130,34.244
134130,130,34.244
134140,130,34.25
134150,130,34.219
134160,130,34.188
134170,130,34.194
134180,130,34.188
134190,130,34.156
134200,130,34.175
134210,130,34.131
134220,130,34.119
134230,130,34.15
134240,130,34.188
134250,130,34.194
134260,130,34.2
134270,130,34.206
134280,130,34.169
134290,130,34.169
134300,130,34.144
134310,130,34.138
134320,130,34.131
134330,130,34.106
134340,130,34.1
134350,130,34.056
134360,130,34.05
134370,130,34.025
134380,130,33.988
134390,130,33.988
134400,130,33.95
134410,130,34.019
134420,130,34.075
134430,130,34.119
134440,130,34.113
134450,130,34.181
134460,130,34.219
134470,130,34.188
134480,130,34.188
134490,130,34.181
134500,130,34.188
134510,130,34.125
134520,130,34.106
134530,130,34.113
134540,130,34.125
134550,130,34.081
134560,130,34.094
134570,130,34.144
134580,130,34.181
134590,130,34.194
134600,130,34.181
134610,130,34.119
134620,130,34.106
134630,130,34.113
134640,130,34.069
134650,130,34.075
134660,130,34.063
134670,130,34.056
134680,130,34.044
134690,130,34.019
134700,130,34.025
134710,130,33.975
134720,130,33.994
134730,130,33.975
134740,130,33.969
134750,130,34.038
134760,130,34.106
134770,130,34.169
134780,130,34.15
134790,130,34.194
134800,130,34.188
134810,130,34.188
134820,130,34.2
134830,130,34.163
134840,130,34.113
134850,130,34.119
134860,130,34.119
134870,130,34.131
134880,130,34.125
134890,130,34.063
134900,130,34.075
134910,130,34.194
134920,130,34.2
134930,130,34.188
134940,130,34.169
134950,130,34.131
134960,130,34.138
134970,130,34.138
134980,130,34.138
134990,130,34.144
135000,130,34.106
135010,130,34.063
135020,130,34.056
135030,130,34.056
135040,130,34.013
135050,130,34.006
135060,130,34
135070,130,34.019
135080,130,34.025
135090,130,34.075
135100,130,34.131
135110,130,34.131
135120,130,34.194
135130,130,34.263
135140,130,34.256
135150,130,34.206
135160,130,34.188
135170,130,34.181
135180,130,34.194
135190,130,34.194
135200,130,34.163
135210,130,34.119
135220,130,34.119
135230,130,34.131
135240,130,34.125
135250,130,34.213
135260,130,34.213
135270,130,34.194
135280,130,34.15
135290,130,34.138
135300,130,34.138
135310,130,34.144
135320,130,34.131
135330,130,34.094
135340,130,34.113
135350,130,34.113
135360,130,34.056
135370,130,34.056
135380,130,34.05
135390,130,34.038
135400,130,34.006
135410,130,34.006
135420,130,34.019
135430,130,34.025
135440,130,34.069
135450,130,34.144
135460,130,34.2
135470,130,34.231
135480,130,34.231
135490,130,34.194
135500,130,34.175
135510,130,34.181
135520,130,34.2
135530,130,34.194
135540,130,34.15
135550,130,34.144
135560,130,34.125
135570,130,34.138
135580,130,34.225
135590,130,34.213
135600,130,34.194
135610,130,34.188
135620,130,34.188
135630,130,34.2
135640,130,34.194
135650,130,34.194
135660,130,34.131
135670,130,34.125
135680,130,34.125
135690,130,34.131
135700,130,34.138
135710,130,34.1
135720,130,34.094
135730,130,34.1
135740,130,34.031
135750,130,34.031
135760,130,34.038
135770,130,34.038
135780,130,34.044
135790,130,34.025
135800,130,34.088
135810,130,34.125
135820,130,34.144
135830,130,34.2
135840,130,34.244
135850,130,34.256
135860,130,34.256
135870,130,34.244
135880,130,34.181
135890,130,34.188
135900,130,34.181
135910,130,34.213
135920,130,34.125
135930,130,34.156
135940,130,34.213
135950,130,34.244
135960,130,34.238
135970,130,34.25
135980,130,34.256
135990,130,34.256
136000,130,34.188
136010,130,34.188
136020,130,34.188
136030,130,34.2
136040,130,34.181
136050,130,34.138
136060,130,34.144
136070,130,34.131
136080,130,34.138
136090,130,34.094
136100,130,34.106
136110,130,34.106
136120,130,34.063
136130,130,34.056
136140,130,34.05
136150,130,34.056
136160,130,34.044
136170,130,34.038
136180,130,34.113
136190,130,34.138
136200,130,34.163
136210,130,34.219
136220,130,34.213
136230,130,34.256
136240,130,34.281
136250,130,34.181
136260,130,34.063
136270,130,34.031
136280,130,34.031
136290,130,34.038
136300,130,34.106
136310,130,34.163
136320,130,34.181
136330,130,34.206
136340,130,34.25
136350,130,34.25
136360,130,34.256
136370,130,34.256
136380,130,34.25
136390,130,34.181
136400,130,34.194
136410,130,34.188
136420,130,34.2
136430,130,34.181
136440,130,34.175
136450,130,34.144
136460,130,34.138
136470,130,34.125
136480,130,34.125
136490,130,34.088
136500,130,34.088
136510,130,34.044
136520,130,34.038
136530,130,34.038
136540,130,34.044
136550,130,34.031
136560,130,34.031
136570,130,34.081
136580,130,34.144
136590,130,34.081
136600,130,34.081
136610,130,34.075
136620,130,34.031
136630,130,34.038
136640,130,34.05
136650,130,34.031
136660,130,34.05
136670,130,34.063
136680,130,34.125
136690,130,34.188
136700,130,34.213
136710,130,34.238
136720,130,34.263
136730,130,34.263
136740,130,34.263
136750,130,34.256
136760,130,34.244
136770,130,34.225
136780,130,34.194
136790,130,34.213
136800,130,34.2
136810,130,34.213
136820,130,34.194
136830,130,34.15
136840,130,34.15
136850,130,34.131
136860,130,34.125
136870,130,34.094
136880,130,34.113
136890,130,34.081
136900,130,34.056
136910,130,34.063
136920,130,34.075
136930,130,34.156
136940,130,34.144
136950,130,34.144
136960,130,34.138
136970,130,34.088
136980,130,34.1
136990,130,34.088
137000,130,34.069
137010,135,34.038
137020,135,34.063
137030,135,34.144
137040,135,34.219
137050,135,34.338
137060,135,34.413
137070,135,34.525
137080,135,34.644
137090,135,34.725
137100,135,34.806
137110,135,34.919
137120,135,34.969
137130,135,35.006
137140,135,34.938
137150,135,34.944
137160,135,35.006
137170,135,35.075
137180,135,35.144
137190,135,35.181
137200,135,35.2
137210,135,35.288
137220,135,35.25
137230,135,35.156
137240,135,35.188
137250,135,35.213
137260,135,35.25
137270,135,35.294
137280,135,35.194
137290,135,35.2
137300,135,35.25
137310,135,35.269
137320,135,35.306
137330,135,35.319
137340,135,35.331
137350,135,35.369
137360,135,35.281
137370,135,35.238
137380,135,35.25
137390,135,35.306
137400,135,35.331
137410,135,35.369
137420,135,35.406
137430,135,35.388
137440,135,35.3
137450,135,35.256
137460,135,35.319
137470,135,35.331
137480,135,35.331
137490,135,35.375
137500,135,35.394
137510,135,35.388
137520,135,35.375
137530,135,35.256
137540,135,35.25
137550,135,35.256
137560,135,35.313
137570,135,35.331
137580,135,35.331
137590,135,35.375
137600,135,35.294
137610,135,35.263
137620,135,35.306
137630,135,35.338
137640,135,35.325
137650,135,35.4
137660,135,35.313
137670,135,35.238
137680,135,35.256
137690,135,35.275
137700,135,35.325
137710,135,35.344
137720,135,35.331
137730,135,35.363
137740,135,35.375
137750,135,35.231
137760,135,35.244
137770,135,35.256
137780,135,35.275
137790,135,35.325
137800,135,35.331
137810,135,35.338
137820,135,35.369
137830,135,35.363
137840,135,35.256
137850,135,35.194
137860,135,35.263
137870,135,35.275
137880,135,35.3
137890,135,35.338
137900,135,35.331
137910,135,35.381
137920,135,35.306
137930,135,35.275
137940,135,35.338
137950,135,35.325
137960,135,35.381
137970,135,35.294
137980,135,35.244
137990,135,35.25
138000,135,35.263
138010,135,35.306
138020,135,35.325
138030,135,35.319
138040,135,35.369
138050,135,35.369
138060,135,35.244
138070,135,35.194
138080,135,35.238
138090,135,35.256
138100,135,35.306
138110,135,35.331
138120,135,35.319
138130,135,35.356
138140,135,35.3
138150,135,35.238
138160,135,35.25
138170,135,35.281
138180,135,35.269
138190,135,35.3
138200,135,35.331
138210,135,35.331
138220,135,35.381
138230,135,35.25
138240,135,35.206
138250,135,35.263
138260,135,35.269
138270,135,35.281
138280,135,35.288
138290,135,35.238
138300,135,35.25
138310,135,35.263
138320,135,35.263
138330,135,35.325
138340,135,35.331
138350,135,35.356
138360,135,35.338
138370,135,35.231
138380,135,35.181
138390,135,35.238
138400,135,35.25
138410,135,35.306
138420,135,35.331
138430,135,35.331
138440,135,35.325
138450,135,35.3
138460,135,35.206
138470,135,35.2
138480,135,35.256
138490,135,35.263
138500,135,35.294
138510,135,35.319
138520,135,35.313
138530,135,35.363
138540,135,35.244
138550,135,35.181
138560,135,35.238
138570,135,35.25
138580,135,35.244
138590,135,35.288
138600,135,35.331
138610,135,35.263
138620,135,35.238
138630,135,35.263
138640,135,35.313
138650,135,35.338
138660,135,35.338
138670,135,35.306
138680,135,35.263
138690,135,35.194
138700,135,35.25
138710,135,35.263
138720,135,35.275
138730,135,35.338
138740,135,35.338
138750,135,35.325
138760,135,35.313
138770,135,35.213
138780,135,35.206
138790,135,35.244
138800,135,35.269
138810,135,35.313
138820,135,35.35
138830,135,35.356
138840,135,35.356
138850,135,35.263
138860,135,35.206
138870,135,35.256
138880,135,35.281
138890,135,35.288
138900,135,35.325
138910,135,35.338
138920,135,35.35
138930,135,35.325
138940,135,35.225
138950,135,35.306
138960,135,35.331
138970,135,35.331
138980,135,35.306
138990,135,35.206
139000,135,35.206
139010,135,35.244
139020,135,35.281
139030,135,35.269
139040,135,35.306
139050,135,35.338
139060,135,35.331
139070,135,35.319
139080,135,35.213
139090,135,35.206
139100,135,35.256
139110,135,35.256
139120,135,35.288
139130,135,35.325
139140,135,35.331
139150,135,35.331
139160,135,35.263
139170,135,35.194
139180,135,35.244
139190,135,35.275
139200,135,35.269
139210,135,35.294
139220,135,35.338
139230,135,35.331
139240,135,35.306
139250,135,35.2
139260,135,35.188
139270,135,35.256
139280,135,35.3
139290,135,35.3
139300,135,35.206
139310,135,35.2
139320,135,35.25
139330,135,35.263
139340,135,35.3
139350,135,35.331
139360,135,35.338
139370,135,35.319
139380,135,35.244
139390,135,35.188
139400,135,35.194
139410,135,35.244
139420,135,35.269
139430,135,35.3
139440,135,35.344
139450,135,35.338
139460,135,35.319
139470,135,35.256
139480,135,35.2
139490,135,35.256
139500,135,35.275
139510,135,35.275
139520,135,35.325
139530,135,35.338
139540,135,35.35
139550,135,35.306
139560,135,35.206
139570,135,35.206
139580,135,35.25
139590,135,35.275
139600,135,35.319
139610,135,35.363
139620,135,35.238
139630,135,35.25
139640,135,35.281
139650,135,35.331
139660,135,35.356
139670,135,35.344
139680,135,35.338
139690,135,35.263
139700,135,35.206
139710,135,35.244
139720,135,35.263
139730,135,35.281
139740,135,35.313
139750,135,35.35
139760,135,35.338
139770,135,35.313
139780,135,35.219
139790,135,35.219
139800,135,35.275
139810,135,35.288
139820,135,35.281
139830,135,35.35
139840,135,35.356
139850,135,35.356
139860,135,35.263
139870,135,35.219
139880,135,35.219
139890,135,35.275
139900,135,35.281
139910,135,35.281
139920,135,35.344
139930,135,35.338
139940,135,35.313
139950,135,35.225
139960,135,35.281
139970,135,35.313
139980,135,35.338
139990,135,35.338
140000,135,35.263
140010,135,35.2
140020,135,35.2
140030,135,35.263
140040,135,35.281
140050,135,35.313
140060,135,35.356
140070,135,35.338
140080,135,35.325
140090,135,35.206
140100,135,35.206
140110,135,35.269
140120,135,35.281
140130,135,35.313
140140,135,35.35
140150,135,35.35
140160,135,35.35
140170,135,35.263
140180,135,35.213
140190,135,35.263
140200,135,35.256
140210,135,35.281
140220,135,35.281
140230,135,35.356
140240,135,35.35
140250,135,35.319
140260,135,35.219
140270,135,35.225
140280,135,35.269
140290,135,35.256
140300,135,35.344
140310,135,35.256
140320,135,35.2
140330,135,35.256
140340,135,35.281
140350,135,35.281
140360,135,35.313
140370,135,35.356
140380,135,35.344
140390,135,35.325
140400,135,35.213
140410,135,35.206
140420,135,35.269
140430,135,35.269
140440,135,35.313
140450,135,35.344
140460,135,35.338
140470,135,35.338
140480,135,35.25
140490,135,35.206
140500,135,35.213
140510,135,35.256
140520,135,35.269
140530,135,35.313
140540,135,35.35
140550,135,35.338
140560,135,35.319
140570,135,35.213
140580,135,35.219
140590,135,35.256
140600,135,35.281
140610,135,35.288
140620,135,35.331
140630,135,35.225
140640,135,35.206
140650,135,35.256
140660,135,35.288
140670,135,35.331
140680,135,35.356
140690,135,35.35
140700,135,35.325
140710,135,35.213
140720,135,35.219
140730,135,35.281
140740,135,35.288
140750,135,35.281
140760,135,35.331
140770,135,35.363
140780,135,35.363
140790,135,35.269
140800,135,35.225
140810,135,35.213
140820,135,35.275
140830,135,35.288
140840,135,35.325
140850,135,35.356
140860,135,35.363
140870,135,35.338
140880,135,35.206
140890,135,35.213
140900,135,35.275
140910,135,35.281
140920,135,35.288
140930,135,35.319
140940,135,35.356
140950,135,35.35
140960,135,35.356
140970,135,35.294
140980,135,35.288
140990,135,35.319
141000,135,35.356
141010,135,35.338
141020,135,35.219
141030,135,35.219
141040,135,35.269
141050,135,35.294
141060,135,35.275
141070,135,35.325
141080,135,35.344
141090,135,35.35
141100,135,35.263
141110,135,35.206
141120,135,35.225
141130,135,35.269
141140,135,35.294
141150,135,35.288
141160,135,35.325
141170,135,35.35
141180,135,35.338
141190,135,35.213
141200,135,35.219
141210,135,35.281
141220,135,35.294
141230,135,35.288
141240,135,35.338
141250,135,35.363
141260,135,35.356
141270,135,35.331
141280,135,35.231
141290,135,35.238
141300,135,35.288
141310,135,35.363
141320,135,35.344
141330,135,35.231
141340,135,35.231
141350,135,35.288
141360,135,35.3
141370,135,35.294
141380,135,35.325
141390,135,35.363
141400,135,35.369
141410,135,35.275
141420,135,35.238
141430,135,35.231
141440,135,35.275
141450,135,35.294
141460,135,35.338
141470,135,35.369
141480,135,35.369
141490,135,35.331
141500,135,35.213
141510,135,35.231
141520,135,35.281
141530,135,35.294
141540,135,35.294
141550,135,35.338
141560,135,35.375
141570,135,35.363
141580,135,35.325
141590,135,35.231
141600,135,35.238
141610,135,35.281
141620,135,35.3
141630,135,35.35
141640,135,35.238
141650,135,35.231
141660,135,35.269
141670,135,35.288
141680,135,35.331
141690,135,35.369
141700,135,35.363
141710,135,35.356
141720,135,35.275
141730,135,35.231
141740,135,35.225
141750,135,35.281
141760,135,35.294
141770,135,35.331
141780,135,35.363
141790,135,35.363
141800,135,35.338
141810,135,35.231
141820,135,35.225
141830,135,35.275
141840,135,35.294
141850,135,35.294
141860,135,35.363
141870,135,35.356
141880,135,35.369
141890,135,35.331
141900,135,35.231
141910,135,35.225
141920,135,35.269
141930,135,35.3
141940,135,35.331
141950,135,35.369
141960,135,35.375
141970,135,35.375
141980,135,35.306
141990,135,35.331
142000,135,35.356
142010,140,35.363
142020,140,35.375
142030,140,35.3
142040,140,35.363
142050,140,35.431
142060,140,35.494
142070,140,35.575
142080,140,35.569
142090,140,35.606
142100,140,35.675
142110,140,35.731
142120,140,35.806
142130,140,35.719
142140,140,35.844
142150,140,35.844
142160,140,35.925
142170,140,35.85
142180,140,35.919
142190,140,35.95
142200,140,35.963
142210,140,35.931
142220,140,35.981
142230,140,36.025
142240,140,36.044
142250,140,35.981
142260,140,36.013
142270,140,36.05
142280,140,36.069
142290,140,35.994
142300,140,36.05
142310,140,36.063
142320,140,36.05
142330,140,36.088
142340,140,36.075
142350,140,36.05
142360,140,36.044
142370,140,36.113
142380,140,36.075
142390,140,36.05
142400,140,36.081
142410,140,36.113
142420,140,36.088
142430,140,36.063
142440,140,36.106
142450,140,36.113
142460,140,36.069
142470,140,36.05
142480,140,36.119
142490,140,36.119
142500,140,36.056
142510,140,36.056
142520,140,36.113
142530,140,36.106
142540,140,36.056
142550,140,36.094
142560,140,36.131
142570,140,36.088
142580,140,36.081
142590,140,36.119
142600,140,36.125
142610,140,36.05
142620,140,36.094
142630,140,36.119
142640,140,36.125
142650,140,36.106
142660,140,36.125
142670,140,36.063
142680,140,36.056
142690,140,36.119
142700,140,36.119
142710,140,36.088
142720,140,36.056
142730,140,36.069
142740,140,36.119
142750,140,36.063
142760,140,36.05
142770,140,36.094
142780,140,36.138
142790,140,36.063
142800,140,36.069
142810,140,36.125
142820,140,36.131
142830,140,36.063
142840,140,36.056
142850,140,36.106
142860,140,36.125
142870,140,36.063
142880,140,36.069
142890,140,36.125
142900,140,36.081
142910,140,36.038
142920,140,36.069
142930,140,36.113
142940,140,36.075
142950,140,36.044
142960,140,36.05
142970,140,36.119
142980,140,36.05
142990,140,36.119
143000,140,36.125
143010,140,36.05
143020,140,36.05
143030,140,36.119
143040,140,36.063
143050,140,36.044
143060,140,36.075
143070,140,36.119
143080,140,36.044
143090,140,36.069
143100,140,36.094
143110,140,36.119
143120,140,36.056
143130,140,36.056
143140,140,36.119
143150,140,36.119
143160,140,36.075
143170,140,36.05
143180,140,36.088
143190,140,36.113
143200,140,36.056
143210,140,36.069
143220,140,36.125
143230,140,36.125
143240,140,36.056
143250,140,36.063
143260,140,36.138
143270,140,36.081
143280,140,36.044
143290,140,36.056
143300,140,36.069
143310,140,36.113
143320,140,36.094
143330,140,36.131
143340,140,36.069
143350,140,36.056
143360,140,36.125
143370,140,36.113
143380,140,36.075
143390,140,36.069
143400,140,36.131
143410,140,36.094
143420,140,36.063
143430,140,36.088
143440,140,36.125
143450,140,36.106
143460,140,36.063
143470,140,36.063
143480,140,36.125
143490,140,36.088
143500,140,36.056
143510,140,36.094
143520,140,36.125
143530,140,36.019
143540,140,36.063
143550,140,36.075
143560,140,36.131
143570,140,36.075
143580,140,36.056
143590,140,36.094
143600,140,36.113
143610,140,36.063
143620,140,36.081
143630,140,36.069
143640,140,36.144
143650,140,36.038
143660,140,36.144
143670,140,36.019
143680,140,36.063
143690,140,36.113
143700,140,36.138
143710,140,36.063
143720,140,36.106
143730,140,36.138
143740,140,36.113
143750,140,36.069
143760,140,36.106
143770,140,36.138
143780,140,36.081
143790,140,36.063
143800,140,36.063
143810,140,36.138
143820,140,36.094
143830,140,36.069
143840,140,36.081
143850,140,36.131
143860,140,36.094
143870,140,36.063
143880,140,36.119
143890,140,36.144
143900,140,36.088
143910,140,36.094
143920,140,36.144
143930,140,36.119
143940,140,36.056
143950,140,36.131
143960,140,36.156
143970,140,36.106
143980,140,36.081
143990,140,36.119
144000,140,36.069
144010,140,36.106
144020,140,36.131
144030,140,36.138
144040,140,36.05
144050,140,36.063
144060,140,36.119
144070,140,36.1
144080,140,36.063
144090,140,36.05
144100,140,36.144
144110,140,36.088
144120,140,36.069
144130,140,36.094
144140,140,36.125
144150,140,36.069
144160,140,36.069
144170,140,36.125
144180,140,36.131
144190,140,36.094
144200,140,36.069
144210,140,36.094
144220,140,36.131
144230,140,36.013
144240,140,36.069
144250,140,36.106
144260,140,36.125
144270,140,36.044
144280,140,36.063
144290,140,36.138
144300,140,36.1
144310,140,36.075
144320,140,36.138
144330,140,36.106
144340,140,36.106
144350,140,36.144
144360,140,36.125
144370,140,36.1
144380,140,36.125
144390,140,36.131
144400,140,36.131
144410,140,36.075
144420,140,36.113
144430,140,36.138
144440,140,36.106
144450,140,36.069
144460,140,36.125
144470,140,36.144
144480,140,36.088
144490,140,36.075
144500,140,36.15
144510,140,36.144
144520,140,36.069
144530,140,36.094
144540,140,36.144
144550,140,36.119
144560,140,36.075
144570,140,36.119
144580,140,36.131
144590,140,36.088
144600,140,36.106
144610,140,36.131
144620,140,36.125
144630,140,36.125
144640,140,36.125
144650,140,36.119
144660,140,36.15
144670,140,36.138
144680,140,36.125
144690,140,36.113
144700,140,36.119
144710,140,36.131
144720,140,36.131
144730,140,36.113
144740,140,36.125
144750,140,36.131
144760,140,36.138
144770,140,36.081
144780,140,36.138
144790,140,36.144
144800,140,36.15
144810,140,36.081
144820,140,36.144
144830,140,36.144
144840,140,36.119
144850,140,36.081
144860,140,36.144
144870,140,36.15
144880,140,36.106
144890,140,36.131
144900,140,36.15
144910,140,36.138
144920,140,36.081
144930,140,36.156
144940,140,36.144
144950,140,36.131
144960,140,36.075
144970,140,36.144
144980,140,36.138
144990,140,36.15
145000,140,36.081
145010,140,36.188
145020,140,36.094
145030,140,36.144
145040,140,36.144
145050,140,36.188
145060,140,36.106
145070,140,36.15
145080,140,36.156
145090,140,36.144
145100,140,36.138
145110,140,36.15
145120,140,36.188
145130,140,36.156
145140,140,36.144
145150,140,36.131
145160,140,36.206
145170,140,36.138
145180,140,36.138
145190,140,36.15
145200,140,36.206
145210,140,36.113
145220,140,36.138
145230,140,36.163
145240,140,36.169
145250,140,36.138
145260,140,36.131
145270,140,36.181
145280,140,36.113
145290,140,36.131
145300,140,36.138
145310,140,36.206
145320,140,36.1
145330,140,36.144
145340,140,36.138
145350,140,36.138
145360,140,36.138
145370,140,36.206
145380,140,36.15
145390,140,36.131
145400,140,36.144
145410,140,36.2
145420,140,36.15
145430,140,36.138
145440,140,36.181
145450,140,36.175
145460,140,36.156
145470,140,36.138
145480,140,36.2
145490,140,36.15
145500,140,36.131
145510,140,36.131
145520,140,36.213
145530,140,36.094
145540,140,36.131
145550,140,36.169
145560,140,36.181
145570,140,36.088
145580,140,36.144
145590,140,36.194
145600,140,36.119
145610,140,36.113
145620,140,36.138
145630,140,36.169
145640,140,36.069
145650,140,36.138
145660,140,36.144
145670,140,36.206
145680,140,36.15
145690,140,36.181
145700,140,36.088
145710,140,36.15
145720,140,36.144
145730,140,36.138
145740,140,36.075
145750,140,36.15
145760,140,36.156
145770,140,36.156
145780,140,36.106
145790,140,36.169
145800,140,36.15
145810,140,36.144
145820,140,36.088
145830,140,36.156
145840,140,36.15
145850,140,36.144
145860,140,36.106
145870,140,36.163
145880,140,36.163
145890,140,36.106
145900,140,36.131
145910,140,36.15
145920,140,36.194
145930,140,36.106
145940,140,36.156
145950,140,36.15
145960,140,36.175
145970,140,36.094
145980,140,36.163
145990,140,36.156
146000,140,36.181
146010,140,36.1
146020,140,36.15
146030,140,36.1
146040,140,36.156
146050,140,36.206
146060,140,36.156
146070,140,36.125
146080,140,36.163
146090,140,36.219
146100,140,36.163
146110,140,36.175
146120,140,36.156
146130,140,36.2
146140,140,36.15
146150,140,36.169
146160,140,36.188
146170,140,36.156
146180,140,36.163
146190,140,36.156
146200,140,36.169
146210,140,36.156
146220,140,36.156
146230,140,36.156
146240,140,36.181
146250,140,36.163
146260,140,36.15
146270,140,36.169
146280,140,36.231
146290,140,36.181
146300,140,36.15
146310,140,36.163
146320,140,36.194
146330,140,36.163
146340,140,36.175
146350,140,36.131
146360,140,36.169
146370,140,36.181
146380,140,36.231
146390,140,36.131
146400,140,36.163
146410,140,36.181
146420,140,36.213
146430,140,36.156
146440,140,36.169
146450,140,36.225
146460,140,36.2
146470,140,36.175
146480,140,36.169
146490,140,36.231
146500,140,36.113
146510,140,36.175
146520,140,36.175
146530,140,36.25
146540,140,36.131
146550,140,36.175
146560,140,36.194
146570,140,36.194
146580,140,36.163
146590,140,36.169
146600,140,36.225
146610,140,36.144
146620,140,36.175
146630,140,36.206
146640,140,36.244
146650,140,36.125
146660,140,36.169
146670,140,36.231
146680,140,36.25
146690,140,36.2
146700,140,36.231
146710,140,36.163
146720,140,36.169
146730,140,36.225
146740,140,36.231
146750,140,36.169
146760,140,36.169
146770,140,36.238
146780,140,36.2
146790,140,36.156
146800,140,36.181
146810,140,36.225
146820,140,36.181
146830,140,36.181
146840,140,36.244
146850,140,36.244
146860,140,36.175
146870,140,36.244
146880,140,36.231
146890,140,36.213
146900,140,36.188
146910,140,36.225
146920,140,36.238
146930,140,36.188
146940,140,36.213
146950,140,36.238
146960,140,36.206
146970,140,36.163
146980,140,36.238
146990,140,36.244
147000,140,36.169
147010,145,36.213
147020,145,36.238
147030,145,36.256
147040,145,36.331
147050,145,36.413
147060,145,36.419
147070,145,36.506
147080,145,36.544
147090,145,36.638
147100,145,36.713
147110,145,36.719
147120,145,36.788
147130,145,36.831
147140,145,36.881
147150,145,36.931
147160,145,36.919
147170,145,36.963
147180,145,37.025
147190,145,37.05
147200,145,37.056
147210,145,37.1
147220,145,37.081
147230,145,37.1
147240,145,37.131
147250,145,37.169
147260,145,37.163
147270,145,37.119
147280,145,37.156
147290,145,37.163
147300,145,37.206
147310,145,37.213
147320,145,37.169
147330,145,37.219
147340,145,37.225
147350,145,37.194
147360,145,37.231
147370,145,37.225
147380,145,37.188
147390,145,37.244
147400,145,37.231
147410,145,37.2
147420,145,37.219
147430,145,37.219
147440,145,37.225
147450,145,37.238
147460,145,37.238
147470,145,37.238
147480,145,37.244
147490,145,37.2
147500,145,37.231
147510,145,37.231
147520,145,37.238
147530,145,37.194
147540,145,37.238
147550,145,37.25
147560,145,37.238
147570,145,37.244
147580,145,37.206
147590,145,37.238
147600,145,37.231
147610,145,37.231
147620,145,37.231
147630,145,37.244
147640,145,37.244
147650,145,37.231
147660,145,37.25
147670,145,37.238
147680,145,37.238
147690,145,37.256
147700,145,37.256
147710,145,37.225
147720,145,37.225
147730,145,37.238
147740,145,37.238
147750,145,37.244
147760,145,37.238
147770,145,37.238
147780,145,37.244
147790,145,37.238
147800,145,37.244
147810,145,37.238
147820,145,37.244
147830,145,37.25
147840,145,37.238
147850,145,37.225
147860,145,37.244
147870,145,37.244
147880,145,37.244
147890,145,37.238
147900,145,37.194
147910,145,37.238
147920,145,37.219
147930,145,37.219
147940,145,37.219
147950,145,37.2
147960,145,37.244
147970,145,37.219
147980,145,37.2
147990,145,37.231
148000,145,37.219
148010,145,37.225
148020,145,37.194
148030,145,37.238
148040,145,37.194
148050,145,37.219
148060,145,37.219
148070,145,37.213
148080,145,37.231
148090,145,37.188
148100,145,37.238
148110,145,37.238
148120,145,37.231
148130,145,37.225
148140,145,37.231
148150,145,37.231
148160,145,37.2
148170,145,37.25
148180,145,37.231
148190,145,37.206
148200,145,37.25
148210,145,37.238
148220,145,37.244
148230,145,37.238
148240,145,37.206
148250,145,37.238
148260,145,37.244
148270,145,37.219
148280,145,37.25
148290,145,37.256
148300,145,37.244
148310,145,37.244
148320,145,37.194
148330,145,37.238
148340,145,37.213
148350,145,37.238
148360,145,37.219
148370,145,37.219
148380,145,37.188
148390,145,37.25
148400,145,37.231
148410,145,37.244
148420,145,37.244
148430,145,37.238
148440,145,37.231
148450,145,37.256
148460,145,37.256
148470,145,37.225
148480,145,37.244
148490,145,37.244
148500,145,37.238
148510,145,37.281
148520,145,37.256
148530,145,37.263
148540,145,37.25
148550,145,37.294
148560,145,37.244
148570,145,37.244
148580,145,37.25
148590,145,37.244
148600,145,37.275
148610,145,37.238
148620,145,37.225
148630,145,37.225
148640,145,37.238
148650,145,37.244
148660,145,37.244
148670,145,37.25
148680,145,37.256
148690,145,37.238
148700,145,37.319
148710,145,37.244
148720,145,37.25
148730,145,37.256
148740,145,37.256
148750,145,37.238
148760,145,37.238
148770,145,37.238
148780,145,37.256
148790,145,37.256
148800,145,37.269
148810,145,37.256
148820,145,37.244
148830,145,37.25
148840,145,37.3
148850,145,37.256
148860,145,37.244
148870,145,37.256
148880,145,37.256
148890,145,37.256
148900,145,37.244
148910,145,37.225
148920,145,37.256
148930,145,37.244
148940,145,37.256
148950,145,37.244
148960,145,37.25
148970,145,37.256
148980,145,37.238
148990,145,37.281
149000,145,37.256
149010,145,37.25
149020,145,37.25
149030,145,37.256
149040,145,37.25
149050,145,37.225
149060,145,37.244
149070,145,37.25
149080,145,37.256
149090,145,37.25
149100,145,37.256
149110,145,37.219
149120,145,37.244
149130,145,37.25
149140,145,37.244
149150,145,37.244
149160,145,37.238
149170,145,37.238
149180,145,37.244
149190,145,37.231
149200,145,37.244
149210,145,37.238
149220,145,37.244
149230,145,37.25
149240,145,37.244
149250,145,37.238
149260,145,37.238
149270,145,37.244
149280,145,37.244
149290,145,37.256
149300,145,37.238
149310,145,37.244
149320,145,37.244
149330,145,37.244
149340,145,37.244
149350,145,37.256
149360,145,37.256
149370,145,37.263
149380,145,37.244
149390,145,37.294
149400,145,37.256
149410,145,37.25
149420,145,37.281
149430,145,37.256
149440,145,37.25
149450,145,37.269
149460,145,37.25
149470,145,37.294
149480,145,37.244
149490,145,37.263
149500,145,37.288
149510,145,37.288
149520,145,37.294
149530,145,37.256
149540,145,37.281
149550,145,37.294
149560,145,37.256
149570,145,37.281
149580,145,37.288
149590,145,37.25
149600,145,37.294
149610,145,37.238
149620,145,37.313
149630,145,37.294
149640,145,37.281
149650,145,37.269
149660,145,37.281
149670,145,37.269
149680,145,37.269
149690,145,37.294
149700,145,37.306
149710,145,37.269
149720,145,37.294
149730,145,37.281
149740,145,37.244
149750,145,37.256
149760,145,37.288
149770,145,37.25
149780,145,37.25
149790,145,37.256
149800,145,37.288
149810,145,37.275
149820,145,37.231
149830,145,37.275
149840,145,37.275
149850,145,37.263
149860,145,37.275
149870,145,37.238
149880,145,37.275
149890,145,37.288
149900,145,37.269
149910,145,37.281
149920,145,37.269
149930,145,37.269
149940,145,37.263
149950,145,37.313
149960,145,37.288
149970,145,37.244
149980,145,37.269
149990,145,37.288
150000,145,37.319
150010,145,37.275
150020,145,37.306
150030,145,37.294
150040,145,37.294
150050,145,37.269
150060,145,37.313
150070,145,37.269
150080,145,37.306
150090,145,37.306
150100,145,37.294
150110,145,37.306
150120,145,37.275
150130,145,37.319
150140,145,37.313
150150,145,37.281
150160,145,37.281
150170,145,37.294
150180,145,37.319
150190,145,37.275
150200,145,37.275
150210,145,37.325
150220,145,37.288
150230,145,37.319
150240,145,37.3
150250,145,37.306
150260,145,37.313
150270,145,37.269
150280,145,37.3
150290,145,37.294
150300,145,37.294
150310,145,37.281
150320,145,37.275
150330,145,37.313
150340,145,37.281
150350,145,37.263
150360,145,37.306
150370,145,37.288
150380,145,37.325
150390,145,37.3
150400,145,37.275
150410,145,37.269
150420,145,37.313
150430,145,37.3
150440,145,37.3
150450,145,37.281
150460,145,37.294
150470,145,37.313
150480,145,37.269
150490,145,37.325
150500,145,37.306
150510,145,37.306
150520,145,37.319
150530,145,37.288
150540,145,37.325
150550,145,37.281
150560,145,37.306
150570,145,37.313
150580,145,37.3
150590,145,37.319
150600,145,37.288
150610,145,37.338
150620,145,37.331
150630,145,37.319
150640,145,37.319
150650,145,37.3
150660,145,37.319
150670,145,37.269
150680,145,37.325
150690,145,37.325
150700,145,37.3
150710,145,37.319
150720,145,37.331
150730,145,37.313
150740,145,37.288
150750,145,37.306
150760,145,37.319
150770,145,37.281
150780,145,37.294
150790,145,37.306
150800,145,37.319
150810,145,37.275
150820,145,37.319
150830,145,37.325
150840,145,37.294
150850,145,37.281
150860,145,37.288
150870,145,37.313
150880,145,37.319
150890,145,37.269
150900,145,37.319
150910,145,37.325
150920,145,37.306
150930,145,37.294
150940,145,37.331
150950,145,37.325
150960,145,37.331
150970,145,37.319
150980,145,37.319
150990,145,37.294
151000,145,37.325
151010,145,37.325
151020,145,37.331
151030,145,37.325
151040,145,37.325
151050,145,37.313
151060,145,37.294
151070,145,37.331
151080,145,37.325
151090,145,37.325
151100,145,37.331
151110,145,37.325
151120,145,37.319
151130,145,37.331
151140,145,37.325
151150,145,37.331
151160,145,37.338
151170,145,37.275
151180,145,37.325
151190,145,37.325
151200,145,37.331
151210,145,37.331
151220,145,37.35
151230,145,37.319
151240,145,37.331
151250,145,37.331
151260,145,37.325
151270,145,37.375
151280,145,37.319
151290,145,37.288
151300,145,37.338
151310,145,37.344
151320,145,37.338
151330,145,37.325
151340,145,37.356
151350,145,37.319
151360,145,37.338
151370,145,37.331
151380,145,37.338
151390,145,37.388
151400,145,37.331
151410,145,37.325
151420,145,37.338
151430,145,37.331
151440,145,37.325
151450,145,37.331
151460,145,37.331
151470,145,37.325
151480,145,37.363
151490,145,37.325
151500,145,37.294
151510,145,37.338
151520,145,37.306
151530,145,37.381
151540,145,37.331
151550,145,37.369
151560,145,37.325
151570,145,37.331
151580,145,37.331
151590,145,37.331
151600,145,37.381
151610,145,37.331
151620,145,37.3
151630,145,37.331
151640,145,37.344
151650,145,37.331
151660,145,37.325
151670,145,37.369
151680,145,37.338
151690,145,37.325
151700,145,37.344
151710,145,37.338
151720,145,37.369
151730,145,37.331
151740,145,37.388
151750,145,37.338
151760,145,37.369
151770,145,37.344
151780,145,37.338
151790,145,37.344
151800,145,37.319
151810,145,37.381
151820,145,37.331
151830,145,37.3
151840,145,37.344
151850,145,37.344
151860,145,37.344
151870,145,37.344
151880,145,37.344
151890,145,37.344
151900,145,37.344
151910,145,37.363
151920,145,37.35
151930,145,37.356
151940,145,37.344
151950,145,37.313
151960,145,37.35
151970,145,37.344
151980,145,37.35
151990,145,37.356
152000,145,37.4
152010,150,37.344
152020,150,37.35
152030,150,37.419
152040,150,37.481
152050,150,37.525
152060,150,37.613
152070,150,37.656
152080,150,37.713
152090,150,37.769
152100,150,37.844
152110,150,37.888
152120,150,37.931
152130,150,37.956
152140,150,37.956
152150,150,38.013
152160,150,38.069
152170,150,38.081
152180,150,38.125
152190,150,38.081
152200,150,38.1
152210,150,38.163
152220,150,38.15
152230,150,38.163
152240,150,38.181
152250,150,38.238
152260,150,38.225
152270,150,38.213
152280,150,38.219
152290,150,38.225
152300,150,38.238
152310,150,38.275
152320,150,38.219
152330,150,38.219
152340,150,38.219
152350,150,38.25
152360,150,38.219
152370,150,38.256
152380,150,38.275
152390,150,38.238
152400,150,38.238
152410,150,38.2
152420,150,38.25
152430,150,38.281
152440,150,38.25
152450,150,38.219
152460,150,38.256
152470,150,38.206
152480,150,38.244
152490,150,38.238
152500,150,38.231
152510,150,38.25
152520,150,38.263
152530,150,38.263
152540,150,38.269
152550,150,38.25
152560,150,38.256
152570,150,38.275
152580,150,38.25
152590,150,38.225
152600,150,38.206
152610,150,38.238
152620,150,38.219
152630,150,38.231
152640,150,38.263
152650,150,38.244
152660,150,38.213
152670,150,38.231
152680,150,38.219
152690,150,38.2
152700,150,38.25
152710,150,38.25
152720,150,38.213
152730,150,38.231
152740,150,38.206
152750,150,38.25
152760,150,38.213
152770,150,38.219
152780,150,38.213
152790,150,38.256
152800,150,38.213
152810,150,38.25
152820,150,38.213
152830,150,38.225
152840,150,38.213
152850,150,38.263
152860,150,38.219
152870,150,38.256
152880,150,38.256
152890,150,38.219
152900,150,38.225
152910,150,38.25
152920,150,38.231
152930,150,38.231
152940,150,38.275
152950,150,38.219
152960,150,38.213
152970,150,38.263
152980,150,38.25
152990,150,38.225
153000,150,38.263
153010,150,38.231
153020,150,38.231
153030,150,38.231
153040,150,38.256
153050,150,38.213
153060,150,38.25
153070,150,38.238
153080,150,38.238
153090,150,38.219
153100,150,38.206
153110,150,38.263
153120,150,38.238
153130,150,38.219
153140,150,38.225
153150,150,38.213
153160,150,38.206
153170,150,38.25
153180,150,38.25
153190,150,38.213
153200,150,38.238
153210,150,38.2
153220,150,38.194
153230,150,38.181
153240,150,38.238
153250,150,38.2
153260,150,38.238
153270,150,38.219
153280,150,38.206
153290,150,38.219
153300,150,38.206
153310,150,38.244
153320,150,38.225
153330,150,38.256
153340,150,38.206
153350,150,38.231
153360,150,38.244
153370,150,38.238
153380,150,38.219
153390,150,38.25
153400,150,38.213
153410,150,38.225
153420,150,38.219
153430,150,38.213
153440,150,38.256
153450,150,38.213
153460,150,38.213
153470,150,38.213
153480,150,38.2
153490,150,38.2
153500,150,38.213
153510,150,38.213
153520,150,38.219
153530,150,38.206
153540,150,38.206
153550,150,38.213
153560,150,38.231
153570,150,38.244
153580,150,38.213
153590,150,38.2
153600,150,38.256
153610,150,38.219
153620,150,38.213
153630,150,38.25
153640,150,38.206
153650,150,38.206
153660,150,38.206
153670,150,38.206
153680,150,38.2
153690,150,38.231
153700,150,38.219
153710,150,38.213
153720,150,38.2
153730,150,38.25
153740,150,38.206
153750,150,38.263
153760,150,38.206
153770,150,38.213
153780,150,38.25
153790,150,38.206
153800,150,38.219
153810,150,38.244
153820,150,38.194
153830,150,38.194
153840,150,38.206
153850,150,38.213
153860,150,38.194
153870,150,38.225
153880,150,38.188
153890,150,38.194
153900,150,38.2
153910,150,38.238
153920,150,38.194
153930,150,38.25
153940,150,38.213
153950,150,38.194
153960,150,38.2
153970,150,38.2
153980,150,38.194
153990,150,38.238
154000,150,38.225
154010,150,38.2
154020,150,38.2
154030,150,38.2
154040,150,38.213
154050,150,38.238
154060,150,38.244
154070,150,38.206
154080,150,38.244
154090,150,38.2
154100,150,38.219
154110,150,38.225
154120,150,38.188
154130,150,38.238
154140,150,38.206
154150,150,38.213
154160,150,38.206
154170,150,38.244
154180,150,38.206
154190,150,38.238
154200,150,38.25
154210,150,38.238
154220,150,38.2
154230,150,38.25
154240,150,38.213
154250,150,38.213
154260,150,38.238
154270,150,38.194
154280,150,38.2
154290,150,38.219
154300,150,38.244
154310,150,38.213
154320,150,38.25
154330,150,38.231
154340,150,38.206
154350,150,38.213
154360,150,38.244
154370,150,38.2
154380,150,38.231
154390,150,38.225
154400,150,38.213
154410,150,38.194
154420,150,38.219
154430,150,38.225
154440,150,38.225
154450,150,38.2
154460,150,38.194
154470,150,38.2
154480,150,38.194
154490,150,38.194
154500,150,38.244
154510,150,38.206
154520,150,38.225
154530,150,38.231
154540,150,38.213
154550,150,38.2
154560,150,38.25
154570,150,38.206
154580,150,38.231
154590,150,38.206
154600,150,38.244
154610,150,38.194
154620,150,38.231
154630,150,38.213
154640,150,38.194
154650,150,38.238
154660,150,38.244
154670,150,38.194
154680,150,38.219
154690,150,38.238
154700,150,38.194
154710,150,38.231
154720,150,38.194
154730,150,38.181
154740,150,38.194
154750,150,38.2
154760,150,38.194
154770,150,38.188
154780,150,38.194
154790,150,38.194
154800,150,38.188
154810,150,38.206
154820,150,38.238
154830,150,38.225
154840,150,38.2
154850,150,38.194
154860,150,38.231
154870,150,38.206
154880,150,38.219
154890,150,38.244
154900,150,38.206
154910,150,38.206
154920,150,38.213
154930,150,38.238
154940,150,38.188
154950,150,38.231
154960,150,38.213
154970,150,38.219
154980,150,38.225
154990,150,38.244
155000,150,38.194
155010,150,38.225
155020,150,38.225
155030,150,38.2
155040,150,38.2
155050,150,38.194
155060,150,38.2
155070,150,38.225
155080,150,38.244
155090,150,38.219
155100,150,38.206
155110,150,38.206
155120,150,38.206
155130,150,38.256
155140,150,38.2
155150,150,38.238
155160,150,38.2
155170,150,38.213
155180,150,38.194
155190,150,38.244
155200,150,38.206
155210,150,38.225
155220,150,38.2
155230,150,38.213
155240,150,38.194
155250,150,38.238
155260,150,38.219
155270,150,38.2
155280,150,38.238
155290,150,38.25
155300,150,38.194
155310,150,38.231
155320,150,38.238
155330,150,38.206
155340,150,38.244
155350,150,38.219
155360,150,38.225
155370,150,38.213
155380,150,38.238
155390,150,38.206
155400,150,38.219
155410,150,38.238
155420,150,38.206
155430,150,38.219
155440,150,38.213
155450,150,38.219
155460,150,38.244
155470,150,38.2
155480,150,38.2
155490,150,38.25
155500,150,38.213
155510,150,38.213
155520,150,38.25
155530,150,38.238
155540,150,38.238
155550,150,38.231
155560,150,38.219
155570,150,38.181
155580,150,38.225
155590,150,38.2
155600,150,38.206
155610,150,38.269
155620,150,38.231
155630,150,38.231
155640,150,38.263
155650,150,38.219
155660,150,38.263
155670,150,38.3
155680,150,38.244
155690,150,38.206
155700,150,38.225
155710,150,38.269
155720,150,38.225
155730,150,38.256
155740,150,38.269
155750,150,38.25
155760,150,38.231
155770,150,38.231
155780,150,38.263
155790,150,38.275
155800,150,38.269
155810,150,38.206
155820,150,38.256
155830,150,38.206
155840,150,38.238
155850,150,38.238
155860,150,38.275
155870,150,38.263
155880,150,38.269
155890,150,38.256
155900,150,38.263
155910,150,38.263
155920,150,38.263
155930,150,38.275
155940,150,38.281
155950,150,38.263
155960,150,38.269
155970,150,38.25
155980,150,38.269
155990,150,38.263
156000,150,38.325
156010,150,38.269
156020,150,38.269
156030,150,38.231
156040,150,38.231
156050,150,38.256
156060,150,38.25
156070,150,38.263
156080,150,38.275
156090,150,38.275
156100,150,38.288
156110,150,38.256
156120,150,38.275
156130,150,38.269
156140,150,38.263
156150,150,38.263
156160,150,38.213
156170,150,38.231
156180,150,38.269
156190,150,38.219
156200,150,38.244
156210,150,38.25
156220,150,38.269
156230,150,38.263
156240,150,38.25
156250,150,38.256
156260,150,38.3
156270,150,38.263
156280,150,38.256
156290,150,38.256
156300,150,38.263
156310,150,38.256
156320,150,38.263
156330,150,38.256
156340,150,38.256
156350,150,38.238
156360,150,38.25
156370,150,38.244
156380,150,38.25
156390,150,38.294
156400,150,38.238
156410,150,38.25
156420,150,38.256
156430,150,38.244
156440,150,38.269
156450,150,38.263
156460,150,38.256
156470,150,38.25
156480,150,38.256
156490,150,38.256
156500,150,38.294
156510,150,38.269
156520,150,38.263
156530,150,38.269
156540,150,38.25
156550,150,38.256
156560,150,38.275
156570,150,38.281
156580,150,38.256
156590,150,38.288
156600,150,38.256
156610,150,38.256
156620,150,38.263
156630,150,38.306
156640,150,38.25
156650,150,38.294
156660,150,38.294
156670,150,38.263
156680,150,38.25
156690,150,38.25
156700,150,38.263
156710,150,38.269
156720,150,38.3
156730,150,38.269
156740,150,38.294
156750,150,38.256
156760,150,38.281
156770,150,38.281
156780,150,38.25
156790,150,38.275
156800,150,38.238
156810,150,38.238
156820,150,38.244
156830,150,38.238
156840,150,38.256
156850,150,38.263
156860,150,38.288
156870,150,38.25
156880,150,38.25
156890,150,38.25
156900,150,38.263
156910,150,38.238
156920,150,38.294
156930,150,38.25
156940,150,38.281
156950,150,38.238
156960,150,38.275
156970,150,38.244
156980,150,38.288
156990,150,38.263
157000,150,38.238
157010,155,38.225
157020,155,38.281
157030,155,38.281
157040,155,38.338
157050,155,38.4
157060,155,38.431
157070,155,38.506
157080,155,38.525
157090,155,38.575
157100,155,38.669
157110,155,38.663
157120,155,38.744
157130,155,38.738
157140,155,38.819
157150,155,38.794
157160,155,38.838
157170,155,38.888
157180,155,38.844
157190,155,38.881
157200,155,38.875
157210,155,38.906
157220,155,38.963
157230,155,38.925
157240,155,38.925
157250,155,38.963
157260,155,38.913
157270,155,39
157280,155,38.988
157290,155,38.956
157300,155,39.019
157310,155,38.994
157320,155,38.975
157330,155,39.013
157340,155,38.988
157350,155,39
157360,155,39.025
157370,155,39.025
157380,155,39.031
157390,155,39.05
157400,155,39.006
157410,155,39.05
157420,155,39.05
157430,155,39.025
157440,155,39.069
157450,155,39
157460,155,39.038
157470,155,39.006
157480,155,39.056
157490,155,39.025
157500,155,39.025
157510,155,39.05
157520,155,39.013
157530,155,39.031
157540,155,39.038
157550,155,39.013
157560,155,39.044
157570,155,39.025
157580,155,39.019
157590,155,39.063
157600,155,39.006
157610,155,39.019
157620,155,39.056
157630,155,39.006
157640,155,39.05
157650,155,39.056
157660,155,39.056
157670,155,38.981
157680,155,39.056
157690,155,39.05
157700,155,38.994
157710,155,39.081
157720,155,39.025
157730,155,39.069
157740,155,39.063
157750,155,39.031
157760,155,39.063
157770,155,39.013
157780,155,39.006
157790,155,38.994
157800,155,39.088
157810,155,39.063
157820,155,39.05
157830,155,39.056
157840,155,38.994
157850,155,38.994
157860,155,39.038
157870,155,39
157880,155,39.019
157890,155,39.038
157900,155,38.994
157910,155,39.056
157920,155,39.006
157930,155,39
157940,155,39.044
157950,155,39.038
157960,155,39.019
157970,155,39.056
157980,155,39.019
157990,155,39.025
158000,155,39.05
158010,155,39.013
158020,155,39.038
158030,155,39.044
158040,155,39.019
158050,155,39.063
158060,155,39.019
158070,155,39.019
158080,155,39.056
158090,155,39.013
158100,155,39.025
158110,155,39.044
158120,155,39.019
158130,155,39.019
158140,155,39.025
158150,155,39.05
158160,155,39.006
158170,155,39.05
158180,155,39.031
158190,155,39.013
158200,155,39.063
158210,155,39.019
158220,155,39.056
158230,155,38.981
158240,155,39.031
158250,155,39.044
158260,155,39.056
158270,155,39.088
158280,155,39.013
158290,155,39.075
158300,155,39.044
158310,155,39.025
158320,155,39.019
158330,155,38.994
158340,155,38.988
158350,155,39.025
158360,155,38.988
158370,155,39.006
158380,155,39.019
158390,155,38.994
158400,155,39.025
158410,155,38.988
158420,155,38.994
158430,155,39.038
158440,155,38.981
158450,155,39.013
158460,155,39.019
158470,155,39.019
158480,155,38.981
158490,155,39
158500,155,39.031
158510,155,38.975
158520,155,39.013
158530,155,39.006
158540,155,38.981
158550,155,39.038
158560,155,39.044
158570,155,39.013
158580,155,39.05
158590,155,39.031
158600,155,39.013
158610,155,39.05
158620,155,39
158630,155,39.025
158640,155,38.981
158650,155,38.975
158660,155,38.988
158670,155,38.981
158680,155,38.988
158690,155,39.013
158700,155,39.006
158710,155,39.025
158720,155,39.031
158730,155,38.975
158740,155,38.981
158750,155,39
158760,155,39.038
158770,155,38.988
158780,155,39.05
158790,155,39.063
158800,155,39.019
158810,155,38.988
158820,155,38.981
158830,155,39.019
158840,155,38.994
158850,155,39.038
158860,155,39.025
158870,155,39
158880,155,39.075
158890,155,38.994
158900,155,39.019
158910,155,39.031
158920,155,38.994
158930,155,39.038
158940,155,39.013
158950,155,39
158960,155,39.038
158970,155,39.006
158980,155,39.025
158990,155,39.031
159000,155,38.994
159010,155,39.031
159020,155,39.013
159030,155,39.019
159040,155,39.044
159050,155,39.056
159060,155,39.019
159070,155,39.075
159080,155,39
159090,155,39.031
159100,155,39
159110,155,39
159120,155,38.994
159130,155,39.019
159140,155,39.063
159150,155,39.025
159160,155,39.044
159170,155,38.994
159180,155,38.994
159190,155,38.994
159200,155,38.994
159210,155,38.994
159220,155,38.994
159230,155,38.994
159240,155,38.988
159250,155,38.988
159260,155,38.944
159270,155,38.981
159280,155,38.969
159290,155,38.944
159300,155,39
159310,155,38.981
159320,155,38.975
159330,155,38.994
159340,155,39.031
159350,155,39
159360,155,39
159370,155,39.025
159380,155,38.988
159390,155,39.019
159400,155,39.031
159410,155,38.994
159420,155,39.019
159430,155,38.988
159440,155,38.988
159450,155,39.019
159460,155,38.994
159470,155,39.05
159480,155,38.981
159490,155,39.031
159500,155,38.994
159510,155,39.006
159520,155,39.019
159530,155,38.994
159540,155,39.031
159550,155,39.006
159560,155,38.988
159570,155,39.019
159580,155,39
159590,155,39
159600,155,39.025
159610,155,38.994
159620,155,39.025
159630,155,39.013
159640,155,38.988
159650,155,39.031
159660,155,38.988
159670,155,38.988
159680,155,38.988
159690,155,39.025
159700,155,38.994
159710,155,39.056
159720,155,39.019
159730,155,39.031
159740,155,38.988
159750,155,38.963
159760,155,38.969
159770,155,38.969
159780,155,38.975
159790,155,38.981
159800,155,38.994
159810,155,39.031
159820,155,39
159830,155,39
159840,155,38.981
159850,155,38.994
159860,155,38.994
159870,155,39
159880,155,39.006
159890,155,38.988
159900,155,39
159910,155,38.994
159920,155,39.006
159930,155,39
159940,155,38.994
159950,155,39.025
159960,155,39.019
159970,155,38.994
159980,155,39.031
159990,155,39.006
160000,155,39.038
160010,155,39.044
160020,155,38.988
160030,155,39.025
160040,155,39.019
160050,155,39
160060,155,39.038
160070,155,38.994
160080,155,39
160090,155,39.038
160100,155,38.994
160110,155,39.044
160120,155,39.025
160130,155,39.031
160140,155,39.063
160150,155,39.019
160160,155,39.025
160170,155,38.988
160180,155,39.031
160190,155,39.006
160200,155,39.006
160210,155,39.056
160220,155,39.038
160230,155,39.019
160240,155,39.069
160250,155,39.019
160260,155,39.038
160270,155,39.069
160280,155,39.031
160290,155,39.056
160300,155,39.044
160310,155,39.006
160320,155,39.063
160330,155,39.031
160340,155,39.038
160350,155,39.069
160360,155,39.013
160370,155,39.069
160380,155,39.013
160390,155,39.094
160400,155,39
160410,155,39.094
160420,155,39.088
160430,155,39.081
160440,155,39.069
160450,155,39.025
160460,155,39.019
160470,155,39.063
160480,155,39.031
160490,155,39.1
160500,155,39.069
160510,155,39.063
160520,155,39.031
160530,155,39.075
160540,155,39.063
160550,155,39.019
160560,155,39.081
160570,155,39.05
160580,155,39.069
160590,155,39.075
160600,155,39.081
160610,155,39.031
160620,155,39.063
160630,155,39.05
160640,155,39.038
160650,155,39.081
160660,155,39.038
160670,155,39.044
160680,155,39.063
160690,155,39.019
160700,155,39.069
160710,155,39.056
160720,155,39.031
160730,155,39.081
160740,155,39.038
160750,155,39.088
160760,155,39.075
160770,155,39.119
160780,155,39.081
160790,155,39.094
160800,155,39.119
160810,155,39.081
160820,155,39.069
160830,155,39.081
160840,155,39.113
160850,155,39.075
160860,155,39.1
160870,155,39.106
160880,155,39.069
160890,155,39.113
160900,155,39.075
160910,155,39.05
160920,155,39.1
160930,155,39.081
160940,155,39.1
160950,155,39.094
160960,155,39.069
160970,155,39.069
160980,155,39.069
160990,155,39.013
161000,155,39.05
161010,155,39.05
161020,155,39.019
161030,155,39.069
161040,155,39.031
161050,155,39.038
161060,155,39.081
161070,155,39.025
161080,155,39.044
161090,155,39.056
161100,155,39.019
161110,155,39.081
161120,155,39.081
161130,155,39.063
161140,155,39.075
161150,155,39.131
161160,155,39.056
161170,155,39.081
161180,155,39.075
161190,155,39.081
161200,155,39.113
161210,155,39.088
161220,155,39.125
161230,155,39.088
161240,155,39.088
161250,155,39.138
161260,155,39.094
161270,155,39.094
161280,155,39.063
161290,155,39.075
161300,155,39.125
161310,155,39.044
161320,155,39.1
161330,155,39.088
161340,155,39.075
161350,155,39.05
161360,155,39.088
161370,155,39.075
161380,155,39.094
161390,155,39.088
161400,155,39.081
161410,155,39.081
161420,155,39.063
161430,155,39.056
161440,155,39.1
161450,155,39.05
161460,155,39.081
161470,155,39.088
161480,155,39.094
161490,155,39.088
161500,155,39.1
161510,155,39.094
161520,155,39.081
161530,155,39.094
161540,155,39.1
161550,155,39.138
161560,155,39.088
161570,155,39.131
161580,155,39.144
161590,155,39.094
161600,155,39.138
161610,155,39.1
161620,155,39.1
161630,155,39.138
161640,155,39.094
161650,155,39.119
161660,155,39.131
161670,155,39.094
161680,155,39.131
161690,155,39.094
161700,155,39.113
161710,155,39.106
161720,155,39.15
161730,155,39.113
161740,155,39.163
161750,155,39.088
161760,155,39.081
161770,155,39.088
161780,155,39.106
161790,155,39.1
161800,155,39.138
161810,155,39.094
161820,155,39.106
161830,155,39.094
161840,155,39.081
161850,155,39.106
161860,155,39.119
161870,155,39.088
161880,155,39.131
161890,155,39.081
161900,155,39.125
161910,155,39.138
161920,155,39.088
161930,155,39.138
161940,155,39.1
161950,155,39.113
161960,155,39.131
161970,155,39.094
161980,155,39.131
161990,155,39.125
162000,155,39.1
162010,160,39.138
162020,160,39.1
162030,160,39.125
162040,160,39.213
162050,160,39.206
162060,160,39.3
162070,160,39.331
162080,160,39.394
162090,160,39.4
162100,160,39.463
162110,160,39.506
162120,160,39.544
162130,160,39.606
162140,160,39.569
162150,160,39.606
162160,160,39.631
162170,160,39.663
162180,160,39.688
162190,160,39.65
162200,160,39.669
162210,160,39.731
162220,160,39.688
162230,160,39.681
162240,160,39.694
162250,160,39.694
162260,160,39.794
162270,160,39.7
162280,160,39.738
162290,160,39.775
162300,160,39.738
162310,160,39.763
162320,160,39.7
162330,160,39.744
162340,160,39.763
162350,160,39.725
162360,160,39.738
162370,160,39.756
162380,160,39.731
162390,160,39.775
162400,160,39.731
162410,160,39.75
162420,160,39.813
162430,160,39.719
162440,160,39.706
162450,160,39.788
162460,160,39.731
162470,160,39.8
162480,160,39.731
162490,160,39.744
162500,160,39.694
162510,160,39.794
162520,160,39.738
162530,160,39.788
162540,160,39.725
162550,160,39.738
162560,160,39.806
162570,160,39.713
162580,160,39.763
162590,160,39.775
162600,160,39.725
162610,160,39.763
162620,160,39.75
162630,160,39.75
162640,160,39.806
162650,160,39.713
162660,160,39.719
162670,160,39.775
162680,160,39.725
162690,160,39.813
162700,160,39.725
162710,160,39.731
162720,160,39.763
162730,160,39.713
162740,160,39.731
162750,160,39.769
162760,160,39.75
162770,160,39.781
162780,160,39.738
162790,160,39.763
162800,160,39.813
162810,160,39.719
162820,160,39.731
162830,160,39.8
162840,160,39.738
162850,160,39.769
162860,160,39.763
162870,160,39.719
162880,160,39.706
162890,160,39.75
162900,160,39.75
162910,160,39.775
162920,160,39.706
162930,160,39.744
162940,160,39.725
162950,160,39.719
162960,160,39.7
162970,160,39.694
162980,160,39.744
162990,160,39.694
163000,160,39.738
163010,160,39.744
163020,160,39.7
163030,160,39.725
163040,160,39.706
163050,160,39.75
163060,160,39.769
163070,160,39.788
163080,160,39.738
163090,160,39.75
163100,160,39.744
163110,160,39.744
163120,160,39.781
163130,160,39.713
163140,160,39.756
163150,160,39.719
163160,160,39.744
163170,160,39.763
163180,160,39.763
163190,160,39.769
163200,160,39.806
163210,160,39.725
163220,160,39.75
163230,160,39.781
163240,160,39.731
163250,160,39.756
163260,160,39.725
163270,160,39.763
163280,160,39.763
163290,160,39.731
163300,160,39.75
163310,160,39.788
163320,160,39.756
163330,160,39.756
163340,160,39.769
163350,160,39.769
163360,160,39.813
163370,160,39.731
163380,160,39.731
163390,160,39.788
163400,160,39.763
163410,160,39.781
163420,160,39.725
163430,160,39.769
163440,160,39.756
163450,160,39.75
163460,160,39.756
163470,160,39.775
163480,160,39.769
163490,160,39.756
163500,160,39.769
163510,160,39.731
163520,160,39.756
163530,160,39.825
163540,160,39.769
163550,160,39.756
163560,160,39.775
163570,160,39.769
163580,160,39.825
163590,160,39.731
163600,160,39.763
163610,160,39.8
163620,160,39.788
163630,160,39.794
163640,160,39.719
163650,160,39.763
163660,160,39.794
163670,160,39.75
163680,160,39.769
163690,160,39.813
163700,160,39.763
163710,160,39.75
163720,160,39.756
163730,160,39.763
163740,160,39.831
163750,160,39.738
163760,160,39.731
163770,160,39.775
163780,160,39.763
163790,160,39.788
163800,160,39.744
163810,160,39.75
163820,160,39.819
163830,160,39.731
163840,160,39.731
163850,160,39.819
163860,160,39.756
163870,160,39.756
163880,160,39.838
163890,160,39.738
163900,160,39.8
163910,160,39.794
163920,160,39.819
163930,160,39.819
163940,160,39.756
163950,160,39.781
163960,160,39.838
163970,160,39.769
163980,160,39.763
163990,160,39.8
164000,160,39.775
164010,160,39.831
164020,160,39.756
164030,160,39.794
164040,160,39.838
164050,160,39.738
164060,160,39.8
164070,160,39.794
164080,160,39.819
164090,160,39.819
164100,160,39.75
164110,160,39.794
164120,160,39.819
164130,160,39.744
164140,160,39.756
164150,160,39.775
164160,160,39.756
164170,160,39.844
164180,160,39.788
164190,160,39.769
164200,160,39.769
164210,160,39.788
164220,160,39.781
164230,160,39.844
164240,160,39.763
164250,160,39.75
164260,160,39.819
164270,160,39.756
164280,160,39.813
164290,160,39.781
164300,160,39.75
164310,160,39.806
164320,160,39.756
164330,160,39.8
164340,160,39.825
164350,160,39.75
164360,160,39.781
164370,160,39.769
164380,160,39.8
164390,160,39.844
164400,160,39.769
164410,160,39.781
164420,160,39.831
164430,160,39.781
164440,160,39.831
164450,160,39.794
164460,160,39.831
164470,160,39.844
164480,160,39.763
164490,160,39.8
164500,160,39.825
164510,160,39.825
164520,160,39.794
164530,160,39.781
164540,160,39.756
164550,160,39.8
164560,160,39.813
164570,160,39.775
164580,160,39.725
164590,160,39.769
164600,160,39.775
164610,160,39.794
164620,160,39.756
164630,160,39.738
164640,160,39.769
164650,160,39.763
164660,160,39.806
164670,160,39.781
164680,160,39.769
164690,160,39.769
164700,160,39.744
164710,160,39.794
164720,160,39.806
164730,160,39.838
164740,160,39.8
164750,160,39.775
164760,160,39.794
164770,160,39.838
164780,160,39.8
164790,160,39.819
164800,160,39.819
164810,160,39.775
164820,160,39.831
164830,160,39.794
164840,160,39.838
164850,160,39.863
164860,160,39.8
164870,160,39.769
164880,160,39.831
164890,160,39.8
164900,160,39.838
164910,160,39.838
164920,160,39.813
164930,160,39.819
164940,160,39.813
164950,160,39.856
164960,160,39.838
164970,160,39.763
164980,160,39.85
164990,160,39.831
165000,160,39.813
165010,160,39.831
165020,160,39.813
165030,160,39.831
165040,160,39.881
165050,160,39.806
165060,160,39.844
165070,160,39.844
165080,160,39.806
165090,160,39.819
165100,160,39.813
165110,160,39.844
165120,160,39.85
165130,160,39.806
165140,160,39.8
165150,160,39.844
165160,160,39.844
165170,160,39.831
165180,160,39.825
165190,160,39.813
165200,160,39.806
165210,160,39.85
165220,160,39.825
165230,160,39.819
165240,160,39.806
165250,160,39.8
165260,160,39.85
165270,160,39.8
165280,160,39.781
165290,160,39.8
165300,160,39.794
165310,160,39.825
165320,160,39.813
165330,160,39.788
165340,160,39.819
165350,160,39.856
165360,160,39.813
165370,160,39.856
165380,160,39.856
165390,160,39.788
165400,160,39.825
165410,160,39.813
165420,160,39.856
165430,160,39.856
165440,160,39.825
165450,160,39.831
165460,160,39.881
165470,160,39.831
165480,160,39.819
165490,160,39.844
165500,160,39.806
165510,160,39.9
165520,160,39.825
165530,160,39.813
165540,160,39.825
165550,160,39.863
165560,160,39.856
165570,160,39.9
165580,160,39.819
165590,160,39.844
165600,160,39.85
165610,160,39.806
165620,160,39.831
165630,160,39.806
165640,160,39.85
165650,160,39.856
165660,160,39.856
165670,160,39.819
165680,160,39.844
165690,160,39.863
165700,160,39.838
165710,160,39.838
165720,160,39.8
165730,160,39.856
165740,160,39.85
165750,160,39.831
165760,160,39.838
165770,160,39.881
165780,160,39.831
165790,160,39.825
165800,160,39.863
165810,160,39.856
165820,160,39.906
165830,160,39.813
165840,160,39.844
165850,160,39.869
165860,160,39.825
165870,160,39.863
165880,160,39.9
165890,160,39.813
165900,160,39.831
165910,160,39.844
165920,160,39.813
165930,160,39.825
165940,160,39.825
165950,160,39.844
165960,160,39.863
165970,160,39.819
165980,160,39.813
165990,160,39.856
166000,160,39.838
166010,160,39.838
166020,160,39.838
166030,160,39.819
166040,160,39.856
166050,160,39.85
166060,160,39.775
166070,160,39.844
166080,160,39.844
166090,160,39.838
166100,160,39.838
166110,160,39.806
166120,160,39.806
166130,160,39.856
166140,160,39.813
166150,160,39.838
166160,160,39.85
166170,160,39.788
166180,160,39.85
166190,160,39.831
166200,160,39.838
166210,160,39.856
166220,160,39.856
166230,160,39.775
166240,160,39.844
166250,160,39.8
166260,160,39.85
166270,160,39.881
166280,160,39.788
166290,160,39.831
166300,160,39.856
166310,160,39.856
166320,160,39.844
166330,160,39.806
166340,160,39.813
166350,160,39.913
166360,160,39.825
166370,160,39.85
166380,160,39.85
166390,160,39.819
166400,160,39.85
166410,160,39.825
166420,160,39.85
166430,160,39.819
166440,160,39.869
166450,160,39.819
166460,160,39.831
166470,160,39.881
166480,160,39.856
166490,160,39.85
166500,160,39.813
166510,160,39.863
166520,160,39.931
166530,160,39.856
166540,160,39.856
166550,160,39.869
166560,160,39.888
166570,160,39.869
166580,160,39.919
166590,160,39.85
166600,160,39.863
166610,160,39.888
166620,160,39.856
166630,160,39.838
166640,160,39.869
166650,160,39.825
166660,160,39.913
166670,160,39.844
166680,160,39.856
166690,160,39.863
166700,160,39.844
166710,160,39.856
166720,160,39.838
166730,160,39.869
166740,160,39.875
166750,160,39.888
166760,160,39.856
166770,160,39.844
166780,160,39.919
166790,160,39.875
166800,160,39.894
166810,160,39.838
166820,160,39.869
166830,160,39.888
166840,160,39.85
166850,160,39.856
166860,160,39.888
166870,160,39.831
166880,160,39.881
166890,160,39.9
166900,160,39.863
166910,160,39.838
166920,160,39.863
166930,160,39.863
166940,160,39.856
166950,160,39.856
166960,160,39.825
166970,160,39.881
166980,160,39.9
166990,160,39.856
167000,160,39.869
167010,165,39.931
167020,165,39.869
167030,165,39.888
167040,165,39.975
167050,165,39.988
167060,165,40.094
167070,165,40.106
167080,165,40.2
167090,165,40.156
167100,165,40.181
167110,165,40.25
167120,165,40.3
167130,165,40.313
167140,165,40.313
167150,165,40.263
167160,165,40.294
167170,165,40.344
167180,165,40.381
167190,165,40.438
167200,165,40.406
167210,165,40.375
167220,165,40.406
167230,165,40.394
167240,165,40.431
167250,165,40.45
167260,165,40.45
167270,165,40.381
167280,165,40.425
167290,165,40.425
167300,165,40.463
167310,165,40.475
167320,165,40.463
167330,165,40.425
167340,165,40.431
167350,165,40.444
167360,165,40.469
167370,165,40.488
167380,165,40.456
167390,165,40.413
167400,165,40.419
167410,165,40.431
167420,165,40.469
167430,165,40.5
167440,165,40.456
167450,165,40.413
167460,165,40.406
167470,165,40.413
167480,165,40.438
167490,165,40.481
167500,165,40.456
167510,165,40.425
167520,165,40.419
167530,165,40.431
167540,165,40.419
167550,165,40.463
167560,165,40.463
167570,165,40.438
167580,165,40.438
167590,165,40.444
167600,165,40.488
167610,165,40.494
167620,165,40.469
167630,165,40.425
167640,165,40.425
167650,165,40.438
167660,165,40.481
167670,165,40.506
167680,165,40.469
167690,165,40.419
167700,165,40.425
167710,165,40.469
167720,165,40.469
167730,165,40.5
167740,165,40.469
167750,165,40.413
167760,165,40.425
167770,165,40.481
167780,165,40.444
167790,165,40.5
167800,165,40.506
167810,165,40.438
167820,165,40.425
167830,165,40.494
167840,165,40.481
167850,165,40.488
167860,165,40.475
167870,165,40.463
167880,165,40.4
167890,165,40.438
167900,165,40.494
167910,165,40.463
167920,165,40.513
167930,165,40.469
167940,165,40.438
167950,165,40.431
167960,165,40.438
167970,165,40.456
167980,165,40.488
167990,165,40.456
168000,165,40.425
168010,165,40.419
168020,165,40.45
168030,165,40.469
168040,165,40.475
168050,165,40.463
168060,165,40.413
168070,165,40.431
168080,165,40.425
168090,165,40.456
168100,165,40.444
168110,165,40.463
168120,165,40.425
168130,165,40.444
168140,165,40.425
168150,165,40.475
168160,165,40.481
168170,165,40.469
168180,165,40.45
168190,165,40.488
168200,165,40.481
168210,165,40.544
168220,165,40.538
168230,165,40.513
168240,165,40.513
168250,165,40.425
168260,165,40.463
168270,165,40.5
168280,165,40.513
168290,165,40.513
168300,165,40.519
168310,165,40.475
168320,165,40.45
168330,165,40.506
168340,165,40.519
168350,165,40.506
168360,165,40.519
168370,165,40.475
168380,165,40.425
168390,165,40.488
168400,165,40.494
168410,165,40.5
168420,165,40.538
168430,165,40.513
168440,165,40.444
168450,165,40.5
168460,165,40.463
168470,165,40.519
168480,165,40.5
168490,165,40.5
168500,165,40.488
168510,165,40.525
168520,165,40.494
168530,165,40.513
168540,165,40.494
168550,165,40.481
168560,165,40.525
168570,165,40.475
168580,165,40.469
168590,165,40.513
168600,165,40.513
168610,165,40.513
168620,165,40.506
168630,165,40.475
168640,165,40.419
168650,165,40.488
168660,165,40.519
168670,165,40.519
168680,165,40.556
168690,165,40.513
168700,165,40.469
168710,165,40.481
168720,165,40.456
168730,165,40.513
168740,165,40.538
168750,165,40.525
168760,165,40.481
168770,165,40.481
168780,165,40.45
168790,165,40.494
168800,165,40.494
168810,165,40.5
168820,165,40.494
168830,165,40.506
168840,165,40.469
168850,165,40.5
168860,165,40.5
168870,165,40.5
168880,165,40.506
168890,165,40.506
168900,165,40.513
168910,165,40.463
168920,165,40.506
168930,165,40.525
168940,165,40.556
168950,165,40.506
168960,165,40.525
168970,165,40.463
168980,165,40.469
168990,165,40.506
169000,165,40.513
169010,165,40.519
169020,165,40.513
169030,165,40.481
169040,165,40.438
169050,165,40.469
169060,165,40.5
169070,165,40.513
169080,165,40.538
169090,165,40.5
169100,165,40.431
169110,165,40.494
169120,165,40.494
169130,165,40.506
169140,165,40.538
169150,165,40.5
169160,165,40.469
169170,165,40.494
169180,165,40.444
169190,165,40.494
169200,165,40.488
169210,165,40.494
169220,165,40.513
169230,165,40.463
169240,165,40.5
169250,165,40.456
169260,165,40.525
169270,165,40.513
169280,165,40.506
169290,165,40.469
169300,165,40.444
169310,165,40.444
169320,165,40.488
169330,165,40.506
169340,165,40.563
169350,165,40.519
169360,165,40.475
169370,165,40.45
169380,165,40.488
169390,165,40.513
169400,165,40.569
169410,165,40.525
169420,165,40.475
169430,165,40.438
169440,165,40.456
169450,165,40.506
169460,165,40.506
169470,165,40.519
169480,165,40.519
169490,165,40.488
169500,165,40.45
169510,165,40.494
169520,165,40.481
169530,165,40.506
169540,165,40.506
169550,165,40.481
169560,165,40.413
169570,165,40.463
169580,165,40.531
169590,165,40.488
169600,165,40.538
169610,165,40.506
169620,165,40.475
169630,165,40.469
169640,165,40.481
169650,165,40.494
169660,165,40.544
169670,165,40.506
169680,165,40.506
169690,165,40.475
169700,165,40.481
169710,165,40.513
169720,165,40.5
169730,165,40.5
169740,165,40.513
169750,165,40.469
169760,165,40.45
169770,165,40.475
169780,165,40.494
169790,165,40.513
169800,165,40.506
169810,165,40.469
169820,165,40.419
169830,165,40.469
169840,165,40.456
169850,165,40.5
169860,165,40.531
169870,165,40.5
169880,165,40.463
169890,165,40.463
169900,165,40.538
169910,165,40.469
169920,165,40.481
169930,165,40.488
169940,165,40.475
169950,165,40.469
169960,165,40.506
169970,165,40.494
169980,165,40.506
169990,165,40.5
170000,165,40.494
170010,165,40.456
170020,165,40.438
170030,165,40.444
170040,165,40.506
170050,165,40.5
170060,165,40.506
170070,165,40.463
170080,165,40.413
170090,165,40.463
170100,165,40.494
170110,165,40.506
170120,165,40.55
170130,165,40.513
170140,165,40.494
170150,165,40.475
170160,165,40.488
170170,165,40.5
170180,165,40.538
170190,165,40.569
170200,165,40.525
170210,165,40.475
170220,165,40.481
170230,165,40.5
170240,165,40.5
170250,165,40.488
170260,165,40.506
170270,165,40.525
170280,165,40.55
170290,165,40.55
170300,165,40.513
170310,165,40.5
170320,165,40.525
170330,165,40.513
170340,165,40.55
170350,165,40.531
170360,165,40.519
170370,165,40.513
170380,165,40.513
170390,165,40.513
170400,165,40.525
170410,165,40.519
170420,165,40.531
170430,165,40.525
170440,165,40.525
170450,165,40.513
170460,165,40.55
170470,165,40.563
170480,165,40.544
170490,165,40.513
170500,165,40.513
170510,165,40.506
170520,165,40.525
170530,165,40.531
170540,165,40.575
170550,165,40.513
170560,165,40.513
170570,165,40.538
170580,165,40.488
170590,165,40.5
170600,165,40.556
170610,165,40.519
170620,165,40.575
170630,165,40.588
170640,165,40.556
170650,165,40.506
170660,165,40.513
170670,165,40.519
170680,165,40.538
170690,165,40.563
170700,165,40.569
170710,165,40.55
170720,165,40.544
170730,165,40.5
170740,165,40.563
170750,165,40.563
170760,165,40.556
170770,165,40.556
170780,165,40.544
170790,165,40.506
170800,165,40.544
170810,165,40.506
170820,165,40.563
170830,165,40.525
170840,165,40.569
170850,165,40.544
170860,165,40.581
170870,165,40.525
170880,165,40.569
170890,165,40.594
170900,165,40.594
170910,165,40.65
170920,165,40.6
170930,165,40.544
170940,165,40.506
170950,165,40.569
170960,165,40.6
170970,165,40.575
170980,165,40.575
170990,165,40.6
171000,165,40.513
171010,165,40.519
171020,165,40.531
171030,165,40.563
171040,165,40.563
171050,165,40.575
171060,165,40.538
171070,165,40.525
171080,165,40.513
171090,165,40.519
171100,165,40.525
171110,165,40.569
171120,165,40.588
171130,165,40.563
171140,165,40.519
171150,165,40.513
171160,165,40.506
171170,165,40.513
171180,165,40.588
171190,165,40.588
171200,165,40.563
171210,165,40.519
171220,165,40.531
171230,165,40.513
171240,165,40.569
171250,165,40.594
171260,165,40.544
171270,165,40.569
171280,165,40.544
171290,165,40.531
171300,165,40.525
171310,165,40.581
171320,165,40.544
171330,165,40.6
171340,165,40.581
171350,165,40.531
171360,165,40.519
171370,165,40.575
171380,165,40.588
171390,165,40.588
171400,165,40.575
171410,165,40.606
171420,165,40.525
171430,165,40.538
171440,165,40.556
171450,165,40.581
171460,165,40.6
171470,165,40.613
171480,165,40.594
171490,165,40.525
171500,165,40.506
171510,165,40.556
171520,165,40.6
171530,165,40.613
171540,165,40.606
171550,165,40.613
171560,165,40.563
171570,165,40.525
171580,165,40.556
171590,165,40.531
171600,165,40.531
171610,165,40.588
171620,165,40.594
171630,165,40.575
171640,165,40.581
171650,165,40.581
171660,165,40.519
171670,165,40.575
171680,165,40.588
171690,165,40.594
171700,165,40.594
171710,165,40.569
171720,165,40.563
171730,165,40.575
171740,165,40.55
171750,165,40.588
171760,165,40.581
171770,165,40.563
171780,165,40.569
171790,165,40.563
171800,165,40.55
171810,165,40.619
171820,165,40.563
171830,165,40.631
171840,165,40.6
171850,165,40.575
171860,165,40.55
171870,165,40.6
171880,165,40.588
171890,165,40.6
171900,165,40.613
171910,165,40.6
171920,165,40.631
171930,165,40.613
171940,165,40.569
171950,165,40.531
171960,165,40.563
171970,165,40.6
171980,165,40.619
171990,165,40.619
172000,165,40.613
172010,170,40.569
172020,170,40.556
172030,170,40.594
172040,170,40.594
172050,170,40.663
172060,170,40.669
172070,170,40.738
172080,170,40.744
172090,170,40.794
172100,170,40.806
172110,170,40.819
172120,170,40.844
172130,170,40.838
172140,170,40.85
172150,170,40.819
172160,170,40.844
172170,170,40.844
172180,170,40.856
172190,170,40.869
172200,170,40.863
172210,170,40.9
172220,170,40.869
172230,170,40.938
172240,170,40.906
172250,170,40.913
172260,170,40.956
172270,170,40.938
172280,170,40.956
172290,170,40.919
172300,170,40.919
172310,170,40.913
172320,170,40.919
172330,170,40.944
172340,170,40.931
172350,170,40.925
172360,170,40.931
172370,170,40.9
172380,170,40.944
172390,170,40.925
172400,170,40.925
172410,170,40.938
172420,170,40.938
172430,170,40.95
172440,170,40.975
172450,170,40.938
172460,170,40.931
172470,170,41.013
172480,170,41
172490,170,40.994
172500,170,41
172510,170,40.988
172520,170,40.994
172530,170,40.938
172540,170,40.963
172550,170,40.938
172560,170,40.925
172570,170,40.931
172580,170,40.944
172590,170,40.988
172600,170,40.969
172610,170,40.969
172620,170,40.956
172630,170,41.013
172640,170,40.975
172650,170,41.006
172660,170,41.013
172670,170,40.988
172680,170,40.969
172690,170,40.925
172700,170,40.938
172710,170,40.931
172720,170,40.919
172730,170,40.919
172740,170,40.931
172750,170,40.938
172760,170,40.944
172770,170,40.956
172780,170,40.963
172790,170,40.944
172800,170,40.969
172810,170,40.963
172820,170,40.969
172830,170,41
172840,170,41
172850,170,41.013
172860,170,41
172870,170,41.013
172880,170,41
172890,170,41
172900,170,40.988
172910,170,41.006
172920,170,41.006
172930,170,40.981
172940,170,40.975
172950,170,40.969
172960,170,40.969
172970,170,41.013
172980,170,40.975
172990,170,41.006
173000,170,40.994
173010,170,40.994
173020,170,40.994
173030,170,40.938
173040,170,41
173050,170,40.956
173060,170,40.944
173070,170,40.95
173080,170,40.931
173090,170,40.931
173100,170,40.925
173110,170,40.9
173120,170,40.938
173130,170,40.938
173140,170,40.956
173150,170,40.944
173160,170,40.95
173170,170,40.981
173180,170,40.938
173190,170,40.963
173200,170,40.931
173210,170,40.994
173220,170,40.963
173230,170,40.963
173240,170,40.969
173250,170,40.975
173260,170,41.05
173270,170,40.931
173280,170,40.944
173290,170,40.944
173300,170,40.944
173310,170,40.95
173320,170,40.975
173330,170,40.956
173340,170,40.956
173350,170,40.963
173360,170,40.931
173370,170,40.975
173380,170,40.95
173390,170,41.006
173400,170,40.994
173410,170,40.994
173420,170,40.988
173430,170,40.981
173440,170,41.006
173450,170,40.95
173460,170,40.994
173470,170,40.95
173480,170,40.938
173490,170,40.925
173500,170,40.919
173510,170,40.925
173520,170,40.919
173530,170,40.925
173540,170,40.925
173550,170,40.938
173560,170,40.931
173570,170,40.963
173580,170,40.919
173590,170,40.981
173600,170,41.031
173610,170,40.981
173620,170,40.969
173630,170,40.925
173640,170,40.931
173650,170,40.944
173660,170,40.931
173670,170,40.938
173680,170,40.938
173690,170,40.931
173700,170,40.944
173710,170,40.919
173720,170,40.95
173730,170,40.963
173740,170,40.963
173750,170,40.963
173760,170,40.956
173770,170,40.975
173780,170,40.975
173790,170,41.025
173800,170,41
173810,170,41.019
173820,170,41.006
173830,170,41.019
173840,170,41.013
173850,170,40.963
173860,170,40.994
173870,170,40.95
173880,170,40.944
173890,170,40.938
173900,170,40.925
173910,170,40.919
173920,170,40.919
173930,170,40.931
173940,170,40.969
173950,170,40.963
173960,170,40.95
173970,170,41.006
173980,170,41.025
173990,170,41.013
174000,170,41.019
174010,170,40.981
174020,170,40.963
174030,170,40.925
174040,170,40.944
174050,170,40.938
174060,170,40.931
174070,170,40.931
174080,170,40.931
174090,170,40.944
174100,170,40.944
174110,170,40.938
174120,170,40.956
174130,170,40.963
174140,170,40.981
174150,170,41.019
174160,170,41.013
174170,170,41.019
174180,170,40.988
174190,170,41.006
174200,170,41
174210,170,41
174220,170,40.994
174230,170,40.944
174240,170,40.994
174250,170,40.969
174260,170,40.956
174270,170,40.894
174280,170,40.95
174290,170,40.956
174300,170,40.969
174310,170,40.956
174320,170,40.981
174330,170,40.981
174340,170,40.969
174350,170,41.031
174360,170,41.006
174370,170,41.006
174380,170,41.025
174390,170,40.994
174400,170,40.994
174410,170,40.95
174420,170,40.969
174430,170,40.944
174440,170,40.931
174450,170,40.931
174460,170,40.931
174470,170,40.95
174480,170,40.956
174490,170,40.988
174500,170,40.956
174510,170,40.988
174520,170,40.969
174530,170,40.975
174540,170,40.981
174550,170,40.994
174560,170,40.963
174570,170,41
174580,170,40.963
174590,170,40.975
174600,170,41.013
174610,170,40.919
174620,170,40.938
174630,170,40.938
174640,170,40.944
174650,170,40.956
174660,170,40.969
174670,170,40.981
174680,170,40.981
174690,170,40.988
174700,170,40.981
174710,170,41.013
174720,170,40.981
174730,170,41.013
174740,170,41
174750,170,41
174760,170,41
174770,170,41.006
174780,170,41
174790,170,41.013
174800,170,40.95
174810,170,40.95
174820,170,40.975
174830,170,40.938
174840,170,40.931
174850,170,40.944
174860,170,40.944
174870,170,40.994
174880,170,40.994
174890,170,41.025
174900,170,41.025
174910,170,41.025
174920,170,40.963
174930,170,41.006
174940,170,40.963
174950,170,40.988
174960,170,40.938
174970,170,40.944
174980,170,40.931
174990,170,40.931
175000,170,40.956
175010,170,40.95
175020,170,40.963
175030,170,41
175040,170,40.988
175050,170,40.975
175060,170,41.013
175070,170,41
175080,170,41.006
175090,170,41.006
175100,170,40.975
175110,170,41.013
175120,170,40.994
175130,170,41.019
175140,170,41.013
175150,170,41.025
175160,170,41.025
175170,170,40.969
175180,170,41
175190,170,40.969
175200,170,40.988
175210,170,40.994
175220,170,40.994
175230,170,40.981
175240,170,41.025
175250,170,41.038
175260,170,41.05
175270,170,41.05
175280,170,40.919
175290,170,41.019
175300,170,41.019
175310,170,40.975
175320,170,40.963
175330,170,40.963
175340,170,40.994
175350,170,40.956
175360,170,40.95
175370,170,40.944
175380,170,40.975
175390,170,40.981
175400,170,41.025
175410,170,41.044
175420,170,41.038
175430,170,41.031
175440,170,40.988
175450,170,41.013
175460,170,40.969
175470,170,40.956
175480,170,40.956
175490,170,40.956
175500,170,40.963
175510,170,40.981
175520,170,40.963
175530,170,40.956
175540,170,40.969
175550,170,40.969
175560,170,40.969
175570,170,40.963
175580,170,40.963
175590,170,40.975
175600,170,40.969
175610,170,40.994
175620,170,40.944
175630,170,41.006
175640,170,40.975
175650,170,40.994
175660,170,40.988
175670,170,41.013
175680,170,41.025
175690,170,41.006
175700,170,40.969
175710,170,40.956
175720,170,41.025
175730,170,40.975
175740,170,40.975
175750,170,40.956
175760,170,40.956
175770,170,40.994
175780,170,41.031
175790,170,41.031
175800,170,41.031
175810,170,41.038
175820,170,41.019
175830,170,41.063
175840,170,40.981
175850,170,41.013
175860,170,40.969
175870,170,41.006
175880,170,40.969
175890,170,40.944
175900,170,40.963
175910,170,40.944
175920,170,40.981
175930,170,41.013
175940,170,41.013
175950,170,41.013
175960,170,41.019
175970,170,41.019
175980,170,40.988
175990,170,41.019
176000,170,40.969
176010,170,40.975
176020,170,40.963
176030,170,40.938
176040,170,41.019
176050,170,41
176060,170,41.038
176070,170,41.038
176080,170,41.013
176090,170,41.019
176100,170,41.013
176110,170,41.031
176120,170,41.025
176130,170,41.006
176140,170,41.044
176150,170,41.006
176160,170,41.044
176170,170,41.038
176180,170,40.981
176190,170,41.025
176200,170,40.981
176210,170,40.981
176220,170,41.013
176230,170,41.006
176240,170,41.044
176250,170,41.05
176260,170,41.038
176270,170,41.038
176280,170,41.113
176290,170,40.975
176300,170,41.031
176310,170,41.013
176320,170,40.981
176330,170,41.025
176340,170,40.981
176350,170,41.006
176360,170,41.013
176370,170,41.038
176380,170,41.044
176390,170,41.05
176400,170,41.019
176410,170,41.044
176420,170,41.044
176430,170,41.038
176440,170,41.025
176450,170,41.019
176460,170,41.044
176470,170,40.969
176480,170,40.981
176490,170,40.963
176500,170,40.975
176510,170,41.013
176520,170,41.063
176530,170,41.056
176540,170,41.038
176550,170,41.044
176560,170,41.031
176570,170,41.038
176580,170,40.981
176590,170,41.019
176600,170,40.981
176610,170,40.981
176620,170,41.006
176630,170,40.963
176640,170,40.994
176650,170,40.994
176660,170,41.044
176670,170,41.056
176680,170,41.05
176690,170,41.038
176700,170,40.988
176710,170,41.044
176720,170,40.994
176730,170,40.981
176740,170,40.981
176750,170,40.994
176760,170,40.994
176770,170,40.975
176780,170,41.025
176790,170,40.988
176800,170,41.038
176810,170,41.013
176820,170,41.013
176830,170,41.038
176840,170,41.044
176850,170,41.038
176860,170,41.044
176870,170,41.088
176880,170,41.044
176890,170,41.031
176900,170,41.038
176910,170,41.044
176920,170,40.994
176930,170,40.994
176940,170,40.956
176950,170,40.988
176960,170,40.994
176970,170,41.013
176980,170,41.025
176990,170,41.044
177000,170,41.038
177010,175,41.05
177020,175,41.025
177030,175,41.025
177040,175,41.031
177050,175,41.088
177060,175,41.088
177070,175,41.15
177080,175,41.188
177090,175,41.15
177100,175,41.225
177110,175,41.206
177120,175,41.269
177130,175,41.219
177140,175,41.206
177150,175,41.331
177160,175,41.313
177170,175,41.281
177180,175,41.244
177190,175,41.244
177200,175,41.338
177210,175,41.325
177220,175,41.288
177230,175,41.288
177240,175,41.344
177250,175,41.306
177260,175,41.306
177270,175,41.356
177280,175,41.319
177290,175,41.35
177300,175,41.431
177310,175,41.313
177320,175,41.356
177330,175,41.381
177340,175,41.331
177350,175,41.338
177360,175,41.338
177370,175,41.338
177380,175,41.294
177390,175,41.325
177400,175,41.356
177410,175,41.35
177420,175,41.338
177430,175,41.338
177440,175,41.369
177450,175,41.425
177460,175,41.363
177470,175,41.356
177480,175,41.375
177490,175,41.406
177500,175,41.338
177510,175,41.319
177520,175,41.35
177530,175,41.344
177540,175,41.35
177550,175,41.313
177560,175,41.369
177570,175,41.356
177580,175,41.344
177590,175,41.356
177600,175,41.338
177610,175,41.375
177620,175,41.425
177630,175,41.375
177640,175,41.356
177650,175,41.369
177660,175,41.319
177670,175,41.3
177680,175,41.394
177690,175,41.369
177700,175,41.369
177710,175,41.3
177720,175,41.325
177730,175,41.356
177740,175,41.356
177750,175,41.35
177760,175,41.306
177770,175,41.356
177780,175,41.319
177790,175,41.369
177800,175,41.375
177810,175,41.35
177820,175,41.363
177830,175,41.313
177840,175,41.3
177850,175,41.406
177860,175,41.375
177870,175,41.369
177880,175,41.288
177890,175,41.325
177900,175,41.375
177910,175,41.375
177920,175,41.356
177930,175,41.313
177940,175,41.338
177950,175,41.344
177960,175,41.356
177970,175,41.381
177980,175,41.406
177990,175,41.344
178000,175,41.356
178010,175,41.344
178020,175,41.388
178030,175,41.363
178040,175,41.281
178050,175,41.331
178060,175,41.331
178070,175,41.331
178080,175,41.288
178090,175,41.363
178100,175,41.344
178110,175,41.35
178120,175,41.344
178130,175,41.325
178140,175,41.356
178150,175,41.381
178160,175,41.338
178170,175,41.338
178180,175,41.338
178190,175,41.35
178200,175,41.325
178210,175,41.356
178220,175,41.338
178230,175,41.331
178240,175,41.325
178250,175,41.275
178260,175,41.35
178270,175,41.388
178280,175,41.338
178290,175,41.344
178300,175,41.375
178310,175,41.313
178320,175,41.344
178330,175,41.356
178340,175,41.363
178350,175,41.363
178360,175,41.281
178370,175,41.319
178380,175,41.356
178390,175,41.344
178400,175,41.363
178410,175,41.288
178420,175,41.319
178430,175,41.344
178440,175,41.344
178450,175,41.356
178460,175,41.338
178470,175,41.363
178480,175,41.325
178490,175,41.35
178500,175,41.388
178510,175,41.375
178520,175,41.344
178530,175,41.275
178540,175,41.319
178550,175,41.356
178560,175,41.35
178570,175,41.363
178580,175,41.313
178590,175,41.388
178600,175,41.406
178610,175,41.369
178620,175,41.381
178630,175,41.344
178640,175,41.356
178650,175,41.344
178660,175,41.356
178670,175,41.4
178680,175,41.344
178690,175,41.344
178700,175,41.319
178710,175,41.344
178720,175,41.331
178730,175,41.344
178740,175,41.375
178750,175,41.338
178760,175,41.281
178770,175,41.325
178780,175,41.319
178790,175,41.344
178800,175,41.394
178810,175,41.269
178820,175,41.275
178830,175,41.356
178840,175,41.338
178850,175,41.344
178860,175,41.3
178870,175,41.313
178880,175,41.275
178890,175,41.306
178900,175,41.281
178910,175,41.356
178920,175,41.338
178930,175,41.294
178940,175,41.294
178950,175,41.338
178960,175,41.363
178970,175,41.413
178980,175,41.275
178990,175,41.331
179000,175,41.338
179010,175,41.313
179020,175,41.275
179030,175,41.369
179040,175,41.356
179050,175,41.338
179060,175,41.269
179070,175,41.319
179080,175,41.35
179090,175,41.35
179100,175,41.338
179110,175,41.3
179120,175,41.35
179130,175,41.363
179140,175,41.344
179150,175,41.375
179160,175,41.35
179170,175,41.344
179180,175,41.281
179190,175,41.344
179200,175,41.369
179210,175,41.363
179220,175,41.35
179230,175,41.281
179240,175,41.35
179250,175,41.394
179260,175,41.338
179270,175,41.369
179280,175,41.325
179290,175,41.35
179300,175,41.325
179310,175,41.3
179320,175,41.338
179330,175,41.413
179340,175,41.288
179350,175,41.281
179360,175,41.35
179370,175,41.325
179380,175,41.331
179390,175,41.306
179400,175,41.331
179410,175,41.338
179420,175,41.344
179430,175,41.35
179440,175,41.35
179450,175,41.381
179460,175,41.294
179470,175,41.294
179480,175,41.369
179490,175,41.363
179500,175,41.369
179510,175,41.3
179520,175,41.313
179530,175,41.35
179540,175,41.356
179550,175,41.338
179560,175,41.325
179570,175,41.325
179580,175,41.344
179590,175,41.325
179600,175,41.388
179610,175,41.388
179620,175,41.369
179630,175,41.3
179640,175,41.338
179650,175,41.381
179660,175,41.35
179670,175,41.356
179680,175,41.344
179690,175,41.325
179700,175,41.331
179710,175,41.288
179720,175,41.363
179730,175,41.4
179740,175,41.363
179750,175,41.338
179760,175,41.319
179770,175,41.4
179780,175,41.381
179790,175,41.363
179800,175,41.375
179810,175,41.331
179820,175,41.344
179830,175,41.313
179840,175,41.375
179850,175,41.388
179860,175,41.325
179870,175,41.331
179880,175,41.369
179890,175,41.413
179900,175,41.413
179910,175,41.338
179920,175,41.356
179930,175,41.35
179940,175,41.406
179950,175,41.381
179960,175,41.381
179970,175,41.363
179980,175,41.375
179990,175,41.4
180000,175,41.45
180010,175,41.419
180020,175,41.369
180030,175,41.356
180040,175,41.344
180050,175,41.388
180060,175,41.319
180070,175,41.388
180080,175,41.375
180090,175,41.369
180100,175,41.35
180110,175,41.325
180120,175,41.406
180130,175,41.431
180140,175,41.35
180150,175,41.363
180160,175,41.35
180170,175,41.406
180180,175,41.369
180190,175,41.375
180200,175,41.394
180210,175,41.363
180220,175,41.35
180230,175,41.394
180240,175,41.375
180250,175,41.381
180260,175,41.356
180270,175,41.35
180280,175,41.375
180290,175,41.406
180300,175,41.375
180310,175,41.331
180320,175,41.369
180330,175,41.331
180340,175,41.294
180350,175,41.406
180360,175,41.425
180370,175,41.369
180380,175,41.356
180390,175,41.319
180400,175,41.425
180410,175,41.419
180420,175,41.363
180430,175,41.369
180440,175,41.35
180450,175,41.394
180460,175,41.356
180470,175,41.388
180480,175,41.413
180490,175,41.331
180500,175,41.344
180510,175,41.375
180520,175,41.413
180530,175,41.431
180540,175,41.363
180550,175,41.356
180560,175,41.369
180570,175,41.394
180580,175,41.356
180590,175,41.381
180600,175,41.419
180610,175,41.363
180620,175,41.35
180630,175,41.388
180640,175,41.413
180650,175,41.419
180660,175,41.331
180670,175,41.375
180680,175,41.381
180690,175,41.388
180700,175,41.375
180710,175,41.388
180720,175,41.356
180730,175,41.338
180740,175,41.381
180750,175,41.431
180760,175,41.419
180770,175,41.344
180780,175,41.344
180790,175,41.425
180800,175,41.381
180810,175,41.35
180820,175,41.375
180830,175,41.413
180840,175,41.375
180850,175,41.375
180860,175,41.438
180870,175,41.4
180880,175,41.356
180890,175,41.331
180900,175,41.369
180910,175,41.419
180920,175,41.4
180930,175,41.413
180940,175,41.388
180950,175,41.431
180960,175,41.394
180970,175,41.35
180980,175,41.388
180990,175,41.413
181000,175,41.419
181010,175,41.381
181020,175,41.419
181030,175,41.406
181040,175,41.419
181050,175,41.388
181060,175,41.406
181070,175,41.4
181080,175,41.363
181090,175,41.419
181100,175,41.413
181110,175,41.325
181120,175,41.338
181130,175,41.388
181140,175,41.438
181150,175,41.406
181160,175,41.406
181170,175,41.394
181180,175,41.431
181190,175,41.4
181200,175,41.344
181210,175,41.375
181220,175,41.356
181230,175,41.356
181240,175,41.338
181250,175,41.394
181260,175,41.413
181270,175,41.363
181280,175,41.356
181290,175,41.381
181300,175,41.431
181310,175,41.425
181320,175,41.369
181330,175,41.369
181340,175,41.413
181350,175,41.344
181360,175,41.338
181370,175,41.375
181380,175,41.406
181390,175,41.356
181400,175,41.344
181410,175,41.363
181420,175,41.394
181430,175,41.419
181440,175,41.375
181450,175,41.388
181460,175,41.388
181470,175,41.356
181480,175,41.35
181490,175,41.419
181500,175,41.356
181510,175,41.325
181520,175,41.331
181530,175,41.425
181540,175,41.425
181550,175,41.413
181560,175,41.394
181570,175,41.356
181580,175,41.394
181590,175,41.4
181600,175,41.369
181610,175,41.375
181620,175,41.35
181630,175,41.363
181640,175,41.338
181650,175,41.413
181660,175,41.4
181670,175,41.306
181680,175,41.375
181690,175,41.413
181700,175,41.375
181710,175,41.363
181720,175,41.381
181730,175,41.363
181740,175,41.319
181750,175,41.331
181760,175,41.363
181770,175,41.419
181780,175,41.4
181790,175,41.394
181800,175,41.375
181810,175,41.419
181820,175,41.4
181830,175,41.369
181840,175,41.375
181850,175,41.35
181860,175,41.356
181870,175,41.344
181880,175,41.413
181890,175,41.406
181900,175,41.344
181910,175,41.338
181920,175,41.363
181930,175,41.394
181940,175,41.406
181950,175,41.369
181960,175,41.388
181970,175,41.381
181980,175,41.388
181990,175,41.363
182000,175,41.419
182010,180,41.45
182020,180,41.388
182030,180,41.406
182040,180,41.456
182050,180,41.469
182060,180,41.519
182070,180,41.538
182080,180,41.581
182090,180,41.663
182100,180,41.619
182110,180,41.613
182120,180,41.65
182130,180,41.706
182140,180,41.675
182150,180,41.675
182160,180,41.738
182170,180,41.731
182180,180,41.694
182190,180,41.713
182200,180,41.75
182210,180,41.775
182220,180,41.688
182230,180,41.769
182240,180,41.8
182250,180,41.75
182260,180,41.75
182270,180,41.756
182280,180,41.806
182290,180,41.763
182300,180,41.731
182310,180,41.813
182320,180,41.769
182330,180,41.75
182340,180,41.775
182350,180,41.794
182360,180,41.756
182370,180,41.725
182380,180,41.738
182390,180,41.781
182400,180,41.794
182410,180,41.75
182420,180,41.75
182430,180,41.794
182440,180,41.775
182450,180,41.725
182460,180,41.738
182470,180,41.806
182480,180,41.756
182490,180,41.725
182500,180,41.731
182510,180,41.794
182520,180,41.8
182530,180,41.75
182540,180,41.794
182550,180,41.756
182560,180,41.719
182570,180,41.738
182580,180,41.769
182590,180,41.775
182600,180,41.731
182610,180,41.744
182620,180,41.788
182630,180,41.75
182640,180,41.731
182650,180,41.719
182660,180,41.794
182670,180,41.725
182680,180,41.781
182690,180,41.725
182700,180,41.775
182710,180,41.738
182720,180,41.738
182730,180,41.725
182740,180,41.738
182750,180,41.756
182760,180,41.681
182770,180,41.756
182780,180,41.781
182790,180,41.738
182800,180,41.756
182810,180,41.738
182820,180,41.775
182830,180,41.731
182840,180,41.706
182850,180,41.8
182860,180,41.769
182870,180,41.738
182880,180,41.738
182890,180,41.775
182900,180,41.756
182910,180,41.725
182920,180,41.763
182930,180,41.775
182940,180,41.731
182950,180,41.675
182960,180,41.8
182970,180,41.825
182980,180,41.75
182990,180,41.769
183000,180,41.738
183010,180,41.769
183020,180,41.788
183030,180,41.775
183040,180,41.719
183050,180,41.794
183060,180,41.731
183070,180,41.706
183080,180,41.788
183090,180,41.75
183100,180,41.725
183110,180,41.738
183120,180,41.763
183130,180,41.763
183140,180,41.731
183150,180,41.775
183160,180,41.738
183170,180,41.719
183180,180,41.731
183190,180,41.756
183200,180,41.8
183210,180,41.738
183220,180,41.8
183230,180,41.744
183240,180,41.781
183250,180,41.725
183260,180,41.744
183270,180,41.788
183280,180,41.744
183290,180,41.738
183300,180,41.769
183310,180,41.806
183320,180,41.731
183330,180,41.725
183340,180,41.788
183350,180,41.775
183360,180,41.769
183370,180,41.731
183380,180,41.794
183390,180,41.744
183400,180,41.756
183410,180,41.738
183420,180,41.763
183430,180,41.781
183440,180,41.738
183450,180,41.806
183460,180,41.769
183470,180,41.775
183480,180,41.719
183490,180,41.756
183500,180,41.788
183510,180,41.756
183520,180,41.731
183530,180,41.769
183540,180,41.769
183550,180,41.731
183560,180,41.725
183570,180,41.8
183580,180,41.744
183590,180,41.706
183600,180,41.763
183610,180,41.763
183620,180,41.813
183630,180,41.706
183640,180,41.788
183650,180,41.744
183660,180,41.781
183670,180,41.744
183680,180,41.781
183690,180,41.681
183700,180,41.788
183710,180,41.794
183720,180,41.744
183730,180,41.813
183740,180,41.75
183750,180,41.7
183760,180,41.775
183770,180,41.769
183780,180,41.75
183790,180,41.725
183800,180,41.744
183810,180,41.75
183820,180,41.738
183830,180,41.725
183840,180,41.719
183850,180,41.756
183860,180,41.719
183870,180,41.75
183880,180,41.775
183890,180,41.744
183900,180,41.756
183910,180,41.688
183920,180,41.794
183930,180,41.725
183940,180,41.694
183950,180,41.775
183960,180,41.744
183970,180,41.719
183980,180,41.719
183990,180,41.75
184000,180,41.788
184010,180,41.725
184020,180,41.763
184030,180,41.731
184040,180,41.781
184050,180,41.744
184060,180,41.725
184070,180,41.744
184080,180,41.794
184090,180,41.713
184100,180,41.713
184110,180,41.788
184120,180,41.744
184130,180,41.744
184140,180,41.738
184150,180,41.781
184160,180,41.756
184170,180,41.719
184180,180,41.769
184190,180,41.731
184200,180,41.719
184210,180,41.725
184220,180,41.75
184230,180,41.763
184240,180,41.731
184250,180,41.763
184260,180,41.725
184270,180,41.769
184280,180,41.706
184290,180,41.738
184300,180,41.788
184310,180,41.713
184320,180,41.775
184330,180,41.756
184340,180,41.781
184350,180,41.7
184360,180,41.756
184370,180,41.731
184380,180,41.775
184390,180,41.775
184400,180,41.706
184410,180,41.769
184420,180,41.725
184430,180,41.706
184440,180,41.731
184450,180,41.744
184460,180,41.769
184470,180,41.719
184480,180,41.731
184490,180,41.775
184500,180,41.769
184510,180,41.713
184520,180,41.756
184530,180,41.794
184540,180,41.744
184550,180,41.775
184560,180,41.769
184570,180,41.794
184580,180,41.763
184590,180,41.713
184600,180,41.8
184610,180,41.756
184620,180,41.713
184630,180,41.756
184640,180,41.769
184650,180,41.756
184660,180,41.725
184670,180,41.781
184680,180,41.738
184690,180,41.769
184700,180,41.788
184710,180,41.738
184720,180,41.781
184730,180,41.781
184740,180,41.738
184750,180,41.738
184760,180,41.794
184770,180,41.731
184780,180,41.756
184790,180,41.8
184800,180,41.781
184810,180,41.775
184820,180,41.713
184830,180,41.806
184840,180,41.744
184850,180,41.75
184860,180,41.738
184870,180,41.788
184880,180,41.75
184890,180,41.725
184900,180,41.769
184910,180,41.725
184920,180,41.744
184930,180,41.731
184940,180,41.75
184950,180,41.819
184960,180,41.719
184970,180,41.794
184980,180,41.769
184990,180,41.769
185000,180,41.706
185010,180,41.763
185020,180,41.788
185030,180,41.763
185040,180,41.769
185050,180,41.706
185060,180,41.794
185070,180,41.731
185080,180,41.744
185090,180,41.738
185100,180,41.775
185110,180,41.731
185120,180,41.7
185130,180,41.775
185140,180,41.781
185150,180,41.756
185160,180,41.719
185170,180,41.788
185180,180,41.825
185190,180,41.713
185200,180,41.8
185210,180,41.788
185220,180,41.763
185230,180,41.725
185240,180,41.756
185250,180,41.769
185260,180,41.763
185270,180,41.719
185280,180,41.756
185290,180,41.763
185300,180,41.706
185310,180,41.706
185320,180,41.788
185330,180,41.744
185340,180,41.763
185350,180,41.781
185360,180,41.775
185370,180,41.744
185380,180,41.738
185390,180,41.731
185400,180,41.756
185410,180,41.825
185420,180,41.719
185430,180,41.788
185440,180,41.781
185450,180,41.744
185460,180,41.775
185470,180,41.775
185480,180,41.794
185490,180,41.756
185500,180,41.756
185510,180,41.775
185520,180,41.813
185530,180,41.731
185540,180,41.781
185550,180,41.806
185560,180,41.75
185570,180,41.769
185580,180,41.8
185590,180,41.794
185600,180,41.769
185610,180,41.719
185620,180,41.775
185630,180,41.738
185640,180,41.769
185650,180,41.744
185660,180,41.8
185670,180,41.788
185680,180,41.706
185690,180,41.775
185700,180,41.806
185710,180,41.794
185720,180,41.75
185730,180,41.756
185740,180,41.775
185750,180,41.8
185760,180,41.706
185770,180,41.763
185780,180,41.8
185790,180,41.725
185800,180,41.75
185810,180,41.8
185820,180,41.775
185830,180,41.756
185840,180,41.719
185850,180,41.806
185860,180,41.75
185870,180,41.75
185880,180,41.756
185890,180,41.794
185900,180,41.788
185910,180,41.731
185920,180,41.788
185930,180,41.775
185940,180,41.756
185950,180,41.744
185960,180,41.794
185970,180,41.831
185980,180,41.719
185990,180,41.781
186000,180,41.781
186010,180,41.781
186020,180,41.738
186030,180,41.806
186040,180,41.806
186050,180,41.769
186060,180,41.756
186070,180,41.763
186080,180,41.813
186090,180,41.769
186100,180,41.769
186110,180,41.775
186120,180,41.813
186130,180,41.769
186140,180,41.738
186150,180,41.819
186160,180,41.788
186170,180,41.775
186180,180,41.75
186190,180,41.85
186200,180,41.794
186210,180,41.756
186220,180,41.806
186230,180,41.794
186240,180,41.775
186250,180,41.725
186260,180,41.813
186270,180,41.788
186280,180,41.756
186290,180,41.744
186300,180,41.781
186310,180,41.794
186320,180,41.713
186330,180,41.794
186340,180,41.794
186350,180,41.731
186360,180,41.775
186370,180,41.8
186380,180,41.756
186390,180,41.8
186400,180,41.769
186410,180,41.731
186420,180,41.8
186430,180,41.788
186440,180,41.75
186450,180,41.838
186460,180,41.813
186470,180,41.775
186480,180,41.725
186490,180,41.813
186500,180,41.781
186510,180,41.756
186520,180,41.763
186530,180,41.825
186540,180,41.788
186550,180,41.725
186560,180,41.8
186570,180,41.794
186580,180,41.731
186590,180,41.775
186600,180,41.781
186610,180,41.813
186620,180,41.731
186630,180,41.813
186640,180,41.788
186650,180,41.8
186660,180,41.719
186670,180,41.769
186680,180,41.831
186690,180,41.756
186700,180,41.8
186710,180,41.831
186720,180,41.769
186730,180,41.794
186740,180,41.763
186750,180,41.794
186760,180,41.819
186770,180,41.769
186780,180,41.713
186790,180,41.85
186800,180,41.806
186810,180,41.775
186820,180,41.825
186830,180,41.831
186840,180,41.781
186850,180,41.775
186860,180,41.775
186870,180,41.781
186880,180,41.775
186890,180,41.763
186900,180,41.831
186910,180,41.831
186920,180,41.744
186930,180,41.8
186940,180,41.806
186950,180,41.781
186960,180,41.738
186970,180,41.775
186980,180,41.838
186990,180,41.763
187000,180,41.788
187010,185,41.794
187020,185,41.794
187030,185,41.775
187040,185,41.869
187050,185,41.888
187060,185,41.938
187070,185,41.888
187080,185,41.981
187090,185,42.019
187100,185,41.994
187110,185,42.063
187120,185,42.069
187130,185,42.044
187140,185,42.088
187150,185,42.113
187160,185,42.075
187170,185,42.175
187180,185,42.1
187190,185,42.069
187200,185,42.206
187210,185,42.131
187220,185,42.15
187230,185,42.188
187240,185,42.106
187250,185,42.131
187260,185,42.156
187270,185,42.169
187280,185,42.163
187290,185,42.206
187300,185,42.15
187310,185,42.225
187320,185,42.194
187330,185,42.106
187340,185,42.181
187350,185,42.144
187360,185,42.138
187370,185,42.213
187380,185,42.131
187390,185,42.194
187400,185,42.2
187410,185,42.156
187420,185,42.156
187430,185,42.188
187440,185,42.206
187450,185,42.163
187460,185,42.2
187470,185,42.2
187480,185,42.113
187490,185,42.181
187500,185,42.194
187510,185,42.131
187520,185,42.206
187530,185,42.15
187540,185,42.125
187550,185,42.163
187560,185,42.131
187570,185,42.106
187580,185,42.169
187590,185,42.138
187600,185,42.088
187610,185,42.188
187620,185,42.125
187630,185,42.131
187640,185,42.175
187650,185,42.113
187660,185,42.156
187670,185,42.144
187680,185,42.106
187690,185,42.131
187700,185,42.163
187710,185,42.119
187720,185,42.156
187730,185,42.156
187740,185,42.106
187750,185,42.15
187760,185,42.163
187770,185,42.113
187780,185,42.163
187790,185,42.2
187800,185,42.119
187810,185,42.113
187820,185,42.175
187830,185,42.131
187840,185,42.156
187850,185,42.2
187860,185,42.113
187870,185,42.175
187880,185,42.156
187890,185,42.119
187900,185,42.163
187910,185,42.213
187920,185,42.113
187930,185,42.15
187940,185,42.194
187950,185,42.119
187960,185,42.194
187970,185,42.219
187980,185,42.138
187990,185,42.225
188000,185,42.169
188010,185,42.125
188020,185,42.175
188030,185,42.194
188040,185,42.144
188050,185,42.2
188060,185,42.175
188070,185,42.138
188080,185,42.188
188090,185,42.2
188100,185,42.131
188110,185,42.138
188120,185,42.15
188130,185,42.169
188140,185,42.188
188150,185,42.188
188160,185,42.144
188170,185,42.219
188180,185,42.219
188190,185,42.138
188200,185,42.206
188210,185,42.169
188220,185,42.156
188230,185,42.25
188240,185,42.156
188250,185,42.206
188260,185,42.213
188270,185,42.188
188280,185,42.175
188290,185,42.256
188300,185,42.163
188310,185,42.175
188320,185,42.256
188330,185,42.175
188340,185,42.181
188350,185,42.238
188360,185,42.138
188370,185,42.231
188380,185,42.231
188390,185,42.206
188400,185,42.213
188410,185,42.206
188420,185,42.194
188430,185,42.188
188440,185,42.244
188450,185,42.138
188460,185,42.181
188470,185,42.213
188480,185,42.156
188490,185,42.181
188500,185,42.188
188510,185,42.169
188520,185,42.156
188530,185,42.2
188540,185,42.163
188550,185,42.15
188560,185,42.175
188570,185,42.125
188580,185,42.188
188590,185,42.175
188600,185,42.131
188610,185,42.156
188620,185,42.15
188630,185,42.2
188640,185,42.175
188650,185,42.163
188660,185,42.1
188670,185,42.188
188680,185,42.181
188690,185,42.131
188700,185,42.213
188710,185,42.15
188720,185,42.169
188730,185,42.2
188740,185,42.181
188750,185,42.125
188760,185,42.2
188770,185,42.2
188780,185,42.144
188790,185,42.231
188800,185,42.213
188810,185,42.144
188820,185,42.2
188830,185,42.231
188840,185,42.163
188850,185,42.25
188860,185,42.188
188870,185,42.188
188880,185,42.244
188890,185,42.206
188900,185,42.169
188910,185,42.256
188920,185,42.194
188930,185,42.169
188940,185,42.263
188950,185,42.194
188960,185,42.219
188970,185,42.238
188980,185,42.188
188990,185,42.225
189000,185,42.219
189010,185,42.2
189020,185,42.238
189030,185,42.219
189040,185,42.206
189050,185,42.256
189060,185,42.231
189070,185,42.2
189080,185,42.219
189090,185,42.288
189100,185,42.169
189110,185,42.25
189120,185,42.219
189130,185,42.138
189140,185,42.231
189150,185,42.213
189160,185,42.2
189170,185,42.244
189180,185,42.213
189190,185,42.219
189200,185,42.244
189210,185,42.206
189220,185,42.188
189230,185,42.263
189240,185,42.194
189250,185,42.188
189260,185,42.281
189270,185,42.206
189280,185,42.238
189290,185,42.225
189300,185,42.181
189310,185,42.231
189320,185,42.225
189330,185,42.194
189340,185,42.244
189350,185,42.2
189360,185,42.206
189370,185,42.256
189380,185,42.219
189390,185,42.188
189400,185,42.269
189410,185,42.206
189420,185,42.156
189430,185,42.269
189440,185,42.238
189450,185,42.163
189460,185,42.244
189470,185,42.231
189480,185,42.206
189490,185,42.25
189500,185,42.213
189510,185,42.194
189520,185,42.238
189530,185,42.213
189540,185,42.156
189550,185,42.281
189560,185,42.213
189570,185,42.213
189580,185,42.288
189590,185,42.219
189600,185,42.206
189610,185,42.25
189620,185,42.2
189630,185,42.256
189640,185,42.238
189650,185,42.219
189660,185,42.219
189670,185,42.256
189680,185,42.194
189690,185,42.281
189700,185,42.225
189710,185,42.225
189720,185,42.288
189730,185,42.219
189740,185,42.269
189750,185,42.281
189760,185,42.256
189770,185,42.206
189780,185,42.3
189790,185,42.256
189800,185,42.219
189810,185,42.256
189820,185,42.225
189830,185,42.238
189840,185,42.294
189850,185,42.219
189860,185,42.225
189870,185,42.275
189880,185,42.238
189890,185,42.25
189900,185,42.281
189910,185,42.206
189920,185,42.281
189930,185,42.25
189940,185,42.225
189950,185,42.256
189960,185,42.244
189970,185,42.288
189980,185,42.256
189990,185,42.219
190000,185,42.256
190010,185,42.3
190020,185,42.219
190030,185,42.213
190040,185,42.281
190050,185,42.181
190060,185,42.256
190070,185,42.281
190080,185,42.15
190090,185,42.181
190100,185,42.288
190110,185,42.231
190120,185,42.231
190130,185,42.275
190140,185,42.25
190150,185,42.238
190160,185,42.238
190170,185,42.219
190180,185,42.288
190190,185,42.263
190200,185,42.2
190210,185,42.269
190220,185,42.231
190230,185,42.206
190240,185,42.269
190250,185,42.231
190260,185,42.225
190270,185,42.288
190280,185,42.231
190290,185,42.269
190300,185,42.256
190310,185,42.194
190320,185,42.225
190330,185,42.244
190340,185,42.225
190350,185,42.231
190360,185,42.275
190370,185,42.188
190380,185,42.256
190390,185,42.281
190400,185,42.156
190410,185,42.288
190420,185,42.231
190430,185,42.225
190440,185,42.225
190450,185,42.244
190460,185,42.206
190470,185,42.256
190480,185,42.25
190490,185,42.219
190500,185,42.231
190510,185,42.25
190520,185,42.194
190530,185,42.275
190540,185,42.275
190550,185,42.206
190560,185,42.281
190570,185,42.213
190580,185,42.231
190590,185,42.25
190600,185,42.213
190610,185,42.219
190620,185,42.25
190630,185,42.213
190640,185,42.238
190650,185,42.3
190660,185,42.213
190670,185,42.244
190680,185,42.263
190690,185,42.188
190700,185,42.269
190710,185,42.263
190720,185,42.175
190730,185,42.288
190740,185,42.238
190750,185,42.225
190760,185,42.225
190770,185,42.238
190780,185,42.213
190790,185,42.25
190800,185,42.225
190810,185,42.188
190820,185,42.25
190830,185,42.256
190840,185,42.206
190850,185,42.269
190860,185,42.244
190870,185,42.225
190880,185,42.288
190890,185,42.206
190900,185,42.244
190910,185,42.263
190920,185,42.213
190930,185,42.231
190940,185,42.225
190950,185,42.194
190960,185,42.244
190970,185,42.269
190980,185,42.188
190990,185,42.25
191000,185,42.294
191010,185,42.163
191020,185,42.275
191030,185,42.256
191040,185,42.181
191050,185,42.306
191060,185,42.244
191070,185,42.231
191080,185,42.256
191090,185,42.213
191100,185,42.2
191110,185,42.225
191120,185,42.281
191130,185,42.188
191140,185,42.269
191150,185,42.281
191160,185,42.2
191170,185,42.269
191180,185,42.244
191190,185,42.219
191200,185,42.25
191210,185,42.225
191220,185,42.281
191230,185,42.25
191240,185,42.206
191250,185,42.225
191260,185,42.288
191270,185,42.225
191280,185,42.238
191290,185,42.306
191300,185,42.238
191310,185,42.256
191320,185,42.275
191330,185,42.219
191340,185,42.294
191350,185,42.256
191360,185,42.219
191370,185,42.3
191380,185,42.263
191390,185,42.238
191400,185,42.263
191410,185,42.288
191420,185,42.244
191430,185,42.231
191440,185,42.269
191450,185,42.238
191460,185,42.275
191470,185,42.281
191480,185,42.225
191490,185,42.288
191500,185,42.25
191510,185,42.256
191520,185,42.294
191530,185,42.225
191540,185,42.294
191550,185,42.275
191560,185,42.294
191570,185,42.313
191580,185,42.313
191590,185,42.269
191600,185,42.288
191610,185,42.344
191620,185,42.275
191630,185,42.319
191640,185,42.325
191650,185,42.225
191660,185,42.356
191670,185,42.256
191680,185,42.263
191690,185,42.356
191700,185,42.281
191710,185,42.275
191720,185,42.331
191730,185,42.294
191740,185,42.313
191750,185,42.306
191760,185,42.306
191770,185,42.306
191780,185,42.35
191790,185,42.294
191800,185,42.325
191810,185,42.325
191820,185,42.3
191830,185,42.306
191840,185,42.35
191850,185,42.288
191860,185,42.356
191870,185,42.319
191880,185,42.25
191890,185,42.369
191900,185,42.3
191910,185,42.281
191920,185,42.319
191930,185,42.281
191940,185,42.288
191950,185,42.35
191960,185,42.306
191970,185,42.325
191980,185,42.331
191990,185,42.294
192000,185,42.356
192010,190,42.319
192020,190,42.313
192030,190,42.35
192040,190,42.369
192050,190,42.456
192060,190,42.469
192070,190,42.45
192080,190,42.563
192090,190,42.519
192100,190,42.588
192110,190,42.594
192120,190,42.556
192130,190,42.6
192140,190,42.644
192150,190,42.6
192160,190,42.681
192170,190,42.65
192180,190,42.669
192190,190,42.631
192200,190,42.663
192210,190,42.65
192220,190,42.675
192230,190,42.656
192240,190,42.719
192250,190,42.681
192260,190,42.631
192270,190,42.713
192280,190,42.694
192290,190,42.694
192300,190,42.65
192310,190,42.656
192320,190,42.744
192330,190,42.65
192340,190,42.706
192350,190,42.663
192360,190,42.65
192370,190,42.669
192380,190,42.644
192390,190,42.756
192400,190,42.644
192410,190,42.719
192420,190,42.675
192430,190,42.713
192440,190,42.744
192450,190,42.619
192460,190,42.75
192470,190,42.681
192480,190,42.644
192490,190,42.688
192500,190,42.644
192510,190,42.775
192520,190,42.638
192530,190,42.731
192540,190,42.713
192550,190,42.663
192560,190,42.75
192570,190,42.644
192580,190,42.725
192590,190,42.638
192600,190,42.713
192610,190,42.713
192620,190,42.675
192630,190,42.694
192640,190,42.713
192650,190,42.7
192660,190,42.656
192670,190,42.7
192680,190,42.688
192690,190,42.706
192700,190,42.681
192710,190,42.713
192720,190,42.744
192730,190,42.638
192740,190,42.756
192750,190,42.7
192760,190,42.713
192770,190,42.694
192780,190,42.681
192790,190,42.738
192800,190,42.719
192810,190,42.688
192820,190,42.706
192830,190,42.706
192840,190,42.756
192850,190,42.669
192860,190,42.744
192870,190,42.725
192880,190,42.731
192890,190,42.694
192900,190,42.65
192910,190,42.788
192920,190,42.65
192930,190,42.756
192940,190,42.688
192950,190,42.694
192960,190,42.756
192970,190,42.638
192980,190,42.775
192990,190,42.625
193000,190,42.738
193010,190,42.731
193020,190,42.681
193030,190,42.775
193040,190,42.669
193050,190,42.731
193060,190,42.631
193070,190,42.719
193080,190,42.738
193090,190,42.65
193100,190,42.731
193110,190,42.738
193120,190,42.756
193130,190,42.763
193140,190,42.669
193150,190,42.781
193160,190,42.688
193170,190,42.738
193180,190,42.694
193190,190,42.706
193200,190,42.781
193210,190,42.694
193220,190,42.731
193230,190,42.706
193240,190,42.756
193250,190,42.7
193260,190,42.731
193270,190,42.763
193280,190,42.731
193290,190,42.719
193300,190,42.7
193310,190,42.788
193320,190,42.688
193330,190,42.738
193340,190,42.744
193350,190,42.694
193360,190,42.763
193370,190,42.656
193380,190,42.769
193390,190,42.7
193400,190,42.744
193410,190,42.744
193420,190,42.688
193430,190,42.775
193440,190,42.675
193450,190,42.688
193460,190,42.75
193470,190,42.688
193480,190,42.769
193490,190,42.688
193500,190,42.763
193510,190,42.669
193520,190,42.744
193530,190,42.694
193540,190,42.644
193550,190,42.775
193560,190,42.681
193570,190,42.731
193580,190,42.656
193590,190,42.731
193600,190,42.756
193610,190,42.644
193620,190,42.781
193630,190,42.631
193640,190,42.719
193650,190,42.675
193660,190,42.688
193670,190,42.769
193680,190,42.625
193690,190,42.731
193700,190,42.713
193710,190,42.7
193720,190,42.688
193730,190,42.675
193740,190,42.775
193750,190,42.619
193760,190,42.756
193770,190,42.688
193780,190,42.763
193790,190,42.763
193800,190,42.675
193810,190,42.738
193820,190,42.681
193830,190,42.688
193840,190,42.688
193850,190,42.663
193860,190,42.75
193870,190,42.681
193880,190,42.756
193890,190,42.7
193900,190,42.675
193910,190,42.706
193920,190,42.65
193930,190,42.725
193940,190,42.638
193950,190,42.694
193960,190,42.675
193970,190,42.663
193980,190,42.738
193990,190,42.663
194000,190,42.756
194010,190,42.663
194020,190,42.75
194030,190,42.688
194040,190,42.669
194050,190,42.744
194060,190,42.669
194070,190,42.781
194080,190,42.656
194090,190,42.738
194100,190,42.694
194110,190,42.656
194120,190,42.675
194130,190,42.731
194140,190,42.7
194150,190,42.744
194160,190,42.65
194170,190,42.738
194180,190,42.669
194190,190,42.75
194200,190,42.706
194210,190,42.738
194220,190,42.719
194230,190,42.644
194240,190,42.775
194250,190,42.7
194260,190,42.738
194270,190,42.7
194280,190,42.731
194290,190,42.756
194300,190,42.663
194310,190,42.794
194320,190,42.713
194330,190,42.756
194340,190,42.75
194350,190,42.681
194360,190,42.813
194370,190,42.7
194380,190,42.775
194390,190,42.731
194400,190,42.738
194410,190,42.769
194420,190,42.681
194430,190,42.8
194440,190,42.725
194450,190,42.788
194460,190,42.788
194470,190,42.694
194480,190,42.806
194490,190,42.744
194500,190,42.788
194510,190,42.744
194520,190,42.706
194530,190,42.756
194540,190,42.694
194550,190,42.75
194560,190,42.694
194570,190,42.744
194580,190,42.738
194590,190,42.738
194600,190,42.781
194610,190,42.713
194620,190,42.756
194630,190,42.681
194640,190,42.744
194650,190,42.706
194660,190,42.75
194670,190,42.725
194680,190,42.738
194690,190,42.738
194700,190,42.656
194710,190,42.775
194720,190,42.738
194730,190,42.725
194740,190,42.719
194750,190,42.744
194760,190,42.788
194770,190,42.688
194780,190,42.788
194790,190,42.731
194800,190,42.731
194810,190,42.781
194820,190,42.706
194830,190,42.756
194840,190,42.769
194850,190,42.713
194860,190,42.731
194870,190,42.731
194880,190,42.769
194890,190,42.681
194900,190,42.769
194910,190,42.756
194920,190,42.75
194930,190,42.775
194940,190,42.694
194950,190,42.819
194960,190,42.725
194970,190,42.788
194980,190,42.769
194990,190,42.713
195000,190,42.813
195010,190,42.713
195020,190,42.838
195030,190,42.75
195040,190,42.788
195050,190,42.794
195060,190,42.719
195070,190,42.819
195080,190,42.756
195090,190,42.794
195100,190,42.706
195110,190,42.781
195120,190,42.763
195130,190,42.788
195140,190,42.788
195150,190,42.75
195160,190,42.744
195170,190,42.788
195180,190,42.731
195190,190,42.769
195200,190,42.731
195210,190,42.8
195220,190,42.725
195230,190,42.788
195240,190,42.769
195250,190,42.763
195260,190,42.769
195270,190,42.75
195280,190,42.831
195290,190,42.719
195300,190,42.813
195310,190,42.756
195320,190,42.731
195330,190,42.813
195340,190,42.713
195350,190,42.819
195360,190,42.731
195370,190,42.781
195380,190,42.769
195390,190,42.775
195400,190,42.788
195410,190,42.763
195420,190,42.794
195430,190,42.744
195440,190,42.819
195450,190,42.731
195460,190,42.831
195470,190,42.788
195480,190,42.731
195490,190,42.756
195500,190,42.769
195510,190,42.756
195520,190,42.769
195530,190,42.756
195540,190,42.794
195550,190,42.7
195560,190,42.819
195570,190,42.75
195580,190,42.781
195590,190,42.769
195600,190,42.75
195610,190,42.85
195620,190,42.738
195630,190,42.825
195640,190,42.75
195650,190,42.744
195660,190,42.781
195670,190,42.694
195680,190,42.819
195690,190,42.75
195700,190,42.8
195710,190,42.763
195720,190,42.775
195730,190,42.763
195740,190,42.788
195750,190,42.769
195760,190,42.738
195770,190,42.831
195780,190,42.744
195790,190,42.825
195800,190,42.731
195810,190,42.744
195820,190,42.794
195830,190,42.756
195840,190,42.775
195850,190,42.756
195860,190,42.769
195870,190,42.794
195880,190,42.688
195890,190,42.825
195900,190,42.738
195910,190,42.813
195920,190,42.781
195930,190,42.769
195940,190,42.813
195950,190,42.738
195960,190,42.875
195970,190,42.763
195980,190,42.781
195990,190,42.781
196000,190,42.775
196010,190,42.806
196020,190,42.769
196030,190,42.788
196040,190,42.75
196050,190,42.825
196060,190,42.756
196070,190,42.85
196080,190,42.794
196090,190,42.775
196100,190,42.825
196110,190,42.763
196120,190,42.831
196130,190,42.763
196140,190,42.756
196150,190,42.838
196160,190,42.769
196170,190,42.831
196180,190,42.744
196190,190,42.775
196200,190,42.788
196210,190,42.706
196220,190,42.825
196230,190,42.75
196240,190,42.8
196250,190,42.763
196260,190,42.813
196270,190,42.819
196280,190,42.775
196290,190,42.788
196300,190,42.769
196310,190,42.844
196320,190,42.744
196330,190,42.788
196340,190,42.8
196350,190,42.775
196360,190,42.794
196370,190,42.75
196380,190,42.838
196390,190,42.731
196400,190,42.794
196410,190,42.775
196420,190,42.731
196430,190,42.831
196440,190,42.731
196450,190,42.838
196460,190,42.744
196470,190,42.813
196480,190,42.825
196490,190,42.713
196500,190,42.85
196510,190,42.756
196520,190,42.794
196530,190,42.775
196540,190,42.738
196550,190,42.844
196560,190,42.725
196570,190,42.806
196580,190,42.75
196590,190,42.794
196600,190,42.806
196610,190,42.763
196620,190,42.794
196630,190,42.8
196640,190,42.813
196650,190,42.738
196660,190,42.825
196670,190,42.788
196680,190,42.806
196690,190,42.794
196700,190,42.769
196710,190,42.863
196720,190,42.75
196730,190,42.844
196740,190,42.788
196750,190,42.844
196760,190,42.838
196770,190,42.788
196780,190,42.875
196790,190,42.775
196800,190,42.831
196810,190,42.8
196820,190,42.794
196830,190,42.869
196840,190,42.775
196850,190,42.869
196860,190,42.813
196870,190,42.825
196880,190,42.85
196890,190,42.794
196900,190,42.85
196910,190,42.781
196920,190,42.869
196930,190,42.813
196940,190,42.869
196950,190,42.781
196960,190,42.844
196970,190,42.844
196980,190,42.75
196990,190,42.906
197000,190,42.819
197010,195,42.825
197020,195,42.8
197030,195,42.856
197040,195,42.925
197050,195,42.844
197060,195,43
197070,195,42.944
197080,195,43.019
197090,195,42.931
197100,195,43.006
197110,195,43.006
197120,195,43.138
197130,195,43.044
197140,195,43.125
197150,195,43.063
197160,195,43.1
197170,195,43.075
197180,195,43.138
197190,195,43.063
197200,195,43.188
197210,195,43.069
197220,195,43.188
197230,195,43.106
197240,195,43.156
197250,195,43.063
197260,195,43.119
197270,195,43.063
197280,195,43.163
197290,195,43.113
197300,195,43.175
197310,195,43.025
197320,195,43.125
197330,195,43.094
197340,195,43.188
197350,195,43.069
197360,195,43.15
197370,195,43.038
197380,195,43.2
197390,195,43.063
197400,195,43.188
197410,195,43.1
197420,195,43.194
197430,195,43.094
197440,195,43.206
197450,195,43.1
197460,195,43.188
197470,195,43.15
197480,195,43.181
197490,195,43.119
197500,195,43.206
197510,195,43.125
197520,195,43.263
197530,195,43.119
197540,195,43.206
197550,195,43.113
197560,195,43.2
197570,195,43.094
197580,195,43.194
197590,195,43.131
197600,195,43.163
197610,195,43.056
197620,195,43.169
197630,195,43.119
197640,195,43.213
197650,195,43.125
197660,195,43.2
197670,195,43.175
197680,195,43.181
197690,195,43.131
197700,195,43.169
197710,195,43.15
197720,195,43.156
197730,195,43.131
197740,195,43.144
197750,195,43.113
197760,195,43.2
197770,195,43.138
197780,195,43.156
197790,195,43.144
197800,195,43.15
197810,195,43.175
197820,195,43.156
197830,195,43.088
197840,195,43.131
197850,195,43.075
197860,195,43.169
197870,195,43.1
197880,195,43.188
197890,195,43.15
197900,195,43.188
197910,195,43.125
197920,195,43.138
197930,195,43.1
197940,195,43.156
197950,195,43.169
197960,195,43.125
197970,195,43.156
197980,195,43.106
197990,195,43.094
198000,195,43.138
198010,195,43.15
198020,195,43.163
198030,195,43.144
198040,195,43.131
198050,195,43.125
198060,195,43.125
198070,195,43.2
198080,195,43.144
198090,195,43.194
198100,195,43.125
198110,195,43.156
198120,195,43.094
198130,195,43.163
198140,195,43.138
198150,195,43.2
198160,195,43.169
198170,195,43.138
198180,195,43.156
198190,195,43.163
198200,195,43.144
198210,195,43.188
198220,195,43.144
198230,195,43.156
198240,195,43.156
198250,195,43.163
198260,195,43.138
198270,195,43.238
198280,195,43.144
198290,195,43.181
198300,195,43.113
198310,195,43.206
198320,195,43.1
198330,195,43.25
198340,195,43.125
198350,195,43.194
198360,195,43.081
198370,195,43.169
198380,195,43.088
198390,195,43.2
198400,195,43.119
198410,195,43.194
198420,195,43.069
198430,195,43.225
198440,195,43.106
198450,195,43.25
198460,195,43.138
198470,195,43.219
198480,195,43.144
198490,195,43.181
198500,195,43.1
198510,195,43.181
198520,195,43.1
198530,195,43.188
198540,195,43.1
198550,195,43.206
198560,195,43.125
198570,195,43.25
198580,195,43.144
198590,195,43.288
198600,195,43.181
198610,195,43.238
198620,195,43.156
198630,195,43.194
198640,195,43.156
198650,195,43.15
198660,195,43.188
198670,195,43.219
198680,195,43.156
198690,195,43.138
198700,195,43.138
198710,195,43.181
198720,195,43.194
198730,195,43.175
198740,195,43.225
198750,195,43.144
198760,195,43.206
198770,195,43.169
198780,195,43.263
198790,195,43.175
198800,195,43.313
198810,195,43.15
198820,195,43.288
198830,195,43.181
198840,195,43.169
198850,195,43.163
198860,195,43.2
198870,195,43.131
198880,195,43.213
198890,195,43.169
198900,195,43.225
198910,195,43.163
198920,195,43.275
198930,195,43.188
198940,195,43.294
198950,195,43.156
198960,195,43.231
198970,195,43.138
198980,195,43.25
198990,195,43.169
199000,195,43.231
199010,195,43.206
199020,195,43.231
199030,195,43.1
199040,195,43.181
199050,195,43.15
199060,195,43.225
199070,195,43.144
199080,195,43.219
199090,195,43.156
199100,195,43.206
199110,195,43.163
199120,195,43.206
199130,195,43.131
199140,195,43.156
199150,195,43.094
199160,195,43.15
199170,195,43.119
199180,195,43.219
199190,195,43.138
199200,195,43.225
199210,195,43.1
199220,195,43.175
199230,195,43.113
199240,195,43.2
199250,195,43.119
199260,195,43.163
199270,195,43.131
199280,195,43.231
199290,195,43.15
199300,195,43.238
199310,195,43.188
199320,195,43.244
199330,195,43.156
199340,195,43.206
199350,195,43.144
199360,195,43.169
199370,195,43.2
199380,195,43.175
199390,195,43.125
199400,195,43.163
199410,195,43.15
199420,195,43.138
199430,195,43.163
199440,195,43.181
199450,195,43.194
199460,195,43.163
199470,195,43.219
199480,195,43.169
199490,195,43.275
199500,195,43.163
199510,195,43.094
199520,195,43.219
199530,195,43.15
199540,195,43.238
199550,195,43.175
199560,195,43.219
199570,195,43.181
199580,195,43.194
199590,195,43.169
199600,195,43.188
199610,195,43.194
199620,195,43.206
199630,195,43.156
199640,195,43.213
199650,195,43.206
199660,195,43.206
199670,195,43.213
199680,195,43.213
199690,195,43.269
199700,195,43.181
199710,195,43.244
199720,195,43.163
199730,195,43.225
199740,195,43.2
199750,195,43.194
199760,195,43.138
199770,195,43.213
199780,195,43.2
199790,195,43.256
199800,195,43.169
199810,195,43.263
199820,195,43.181
199830,195,43.294
199840,195,43.244
199850,195,43.275
199860,195,43.2
199870,195,43.25
199880,195,43.244
199890,195,43.25
199900,195,43.231
199910,195,43.313
199920,195,43.188
199930,195,43.288
199940,195,43.169
199950,195,43.238
199960,195,43.188
199970,195,43.275
199980,195,43.188
199990,195,43.281
200000,195,43.175
200010,195,43.25
200020,195,43.206
200030,195,43.313
200040,195,43.213
200050,195,43.294
200060,195,43.194
200070,195,43.288
200080,195,43.181
200090,195,43.325
200100,195,43.206
200110,195,43.269
200120,195,43.175
200130,195,43.256
200140,195,43.113
200150,195,43.244
200160,195,43.225
200170,195,43.313
200180,195,43.25
200190,195,43.288
200200,195,43.194
200210,195,43.319
200220,195,43.25
200230,195,43.325
200240,195,43.231
200250,195,43.275
200260,195,43.219
200270,195,43.313
200280,195,43.213
200290,195,43.319
200300,195,43.238
200310,195,43.3
200320,195,43.231
200330,195,43.281
200340,195,43.263
200350,195,43.363
200360,195,43.244
200370,195,43.263
200380,195,43.213
200390,195,43.294
200400,195,43.231
200410,195,43.288
200420,195,43.244
200430,195,43.281
200440,195,43.231
200450,195,43.281
200460,195,43.325
200470,195,43.319
200480,195,43.294
200490,195,43.244
200500,195,43.263
200510,195,43.219
200520,195,43.231
200530,195,43.313
200540,195,43.238
200550,195,43.331
200560,195,43.25
200570,195,43.306
200580,195,43.244
200590,195,43.338
200600,195,43.294
200610,195,43.306
200620,195,43.269
200630,195,43.269
200640,195,43.231
200650,195,43.3
200660,195,43.3
200670,195,43.275
200680,195,43.3
200690,195,43.281
200700,195,43.3
200710,195,43.313
200720,195,43.381
200730,195,43.3
200740,195,43.35
200750,195,43.219
200760,195,43.244
200770,195,43.275
200780,195,43.325
200790,195,43.263
200800,195,43.356
200810,195,43.25
200820,195,43.306
200830,195,43.231
200840,195,43.388
200850,195,43.344
200860,195,43.375
200870,195,43.313
200880,195,43.288
200890,195,43.238
200900,195,43.306
200910,195,43.288
200920,195,43.338
200930,195,43.275
200940,195,43.375
200950,195,43.269
200960,195,43.4
200970,195,43.288
200980,195,43.4
200990,195,43.325
201000,195,43.419
201010,195,43.3
201020,195,43.344
201030,195,43.288
201040,195,43.394
201050,195,43.338
201060,195,43.4
201070,195,43.294
201080,195,43.344
201090,195,43.256
201100,195,43.35
201110,195,43.269
201120,195,43.325
201130,195,43.338
201140,195,43.319
201150,195,43.313
201160,195,43.331
201170,195,43.35
201180,195,43.363
201190,195,43.344
201200,195,43.381
201210,195,43.288
201220,195,43.35
201230,195,43.269
201240,195,43.288
201250,195,43.275
201260,195,43.338
201270,195,43.3
201280,195,43.35
201290,195,43.331
201300,195,43.338
201310,195,43.356
201320,195,43.35
201330,195,43.394
201340,195,43.356
201350,195,43.381
201360,195,43.288
201370,195,43.344
201380,195,43.338
201390,195,43.356
201400,195,43.294
201410,195,43.306
201420,195,43.288
201430,195,43.338
201440,195,43.281
201450,195,43.375
201460,195,43.35
201470,195,43.406
201480,195,43.269
201490,195,43.344
201500,195,43.306
201510,195,43.431
201520,195,43.381
201530,195,43.356
201540,195,43.3
201550,195,43.356
201560,195,43.331
201570,195,43.419
201580,195,43.313
201590,195,43.425
201600,195,43.344
201610,195,43.406
201620,195,43.263
201630,195,43.356
201640,195,43.325
201650,195,43.444
201660,195,43.288
201670,195,43.319
201680,195,43.275
201690,195,43.375
201700,195,43.288
201710,195,43.381
201720,195,43.344
201730,195,43.356
201740,195,43.288
201750,195,43.406
201760,195,43.325
201770,195,43.419
201780,195,43.3
201790,195,43.294
201800,195,43.269
201810,195,43.369
201820,195,43.313
201830,195,43.381
201840,195,43.325
201850,195,43.4
201860,195,43.319
201870,195,43.375
201880,195,43.344
201890,195,43.444
201900,195,43.35
201910,195,43.381
201920,195,43.3
201930,195,43.406
201940,195,43.313
201950,195,43.438
201960,195,43.331
201970,195,43.419
201980,195,43.394
201990,195,43.456
202000,195,43.4
202010,200,43.406
202020,200,43.4
202030,200,43.394
202040,200,43.431
202050,200,43.375
202060,200,43.469
202070,200,43.35
202080,200,43.506
202090,200,43.35
202100,200,43.469
202110,200,43.419
202120,200,43.469
202130,200,43.538
202140,200,43.45
202150,200,43.538
202160,200,43.431
202170,200,43.525
202180,200,43.4
202190,200,43.475
202200,200,43.431
202210,200,43.519
202220,200,43.5
202230,200,43.538
202240,200,43.463
202250,200,43.438
202260,200,43.5
202270,200,43.444
202280,200,43.575
202290,200,43.438
202300,200,43.531
202310,200,43.5
202320,200,43.481
202330,200,43.525
202340,200,43.431
202350,200,43.575
202360,200,43.519
202370,200,43.575
202380,200,43.481
202390,200,43.488
202400,200,43.5
202410,200,43.469
202420,200,43.575
202430,200,43.444
202440,200,43.588
202450,200,43.475
202460,200,43.519
202470,200,43.531
202480,200,43.456
202490,200,43.594
202500,200,43.5
202510,200,43.594
202520,200,43.469
202530,200,43.513
202540,200,43.425
202550,200,43.506
202560,200,43.469
202570,200,43.538
202580,200,43.575
202590,200,43.469
202600,200,43.6
202610,200,43.45
202620,200,43.544
202630,200,43.463
202640,200,43.55
202650,200,43.563
202660,200,43.544
202670,200,43.588
202680,200,43.463
202690,200,43.538
202700,200,43.463
202710,200,43.575
202720,200,43.475
202730,200,43.506
202740,200,43.569
202750,200,43.475
202760,200,43.563
202770,200,43.463
202780,200,43.556
202790,200,43.538
202800,200,43.569
202810,200,43.531
202820,200,43.463
202830,200,43.538
202840,200,43.469
202850,200,43.569
202860,200,43.469
202870,200,43.569
202880,200,43.45
202890,200,43.6
202900,200,43.481
202910,200,43.538
202920,200,43.531
202930,200,43.45
202940,200,43.6
202950,200,43.506
202960,200,43.613
202970,200,43.463
202980,200,43.5
202990,200,43.481
203000,200,43.538
203010,200,43.581
203020,200,43.531
203030,200,43.619
203040,200,43.469
203050,200,43.556
203060,200,43.519
203070,200,43.481
203080,200,43.613
203090,200,43.538
203100,200,43.619
203110,200,43.456
203120,200,43.569
203130,200,43.463
203140,200,43.556
203150,200,43.6
203160,200,43.531
203170,200,43.606
203180,200,43.463
203190,200,43.563
203200,200,43.519
203210,200,43.588
203220,200,43.481
203230,200,43.613
203240,200,43.556
203250,200,43.594
203260,200,43.55
203270,200,43.5
203280,200,43.563
203290,200,43.494
203300,200,43.625
203310,200,43.513
203320,200,43.619
203330,200,43.556
203340,200,43.513
203350,200,43.563
203360,200,43.475
203370,200,43.638
203380,200,43.544
203390,200,43.625
203400,200,43.531
203410,200,43.525
203420,200,43.556
203430,200,43.519
203440,200,43.625
203450,200,43.538
203460,200,43.619
203470,200,43.5
203480,200,43.563
203490,200,43.563
203500,200,43.494
203510,200,43.625
203520,200,43.538
203530,200,43.644
203540,200,43.575
203550,200,43.625
203560,200,43.463
203570,200,43.569
203580,200,43.538
203590,200,43.569
203600,200,43.6
203610,200,43.563
203620,200,43.619
203630,200,43.469
203640,200,43.581
203650,200,43.494
203660,200,43.563
203670,200,43.575
203680,200,43.544
203690,200,43.594
203700,200,43.488
203710,200,43.588
203720,200,43.475
203730,200,43.594
203740,200,43.569
203750,200,43.581
203760,200,43.581
203770,200,43.5
203780,200,43.6
203790,200,43.481
203800,200,43.619
203810,200,43.569
203820,200,43.613
203830,200,43.556
203840,200,43.506
203850,200,43.569
203860,200,43.494
203870,200,43.638
203880,200,43.538
203890,200,43.631
203900,200,43.55
203910,200,43.638
203920,200,43.506
203930,200,43.569
203940,200,43.556
203950,200,43.506
203960,200,43.631
203970,200,43.531
203980,200,43.625
203990,200,43.469
204000,200,43.569
204010,200,43.556
204020,200,43.544
204030,200,43.625
204040,200,43.531
204050,200,43.638
204060,200,43.481
204070,200,43.569
204080,200,43.538
204090,200,43.544
204100,200,43.619
204110,200,43.544
204120,200,43.619
204130,200,43.481
204140,200,43.575
204150,200,43.494
204160,200,43.581
204170,200,43.6
204180,200,43.569
204190,200,43.625
204200,200,43.531
204210,200,43.6
204220,200,43.525
204230,200,43.575
204240,200,43.513
204250,200,43.606
204260,200,43.556
204270,200,43.6
204280,200,43.563
204290,200,43.519
204300,200,43.581
204310,200,43.519
204320,200,43.625
204330,200,43.55
204340,200,43.613
204350,200,43.556
204360,200,43.538
204370,200,43.581
204380,200,43.519
204390,200,43.631
204400,200,43.556
204410,200,43.619
204420,200,43.519
204430,200,43.538
204440,200,43.544
204450,200,43.525
204460,200,43.625
204470,200,43.55
204480,200,43.644
204490,200,43.556
204500,200,43.556
204510,200,43.569
204520,200,43.55
204530,200,43.644
204540,200,43.556
204550,200,43.6
204560,200,43.556
204570,200,43.631
204580,200,43.481
204590,200,43.588
204600,200,43.519
204610,200,43.588
204620,200,43.631
204630,200,43.569
204640,200,43.638
204650,200,43.531
204660,200,43.594
204670,200,43.519
204680,200,43.594
204690,200,43.606
204700,200,43.588
204710,200,43.619
204720,200,43.506
204730,200,43.594
204740,200,43.481
204750,200,43.638
204760,200,43.581
204770,200,43.606
204780,200,43.613
204790,200,43.588
204800,200,43.606
204810,200,43.538
204820,200,43.644
204830,200,43.575
204840,200,43.619
204850,200,43.581
204860,200,43.531
204870,200,43.606
204880,200,43.55
204890,200,43.581
204900,200,43.569
204910,200,43.669
204920,200,43.575
204930,200,43.681
204940,200,43.581
204950,200,43.631
204960,200,43.6
204970,200,43.594
204980,200,43.663
204990,200,43.581
205000,200,43.681
205010,200,43.519
205020,200,43.606
205030,200,43.544
205040,200,43.588
205050,200,43.669
205060,200,43.588
205070,200,43.681
205080,200,43.581
205090,200,43.694
205100,200,43.594
205110,200,43.625
205120,200,43.644
205130,200,43.613
205140,200,43.688
205150,200,43.525
205160,200,43.631
205170,200,43.544
205180,200,43.631
205190,200,43.663
205200,200,43.619
205210,200,43.681
205220,200,43.613
205230,200,43.65
205240,200,43.631
205250,200,43.675
205260,200,43.594
205270,200,43.688
205280,200,43.581
205290,200,43.675
205300,200,43.625
205310,200,43.575
205320,200,43.656
205330,200,43.594
205340,200,43.7
205350,200,43.613
205360,200,43.681
205370,200,43.631
205380,200,43.656
205390,200,43.644
205400,200,43.594
205410,200,43.7
205420,200,43.588
205430,200,43.694
205440,200,43.619
205450,200,43.619
205460,200,43.619
205470,200,43.594
205480,200,43.7
205490,200,43.619
205500,200,43.713
205510,200,43.619
205520,200,43.694
205530,200,43.588
205540,200,43.606
205550,200,43.694
205560,200,43.631
205570,200,43.625
205580,200,43.619
205590,200,43.688
205600,200,43.606
205610,200,43.656
205620,200,43.581
205630,200,43.638
205640,200,43.681
205650,200,43.619
205660,200,43.675
205670,200,43.606
205680,200,43.688
205690,200,43.569
205700,200,43.625
205710,200,43.594
205720,200,43.638
205730,200,43.675
205740,200,43.631
205750,200,43.675
205760,200,43.569
205770,200,43.669
205780,200,43.631
205790,200,43.65
205800,200,43.663
205810,200,43.638
205820,200,43.675
205830,200,43.588
205840,200,43.656
205850,200,43.588
205860,200,43.681
205870,200,43.631
205880,200,43.65
205890,200,43.681
205900,200,43.669
205910,200,43.625
205920,200,43.588
205930,200,43.681
205940,200,43.588
205950,200,43.706
205960,200,43.631
205970,200,43.706
205980,200,43.631
205990,200,43.619
206000,200,43.644
206010,200,43.606
206020,200,43.706
206030,200,43.613
206040,200,43.719
206050,200,43.625
206060,200,43.656
206070,200,43.669
206080,200,43.619
206090,200,43.7
206100,200,43.606
206110,200,43.688
206120,200,43.55
206130,200,43.638
206140,200,43.619
206150,200,43.625
206160,200,43.694
206170,200,43.613
206180,200,43.7
206190,200,43.588
206200,200,43.625
206210,200,43.606
206220,200,43.631
206230,200,43.681
206240,200,43.644
206250,200,43.663
206260,200,43.625
206270,200,43.675
206280,200,43.556
206290,200,43.663
206300,200,43.594
206310,200,43.675
206320,200,43.631
206330,200,43.644
206340,200,43.65
206350,200,43.581
206360,200,43.65
206370,200,43.594
206380,200,43.681
206390,200,43.631
206400,200,43.669
206410,200,43.619
206420,200,43.581
206430,200,43.65
206440,200,43.6
206450,200,43.7
206460,200,43.619
206470,200,43.663
206480,200,43.625
206490,200,43.663
206500,200,43.663
206510,200,43.594
206520,200,43.713
206530,200,43.625
206540,200,43.688
206550,200,43.606
206560,200,43.619
206570,200,43.588
206580,200,43.625
206590,200,43.619
206600,200,43.613
206610,200,43.675
206620,200,43.588
206630,200,43.694
206640,200,43.6
206650,200,43.694
206660,200,43.606
206670,200,43.613
206680,200,43.688
206690,200,43.619
206700,200,43.688
206710,200,43.575
206720,200,43.644
206730,200,43.6
206740,200,43.631
206750,200,43.663
206760,200,43.631
206770,200,43.694
206780,200,43.606
206790,200,43.688
206800,200,43.588
206810,200,43.669
206820,200,43.656
206830,200,43.631
206840,200,43.675
206850,200,43.594
206860,200,43.663
206870,200,43.581
206880,200,43.675
206890,200,43.631
206900,200,43.656
206910,200,43.638
206920,200,43.694
206930,200,43.681
206940,200,43.681
206950,200,43.644
206960,200,43.6
206970,200,43.713
206980,200,43.625
206990,200,43.694
207000,200,43.625
207010,205,43.688
207020,205,43.631
207030,205,43.606
207040,205,43.7
207050,205,43.619
207060,205,43.719
207070,205,43.656
207080,205,43.694
207090,205,43.706
207100,205,43.625
207110,205,43.769
207120,205,43.631
207130,205,43.725
207140,205,43.625
207150,205,43.656
207160,205,43.669
207170,205,43.675
207180,205,43.756
207190,205,43.631
207200,205,43.731
207210,205,43.625
207220,205,43.663
207230,205,43.694
207240,205,43.7
207250,205,43.694
207260,205,43.681
207270,205,43.769
207280,205,43.694
207290,205,43.731
207300,205,43.769
207310,205,43.675
207320,205,43.763
207330,205,43.713
207340,205,43.688
207350,205,43.794
207360,205,43.744
207370,205,43.694
207380,205,43.806
207390,205,43.731
207400,205,43.725
207410,205,43.8
207420,205,43.688
207430,205,43.769
207440,205,43.756
207450,205,43.7
207460,205,43.819
207470,205,43.763
207480,205,43.731
207490,205,43.8
207500,205,43.744
207510,205,43.756
207520,205,43.794
207530,205,43.706
207540,205,43.744
207550,205,43.794
207560,205,43.706
207570,205,43.819
207580,205,43.719
207590,205,43.769
207600,205,43.788
207610,205,43.694
207620,205,43.819
207630,205,43.738
207640,205,43.725
207650,205,43.825
207660,205,43.744
207670,205,43.763
207680,205,43.813
207690,205,43.738
207700,205,43.756
207710,205,43.788
207720,205,43.7
207730,205,43.8
207740,205,43.756
207750,205,43.706
207760,205,43.819
207770,205,43.763
207780,205,43.713
207790,205,43.819
207800,205,43.756
207810,205,43.738
207820,205,43.806
207830,205,43.7
207840,205,43.775
207850,205,43.794
207860,205,43.744
207870,205,43.838
207880,205,43.819
207890,205,43.719
207900,205,43.813
207910,205,43.794
207920,205,43.769
207930,205,43.825
207940,205,43.725
207950,205,43.819
207960,205,43.781
207970,205,43.719
207980,205,43.8
207990,205,43.8
208000,205,43.769
208010,205,43.831
208020,205,43.763
208030,205,43.756
208040,205,43.825
208050,205,43.763
208060,205,43.775
208070,205,43.838
208080,205,43.725
208090,205,43.769
208100,205,43.819
208110,205,43.713
208120,205,43.819
208130,205,43.794
208140,205,43.744
208150,205,43.794
208160,205,43.8
208170,205,43.738
208180,205,43.844
208190,205,43.763
208200,205,43.769
208210,205,43.825
208220,205,43.769
208230,205,43.794
208240,205,43.856
208250,205,43.794
208260,205,43.838
208270,205,43.756
208280,205,43.788
208290,205,43.838
208300,205,43.75
208310,205,43.794
208320,205,43.825
208330,205,43.725
208340,205,43.831
208350,205,43.769
208360,205,43.75
208370,205,43.856
208380,205,43.788
208390,205,43.731
208400,205,43.844
208410,205,43.756
208420,205,43.763
208430,205,43.831
208440,205,43.713
208450,205,43.781
208460,205,43.831
208470,205,43.744
208480,205,43.788
208490,205,43.806
208500,205,43.725
208510,205,43.819
208520,205,43.763
208530,205,43.744
208540,205,43.844
208550,205,43.781
208560,205,43.769
208570,205,43.825
208580,205,43.763
208590,205,43.825
208600,205,43.769
208610,205,43.788
208620,205,43.856
208630,205,43.744
208640,205,43.775
208650,205,43.831
208660,205,43.719
208670,205,43.794
208680,205,43.763
208690,205,43.725
208700,205,43.831
208710,205,43.775
208720,205,43.756
208730,205,43.844
208740,205,43.744
208750,205,43.75
208760,205,43.825
208770,205,43.713
208780,205,43.781
208790,205,43.8
208800,205,43.713
208810,205,43.825
208820,205,43.788
208830,205,43.75
208840,205,43.85
208850,205,43.756
208860,205,43.725
208870,205,43.825
208880,205,43.725
208890,205,43.756
208900,205,43.819
208910,205,43.731
208920,205,43.775
208930,205,43.731
208940,205,43.763
208950,205,43.819
208960,205,43.738
208970,205,43.819
208980,205,43.794
208990,205,43.725
209000,205,43.794
209010,205,43.794
209020,205,43.769
209030,205,43.831
209040,205,43.75
209050,205,43.744
209060,205,43.819
209070,205,43.713
209080,205,43.781
209090,205,43.85
209100,205,43.744
209110,205,43.781
209120,205,43.819
209130,205,43.756
209140,205,43.825
209150,205,43.769
209160,205,43.744
209170,205,43.831
209180,205,43.788
209190,205,43.794
209200,205,43.869
209210,205,43.75
209220,205,43.794
209230,205,43.844
209240,205,43.763
209250,205,43.831
209260,205,43.788
209270,205,43.838
209280,205,43.838
209290,205,43.738
209300,205,43.819
209310,205,43.844
209320,205,43.744
209330,205,43.838
209340,205,43.763
209350,205,43.781
209360,205,43.825
209370,205,43.775
209380,205,43.825
209390,205,43.838
209400,205,43.738
209410,205,43.806
209420,205,43.831
209430,205,43.738
209440,205,43.831
209450,205,43.831
209460,205,43.756
209470,205,43.819
209480,205,43.794
209490,205,43.788
209500,205,43.844
209510,205,43.763
209520,205,43.781
209530,205,43.881
209540,205,43.794
209550,205,43.844
209560,205,43.85
209570,205,43.744
209580,205,43.813
209590,205,43.888
209600,205,43.813
209610,205,43.869
209620,205,43.763
209630,205,43.825
209640,205,43.831
209650,205,43.763
209660,205,43.856
209670,205,43.85
209680,205,43.769
209690,205,43.888
209700,205,43.8
209710,205,43.769
209720,205,43.881
209730,205,43.794
209740,205,43.806
209750,205,43.85
209760,205,43.781
209770,205,43.825
209780,205,43.869
209790,205,43.775
209800,205,43.831
209810,205,43.825
209820,205,43.763
209830,205,43.919
209840,205,43.869
209850,205,43.794
209860,205,43.906
209870,205,43.806
209880,205,43.825
209890,205,43.888
209900,205,43.806
209910,205,43.8
209920,205,43.85
209930,205,43.819
209940,205,43.856
209950,205,43.756
209960,205,43.8
209970,205,43.931
209980,205,43.781
209990,205,43.856
210000,205,43.863
210010,205,43.756
210020,205,43.825
210030,205,43.856
210040,205,43.794
210050,205,43.863
210060,205,43.813
210070,205,43.8
210080,205,43.888
210090,205,43.794
210100,205,43.819
210110,205,43.869
210120,205,43.775
210130,205,43.819
210140,205,43.925
210150,205,43.769
210160,205,43.875
210170,205,43.881
210180,205,43.788
210190,205,43.856
210200,205,43.881
210210,205,43.825
210220,205,43.888
210230,205,43.8
210240,205,43.813
210250,205,43.9
210260,205,43.819
210270,205,43.85
210280,205,43.8
210290,205,43.806
210300,205,43.913
210310,205,43.813
210320,205,43.838
210330,205,43.869
210340,205,43.8
210350,205,43.85
210360,205,43.869
210370,205,43.788
210380,205,43.894
210390,205,43.894
210400,205,43.794
210410,205,43.906
210420,205,43.844
210430,205,43.844
210440,205,43.913
210450,205,43.831
210460,205,43.856
210470,205,43.919
210480,205,43.8
210490,205,43.881
210500,205,43.888
210510,205,43.788
210520,205,43.9
210530,205,43.863
210540,205,43.781
210550,205,43.894
210560,205,43.863
210570,205,43.825
210580,205,43.913
210590,205,43.831
210600,205,43.856
210610,205,43.906
210620,205,43.831
210630,205,43.938
210640,205,43.856
210650,205,43.856
210660,205,43.925
210670,205,43.819
210680,205,43.869
210690,205,43.963
210700,205,43.838
210710,205,43.913
210720,205,43.913
210730,205,43.813
210740,205,43.913
210750,205,43.869
210760,205,43.844
210770,205,43.944
210780,205,43.831
210790,205,43.825
210800,205,43.969
210810,205,43.819
210820,205,43.875
210830,205,43.919
210840,205,43.813
210850,205,43.913
210860,205,43.925
210870,205,43.831
210880,205,43.925
210890,205,43.863
210900,205,43.788
210910,205,43.956
210920,205,43.825
210930,205,43.85
210940,205,43.888
210950,205,43.856
210960,205,43.969
210970,205,43.875
210980,205,43.856
210990,205,43.913
211000,205,43.863
211010,205,43.906
211020,205,43.925
211030,205,43.806
211040,205,43.894
211050,205,43.95
211060,205,43.838
211070,205,43.919
211080,205,43.906
211090,205,43.844
211100,205,43.944
211110,205,43.9
211120,205,43.825
211130,205,43.969
211140,205,43.881
211150,205,43.863
211160,205,43.919
211170,205,43.844
211180,205,43.9
211190,205,43.95
211200,205,43.8
211210,205,43.9
211220,205,43.931
211230,205,43.819
211240,205,43.919
211250,205,43.913
211260,205,43.863
211270,205,43.956
211280,205,43.85
211290,205,43.894
211300,205,43.938
211310,205,43.85
211320,205,43.956
211330,205,43.881
211340,205,43.831
211350,205,43.95
211360,205,43.881
211370,205,43.881
211380,205,43.95
211390,205,43.831
211400,205,43.838
211410,205,43.975
211420,205,43.813
211430,205,43.894
211440,205,43.931
211450,205,43.844
211460,205,43.906
211470,205,43.963
211480,205,43.875
211490,205,43.969
211500,205,43.919
211510,205,43.85
211520,205,43.956
211530,205,43.856
211540,205,43.881
211550,205,43.944
211560,205,43.838
211570,205,43.856
211580,205,43.994
211590,205,43.856
211600,205,43.894
211610,205,43.95
211620,205,43.894
211630,205,43.963
211640,205,43.863
211650,205,43.925
211660,205,43.95
211670,205,43.875
211680,205,43.925
211690,205,43.969
211700,205,43.844
211710,205,43.944
211720,205,43.919
211730,205,43.844
211740,205,43.956
211750,205,43.869
211760,205,43.875
211770,205,43.981
211780,205,43.869
211790,205,43.9
211800,205,44
211810,205,43.869
211820,205,43.906
211830,205,43.931
211840,205,43.838
211850,205,43.944
211860,205,43.894
211870,205,43.813
211880,205,43.963
211890,205,43.919
211900,205,43.85
211910,205,43.963
211920,205,43.869
211930,205,43.881
211940,205,43.994
211950,205,43.931
211960,205,43.913
211970,205,43.925
211980,205,43.881
211990,205,43.994
212000,205,43.913
212010,210,43.869
212020,210,43.969
212030,210,43.863
212040,210,43.881
212050,210,43.956
212060,210,43.863
212070,210,43.844
212080,210,43.944
212090,210,43.956
212100,210,43.863
212110,210,43.931
212120,210,43.95
212130,210,43.856
212140,210,43.888
212150,210,43.994
212160,210,43.881
212170,210,43.869
212180,210,43.925
212190,210,43.925
212200,210,43.863
212210,210,43.888
212220,210,43.981
212230,210,43.85
212240,210,43.875
212250,210,43.988
212260,210,43.9
212270,210,43.838
212280,210,43.938
212290,210,43.875
212300,210,43.875
212310,210,44
212320,210,43.956
212330,210,43.894
212340,210,43.938
212350,210,44
212360,210,43.869
212370,210,43.888
212380,210,43.994
212390,210,43.944
212400,210,43.869
212410,210,43.981
212420,210,43.969
212430,210,43.863
212440,210,43.888
212450,210,44
212460,210,43.875
212470,210,43.888
212480,210,43.981
212490,210,43.913
212500,210,43.863
212510,210,43.944
212520,210,43.988
212530,210,43.863
212540,210,43.894
212550,210,43.994
212560,210,43.95
212570,210,43.856
212580,210,43.938
212590,210,43.988
212600,210,43.856
212610,210,43.9
212620,210,44.031
212630,210,43.856
212640,210,43.95
212650,210,44.006
212660,210,43.863
212670,210,43.875
212680,210,43.956
212690,210,43.95
212700,210,43.925
212710,210,43.988
212720,210,44
212730,210,43.875
212740,210,43.9
212750,210,43.994
212760,210,43.944
212770,210,43.9
212780,210,44.019
212790,210,43.956
212800,210,43.85
212810,210,43.9
212820,210,44.006
212830,210,43.931
212840,210,43.9
212850,210,44.013
212860,210,43.944
212870,210,43.856
212880,210,43.95
212890,210,43.975
212900,210,43.863
212910,210,43.938
212920,210,44
212930,210,43.913
212940,210,43.913
212950,210,43.981
212960,210,43.894
212970,210,43.894
212980,210,44.013
212990,210,43.931
213000,210,43.906
213010,210,44.019
213020,210,43.956
213030,210,43.85
213040,210,43.906
213050,210,43.988
213060,210,43.913
213070,210,43.906
213080,210,44.019
213090,210,43.956
213100,210,43.85
213110,210,43.913
213120,210,44.006
213130,210,43.9
213140,210,43.913
213150,210,44
213160,210,43.95
213170,210,43.869
213180,210,43.938
213190,210,43.988
213200,210,43.925
213210,210,43.919
213220,210,44.013
213230,210,43.944
213240,210,43.875
213250,210,43.963
213260,210,43.969
213270,210,43.913
213280,210,43.919
213290,210,44.05
213300,210,43.913
213310,210,43.988
213320,210,43.994
213330,210,43.919
213340,210,43.906
213350,210,44.019
213360,210,43.981
213370,210,43.906
213380,210,43.956
213390,210,43.956
213400,210,43.888
213410,210,43.9
213420,210,44.019
213430,210,43.975
213440,210,43.925
213450,210,44.013
213460,210,44.019
213470,210,43.888
213480,210,43.925
213490,210,44.006
213500,210,43.969
213510,210,43.913
213520,210,44.019
213530,210,44.025
213540,210,43.894
213550,210,43.919
213560,210,44.031
213570,210,43.969
213580,210,43.931
213590,210,44.006
213600,210,44.013
213610,210,43.881
213620,210,43.956
213630,210,44.019
213640,210,43.881
213650,210,43.969
213660,210,44.013
213670,210,43.938
213680,210,43.95
213690,210,44.056
213700,210,43.963
213710,210,43.869
213720,210,43.988
213730,210,43.988
213740,210,43.931
213750,210,43.969
213760,210,44.019
213770,210,43.988
213780,210,43.919
213790,210,43.981
213800,210,44.031
213810,210,43.925
213820,210,43.969
213830,210,44.031
213840,210,43.981
213850,210,43.906
213860,210,43.988
213870,210,44.013
213880,210,43.906
213890,210,43.975
213900,210,44.013
213910,210,43.969
213920,210,43.919
213930,210,43.975
213940,210,44.013
213950,210,43.919
213960,210,43.988
213970,210,43.975
213980,210,43.906
213990,210,43.988
214000,210,44.019
214010,210,43.956
214020,210,43.944
214030,210,44.044
214040,210,43.988
214050,210,43.919
214060,210,43.981
214070,210,44.013
214080,210,43.944
214090,210,43.95
214100,210,44.056
214110,210,43.95
214120,210,43.931
214130,210,43.994
214140,210,44.006
214150,210,43.938
214160,210,43.95
214170,210,44.019
214180,210,43.963
214190,210,43.95
214200,210,43.994
214210,210,43.994
214220,210,43.944
214230,210,43.981
214240,210,44.019
214250,210,43.95
214260,210,43.95
214270,210,44.056
214280,210,43.963
214290,210,43.906
214300,210,43.994
214310,210,43.956
214320,210,43.938
214330,210,44
214340,210,43.969
214350,210,43.925
214360,210,43.988
214370,210,43.994
214380,210,43.931
214390,210,43.956
214400,210,44.019
214410,210,43.963
214420,210,43.938
214430,210,43.981
214440,210,43.988
214450,210,43.931
214460,210,43.963
214470,210,44.038
214480,210,43.95
214490,210,43.938
214500,210,44.006
214510,210,43.969
214520,210,43.906
214530,210,43.969
214540,210,44.044
214550,210,43.938
214560,210,43.95
214570,210,44.019
214580,210,43.975
214590,210,43.9
214600,210,43.988
214610,210,44.038
214620,210,43.919
214630,210,43.969
214640,210,43.981
214650,210,43.913
214660,210,43.969
214670,210,44.031
214680,210,43.931
214690,210,43.913
214700,210,44.025
214710,210,43.988
214720,210,43.906
214730,210,44.006
214740,210,44.044
214750,210,43.944
214760,210,43.925
214770,210,44.025
214780,210,44
214790,210,43.956
214800,210,44
214810,210,43.988
214820,210,43.894
214830,210,43.975
214840,210,44.038
214850,210,43.944
214860,210,43.975
214870,210,44.038
214880,210,44.006
214890,210,43.931
214900,210,43.988
214910,210,44.038
214920,210,43.938
214930,210,43.994
214940,210,44.038
214950,210,44
214960,210,43.944
214970,210,44.013
214980,210,44
214990,210,43.956
215000,210,44.013
215010,210,44.044
215020,210,43.95
215030,210,44.013
215040,210,44.044
215050,210,43.994
215060,210,43.95
215070,210,44.013
215080,210,44.031
215090,210,43.95
215100,210,44.006
215110,210,44.05
215120,210,43.988
215130,210,43.963
215140,210,44.019
215150,210,44.006
215160,210,43.95
215170,210,44.013
215180,210,44.038
215190,210,43.981
215200,210,43.981
215210,210,44.044
215220,210,43.988
215230,210,43.969
215240,210,44.019
215250,210,44.025
215260,210,43.981
215270,210,44
215280,210,44.056
215290,210,43.981
215300,210,43.963
215310,210,44.019
215320,210,43.988
215330,210,44.006
215340,210,44.088
215350,210,44.019
215360,210,43.956
215370,210,44.025
215380,210,44.075
215390,210,43.969
215400,210,44.006
215410,210,44.094
215420,210,44.031
215430,210,43.963
215440,210,44.05
215450,210,44.069
215460,210,43.963
215470,210,44.025
215480,210,44.081
215490,210,44.038
215500,210,43.963
215510,210,44.063
215520,210,44.069
215530,210,43.956
215540,210,44.038
215550,210,44.088
215560,210,43.981
215570,210,43.975
215580,210,44.088
215590,210,44.038
215600,210,43.963
215610,210,44.056
215620,210,44.075
215630,210,43.956
215640,210,44.019
215650,210,44.031
215660,210,43.963
215670,210,44.031
215680,210,44.069
215690,210,43.981
215700,210,44.019
215710,210,44.094
215720,210,44.044
215730,210,43.975
215740,210,44.038
215750,210,44.081
215760,210,43.969
215770,210,44.025
215780,210,44.081
215790,210,44.044
215800,210,43.988
215810,210,44.088
215820,210,44.088
215830,210,43.981
215840,210,44.063
215850,210,44.088
215860,210,44.038
215870,210,43.981
215880,210,44.088
215890,210,44.05
215900,210,43.981
215910,210,44.069
215920,210,44.069
215930,210,43.981
215940,210,43.994
215950,210,44.088
215960,210,44.031
215970,210,43.975
215980,210,44.106
215990,210,44.019
216000,210,44.044
216010,210,44.113
216020,210,44.063
216030,210,43.988
216040,210,44.044
216050,210,44.088
216060,210,44.025
216070,210,44.044
216080,210,44.088
216090,210,44.031
216100,210,43.988
216110,210,44.056
216120,210,44.088
216130,210,44.025
216140,210,44.056
216150,210,44.1
216160,210,44.025
216170,210,44
216180,210,44.056
216190,210,44.063
216200,210,43.994
216210,210,44.05
216220,210,44.081
216230,210,44.019
216240,210,44.013
216250,210,44.063
216260,210,44.038
216270,210,43.994
216280,210,44.05
216290,210,44.125
216300,210,44.019
216310,210,44.025
216320,210,44.069
216330,210,44.006
216340,210,44.038
216350,210,44.119
216360,210,44.025
216370,210,44.019
216380,210,44.131
216390,210,44.038
216400,210,43.988
216410,210,44.038
216420,210,44.125
216430,210,44.006
216440,210,44.025
216450,210,44.125
216460,210,44.05
216470,210,43.975
216480,210,44.05
216490,210,44.094
216500,210,43.988
216510,210,44.019
216520,210,44.125
216530,210,44.013
216540,210,44.025
216550,210,44.081
216560,210,44.05
216570,210,44.006
216580,210,44.063
216590,210,44.119
216600,210,44.019
216610,210,44.031
216620,210,44.094
216630,210,44.056
216640,210,43.994
216650,210,44.081
216660,210,44.088
216670,210,44.031
216680,210,44.1
216690,210,44.1
216700,210,43.981
216710,210,44.038
216720,210,44.081
216730,210,44.05
216740,210,44.038
216750,210,44.1
216760,210,44.094
216770,210,44.038
216780,210,44.063
216790,210,44.106
216800,210,44.05
216810,210,44
216820,210,44.1
216830,210,44.081
216840,210,44.019
216850,210,44.069
216860,210,44.125
216870,210,44.019
216880,210,44
216890,210,44.119
216900,210,44.063
216910,210,44.025
216920,210,44.069
216930,210,44.138
216940,210,44.025
216950,210,44.019
216960,210,44.119
216970,210,44.05
216980,210,43.994
216990,210,44.056
217000,210,44.031
217010,215,44
217020,215,44.05
217030,215,44.1
217040,215,44.006
217050,215,44.044
217060,215,44.1
217070,215,44.131
217080,215,44.025
217090,215,44.025
217100,215,44.138
217110,215,44.131
217120,215,44.1
217130,215,44.038
217140,215,44.119
217150,215,44.175
217160,215,44.119
217170,215,44.019
217180,215,44.094
217190,215,44.188
217200,215,44.144
217210,215,44.081
217220,215,44.075
217230,215,44.181
217240,215,44.156
217250,215,44.094
217260,215,44.1
217270,215,44.169
217280,215,44.188
217290,215,44.131
217300,215,44.081
217310,215,44.144
217320,215,44.2
217330,215,44.106
217340,215,44.113
217350,215,44.188
217360,215,44.15
217370,215,44.1
217380,215,44.075
217390,215,44.144
217400,215,44.181
217410,215,44.119
217420,215,44.088
217430,215,44.156
217440,215,44.194
217450,215,44.138
217460,215,44.075
217470,215,44.106
217480,215,44.169
217490,215,44.163
217500,215,44.125
217510,215,44.088
217520,215,44.15
217530,215,44.213
217540,215,44.156
217550,215,44.081
217560,215,44.119
217570,215,44.213
217580,215,44.131
217590,215,44.069
217600,215,44.131
217610,215,44.2
217620,215,44.169
217630,215,44.113
217640,215,44.081
217650,215,44.175
217660,215,44.194
217670,215,44.094
217680,215,44.119
217690,215,44.213
217700,215,44.15
217710,215,44.088
217720,215,44.138
217730,215,44.194
217740,215,44.144
217750,215,44.081
217760,215,44.069
217770,215,44.15
217780,215,44.181
217790,215,44.113
217800,215,44.113
217810,215,44.169
217820,215,44.2
217830,215,44.131
217840,215,44.075
217850,215,44.125
217860,215,44.188
217870,215,44.144
217880,215,44.069
217890,215,44.138
217900,215,44.2
217910,215,44.188
217920,215,44.119
217930,215,44.069
217940,215,44.144
217950,215,44.194
217960,215,44.144
217970,215,44.069
217980,215,44.156
217990,215,44.206
218000,215,44.188
218010,215,44.113
218020,215,44.225
218030,215,44.169
218040,215,44.113
218050,215,44.094
218060,215,44.163
218070,215,44.231
218080,215,44.175
218090,215,44.1
218100,215,44.194
218110,215,44.225
218120,215,44.15
218130,215,44.1
218140,215,44.144
218150,215,44.2
218160,215,44.181
218170,215,44.131
218180,215,44.144
218190,215,44.2
218200,215,44.206
218210,215,44.144
218220,215,44.1
218230,215,44.175
218240,215,44.238
218250,215,44.181
218260,215,44.094
218270,215,44.169
218280,215,44.244
218290,215,44.169
218300,215,44.081
218310,215,44.106
218320,215,44.225
218330,215,44.181
218340,215,44.144
218350,215,44.194
218360,215,44.225
218370,215,44.163
218380,215,44.106
218390,215,44.188
218400,215,44.25
218410,215,44.181
218420,215,44.1
218430,215,44.119
218440,215,44.175
218450,215,44.181
218460,215,44.119
218470,215,44.15
218480,215,44.225
218490,215,44.25
218500,215,44.188
218510,215,44.106
218520,215,44.175
218530,215,44.25
218540,215,44.188
218550,215,44.125
218560,215,44.188
218570,215,44.263
218580,215,44.225
218590,215,44.163
218600,215,44.15
218610,215,44.206
218620,215,44.25
218630,215,44.181
218640,215,44.125
218650,215,44.188
218660,215,44.275
218670,215,44.213
218680,215,44.175
218690,215,44.225
218700,215,44.225
218710,215,44.163
218720,215,44.163
218730,215,44.225
218740,215,44.238
218750,215,44.15
218760,215,44.138
218770,215,44.2
218780,215,44.25
218790,215,44.194
218800,215,44.131
218810,215,44.2
218820,215,44.256
218830,215,44.206
218840,215,44.131
218850,215,44.194
218860,215,44.263
218870,215,44.219
218880,215,44.156
218890,215,44.138
218900,215,44.2
218910,215,44.238
218920,215,44.163
218930,215,44.15
218940,215,44.213
218950,215,44.269
218960,215,44.219
218970,215,44.169
218980,215,44.188
218990,215,44.25
219000,215,44.25
219010,215,44.225
219020,215,44.206
219030,215,44.281
219040,215,44.206
219050,215,44.138
219060,215,44.213
219070,215,44.25
219080,215,44.213
219090,215,44.131
219100,215,44.138
219110,215,44.25
219120,215,44.281
219130,215,44.225
219140,215,44.156
219150,215,44.213
219160,215,44.275
219170,215,44.225
219180,215,44.163
219190,215,44.2
219200,215,44.256
219210,215,44.25
219220,215,44.181
219230,215,44.163
219240,215,44.238
219250,215,44.25
219260,215,44.194
219270,215,44.15
219280,215,44.188
219290,215,44.256
219300,215,44.244
219310,215,44.175
219320,215,44.219
219330,215,44.263
219340,215,44.263
219350,215,44.213
219360,215,44.244
219370,215,44.288
219380,215,44.213
219390,215,44.138
219400,215,44.206
219410,215,44.263
219420,215,44.238
219430,215,44.175
219440,215,44.181
219450,215,44.225
219460,215,44.25
219470,215,44.169
219480,215,44.125
219490,215,44.2
219500,215,44.269
219510,215,44.213
219520,215,44.15
219530,215,44.213
219540,215,44.269
219550,215,44.206
219560,215,44.194
219570,215,44.156
219580,215,44.213
219590,215,44.275
219600,215,44.2
219610,215,44.181
219620,215,44.231
219630,215,44.275
219640,215,44.2
219650,215,44.144
219660,215,44.2
219670,215,44.263
219680,215,44.25
219690,215,44.156
219700,215,44.219
219710,215,44.256
219720,215,44.188
219730,215,44.144
219740,215,44.219
219750,215,44.275
219760,215,44.213
219770,215,44.144
219780,215,44.156
219790,215,44.263
219800,215,44.206
219810,215,44.156
219820,215,44.194
219830,215,44.25
219840,215,44.281
219850,215,44.219
219860,215,44.156
219870,215,44.2
219880,215,44.269
219890,215,44.238
219900,215,44.169
219910,215,44.231
219920,215,44.275
219930,215,44.244
219940,215,44.194
219950,215,44.175
219960,215,44.244
219970,215,44.263
219980,215,44.2
219990,215,44.15
220000,215,44.219
220010,215,44.275
220020,215,44.219
220030,215,44.213
220040,215,44.281
220050,215,44.306
220060,215,44.238
220070,215,44.156
220080,215,44.219
220090,215,44.281
220100,215,44.231
220110,215,44.175
220120,215,44.231
220130,215,44.3
220140,215,44.263
220150,215,44.2
220160,215,44.213
220170,215,44.244
220180,215,44.269
220190,215,44.194
220200,215,44.15
220210,215,44.238
220220,215,44.294
220230,215,44.225
220240,215,44.15
220250,215,44.231
220260,215,44.294
220270,215,44.219
220280,215,44.138
220290,215,44.213
220300,215,44.281
220310,215,44.3
220320,215,44.238
220330,215,44.169
220340,215,44.244
220350,215,44.313
220360,215,44.213
220370,215,44.206
220380,215,44.275
220390,215,44.281
220400,215,44.225
220410,215,44.231
220420,215,44.288
220430,215,44.288
220440,215,44.238
220450,215,44.175
220460,215,44.244
220470,215,44.313
220480,215,44.238
220490,215,44.169
220500,215,44.225
220510,215,44.288
220520,215,44.294
220530,215,44.188
220540,215,44.213
220550,215,44.275
220560,215,44.294
220570,215,44.231
220580,215,44.181
220590,215,44.244
220600,215,44.288
220610,215,44.244
220620,215,44.194
220630,215,44.206
220640,215,44.269
220650,215,44.256
220660,215,44.213
220670,215,44.225
220680,215,44.244
220690,215,44.306
220700,215,44.194
220710,215,44.231
220720,215,44.294
220730,215,44.231
220740,215,44.169
220750,215,44.194
220760,215,44.269
220770,215,44.294
220780,215,44.231
220790,215,44.194
220800,215,44.256
220810,215,44.3
220820,215,44.244
220830,215,44.181
220840,215,44.225
220850,215,44.288
220860,215,44.281
220870,215,44.206
220880,215,44.231
220890,215,44.3
220900,215,44.269
220910,215,44.213
220920,215,44.181
220930,215,44.238
220940,215,44.306
220950,215,44.281
220960,215,44.156
220970,215,44.25
220980,215,44.313
220990,215,44.294
221000,215,44.238
221010,215,44.225
221020,215,44.294
221030,215,44.281
221040,215,44.181
221050,215,44.238
221060,215,44.306
221070,215,44.281
221080,215,44.2
221090,215,44.244
221100,215,44.275
221110,215,44.319
221120,215,44.219
221130,215,44.2
221140,215,44.25
221150,215,44.3
221160,215,44.269
221170,215,44.213
221180,215,44.244
221190,215,44.325
221200,215,44.294
221210,215,44.206
221220,215,44.181
221230,215,44.244
221240,215,44.306
221250,215,44.25
221260,215,44.225
221270,215,44.288
221280,215,44.313
221290,215,44.25
221300,215,44.188
221310,215,44.25
221320,215,44.3
221330,215,44.288
221340,215,44.213
221350,215,44.263
221360,215,44.294
221370,215,44.244
221380,215,44.231
221390,215,44.25
221400,215,44.331
221410,215,44.288
221420,215,44.238
221430,215,44.244
221440,215,44.344
221450,215,44.344
221460,215,44.275
221470,215,44.238
221480,215,44.3
221490,215,44.319
221500,215,44.25
221510,215,44.188
221520,215,44.25
221530,215,44.319
221540,215,44.269
221550,215,44.219
221560,215,44.269
221570,215,44.331
221580,215,44.306
221590,215,44.231
221600,215,44.225
221610,215,44.281
221620,215,44.375
221630,215,44.319
221640,215,44.225
221650,215,44.269
221660,215,44.331
221670,215,44.3
221680,215,44.225
221690,215,44.219
221700,215,44.281
221710,215,44.269
221720,215,44.194
221730,215,44.263
221740,215,44.338
221750,215,44.338
221760,215,44.238
221770,215,44.275
221780,215,44.356
221790,215,44.35
221800,215,44.269
221810,215,44.244
221820,215,44.294
221830,215,44.381
221840,215,44.325
221850,215,44.231
221860,215,44.281
221870,215,44.331
221880,215,44.3
221890,215,44.231
221900,215,44.231
221910,215,44.3
221920,215,44.375
221930,215,44.313
221940,215,44.219
221950,215,44.256
221960,215,44.344
221970,215,44.294
221980,215,44.225
221990,215,44.269
222000,215,44.369
222010,220,44.344
222020,220,44.306
222030,220,44.275
222040,220,44.369
222050,220,44.375
222060,220,44.313
222070,220,44.263
222080,220,44.325
222090,220,44.444
222100,220,44.463
222110,220,44.406
222120,220,44.363
222130,220,44.363
222140,220,44.381
222150,220,44.444
222160,220,44.381
222170,220,44.375
222180,220,44.313
222190,220,44.388
222200,220,44.45
222210,220,44.45
222220,220,44.381
222230,220,44.356
222240,220,44.331
222250,220,44.394
222260,220,44.456
222270,220,44.481
222280,220,44.413
222290,220,44.313
222300,220,44.363
222310,220,44.463
222320,220,44.45
222330,220,44.419
222340,220,44.35
222350,220,44.313
222360,220,44.375
222370,220,44.425
222380,220,44.375
222390,220,44.331
222400,220,44.369
222410,220,44.419
222420,220,44.488
222430,220,44.413
222440,220,44.413
222450,220,44.331
222460,220,44.356
222470,220,44.438
222480,220,44.438
222490,220,44.406
222500,220,44.406
222510,220,44.35
222520,220,44.388
222530,220,44.475
222540,220,44.469
222550,220,44.413
222560,220,44.313
222570,220,44.369
222580,220,44.425
222590,220,44.463
222600,220,44.431
222610,220,44.4
222620,220,44.306
222630,220,44.369
222640,220,44.419
222650,220,44.475
222660,220,44.425
222670,220,44.338
222680,220,44.375
222690,220,44.413
222700,220,44.431
222710,220,44.431
222720,220,44.344
222730,220,44.381
222740,220,44.475
222750,220,44.438
222760,220,44.413
222770,220,44.344
222780,220,44.325
222790,220,44.388
222800,220,44.444
222810,220,44.463
222820,220,44.419
222830,220,44.344
222840,220,44.375
222850,220,44.406
222860,220,44.488
222870,220,44.431
222880,220,44.438
222890,220,44.331
222900,220,44.388
222910,220,44.419
222920,220,44.519
222930,220,44.444
222940,220,44.381
222950,220,44.363
222960,220,44.388
222970,220,44.5
222980,220,44.463
222990,220,44.456
223000,220,44.356
223010,220,44.381
223020,220,44.425
223030,220,44.463
223040,220,44.475
223050,220,44.425
223060,220,44.4
223070,220,44.45
223080,220,44.513
223090,220,44.45
223100,220,44.381
223110,220,44.375
223120,220,44.388
223130,220,44.488
223140,220,44.488
223150,220,44.431
223160,220,44.356
223170,220,44.381
223180,220,44.406
223190,220,44.506
223200,220,44.413
223210,220,44.413
223220,220,44.363
223230,220,44.388
223240,220,44.456
223250,220,44.45
223260,220,44.413
223270,220,44.388
223280,220,44.375
223290,220,44.394
223300,220,44.513
223310,220,44.425
223320,220,44.425
223330,220,44.363
223340,220,44.388
223350,220,44.463
223360,220,44.456
223370,220,44.413
223380,220,44.363
223390,220,44.425
223400,220,44.45
223410,220,44.438
223420,220,44.381
223430,220,44.338
223440,220,44.394
223450,220,44.456
223460,220,44.494
223470,220,44.419
223480,220,44.375
223490,220,44.394
223500,220,44.394
223510,220,44.45
223520,220,44.463
223530,220,44.444
223540,220,44.363
223550,220,44.394
223560,220,44.419
223570,220,44.5
223580,220,44.456
223590,220,44.388
223600,220,44.381
223610,220,44.394
223620,220,44.456
223630,220,44.469
223640,220,44.419
223650,220,44.381
223660,220,44.406
223670,220,44.425
223680,220,44.5
223690,220,44.481
223700,220,44.425
223710,220,44.375
223720,220,44.425
223730,220,44.538
223740,220,44.481
223750,220,44.375
223760,220,44.4
223770,220,44.444
223780,220,44.55
223790,220,44.475
223800,220,44.444
223810,220,44.356
223820,220,44.413
223830,220,44.488
223840,220,44.538
223850,220,44.481
223860,220,44.438
223870,220,44.413
223880,220,44.413
223890,220,44.506
223900,220,44.519
223910,220,44.456
223920,220,44.413
223930,220,44.413
223940,220,44.456
223950,220,44.513
223960,220,44.463
223970,220,44.45
223980,220,44.363
223990,220,44.406
224000,220,44.525
224010,220,44.538
224020,220,44.475
224030,220,44.45
224040,220,44.369
224050,220,44.431
224060,220,44.469
224070,220,44.469
224080,220,44.369
224090,220,44.406
224100,220,44.481
224110,220,44.5
224120,220,44.463
224130,220,44.388
224140,220,44.375
224150,220,44.444
224160,220,44.531
224170,220,44.481
224180,220,44.425
224190,220,44.331
224200,220,44.394
224210,220,44.456
224220,220,44.525
224230,220,44.413
224240,220,44.425
224250,220,44.369
224260,220,44.425
224270,220,44.513
224280,220,44.488
224290,220,44.463
224300,220,44.35
224310,220,44.388
224320,220,44.438
224330,220,44.513
224340,220,44.463
224350,220,44.425
224360,220,44.356
224370,220,44.419
224380,220,44.531
224390,220,44.538
224400,220,44.388
224410,220,44.375
224420,220,44.469
224430,220,44.519
224440,220,44.456
224450,220,44.456
224460,220,44.394
224470,220,44.4
224480,220,44.463
224490,220,44.488
224500,220,44.469
224510,220,44.363
224520,220,44.375
224530,220,44.463
224540,220,44.481
224550,220,44.481
224560,220,44.438
224570,220,44.369
224580,220,44.4
224590,220,44.475
224600,220,44.513
224610,220,44.469
224620,220,44.388
224630,220,44.363
224640,220,44.438
224650,220,44.481
224660,220,44.456
224670,220,44.394
224680,220,44.331
224690,220,44.394
224700,220,44.456
224710,220,44.519
224720,220,44.481
224730,220,44.444
224740,220,44.425
224750,220,44.538
224760,220,44.475
224770,220,44.425
224780,220,44.381
224790,220,44.4
224800,220,44.488
224810,220,44.513
224820,220,44.469
224830,220,44.375
224840,220,44.394
224850,220,44.381
224860,220,44.513
224870,220,44.5
224880,220,44.475
224890,220,44.363
224900,220,44.4
224910,220,44.481
224920,220,44.513
224930,220,44.463
224940,220,44.419
224950,220,44.394
224960,220,44.444
224970,220,44.513
224980,220,44.513
224990,220,44.469
225000,220,44.331
225010,220,44.4
225020,220,44.469
225030,220,44.525
225040,220,44.475
225050,220,44.444
225060,220,44.394
225070,220,44.456
225080,220,44.475
225090,220,44.45
225100,220,44.369
225110,220,44.406
225120,220,44.475
225130,220,44.544
225140,220,44.469
225150,220,44.381
225160,220,44.4
225170,220,44.419
225180,220,44.544
225190,220,44.494
225200,220,44.475
225210,220,44.369
225220,220,44.406
225230,220,44.475
225240,220,44.525
225250,220,44.475
225260,220,44.463
225270,220,44.375
225280,220,44.431
225290,220,44.494
225300,220,44.506
225310,220,44.475
225320,220,44.388
225330,220,44.394
225340,220,44.463
225350,220,44.519
225360,220,44.494
225370,220,44.425
225380,220,44.363
225390,220,44.4
225400,220,44.481
225410,220,44.475
225420,220,44.369
225430,220,44.394
225440,220,44.469
225450,220,44.55
225460,220,44.488
225470,220,44.456
225480,220,44.363
225490,220,44.4
225500,220,44.481
225510,220,44.525
225520,220,44.475
225530,220,44.388
225540,220,44.4
225550,220,44.475
225560,220,44.525
225570,220,44.481
225580,220,44.475
225590,220,44.419
225600,220,44.419
225610,220,44.475
225620,220,44.519
225630,220,44.456
225640,220,44.394
225650,220,44.388
225660,220,44.475
225670,220,44.55
225680,220,44.5
225690,220,44.481
225700,220,44.406
225710,220,44.419
225720,220,44.469
225730,220,44.531
225740,220,44.456
225750,220,44.4
225760,220,44.481
225770,220,44.531
225780,220,44.488
225790,220,44.469
225800,220,44.406
225810,220,44.413
225820,220,44.525
225830,220,44.538
225840,220,44.475
225850,220,44.444
225860,220,44.4
225870,220,44.419
225880,220,44.481
225890,220,44.5
225900,220,44.481
225910,220,44.413
225920,220,44.444
225930,220,44.519
225940,220,44.544
225950,220,44.488
225960,220,44.475
225970,220,44.413
225980,220,44.425
225990,220,44.525
226000,220,44.519
226010,220,44.481
226020,220,44.419
226030,220,44.431
226040,220,44.494
226050,220,44.544
226060,220,44.5
226070,220,44.494
226080,220,44.469
226090,220,44.544
226100,220,44.538
226110,220,44.475
226120,220,44.444
226130,220,44.419
226140,220,44.481
226150,220,44.525
226160,220,44.538
226170,220,44.475
226180,220,44.419
226190,220,44.469
226200,220,44.531
226210,220,44.563
226220,220,44.525
226230,220,44.494
226240,220,44.419
226250,220,44.456
226260,220,44.494
226270,220,44.538
226280,220,44.488
226290,220,44.45
226300,220,44.431
226310,220,44.494
226320,220,44.563
226330,220,44.531
226340,220,44.481
226350,220,44.431
226360,220,44.438
226370,220,44.494
226380,220,44.544
226390,220,44.5
226400,220,44.5
226410,220,44.431
226420,220,44.481
226430,220,44.556
226440,220,44.513
226450,220,44.456
226460,220,44.444
226470,220,44.525
226480,220,44.556
226490,220,44.494
226500,220,44.488
226510,220,44.431
226520,220,44.475
226530,220,44.494
226540,220,44.556
226550,220,44.488
226560,220,44.475
226570,220,44.438
226580,220,44.506
226590,220,44.563
226600,220,44.525
226610,220,44.5
226620,220,44.419
226630,220,44.438
226640,220,44.494
226650,220,44.563
226660,220,44.5
226670,220,44.475
226680,220,44.413
226690,220,44.444
226700,220,44.538
226710,220,44.513
226720,220,44.475
226730,220,44.413
226740,220,44.425
226750,220,44.513
226760,220,44.488
226770,220,44.456
226780,220,44.431
226790,220,44.444
226800,220,44.506
226810,220,44.55
226820,220,44.506
226830,220,44.406
226840,220,44.469
226850,220,44.525
226860,220,44.563
226870,220,44.494
226880,220,44.469
226890,220,44.419
226900,220,44.438
226910,220,44.5
226920,220,44.575
226930,220,44.494
226940,220,44.463
226950,220,44.475
226960,220,44.531
226970,220,44.563
226980,220,44.488
226990,220,44.481
227000,220,44.425
227010,225,44.431
227020,225,44.506
227030,225,44.575
227040,225,44.525
227050,225,44.563
227060,225,44.475
227070,225,44.544
227080,225,44.569
227090,225,44.663
227100,225,44.575
227110,225,44.6
227120,225,44.538
227130,225,44.606
227140,225,44.625
227150,225,44.694
227160,225,44.688
227170,225,44.669
227180,225,44.625
227190,225,44.606
227200,225,44.563
227210,225,44.619
227220,225,44.638
227230,225,44.688
227240,225,44.713
227250,225,44.625
227260,225,44.65
227270,225,44.581
227280,225,44.613
227290,225,44.638
227300,225,44.681
227310,225,44.675
227320,225,44.688
227330,225,44.656
227340,225,44.644
227350,225,44.55
227360,225,44.613
227370,225,44.638
227380,225,44.669
227390,225,44.725
227400,225,44.619
227410,225,44.663
227420,225,44.606
227430,225,44.613
227440,225,44.65
227450,225,44.731
227460,225,44.619
227470,225,44.663
227480,225,44.588
227490,225,44.581
227500,225,44.619
227510,225,44.681
227520,225,44.663
227530,225,44.675
227540,225,44.619
227550,225,44.606
227560,225,44.569
227570,225,44.575
227580,225,44.606
227590,225,44.675
227600,225,44.738
227610,225,44.675
227620,225,44.669
227630,225,44.631
227640,225,44.569
227650,225,44.6
227660,225,44.644
227670,225,44.738
227680,225,44.675
227690,225,44.681
227700,225,44.663
227710,225,44.625
227720,225,44.544
227730,225,44.613
227740,225,44.631
227750,225,44.675
227760,225,44.625
227770,225,44.663
227780,225,44.556
227790,225,44.6
227800,225,44.631
227810,225,44.669
227820,225,44.725
227830,225,44.663
227840,225,44.669
227850,225,44.6
227860,225,44.569
227870,225,44.6
227880,225,44.625
227890,225,44.731
227900,225,44.706
227910,225,44.65
227920,225,44.663
227930,225,44.606
227940,225,44.594
227950,225,44.6
227960,225,44.675
227970,225,44.7
227980,225,44.731
227990,225,44.663
228000,225,44.656
228010,225,44.55
228020,225,44.6
228030,225,44.6
228040,225,44.713
228050,225,44.744
228060,225,44.694
228070,225,44.663
228080,225,44.681
228090,225,44.619
228100,225,44.638
228110,225,44.7
228120,225,44.663
228130,225,44.65
228140,225,44.65
228150,225,44.581
228160,225,44.588
228170,225,44.613
228180,225,44.656
228190,225,44.719
228200,225,44.706
228210,225,44.681
228220,225,44.65
228230,225,44.563
228240,225,44.6
228250,225,44.619
228260,225,44.719
228270,225,44.75
228280,225,44.7
228290,225,44.675
228300,225,44.688
228310,225,44.619
228320,225,44.594
228330,225,44.625
228340,225,44.669
228350,225,44.756
228360,225,44.719
228370,225,44.694
228380,225,44.638
228390,225,44.613
228400,225,44.606
228410,225,44.625
228420,225,44.731
228430,225,44.713
228440,225,44.65
228450,225,44.606
228460,225,44.619
228470,225,44.613
228480,225,44.719
228490,225,44.738
228500,225,44.725
228510,225,44.669
228520,225,44.675
228530,225,44.6
228540,225,44.625
228550,225,44.625
228560,225,44.675
228570,225,44.725
228580,225,44.7
228590,225,44.681
228600,225,44.638
228610,225,44.575
228620,225,44.681
228630,225,44.638
228640,225,44.738
228650,225,44.75
228660,225,44.694
228670,225,44.675
228680,225,44.638
228690,225,44.594
228700,225,44.613
228710,225,44.675
228720,225,44.688
228730,225,44.75
228740,225,44.694
228750,225,44.681
228760,225,44.681
228770,225,44.694
228780,225,44.719
228790,225,44.75
228800,225,44.713
228810,225,44.694
228820,225,44.644
228830,225,44.619
228840,225,44.694
228850,225,44.675
228860,225,44.738
228870,225,44.744
228880,225,44.7
228890,225,44.7
228900,225,44.663
228910,225,44.613
228920,225,44.631
228930,225,44.688
228940,225,44.719
228950,225,44.75
228960,225,44.706
228970,225,44.694
228980,225,44.656
228990,225,44.625
229000,225,44.688
229010,225,44.681
229020,225,44.744
229030,225,44.738
229040,225,44.694
229050,225,44.681
229060,225,44.688
229070,225,44.613
229080,225,44.619
229090,225,44.694
229100,225,44.694
229110,225,44.681
229120,225,44.688
229130,225,44.619
229140,225,44.631
229150,225,44.65
229160,225,44.688
229170,225,44.75
229180,225,44.7
229190,225,44.694
229200,225,44.619
229210,225,44.619
229220,225,44.681
229230,225,44.663
229240,225,44.756
229250,225,44.75
229260,225,44.688
229270,225,44.713
229280,225,44.638
229290,225,44.638
229300,225,44.638
229310,225,44.713
229320,225,44.738
229330,225,44.769
229340,225,44.688
229350,225,44.7
229360,225,44.644
229370,225,44.644
229380,225,44.706
229390,225,44.713
229400,225,44.769
229410,225,44.769
229420,225,44.744
229430,225,44.713
229440,225,44.694
229450,225,44.713
229460,225,44.769
229470,225,44.756
229480,225,44.744
229490,225,44.694
229500,225,44.688
229510,225,44.631
229520,225,44.625
229530,225,44.706
229540,225,44.694
229550,225,44.763
229560,225,44.694
229570,225,44.688
229580,225,44.625
229590,225,44.638
229600,225,44.7
229610,225,44.706
229620,225,44.769
229630,225,44.781
229640,225,44.744
229650,225,44.713
229660,225,44.669
229670,225,44.644
229680,225,44.644
229690,225,44.713
229700,225,44.75
229710,225,44.788
229720,225,44.713
229730,225,44.713
229740,225,44.638
229750,225,44.656
229760,225,44.713
229770,225,44.738
229780,225,44.744
229790,225,44.738
229800,225,44.694
229810,225,44.663
229820,225,44.713
229830,225,44.725
229840,225,44.781
229850,225,44.781
229860,225,44.75
229870,225,44.713
229880,225,44.688
229890,225,44.638
229900,225,44.656
229910,225,44.725
229920,225,44.756
229930,225,44.8
229940,225,44.769
229950,225,44.763
229960,225,44.706
229970,225,44.688
229980,225,44.731
229990,225,44.731
230000,225,44.781
230010,225,44.788
230020,225,44.794
230030,225,44.719
230040,225,44.719
230050,225,44.656
230060,225,44.656
230070,225,44.731
230080,225,44.769
230090,225,44.794
230100,225,44.756
230110,225,44.7
230120,225,44.65
230130,225,44.713
230140,225,44.719
230150,225,44.794
230160,225,44.794
230170,225,44.713
230180,225,44.756
230190,225,44.656
230200,225,44.713
230210,225,44.7
230220,225,44.763
230230,225,44.775
230240,225,44.794
230250,225,44.731
230260,225,44.725
230270,225,44.669
230280,225,44.656
230290,225,44.719
230300,225,44.731
230310,225,44.794
230320,225,44.8
230330,225,44.738
230340,225,44.763
230350,225,44.663
230360,225,44.731
230370,225,44.731
230380,225,44.794
230390,225,44.788
230400,225,44.794
230410,225,44.725
230420,225,44.731
230430,225,44.663
230440,225,44.675
230450,225,44.756
230460,225,44.788
230470,225,44.719
230480,225,44.731
230490,225,44.656
230500,225,44.656
230510,225,44.713
230520,225,44.725
230530,225,44.781
230540,225,44.769
230550,225,44.706
230560,225,44.738
230570,225,44.656
230580,225,44.681
230590,225,44.706
230600,225,44.769
230610,225,44.788
230620,225,44.781
230630,225,44.725
230640,225,44.725
230650,225,44.688
230660,225,44.663
230670,225,44.719
230680,225,44.738
230690,225,44.775
230700,225,44.775
230710,225,44.713
230720,225,44.775
230730,225,44.675
230740,225,44.7
230750,225,44.738
230760,225,44.756
230770,225,44.788
230780,225,44.806
230790,225,44.694
230800,225,44.656
230810,225,44.706
230820,225,44.75
230830,225,44.788
230840,225,44.8
230850,225,44.8
230860,225,44.738
230870,225,44.738
230880,225,44.675
230890,225,44.688
230900,225,44.731
230910,225,44.781
230920,225,44.8
230930,225,44.781
230940,225,44.763
230950,225,44.744
230960,225,44.669
230970,225,44.731
230980,225,44.731
230990,225,44.788
231000,225,44.788
231010,225,44.756
231020,225,44.719
231030,225,44.719
231040,225,44.656
231050,225,44.688
231060,225,44.725
231070,225,44.744
231080,225,44.8
231090,225,44.75
231100,225,44.744
231110,225,44.775
231120,225,44.694
231130,225,44.75
231140,225,44.781
231150,225,44.825
231160,225,44.731
231170,225,44.763
231180,225,44.681
231190,225,44.7
231200,225,44.744
231210,225,44.75
231220,225,44.794
231230,225,44.794
231240,225,44.781
231250,225,44.713
231260,225,44.719
231270,225,44.656
231280,225,44.731
231290,225,44.725
231300,225,44.794
231310,225,44.794
231320,225,44.731
231330,225,44.75
231340,225,44.7
231350,225,44.725
231360,225,44.738
231370,225,44.763
231380,225,44.8
231390,225,44.806
231400,225,44.775
231410,225,44.719
231420,225,44.706
231430,225,44.663
231440,225,44.731
231450,225,44.744
231460,225,44.794
231470,225,44.744
231480,225,44.775
231490,225,44.694
231500,225,44.719
231510,225,44.756
231520,225,44.781
231530,225,44.838
231540,225,44.863
231550,225,44.775
231560,225,44.8
231570,225,44.7
231580,225,44.713
231590,225,44.731
231600,225,44.775
231610,225,44.85
231620,225,44.819
231630,225,44.788
231640,225,44.756
231650,225,44.744
231660,225,44.669
231670,225,44.744
231680,225,44.75
231690,225,44.813
231700,225,44.831
231710,225,44.769
231720,225,44.75
231730,225,44.725
231740,225,44.675
231750,225,44.744
231760,225,44.744
231770,225,44.794
231780,225,44.8
231790,225,44.788
231800,225,44.694
231810,225,44.756
231820,225,44.738
231830,225,44.806
231840,225,44.8
231850,225,44.813
231860,225,44.794
231870,225,44.775
231880,225,44.688
231890,225,44.681
231900,225,44.731
231910,225,44.781
231920,225,44.8
231930,225,44.856
231940,225,44.744
231950,225,44.775
231960,225,44.688
231970,225,44.731
231980,225,44.738
231990,225,44.794
232000,225,44.825
232010,230,44.813
232020,230,44.825
232030,230,44.819
232040,230,44.806
232050,230,44.813
232060,230,44.8
232070,230,44.819
232080,230,44.888
232090,230,44.9
232100,230,44.95
232110,230,44.981
232120,230,45.038
232130,230,44.988
232140,230,44.969
232150,230,44.888
232160,230,44.881
232170,230,44.869
232180,230,44.931
232190,230,44.95
232200,230,44.956
232210,230,45.019
232220,230,45.013
232230,230,45.094
232240,230,45.025
232250,230,44.956
232260,230,45.019
232270,230,45.013
232280,230,44.95
232290,230,44.906
232300,230,44.975
232310,230,44.969
232320,230,44.963
232330,230,44.994
232340,230,45.106
232350,230,45.044
232360,230,45.044
232370,230,45.044
232380,230,45.044
232390,230,45.006
232400,230,45.013
232410,230,45.019
232420,230,44.95
232430,230,44.906
232440,230,44.975
232450,230,44.981
232460,230,45.006
232470,230,45.05
232480,230,45.056
232490,230,45.05
232500,230,45
232510,230,45.025
232520,230,45.006
232530,230,44.931
232540,230,44.913
232550,230,44.988
232560,230,44.975
232570,230,44.981
232580,230,45.025
232590,230,45.044
232600,230,45.05
232610,230,45.106
232620,230,45.05
232630,230,44.975
232640,230,45.05
232650,230,45.031
232660,230,44.963
232670,230,44.913
232680,230,44.981
232690,230,44.969
232700,230,44.969
232710,230,45.025
232720,230,45.075
232730,230,45.044
232740,230,45.031
232750,230,45.038
232760,230,45.038
232770,230,44.981
232780,230,45.031
232790,230,45.05
232800,230,44.963
232810,230,44.969
232820,230,45.025
232830,230,45.038
232840,230,45.038
232850,230,45.044
232860,230,45.038
232870,230,45.006
232880,230,44.956
232890,230,45.031
232900,230,44.969
232910,230,44.894
232920,230,44.9
232930,230,44.969
232940,230,44.963
232950,230,44.956
232960,230,45.038
232970,230,45.013
232980,230,45.081
232990,230,45.088
233000,230,45.031
233010,230,44.969
233020,230,45.031
233030,230,44.981
233040,230,44.919
233050,230,44.919
233060,230,44.938
233070,230,44.944
233080,230,44.963
233090,230,45.031
233100,230,45.038
233110,230,45.025
233120,230,45.031
233130,230,45.044
233140,230,44.975
233150,230,44.906
233160,230,44.963
233170,230,44.969
233180,230,44.956
233190,230,44.981
233200,230,45.069
233210,230,45.025
233220,230,45.031
233230,230,45.031
233240,230,45.019
233250,230,44.975
233260,230,45
233270,230,45.006
233280,230,44.938
233290,230,44.9
233300,230,44.95
233310,230,44.956
233320,230,44.969
233330,230,45.038
233340,230,45.006
233350,230,45.056
233360,230,45.081
233370,230,45.069
233380,230,45
233390,230,45.006
233400,230,45.025
233410,230,44.969
233420,230,44.931
233430,230,44.963
233440,230,44.963
233450,230,44.956
233460,230,44.969
233470,230,45.038
233480,230,45.069
233490,230,45.038
233500,230,45.025
233510,230,45.031
233520,230,45.025
233530,230,44.913
233540,230,44.975
233550,230,44.981
233560,230,44.963
233570,230,44.975
233580,230,45.069
233590,230,45.094
233600,230,45.025
233610,230,45.1
233620,230,45.081
233630,230,45.044
233640,230,45.05
233650,230,45.038
233660,230,45.05
233670,230,44.975
233680,230,44.963
233690,230,44.963
233700,230,44.975
233710,230,44.969
233720,230,45.044
233730,230,45.038
233740,230,45.081
233750,230,45.094
233760,230,45.031
233770,230,45.013
233780,230,45.025
233790,230,45.019
233800,230,44.969
233810,230,44.913
233820,230,44.981
233830,230,45.025
233840,230,45.038
233850,230,45.075
233860,230,45.081
233870,230,45.031
233880,230,45.031
233890,230,45.031
233900,230,45.031
233910,230,44.95
233920,230,44.913
233930,230,44.956
233940,230,44.956
233950,230,44.975
233960,230,45.013
233970,230,45.106
233980,230,45.063
233990,230,45.056
234000,230,45.081
234010,230,45.019
234020,230,45.038
234030,230,45.038
234040,230,45.05
234050,230,44.975
234060,230,44.975
234070,230,44.981
234080,230,44.963
234090,230,44.988
234100,230,45.056
234110,230,45.044
234120,230,45.081
234130,230,45.113
234140,230,45.094
234150,230,45.031
234160,230,44.95
234170,230,44.963
234180,230,44.975
234190,230,44.963
234200,230,44.95
234210,230,45.038
234220,230,45.025
234230,230,45.1
234240,230,45.088
234250,230,45.094
234260,230,45.056
234270,230,45.031
234280,230,45.038
234290,230,45.038
234300,230,44.956
234310,230,44.95
234320,230,44.963
234330,230,45
234340,230,44.95
234350,230,45
234360,230,45.1
234370,230,45.1
234380,230,45.1
234390,230,45.1
234400,230,45.013
234410,230,45.031
234420,230,45.025
234430,230,45.031
234440,230,44.988
234450,230,44.963
234460,230,44.956
234470,230,44.956
234480,230,44.975
234490,230,45.094
234500,230,45.075
234510,230,45.044
234520,230,45.013
234530,230,45.013
234540,230,45.006
234550,230,44.956
234560,230,44.956
234570,230,44.956
234580,230,44.956
234590,230,44.95
234600,230,45.031
234610,230,45.013
234620,230,45.038
234630,230,45.069
234640,230,45.075
234650,230,45.006
234660,230,44.988
234670,230,45.006
234680,230,44.988
234690,230,44.956
234700,230,44.963
234710,230,44.969
234720,230,44.956
234730,230,44.95
234740,230,45
234750,230,45.081
234760,230,45.081
234770,230,45.088
234780,230,45.081
234790,230,45.025
234800,230,45.019
234810,230,45.031
234820,230,45.038
234830,230,45.025
234840,230,44.956
234850,230,45.019
234860,230,45.075
234870,230,45.088
234880,230,45.088
234890,230,45.106
234900,230,45.094
234910,230,45.038
234920,230,45.031
234930,230,45.025
234940,230,44.988
234950,230,44.944
234960,230,44.956
234970,230,44.969
234980,230,44.956
234990,230,45.038
235000,230,45.031
235010,230,45.069
235020,230,45.094
235030,230,45.094
235040,230,45.094
235050,230,45.05
235060,230,45.019
235070,230,45.069
235080,230,45.056
235090,230,44.95
235100,230,44.956
235110,230,44.969
235120,230,45.006
235130,230,45
235140,230,44.988
235150,230,45.069
235160,230,45.044
235170,230,45.019
235180,230,45.025
235190,230,45.069
235200,230,45.013
235210,230,44.963
235220,230,44.944
235230,230,44.975
235240,230,44.981
235250,230,44.969
235260,230,45.031
235270,230,45.081
235280,230,45.088
235290,230,45.094
235300,230,45.081
235310,230,45.05
235320,230,45.025
235330,230,45.013
235340,230,45.019
235350,230,45.013
235360,230,44.969
235370,230,44.969
235380,230,44.975
235390,230,44.969
235400,230,45.031
235410,230,45.031
235420,230,45.056
235430,230,45.081
235440,230,45.106
235450,230,45.094
235460,230,45.038
235470,230,45.025
235480,230,45.069
235490,230,45.063
235500,230,44.975
235510,230,45.038
235520,230,45.044
235530,230,45.031
235540,230,45.094
235550,230,45.094
235560,230,45.106
235570,230,45.075
235580,230,45.031
235590,230,45.025
235600,230,45.075
235610,230,45.063
235620,230,44.975
235630,230,44.969
235640,230,45.031
235650,230,45.044
235660,230,45.05
235670,230,45.056
235680,230,45.106
235690,230,45.106
235700,230,45.1
235710,230,45.1
235720,230,45.056
235730,230,45.038
235740,230,45.025
235750,230,45.019
235760,230,44.969
235770,230,44.969
235780,230,44.981
235790,230,44.975
235800,230,45.013
235810,230,45.05
235820,230,45.044
235830,230,45.081
235840,230,45.038
235850,230,45.044
235860,230,45.069
235870,230,45.069
235880,230,44.988
235890,230,44.994
235900,230,45.006
235910,230,44.994
235920,230,45.075
235930,230,45.069
235940,230,45.081
235950,230,45.125
235960,230,45.131
235970,230,45.131
235980,230,45.106
235990,230,45.05
236000,230,45.1
236010,230,45.131
236020,230,45.019
236030,230,44.981
236040,230,45.025
236050,230,45.069
236060,230,45.05
236070,230,45.063
236080,230,45.106
236090,230,45.131
236100,230,45.144
236110,230,45.15
236120,230,45.15
236130,230,45.131
236140,230,45.056
236150,230,45.056
236160,230,45.131
236170,230,45.088
236180,230,45.075
236190,230,45.106
236200,230,45.131
236210,230,45.131
236220,230,45.156
236230,230,45.144
236240,230,45.144
236250,230,45.106
236260,230,45.075
236270,230,45.094
236280,230,45.075
236290,230,45.056
236300,230,45.013
236310,230,45.006
236320,230,45.063
236330,230,45.075
236340,230,45.075
236350,230,45.15
236360,230,45.144
236370,230,45.144
236380,230,45.194
236390,230,45.138
236400,230,45.094
236410,230,45.081
236420,230,45.138
236430,230,45.1
236440,230,45
236450,230,45
236460,230,45.069
236470,230,45.081
236480,230,45.075
236490,230,45.081
236500,230,45.131
236510,230,45.125
236520,230,45.075
236530,230,45.075
236540,230,45.144
236550,230,45.075
236560,230,45.006
236570,230,45.038
236580,230,45.075
236590,230,45.075
236600,230,45.081
236610,230,45.088
236620,230,45.131
236630,230,45.144
236640,230,45.163
236650,230,45.144
236660,230,45.144
236670,230,45.125
236680,230,45.075
236690,230,45.088
236700,230,45.081
236710,230,45.031
236720,230,45.013
236730,230,44.994
236740,230,45.063
236750,230,45.069
236760,230,45.088
236770,230,45.156
236780,230,45.138
236790,230,45.144
236800,230,45.144
236810,230,45.144
236820,230,45.088
236830,230,45.125
236840,230,45.038
236850,230,45.056
236860,230,45.069
236870,230,45.081
236880,230,45.119
236890,230,45.163
236900,230,45.163
236910,230,45.156
236920,230,45.144
236930,230,45.081
236940,230,45.081
236950,230,45.131
236960,230,45.113
236970,230,45.025
236980,230,44.994
236990,230,45.063
237000,230,45.069
237010,235,45.075
237020,235,45.094
237030,235,45.2
237040,235,45.225
237050,235,45.231
237060,235,45.231
237070,235,45.288
237080,235,45.288
237090,235,45.275
237100,235,45.294
237110,235,45.281
237120,235,45.319
237130,235,45.294
237140,235,45.294
237150,235,45.3
237160,235,45.3
237170,235,45.294
237180,235,45.225
237190,235,45.306
237200,235,45.3
237210,235,45.288
237220,235,45.288
237230,235,45.294
237240,235,45.288
237250,235,45.281
237260,235,45.288
237270,235,45.313
237280,235,45.35
237290,235,45.325
237300,235,45.4
237310,235,45.4
237320,235,45.4
237330,235,45.406
237340,235,45.394
237350,235,45.394
237360,235,45.406
237370,235,45.394
237380,235,45.4
237390,235,45.406
237400,235,45.388
237410,235,45.413
237420,235,45.356
237430,235,45.35
237440,235,45.344
237450,235,45.35
237460,235,45.35
237470,235,45.338
237480,235,45.325
237490,235,45.344
237500,235,45.35
237510,235,45.319
237520,235,45.281
237530,235,45.294
237540,235,45.275
237550,235,45.275
237560,235,45.269
237570,235,45.269
237580,235,45.313
237590,235,45.338
237600,235,45.338
237610,235,45.406
237620,235,45.406
237630,235,45.4
237640,235,45.388
237650,235,45.325
237660,235,45.331
237670,235,45.338
237680,235,45.4
237690,235,45.4
237700,235,45.4
237710,235,45.325
237720,235,45.331
237730,235,45.331
237740,235,45.319
237750,235,45.331
237760,235,45.331
237770,235,45.35
237780,235,45.344
237790,235,45.338
237800,235,45.338
237810,235,45.325
237820,235,45.325
237830,235,45.338
237840,235,45.313
237850,235,45.269
237860,235,45.263
237870,235,45.281
237880,235,45.269
237890,235,45.338
237900,235,45.344
237910,235,45.381
237920,235,45.394
237930,235,45.413
237940,235,45.381
237950,235,45.331
237960,235,45.331
237970,235,45.319
237980,235,45.325
237990,235,45.35
238000,235,45.4
238010,235,45.394
238020,235,45.325
238030,235,45.325
238040,235,45.325
238050,235,45.325
238060,235,45.313
238070,235,45.3
238080,235,45.325
238090,235,45.325
238100,235,45.331
238110,235,45.331
238120,235,45.3
238130,235,45.313
238140,235,45.269
238150,235,45.244
238160,235,45.231
238170,235,45.244
238180,235,45.263
238190,235,45.3
238200,235,45.319
238210,235,45.319
238220,235,45.331
238230,235,45.356
238240,235,45.369
238250,235,45.356
238260,235,45.344
238270,235,45.281
238280,235,45.294
238290,235,45.375
238300,235,45.369
238310,235,45.363
238320,235,45.356
238330,235,45.3
238340,235,45.3
238350,235,45.3
238360,235,45.3
238370,235,45.306
238380,235,45.306
238390,235,45.313
238400,235,45.294
238410,235,45.288
238420,235,45.294
238430,235,45.275
238440,235,45.225
238450,235,45.244
238460,235,45.244
238470,235,45.2
238480,235,45.169
238490,235,45.231
238500,235,45.25
238510,235,45.25
238520,235,45.325
238530,235,45.381
238540,235,45.381
238550,235,45.319
238560,235,45.313
238570,235,45.306
238580,235,45.319
238590,235,45.369
238600,235,45.369
238610,235,45.363
238620,235,45.325
238630,235,45.3
238640,235,45.288
238650,235,45.288
238660,235,45.306
238670,235,45.3
238680,235,45.313
238690,235,45.306
238700,235,45.313
238710,235,45.325
238720,235,45.306
238730,235,45.313
238740,235,45.306
238750,235,45.244
238760,235,45.238
238770,235,45.231
238780,235,45.244
238790,235,45.244
238800,235,45.25
238810,235,45.25
238820,235,45.244
238830,235,45.231
238840,235,45.238
238850,235,45.256
238860,235,45.313
238870,235,45.288
238880,235,45.288
238890,235,45.306
238900,235,45.363
238910,235,45.369
238920,235,45.325
238930,235,45.319
238940,235,45.306
238950,235,45.3
238960,235,45.319
238970,235,45.294
238980,235,45.288
238990,235,45.306
239000,235,45.294
239010,235,45.306
239020,235,45.3
239030,235,45.238
239040,235,45.225
239050,235,45.219
239060,235,45.181
239070,235,45.238
239080,235,45.213
239090,235,45.231
239100,235,45.231
239110,235,45.238
239120,235,45.238
239130,235,45.225
239140,235,45.225
239150,235,45.231
239160,235,45.244
239170,235,45.306
239180,235,45.3
239190,235,45.306
239200,235,45.319
239210,235,45.281
239220,235,45.3
239230,235,45.3
239240,235,45.306
239250,235,45.238
239260,235,45.288
239270,235,45.294
239280,235,45.294
239290,235,45.288
239300,235,45.281
239310,235,45.231
239320,235,45.244
239330,235,45.231
239340,235,45.188
239350,235,45.163
239360,235,45.225
239370,235,45.213
239380,235,45.238
239390,235,45.25
239400,235,45.238
239410,235,45.238
239420,235,45.244
239430,235,45.275
239440,235,45.306
239450,235,45.3
239460,235,45.313
239470,235,45.294
239480,235,45.306
239490,235,45.313
239500,235,45.35
239510,235,45.388
239520,235,45.388
239530,235,45.319
239540,235,45.294
239550,235,45.313
239560,235,45.306
239570,235,45.313
239580,235,45.238
239590,235,45.238
239600,235,45.244
239610,235,45.238
239620,235,45.231
239630,235,45.225
239640,235,45.244
239650,235,45.244
239660,235,45.25
239670,235,45.238
239680,235,45.238
239690,235,45.244
239700,235,45.288
239710,235,45.313
239720,235,45.306
239730,235,45.306
239740,235,45.325
239750,235,45.313
239760,235,45.325
239770,235,45.363
239780,235,45.375
239790,235,45.369
239800,235,45.356
239810,235,45.375
239820,235,45.331
239830,235,45.325
239840,235,45.313
239850,235,45.325
239860,235,45.319
239870,235,45.25
239880,235,45.281
239890,235,45.269
239900,235,45.263
239910,235,45.256
239920,235,45.263
239930,235,45.256
239940,235,45.256
239950,235,45.281
239960,235,45.269
239970,235,45.275
239980,235,45.313
239990,235,45.35
240000,235,45.331
240010,235,45.344
240020,235,45.338
240030,235,45.338
240040,235,45.388
240050,235,45.381
240060,235,45.381
240070,235,45.375
240080,235,45.381
240090,235,45.394
240100,235,45.388
240110,235,45.394
240120,235,45.394
240130,235,45.294
240140,235,45.3
240150,235,45.313
240160,235,45.306
240170,235,45.313
240180,235,45.319
240190,235,45.325
240200,235,45.281
240210,235,45.256
240220,235,45.25
240230,235,45.269
240240,235,45.275
240250,235,45.325
240260,235,45.325
240270,235,45.325
240280,235,45.319
240290,235,45.331
240300,235,45.325
240310,235,45.319
240320,235,45.325
240330,235,45.325
240340,235,45.388
240350,235,45.388
240360,235,45.394
240370,235,45.394
240380,235,45.394
240390,235,45.394
240400,235,45.375
240410,235,45.394
240420,235,45.4
240430,235,45.344
240440,235,45.338
240450,235,45.338
240460,235,45.331
240470,235,45.338
240480,235,45.325
240490,235,45.344
240500,235,45.344
240510,235,45.369
240520,235,45.394
240530,235,45.356
240540,235,45.281
240550,235,45.269
240560,235,45.275
240570,235,45.269
240580,235,45.313
240590,235,45.319
240600,235,45.344
240610,235,45.35
240620,235,45.331
240630,235,45.338
240640,235,45.338
240650,235,45.338
240660,235,45.388
240670,235,45.413
240680,235,45.419
240690,235,45.406
240700,235,45.419
240710,235,45.394
240720,235,45.4
240730,235,45.413
240740,235,45.4
240750,235,45.363
240760,235,45.356
240770,235,45.363
240780,235,45.369
240790,235,45.338
240800,235,45.331
240810,235,45.363
240820,235,45.406
240830,235,45.419
240840,235,45.4
240850,235,45.4
240860,235,45.338
240870,235,45.325
240880,235,45.325
240890,235,45.325
240900,235,45.325
240910,235,45.338
240920,235,45.331
240930,235,45.344
240940,235,45.325
240950,235,45.331
240960,235,45.35
240970,235,45.344
240980,235,45.4
240990,235,45.425
241000,235,45.419
241010,235,45.406
241020,235,45.4
241030,235,45.4
241040,235,45.419
241050,235,45.4
241060,235,45.419
241070,235,45.413
241080,235,45.344
241090,235,45.356
241100,235,45.35
241110,235,45.363
241120,235,45.344
241130,235,45.331
241140,235,45.356
241150,235,45.406
241160,235,45.419
241170,235,45.406
241180,235,45.356
241190,235,45.35
241200,235,45.344
241210,235,45.338
241220,235,45.363
241230,235,45.381
241240,235,45.363
241250,235,45.356
241260,235,45.35
241270,235,45.369
241280,235,45.35
241290,235,45.406
241300,235,45.438
241310,235,45.425
241320,235,45.438
241330,235,45.431
241340,235,45.425
241350,235,45.419
241360,235,45.413
241370,235,45.425
241380,235,45.419
241390,235,45.494
241400,235,45.481
241410,235,45.419
241420,235,45.425
241430,235,45.438
241440,235,45.425
241450,235,45.4
241460,235,45.356
241470,235,45.356
241480,235,45.356
241490,235,45.35
241500,235,45.394
241510,235,45.425
241520,235,45.431
241530,235,45.431
241540,235,45.45
241550,235,45.306
241560,235,45.288
241570,235,45.35
241580,235,45.356
241590,235,45.363
241600,235,45.356
241610,235,45.356
241620,235,45.381
241630,235,45.381
241640,235,45.369
241650,235,45.375
241660,235,45.4
241670,235,45.444
241680,235,45.463
241690,235,45.456
241700,235,45.475
241710,235,45.463
241720,235,45.456
241730,235,45.456
241740,235,45.463
241750,235,45.456
241760,235,45.469
241770,235,45.463
241780,235,45.463
241790,235,45.45
241800,235,45.406
241810,235,45.413
241820,235,45.4
241830,235,45.406
241840,235,45.4
241850,235,45.419
241860,235,45.475
241870,235,45.475
241880,235,45.425
241890,235,45.35
241900,235,45.381
241910,235,45.4
241920,235,45.406
241930,235,45.413
241940,235,45.388
241950,235,45.406
241960,235,45.394
241970,235,45.381
241980,235,45.4
241990,235,45.381
242000,235,45.438
242010,240,45.481
242020,240,45.481
242030,240,45.469
242040,240,45.506
242050,240,45.55
242060,240,45.544
242070,240,45.55
242080,240,45.556
242090,240,45.531
242100,240,45.556
242110,240,45.625
242120,240,45.644
242130,240,45.631
242140,240,45.625
242150,240,45.625
242160,240,45.619
242170,240,45.631
242180,240,45.631
242190,240,45.631
242200,240,45.619
242210,240,45.644
242220,240,45.631
242230,240,45.631
242240,240,45.638
242250,240,45.65
242260,240,45.638
242270,240,45.638
242280,240,45.619
242290,240,45.644
242300,240,45.638
242310,240,45.638
242320,240,45.65
242330,240,45.65
242340,240,45.663
242350,240,45.65
242360,240,45.681
242370,240,45.7
242380,240,45.713
242390,240,45.719
242400,240,45.725
242410,240,45.731
242420,240,45.725
242430,240,45.738
242440,240,45.719
242450,240,45.713
242460,240,45.713
242470,240,45.713
242480,240,45.713
242490,240,45.763
242500,240,45.763
242510,240,45.781
242520,240,45.763
242530,240,45.775
242540,240,45.775
242550,240,45.775
242560,240,45.694
242570,240,45.694
242580,240,45.694
242590,240,45.694
242600,240,45.706
242610,240,45.769
242620,240,45.75
242630,240,45.763
242640,240,45.763
242650,240,45.719
242660,240,45.7
242670,240,45.763
242680,240,45.756
242690,240,45.75
242700,240,45.763
242710,240,45.756
242720,240,45.763
242730,240,45.775
242740,240,45.688
242750,240,45.7
242760,240,45.706
242770,240,45.631
242780,240,45.631
242790,240,45.644
242800,240,45.706
242810,240,45.713
242820,240,45.713
242830,240,45.719
242840,240,45.644
242850,240,45.656
242860,240,45.638
242870,240,45.631
242880,240,45.65
242890,240,45.65
242900,240,45.638
242910,240,45.638
242920,240,45.638
242930,240,45.631
242940,240,45.644
242950,240,45.638
242960,240,45.65
242970,240,45.681
242980,240,45.7
242990,240,45.725
243000,240,45.706
243010,240,45.713
243020,240,45.713
243030,240,45.713
243040,240,45.713
243050,240,45.706
243060,240,45.719
243070,240,45.719
243080,240,45.713
243090,240,45.775
243100,240,45.781
243110,240,45.781
243120,240,45.775
243130,240,45.781
243140,240,45.775
243150,240,45.788
243160,240,45.775
243170,240,45.75
243180,240,45.769
243190,240,45.775
243200,240,45.763
243210,240,45.781
243220,240,45.788
243230,240,45.788
243240,240,45.781
243250,240,45.781
243260,240,45.794
243270,240,45.788
243280,240,45.781
243290,240,45.794
243300,240,45.769
243310,240,45.725
243320,240,45.725
243330,240,45.738
243340,240,45.731
243350,240,45.75
243360,240,45.738
243370,240,45.681
243380,240,45.675
243390,240,45.681
243400,240,45.65
243410,240,45.656
243420,240,45.656
243430,240,45.675
243440,240,45.663
243450,240,45.663
243460,240,45.65
243470,240,45.65
243480,240,45.7
243490,240,45.719
243500,240,45.725
243510,240,45.738
243520,240,45.725
243530,240,45.731
243540,240,45.738
243550,240,45.719
243560,240,45.706
243570,240,45.644
243580,240,45.65
243590,240,45.719
243600,240,45.731
243610,240,45.763
243620,240,45.781
243630,240,45.763
243640,240,45.713
243650,240,45.719
243660,240,45.719
243670,240,45.719
243680,240,45.713
243690,240,45.713
243700,240,45.719
243710,240,45.781
243720,240,45.775
243730,240,45.769
243740,240,45.769
243750,240,45.781
243760,240,45.775
243770,240,45.781
243780,240,45.788
243790,240,45.781
243800,240,45.769
243810,240,45.775
243820,240,45.756
243830,240,45.7
243840,240,45.719
243850,240,45.7
243860,240,45.713
243870,240,45.713
243880,240,45.719
243890,240,45.738
243900,240,45.756
243910,240,45.788
243920,240,45.769
243930,240,45.725
243940,240,45.7
243950,240,45.706
243960,240,45.719
243970,240,45.731
243980,240,45.731
243990,240,45.731
244000,240,45.719
244010,240,45.713
244020,240,45.663
244030,240,45.656
244040,240,45.713
244050,240,45.725
244060,240,45.719
244070,240,45.788
244080,240,45.788
244090,240,45.781
244100,240,45.744
244110,240,45.706
244120,240,45.719
244130,240,45.725
244140,240,45.775
244150,240,45.794
244160,240,45.788
244170,240,45.8
244180,240,45.794
244190,240,45.781
244200,240,45.769
244210,240,45.794
244220,240,45.788
244230,240,45.806
244240,240,45.781
244250,240,45.788
244260,240,45.788
244270,240,45.775
244280,240,45.781
244290,240,45.781
244300,240,45.781
244310,240,45.775
244320,240,45.775
244330,240,45.769
244340,240,45.781
244350,240,45.775
244360,240,45.725
244370,240,45.706
244380,240,45.731
244390,240,45.681
244400,240,45.681
244410,240,45.713
244420,240,45.713
244430,240,45.706
244440,240,45.706
244450,240,45.713
244460,240,45.656
244470,240,45.631
244480,240,45.638
244490,240,45.631
244500,240,45.638
244510,240,45.638
244520,240,45.681
244530,240,45.694
244540,240,45.706
244550,240,45.75
244560,240,45.738
244570,240,45.675
244580,240,45.638
244590,240,45.638
244600,240,45.7
244610,240,45.706
244620,240,45.7
244630,240,45.713
244640,240,45.713
244650,240,45.688
244660,240,45.706
244670,240,45.706
244680,240,45.7
244690,240,45.706
244700,240,45.706
244710,240,45.706
244720,240,45.719
244730,240,45.706
244740,240,45.706
244750,240,45.7
244760,240,45.763
244770,240,45.763
244780,240,45.775
244790,240,45.781
244800,240,45.706
244810,240,45.713
244820,240,45.731
244830,240,45.775
244840,240,45.763
244850,240,45.763
244860,240,45.769
244870,240,45.781
244880,240,45.769
244890,240,45.756
244900,240,45.725
244910,240,45.756
244920,240,45.775
244930,240,45.775
244940,240,45.738
244950,240,45.706
244960,240,45.713
244970,240,45.706
244980,240,45.719
244990,240,45.719
245000,240,45.725
245010,240,45.713
245020,240,45.675
245030,240,45.663
245040,240,45.65
245050,240,45.638
245060,240,45.638
245070,240,45.65
245080,240,45.644
245090,240,45.656
245100,240,45.65
245110,240,45.663
245120,240,45.656
245130,240,45.65
245140,240,45.644
245150,240,45.644
245160,240,45.669
245170,240,45.713
245180,240,45.713
245190,240,45.706
245200,240,45.719
245210,240,45.719
245220,240,45.713
245230,240,45.713
245240,240,45.738
245250,240,45.656
245260,240,45.644
245270,240,45.725
245280,240,45.713
245290,240,45.713
245300,240,45.719
245310,240,45.738
245320,240,45.713
245330,240,45.713
245340,240,45.7
245350,240,45.719
245360,240,45.713
245370,240,45.706
245380,240,45.694
245390,240,45.769
245400,240,45.769
245410,240,45.788
245420,240,45.775
245430,240,45.781
245440,240,45.769
245450,240,45.775
245460,240,45.775
245470,240,45.769
245480,240,45.769
245490,240,45.781
245500,240,45.769
245510,240,45.744
245520,240,45.713
245530,240,45.719
245540,240,45.706
245550,240,45.706
245560,240,45.731
245570,240,45.725
245580,240,45.713
245590,240,45.794
245600,240,45.788
245610,240,45.738
245620,240,45.725
245630,240,45.738
245640,240,45.656
245650,240,45.663
245660,240,45.663
245670,240,45.663
245680,240,45.675
245690,240,45.719
245700,240,45.725
245710,240,45.669
245720,240,45.663
245730,240,45.65
245740,240,45.65
245750,240,45.656
245760,240,45.65
245770,240,45.644
245780,240,45.656
245790,240,45.694
245800,240,45.713
245810,240,45.719
245820,240,45.719
245830,240,45.713
245840,240,45.719
245850,240,45.706
245860,240,45.713
245870,240,45.719
245880,240,45.719
245890,240,45.725
245900,240,45.725
245910,240,45.725
245920,240,45.725
245930,240,45.713
245940,240,45.719
245950,240,45.719
245960,240,45.725
245970,240,45.719
245980,240,45.725
245990,240,45.713
246000,240,45.713
246010,240,45.719
246020,240,45.713
246030,240,45.725
246040,240,45.719
246050,240,45.713
246060,240,45.713
246070,240,45.719
246080,240,45.719
246090,240,45.725
246100,240,45.738
246110,240,45.725
246120,240,45.713
246130,240,45.719
246140,240,45.713
246150,240,45.744
246160,240,45.775
246170,240,45.769
246180,240,45.775
246190,240,45.781
246200,240,45.781
246210,240,45.794
246220,240,45.713
246230,240,45.719
246240,240,45.7
246250,240,45.669
246260,240,45.781
246270,240,45.775
246280,240,45.744
246290,240,45.713
246300,240,45.719
246310,240,45.706
246320,240,45.725
246330,240,45.706
246340,240,45.675
246350,240,45.656
246360,240,45.65
246370,240,45.656
246380,240,45.656
246390,240,45.65
246400,240,45.644
246410,240,45.65
246420,240,45.656
246430,240,45.644
246440,240,45.656
246450,240,45.663
246460,240,45.656
246470,240,45.656
246480,240,45.656
246490,240,45.65
246500,240,45.719
246510,240,45.719
246520,240,45.725
246530,240,45.719
246540,240,45.719
246550,240,45.713
246560,240,45.719
246570,240,45.725
246580,240,45.738
246590,240,45.681
246600,240,45.669
246610,240,45.663
246620,240,45.675
246630,240,45.731
246640,240,45.738
246650,240,45.75
246660,240,45.756
246670,240,45.763
246680,240,45.744
246690,240,45.744
246700,240,45.738
246710,240,45.738
246720,240,45.725
246730,240,45.738
246740,240,45.738
246750,240,45.719
246760,240,45.75
246770,240,45.75
246780,240,45.8
246790,240,45.8
246800,240,45.813
246810,240,45.806
246820,240,45.806
246830,240,45.806
246840,240,45.813
246850,240,45.819
246860,240,45.819
246870,240,45.813
246880,240,45.813
246890,240,45.788
246900,240,45.738
246910,240,45.738
246920,240,45.75
246930,240,45.806
246940,240,45.788
246950,240,45.794
246960,240,45.8
246970,240,45.806
246980,240,45.806
246990,240,45.819
247000,240,45.806
247010,245,45.8
247020,245,45.794
247030,245,45.788
247040,245,45.744
247050,245,45.744
247060,245,45.813
247070,245,45.813
247080,245,45.806
247090,245,45.838
247100,245,45.906
247110,245,45.95
247120,245,45.944
247130,245,45.944
247140,245,45.944
247150,245,46.013
247160,245,46.006
247170,245,46.006
247180,245,45.938
247190,245,45.938
247200,245,45.869
247210,245,45.863
247220,245,45.863
247230,245,45.875
247240,245,45.931
247250,245,45.925
247260,245,45.913
247270,245,45.881
247280,245,45.938
247290,245,45.931
247300,245,45.944
247310,245,45.931
247320,245,46.019
247330,245,46.025
247340,245,46.013
247350,245,46.013
247360,245,45.95
247370,245,45.944
247380,245,45.913
247390,245,45.888
247400,245,45.881
247410,245,45.944
247420,245,45.944
247430,245,45.944
247440,245,45.931
247450,245,46
247460,245,46.013
247470,245,46.013
247480,245,46
247490,245,46.013
247500,245,46.025
247510,245,45.95
247520,245,45.95
247530,245,45.95
247540,245,45.969
247550,245,45.963
247560,245,45.994
247570,245,46.019
247580,245,45.938
247590,245,46.019
247600,245,45.963
247610,245,45.988
247620,245,46.006
247630,245,46.006
247640,245,46.006
247650,245,46
247660,245,46
247670,245,45.994
247680,245,45.944
247690,245,45.931
247700,245,45.931
247710,245,45.931
247720,245,45.938
247730,245,45.994
247740,245,45.975
247750,245,45.944
247760,245,45.994
247770,245,45.988
247780,245,45.994
247790,245,45.981
247800,245,46
247810,245,45.938
247820,245,45.925
247830,245,45.925
247840,245,45.869
247850,245,45.919
247860,245,45.938
247870,245,45.931
247880,245,45.925
247890,245,45.95
247900,245,46
247910,245,46.006
247920,245,46.006
247930,245,46.019
247940,245,46.013
247950,245,46
247960,245,46.006
247970,245,45.994
247980,245,45.938
247990,245,45.944
248000,245,45.944
248010,245,45.863
248020,245,45.875
248030,245,45.944
248040,245,45.931
248050,245,45.931
248060,245,45.944
248070,245,45.988
248080,245,46
248090,245,46.019
248100,245,46.006
248110,245,46.006
248120,245,46.006
248130,245,45.931
248140,245,45.925
248150,245,45.925
248160,245,45.931
248170,245,45.863
248180,245,45.925
248190,245,45.988
248200,245,45.969
248210,245,45.944
248220,245,45.969
248230,245,46.006
248240,245,45.988
248250,245,45.988
248260,245,46.019
248270,245,46
248280,245,46.006
248290,245,46.006
248300,245,45.994
248310,245,45.938
248320,245,45.931
248330,245,45.931
248340,245,45.906
248350,245,45.925
248360,245,45.988
248370,245,45.975
248380,245,45.925
248390,245,45.994
248400,245,45.994
248410,245,45.988
248420,245,45.969
248430,245,45.994
248440,245,45.913
248450,245,45.906
248460,245,45.931
248470,245,45.919
248480,245,45.906
248490,245,45.969
248500,245,45.969
248510,245,45.988
248520,245,45.988
248530,245,46.013
248540,245,46.063
248550,245,46.044
248560,245,46.044
248570,245,45.994
248580,245,45.931
248590,245,45.969
248600,245,45.931
248610,245,45.919
248620,245,45.919
248630,245,45.913
248640,245,45.95
248650,245,45.969
248660,245,45.969
248670,245,45.969
248680,245,45.975
248690,245,46.019
248700,245,45.969
248710,245,46.031
248720,245,46
248730,245,45.95
248740,245,45.925
248750,245,45.925
248760,245,45.919
248770,245,45.938
248780,245,45.988
248790,245,45.988
248800,245,45.981
248810,245,46.038
248820,245,46.05
248830,245,46.031
248840,245,45.988
248850,245,45.969
248860,245,45.925
248870,245,45.925
248880,245,45.938
248890,245,45.931
248900,245,45.988
248910,245,45.988
248920,245,45.988
248930,245,45.975
248940,245,46.05
248950,245,45.994
248960,245,45.981
248970,245,46.063
248980,245,46.069
248990,245,46
249000,245,45.981
249010,245,45.931
249020,245,45.931
249030,245,45.925
249040,245,45.938
249050,245,45.938
249060,245,46.013
249070,245,45.981
249080,245,45.988
249090,245,46
249100,245,46
249110,245,45.994
249120,245,46.013
249130,245,46.075
249140,245,46
249150,245,45.931
249160,245,45.925
249170,245,45.919
249180,245,45.906
249190,245,45.919
249200,245,45.969
249210,245,45.988
249220,245,45.938
249230,245,46
249240,245,45.988
249250,245,45.975
249260,245,45.988
249270,245,46.006
249280,245,46.013
249290,245,46.006
249300,245,46
249310,245,45.988
249320,245,45.919
249330,245,45.931
249340,245,45.925
249350,245,45.938
249360,245,45.931
249370,245,46.006
249380,245,45.994
249390,245,45.994
249400,245,45.994
249410,245,46.006
249420,245,46.013
249430,245,46.006
249440,245,46.013
249450,245,45.975
249460,245,45.944
249470,245,45.938
249480,245,45.913
249490,245,45.9
249500,245,45.944
249510,245,45.938
249520,245,45.95
249530,245,45.956
249540,245,45.988
249550,245,46.019
249560,245,46.006
249570,245,46
249580,245,46.013
249590,245,46.006
249600,245,45.963
249610,245,45.963
249620,245,45.981
249630,245,45.931
249640,245,45.95
249650,245,45.95
249660,245,45.906
249670,245,45.938
249680,245,45.988
249690,245,45.963
249700,245,45.919
249710,245,46.006
249720,245,46.006
249730,245,46
249740,245,46.006
249750,245,46
249760,245,46.013
249770,245,45.919
249780,245,45.931
249790,245,45.925
249800,245,45.919
249810,245,45.931
249820,245,46
249830,245,46.019
249840,245,45.963
249850,245,46.006
249860,245,46.013
249870,245,46
249880,245,46.006
249890,245,46.006
249900,245,45.988
249910,245,45.931
249920,245,45.925
249930,245,45.938
249940,245,45.875
249950,245,45.888
249960,245,45.919
249970,245,45.931
249980,245,45.875
249990,245,45.944
250000,245,45.975
250010,245,46.006
250020,245,45.956
250030,245,45.956
250040,245,46
250050,245,46.013
250060,245,45.994
250070,245,45.994
250080,245,45.956
250090,245,45.944
250100,245,45.931
250110,245,45.931
250120,245,45.881
250130,245,45.931
250140,245,45.981
250150,245,45.963
250160,245,45.919
250170,245,46.013
250180,245,46
250190,245,46.006
250200,245,46.006
250210,245,46.069
250220,245,45.994
250230,245,45.931
250240,245,45.938
250250,245,45.931
250260,245,45.931
250270,245,45.956
250280,245,46.019
250290,245,45.963
250300,245,46
250310,245,46.006
250320,245,46.006
250330,245,46
250340,245,46.075
250350,245,46.056
250360,245,46.063
250370,245,46.056
250380,245,46.031
250390,245,45.938
250400,245,45.931
250410,245,45.944
250420,245,45.931
250430,245,45.95
250440,245,45.988
250450,245,45.994
250460,245,45.988
250470,245,46.05
250480,245,46.063
250490,245,46.056
250500,245,46.019
250510,245,45.975
250520,245,45.919
250530,245,45.931
250540,245,45.919
250550,245,45.906
250560,245,46
250570,245,45.981
250580,245,45.981
250590,245,45.988
250600,245,46.056
250610,245,46.063
250620,245,46.069
250630,245,46.063
250640,245,46.044
250650,245,46.056
250660,245,45.975
250670,245,45.969
250680,245,45.906
250690,245,45.906
250700,245,45.925
250710,245,45.925
250720,245,45.981
250730,245,45.975
250740,245,45.969
250750,245,45.981
250760,245,45.988
250770,245,46.031
250780,245,45.981
250790,245,46.044
250800,245,46.019
250810,245,45.95
250820,245,45.925
250830,245,45.894
250840,245,45.9
250850,245,45.931
250860,245,45.969
250870,245,45.981
250880,245,45.981
250890,245,45.975
250900,245,46.031
250910,245,46.05
250920,245,46.038
250930,245,45.994
250940,245,45.956
250950,245,45.906
250960,245,45.969
250970,245,45.956
250980,245,45.906
250990,245,45.975
251000,245,45.925
251010,245,45.906
251020,245,45.975
251030,245,45.981
251040,245,45.994
251050,245,45.969
251060,245,46.019
251070,245,46.044
251080,245,46.05
251090,245,46
251100,245,45.988
251110,245,45.913
251120,245,45.913
251130,245,45.906
251140,245,45.938
251150,245,45.975
251160,245,45.975
251170,245,45.975
251180,245,45.981
251190,245,46.05
251200,245,46.05
251210,245,46.044
251220,245,46.038
251230,245,46.019
251240,245,45.9
251250,245,45.963
251260,245,45.969
251270,245,45.9
251280,245,45.963
251290,245,45.988
251300,245,45.919
251310,245,45.981
251320,245,45.988
251330,245,45.975
251340,245,46.031
251350,245,46.05
251360,245,46.05
251370,245,46.044
251380,245,46.05
251390,245,46.006
251400,245,45.95
251410,245,45.988
251420,245,45.931
251430,245,45.906
251440,245,45.981
251450,245,45.981
251460,245,45.988
251470,245,46
251480,245,46.056
251490,245,46.056
251500,245,46.056
251510,245,46.056
251520,245,45.981
251530,245,45.988
251540,245,45.906
251550,245,45.913
251560,245,45.963
251570,245,45.988
251580,245,45.981
251590,245,45.994
251600,245,46.019
251610,245,46.056
251620,245,46.056
251630,245,46.069
251640,245,46.063
251650,245,46.069
251660,245,46.05
251670,245,46.019
251680,245,45.981
251690,245,45.994
251700,245,45.944
251710,245,45.938
251720,245,45.994
251730,245,45.994
251740,245,45.981
251750,245,46.019
251760,245,46.05
251770,245,46.044
251780,245,46.063
251790,245,46.05
251800,245,46.05
251810,245,45.988
251820,245,46.006
251830,245,45.994
251840,245,45.95
251850,245,45.975
251860,245,46.056
251870,245,45.981
251880,245,45.975
251890,245,46.044
251900,245,46.038
251910,245,46.025
251920,245,46.05
251930,245,45.975
251940,245,45.975
251950,245,45.963
251960,245,45.913
251970,245,45.95
251980,245,45.975
251990,245,45.95
252000,245,45.975
252010,250,45.988
252020,250,46.038
252030,250,46.013
252040,250,46.05
252050,250,46.106
252060,250,46.106
252070,250,46.038
252080,250,46.031
252090,250,46.044
252100,250,46.044
252110,250,46.094
252120,250,46.038
252130,250,46.094
252140,250,46.088
252150,250,46.094
252160,250,46.094
252170,250,46.063
252180,250,46.013
252190,250,46.031
252200,250,46.025
252210,250,46.094
252220,250,46.081
252230,250,46.094
252240,250,46.156
252250,250,46.081
252260,250,46.081
252270,250,46.025
252280,250,46.006
252290,250,46.019
252300,250,46.075
252310,250,46.006
252320,250,46.038
252330,250,46.088
252340,250,46.081
252350,250,46.144
252360,250,46.144
252370,250,46.081
252380,250,46.063
252390,250,46.019
252400,250,46.019
252410,250,46.025
252420,250,46.094
252430,250,46.081
252440,250,46.081
252450,250,46.081
252460,250,46.106
252470,250,46.119
252480,250,46.006
252490,250,46
252500,250,46.006
252510,250,46.056
252520,250,46.069
252530,250,46.081
252540,250,46.119
252550,250,46.113
252560,250,46.063
252570,250,45.994
252580,250,45.988
252590,250,45.988
252600,250,46
252610,250,46.056
252620,250,46.031
252630,250,46.069
252640,250,46.05
252650,250,46.044
252660,250,46.044
252670,250,46.05
252680,250,46.044
252690,250,45.981
252700,250,45.988
252710,250,45.969
252720,250,45.988
252730,250,46.038
252740,250,46.038
252750,250,46.038
252760,250,46.05
252770,250,46.025
252780,250,46
252790,250,45.975
252800,250,45.963
252810,250,45.963
252820,250,45.988
252830,250,46.038
252840,250,46.044
252850,250,46.038
252860,250,46.038
252870,250,46.044
252880,250,45.963
252890,250,45.963
252900,250,45.963
252910,250,45.963
252920,250,45.975
252930,250,45.969
252940,250,46.006
252950,250,46.05
252960,250,46.044
252970,250,46.044
252980,250,46.05
252990,250,46.044
253000,250,46.006
253010,250,45.975
253020,250,45.969
253030,250,45.975
253040,250,46.031
253050,250,46.044
253060,250,46.031
253070,250,46.038
253080,250,46.044
253090,250,46.031
253100,250,45.988
253110,250,45.95
253120,250,45.956
253130,250,45.981
253140,250,46.038
253150,250,46.038
253160,250,46.044
253170,250,46.081
253180,250,46.031
253190,250,46.006
253200,250,45.969
253210,250,45.956
253220,250,45.975
253230,250,46.038
253240,250,46.044
253250,250,46.056
253260,250,46.05
253270,250,46.05
253280,250,46.094
253290,250,46.019
253300,250,45.975
253310,250,45.988
253320,250,45.981
253330,250,45.975
253340,250,45.981
253350,250,46.044
253360,250,46.056
253370,250,46.044
253380,250,46.063
253390,250,46.1
253400,250,46.088
253410,250,45.975
253420,250,45.988
253430,250,45.975
253440,250,46.038
253450,250,46.05
253460,250,46.05
253470,250,46.056
253480,250,46.088
253490,250,46.056
253500,250,46.025
253510,250,45.981
253520,250,45.975
253530,250,45.975
253540,250,46.038
253550,250,46.05
253560,250,46.056
253570,250,46.056
253580,250,46.063
253590,250,46.094
253600,250,46.044
253610,250,45.988
253620,250,45.988
253630,250,45.988
253640,250,46.063
253650,250,46.044
253660,250,46.056
253670,250,46.05
253680,250,46.063
253690,250,46.075
253700,250,46.094
253710,250,46.081
253720,250,45.981
253730,250,45.994
253740,250,45.981
253750,250,46.056
253760,250,46.044
253770,250,46.05
253780,250,46.113
253790,250,46.144
253800,250,46.075
253810,250,46.031
253820,250,45.994
253830,250,45.988
253840,250,46
253850,250,46.05
253860,250,46.063
253870,250,46.05
253880,250,46.088
253890,250,46.081
253900,250,46.094
253910,250,46.025
253920,250,45.988
253930,250,45.994
253940,250,46.038
253950,250,46.05
253960,250,46.05
253970,250,46.081
253980,250,46.119
253990,250,46.05
254000,250,46.056
254010,250,46.113
254020,250,46.069
254030,250,45.981
254040,250,45.975
254050,250,45.994
254060,250,46.038
254070,250,46.031
254080,250,46.044
254090,250,46.1
254100,250,46.106
254110,250,46.063
254120,250,45.975
254130,250,45.975
254140,250,45.969
254150,250,46.031
254160,250,46.044
254170,250,46.025
254180,250,46.081
254190,250,46.038
254200,250,46.106
254210,250,46.006
254220,250,45.975
254230,250,45.963
254240,250,45.994
254250,250,46.044
254260,250,46.044
254270,250,46.038
254280,250,46.106
254290,250,46.106
254300,250,46.038
254310,250,45.981
254320,250,45.994
254330,250,45.981
254340,250,46.019
254350,250,46
254360,250,46.056
254370,250,46.025
254380,250,46.044
254390,250,46.088
254400,250,46.1
254410,250,46.063
254420,250,45.975
254430,250,45.969
254440,250,46.013
254450,250,46.044
254460,250,46.019
254470,250,46.05
254480,250,46.094
254490,250,46.094
254500,250,46.063
254510,250,45.994
254520,250,45.95
254530,250,45.95
254540,250,46.006
254550,250,46.013
254560,250,46.013
254570,250,46.069
254580,250,46.088
254590,250,46.044
254600,250,45.981
254610,250,45.956
254620,250,45.95
254630,250,46.013
254640,250,46.019
254650,250,46.031
254660,250,46.025
254670,250,46.013
254680,250,46.094
254690,250,46.081
254700,250,46.081
254710,250,45.994
254720,250,45.95
254730,250,45.969
254740,250,45.981
254750,250,46.025
254760,250,46.013
254770,250,46.025
254780,250,46.088
254790,250,46.075
254800,250,46.075
254810,250,45.969
254820,250,45.95
254830,250,45.956
254840,250,45.975
254850,250,46.013
254860,250,45.994
254870,250,46.006
254880,250,46.056
254890,250,46.063
254900,250,45.95
254910,250,45.944
254920,250,45.931
254930,250,45.969
254940,250,46
254950,250,45.994
254960,250,46.006
254970,250,46.044
254980,250,46.044
254990,250,46.075
255000,250,46.05
255010,250,46.006
255020,250,45.95
255030,250,45.938
255040,250,45.931
255050,250,46
255060,250,45.994
255070,250,46
255080,250,46.075
255090,250,46.063
255100,250,46.056
255110,250,45.994
255120,250,45.938
255130,250,45.963
255140,250,45.969
255150,250,45.994
255160,250,45.988
255170,250,45.994
255180,250,46.063
255190,250,45.994
255200,250,46.006
255210,250,45.956
255220,250,45.919
255230,250,45.925
255240,250,45.994
255250,250,46
255260,250,45.994
255270,250,46.05
255280,250,46.019
255290,250,46.056
255300,250,46.006
255310,250,45.919
255320,250,45.956
255330,250,45.925
255340,250,45.913
255350,250,45.975
255360,250,45.981
255370,250,45.988
255380,250,46.025
255390,250,46.056
255400,250,46.056
255410,250,46.044
255420,250,45.981
255430,250,45.975
255440,250,45.95
255450,250,45.975
255460,250,46
255470,250,46
255480,250,46.056
255490,250,46.056
255500,250,46.031
255510,250,45.969
255520,250,45.919
255530,250,45.931
255540,250,45.956
255550,250,45.994
255560,250,46
255570,250,46.063
255580,250,46.05
255590,250,46.05
255600,250,46
255610,250,45.944
255620,250,46
255630,250,45.963
255640,250,45.994
255650,250,45.981
255660,250,46.013
255670,250,46.019
255680,250,46.025
255690,250,46.05
255700,250,46.063
255710,250,46.025
255720,250,45.975
255730,250,45.981
255740,250,45.925
255750,250,45.975
255760,250,45.981
255770,250,46.013
255780,250,46.044
255790,250,46.025
255800,250,46.013
255810,250,45.9
255820,250,45.888
255830,250,45.913
255840,250,45.981
255850,250,45.981
255860,250,45.975
255870,250,46.025
255880,250,46.025
255890,250,46.013
255900,250,45.95
255910,250,45.956
255920,250,45.963
255930,250,45.938
255940,250,45.963
255950,250,45.969
255960,250,45.988
255970,250,46.025
255980,250,46.025
255990,250,45.956
256000,250,45.944
256010,250,46
256020,250,45.95
256030,250,45.963
256040,250,45.919
256050,250,45.969
256060,250,45.956
256070,250,45.969
256080,250,46.031
256090,250,46.031
256100,250,46
256110,250,45.981
256120,250,45.944
256130,250,45.913
256140,250,45.969
256150,250,45.975
256160,250,45.963
256170,250,46.031
256180,250,46.025
256190,250,46.025
256200,250,45.95
256210,250,45.956
256220,250,45.938
256230,250,45.963
256240,250,45.969
256250,250,45.956
256260,250,46.025
256270,250,46.025
256280,250,46.038
256290,250,45.963
256300,250,45.963
256310,250,45.913
256320,250,45.95
256330,250,45.963
256340,250,45.956
256350,250,45.994
256360,250,45.975
256370,250,46.019
256380,250,46.031
256390,250,46.031
256400,250,45.988
256410,250,45.956
256420,250,45.95
256430,250,45.95
256440,250,45.944
256450,250,45.95
256460,250,46.025
256470,250,46.025
256480,250,46.019
256490,250,45.981
256500,250,45.944
256510,250,45.969
256520,250,45.938
256530,250,45.963
256540,250,45.956
256550,250,46
256560,250,46.019
256570,250,46.019
256580,250,45.981
256590,250,45.938
256600,250,45.9
256610,250,45.888
256620,250,45.938
256630,250,45.944
256640,250,45.988
256650,250,46.013
256660,250,46.025
256670,250,46.038
256680,250,46.006
256690,250,46.006
256700,250,45.931
256710,250,45.938
256720,250,45.944
256730,250,45.931
256740,250,45.938
256750,250,46
256760,250,46
256770,250,46
256780,250,46
256790,250,45.95
256800,250,45.944
256810,250,45.944
256820,250,45.969
256830,250,46
256840,250,46.013
256850,250,45.988
256860,250,46
256870,250,46.006
256880,250,45.95
256890,250,45.913
256900,250,45.944
256910,250,45.944
256920,250,45.925
256930,250,45.988
256940,250,46.013
256950,250,46
256960,250,46.013
256970,250,45.938
256980,250,45.938
256990,250,45.938
257000,250,45.975
257010,255,46.019
257020,255,46.013
257030,255,46.119
257040,255,46.188
257050,255,46.256
257060,255,46.356
257070,255,46.3
257080,255,46.356
257090,255,46.456
257100,255,46.406
257110,255,46.469
257120,255,46.419
257130,255,46.481
257140,255,46.481
257150,255,46.431
257160,255,46.488
257170,255,46.475
257180,255,46.488
257190,255,46.538
257200,255,46.494
257210,255,46.481
257220,255,46.5
257230,255,46.525
257240,255,46.506
257250,255,46.494
257260,255,46.544
257270,255,46.463
257280,255,46.488
257290,255,46.538
257300,255,46.456
257310,255,46.488
257320,255,46.475
257330,255,46.488
257340,255,46.55
257350,255,46.469
257360,255,46.525
257370,255,46.519
257380,255,46.488
257390,255,46.55
257400,255,46.469
257410,255,46.513
257420,255,46.544
257430,255,46.469
257440,255,46.5
257450,255,46.519
257460,255,46.519
257470,255,46.525
257480,255,46.494
257490,255,46.55
257500,255,46.481
257510,255,46.544
257520,255,46.525
257530,255,46.456
257540,255,46.519
257550,255,46.488
257560,255,46.488
257570,255,46.544
257580,255,46.488
257590,255,46.506
257600,255,46.488
257610,255,46.525
257620,255,46.525
257630,255,46.494
257640,255,46.55
257650,255,46.475
257660,255,46.5
257670,255,46.538
257680,255,46.488
257690,255,46.506
257700,255,46.544
257710,255,46.488
257720,255,46.556
257730,255,46.475
257740,255,46.519
257750,255,46.531
257760,255,46.45
257770,255,46.494
257780,255,46.5
257790,255,46.506
257800,255,46.563
257810,255,46.5
257820,255,46.544
257830,255,46.488
257840,255,46.5
257850,255,46.519
257860,255,46.456
257870,255,46.488
257880,255,46.494
257890,255,46.5
257900,255,46.556
257910,255,46.5
257920,255,46.531
257930,255,46.506
257940,255,46.544
257950,255,46.519
257960,255,46.475
257970,255,46.55
257980,255,46.506
257990,255,46.488
258000,255,46.563
258010,255,46.488
258020,255,46.519
258030,255,46.525
258040,255,46.525
258050,255,46.544
258060,255,46.538
258070,255,46.494
258080,255,46.531
258090,255,46.494
258100,255,46.513
258110,255,46.519
258120,255,46.488
258130,255,46.525
258140,255,46.525
258150,255,46.538
258160,255,46.544
258170,255,46.513
258180,255,46.563
258190,255,46.488
258200,255,46.506
258210,255,46.55
258220,255,46.481
258230,255,46.519
258240,255,46.531
258250,255,46.525
258260,255,46.538
258270,255,46.494
258280,255,46.55
258290,255,46.506
258300,255,46.506
258310,255,46.575
258320,255,46.475
258330,255,46.544
258340,255,46.519
258350,255,46.531
258360,255,46.525
258370,255,46.525
258380,255,46.506
258390,255,46.556
258400,255,46.45
258410,255,46.494
258420,255,46.519
258430,255,46.488
258440,255,46.5
258450,255,46.531
258460,255,46.544
258470,255,46.531
258480,255,46.506
258490,255,46.556
258500,255,46.475
258510,255,46.494
258520,255,46.525
258530,255,46.475
258540,255,46.494
258550,255,46.494
258560,255,46.538
258570,255,46.544
258580,255,46.5
258590,255,46.575
258600,255,46.513
258610,255,46.494
258620,255,46.55
258630,255,46.506
258640,255,46.55
258650,255,46.519
258660,255,46.525
258670,255,46.525
258680,255,46.494
258690,255,46.575
258700,255,46.538
258710,255,46.531
258720,255,46.525
258730,255,46.556
258740,255,46.506
258750,255,46.563
258760,255,46.525
258770,255,46.544
258780,255,46.5
258790,255,46.55
258800,255,46.525
258810,255,46.519
258820,255,46.531
258830,255,46.55
258840,255,46.506
258850,255,46.575
258860,255,46.519
258870,255,46.544
258880,255,46.5
258890,255,46.55
258900,255,46.519
258910,255,46.506
258920,255,46.513
258930,255,46.569
258940,255,46.506
258950,255,46.575
258960,255,46.544
258970,255,46.538
258980,255,46.525
258990,255,46.55
259000,255,46.525
259010,255,46.513
259020,255,46.513
259030,255,46.575
259040,255,46.5
259050,255,46.513
259060,255,46.55
259070,255,46.538
259080,255,46.538
259090,255,46.5
259100,255,46.588
259110,255,46.581
259120,255,46.519
259130,255,46.575
259140,255,46.525
259150,255,46.519
259160,255,46.588
259170,255,46.538
259180,255,46.55
259190,255,46.55
259200,255,46.581
259210,255,46.55
259220,255,46.519
259230,255,46.581
259240,255,46.538
259250,255,46.525
259260,255,46.581
259270,255,46.525
259280,255,46.55
259290,255,46.556
259300,255,46.569
259310,255,46.588
259320,255,46.525
259330,255,46.563
259340,255,46.544
259350,255,46.525
259360,255,46.6
259370,255,46.575
259380,255,46.519
259390,255,46.594
259400,255,46.513
259410,255,46.55
259420,255,46.556
259430,255,46.519
259440,255,46.581
259450,255,46.475
259460,255,46.525
259470,255,46.55
259480,255,46.488
259490,255,46.519
259500,255,46.544
259510,255,46.55
259520,255,46.581
259530,255,46.519
259540,255,46.575
259550,255,46.525
259560,255,46.531
259570,255,46.575
259580,255,46.519
259590,255,46.556
259600,255,46.519
259610,255,46.538
259620,255,46.531
259630,255,46.513
259640,255,46.569
259650,255,46.525
259660,255,46.513
259670,255,46.594
259680,255,46.519
259690,255,46.55
259700,255,46.588
259710,255,46.5
259720,255,46.556
259730,255,46.506
259740,255,46.513
259750,255,46.581
259760,255,46.513
259770,255,46.531
259780,255,46.563
259790,255,46.525
259800,255,46.519
259810,255,46.525
259820,255,46.556
259830,255,46.588
259840,255,46.475
259850,255,46.581
259860,255,46.569
259870,255,46.519
259880,255,46.588
259890,255,46.519
259900,255,46.513
259910,255,46.569
259920,255,46.525
259930,255,46.588
259940,255,46.481
259950,255,46.569
259960,255,46.556
259970,255,46.513
259980,255,46.594
259990,255,46.519
260000,255,46.556
260010,255,46.575
260020,255,46.506
260030,255,46.594
260040,255,46.594
260050,255,46.525
260060,255,46.581
260070,255,46.519
260080,255,46.538
260090,255,46.569
260100,255,46.519
260110,255,46.575
260120,255,46.531
260130,255,46.588
260140,255,46.55
260150,255,46.513
260160,255,46.581
260170,255,46.563
260180,255,46.531
260190,255,46.575
260200,255,46.531
260210,255,46.581
260220,255,46.531
260230,255,46.563
260240,255,46.544
260250,255,46.519
260260,255,46.538
260270,255,46.563
260280,255,46.5
260290,255,46.556
260300,255,46.55
260310,255,46.55
260320,255,46.556
260330,255,46.513
260340,255,46.581
260350,255,46.525
260360,255,46.531
260370,255,46.613
260380,255,46.538
260390,255,46.519
260400,255,46.538
260410,255,46.488
260420,255,46.556
260430,255,46.6
260440,255,46.525
260450,255,46.594
260460,255,46.519
260470,255,46.55
260480,255,46.563
260490,255,46.525
260500,255,46.569
260510,255,46.5
260520,255,46.55
260530,255,46.569
260540,255,46.556
260550,255,46.544
260560,255,46.556
260570,255,46.538
260580,255,46.594
260590,255,46.531
260600,255,46.569
260610,255,46.55
260620,255,46.525
260630,255,46.588
260640,255,46.531
260650,255,46.538
260660,255,46.569
260670,255,46.544
260680,255,46.531
260690,255,46.544
260700,255,46.531
260710,255,46.581
260720,255,46.581
260730,255,46.525
260740,255,46.606
260750,255,46.519
260760,255,46.563
260770,255,46.563
260780,255,46.519
260790,255,46.581
260800,255,46.494
260810,255,46.531
260820,255,46.563
260830,255,46.506
260840,255,46.544
260850,255,46.538
260860,255,46.55
260870,255,46.575
260880,255,46.519
260890,255,46.575
260900,255,46.531
260910,255,46.531
260920,255,46.594
260930,255,46.519
260940,255,46.544
260950,255,46.538
260960,255,46.513
260970,255,46.538
260980,255,46.481
260990,255,46.569
261000,255,46.575
261010,255,46.531
261020,255,46.588
261030,255,46.525
261040,255,46.563
261050,255,46.544
261060,255,46.506
261070,255,46.538
261080,255,46.556
261090,255,46.488
261100,255,46.563
261110,255,46.544
261120,255,46.5
261130,255,46.519
261140,255,46.519
261150,255,46.569
261160,255,46.525
261170,255,46.538
261180,255,46.594
261190,255,46.469
261200,255,46.525
261210,255,46.563
261220,255,46.513
261230,255,46.531
261240,255,46.519
261250,255,46.531
261260,255,46.569
261270,255,46.494
261280,255,46.519
261290,255,46.556
261300,255,46.519
261310,255,46.55
261320,255,46.506
261330,255,46.563
261340,255,46.525
261350,255,46.531
261360,255,46.594
261370,255,46.525
261380,255,46.538
261390,255,46.569
261400,255,46.531
261410,255,46.525
261420,255,46.525
261430,255,46.538
261440,255,46.575
261450,255,46.55
261460,255,46.525
261470,255,46.588
261480,255,46.563
261490,255,46.531
261500,255,46.569
261510,255,46.519
261520,255,46.575
261530,255,46.5
261540,255,46.575
261550,255,46.581
261560,255,46.538
261570,255,46.588
261580,255,46.531
261590,255,46.556
261600,255,46.569
261610,255,46.538
261620,255,46.588
261630,255,46.506
261640,255,46.6
261650,255,46.556
261660,255,46.569
261670,255,46.6
261680,255,46.575
261690,255,46.538
261700,255,46.6
261710,255,46.55
261720,255,46.544
261730,255,46.55
261740,255,46.506
261750,255,46.538
261760,255,46.581
261770,255,46.525
261780,255,46.6
261790,255,46.563
261800,255,46.575
261810,255,46.581
261820,255,46.519
261830,255,46.6
261840,255,46.544
261850,255,46.544
261860,255,46.619
261870,255,46.55
261880,255,46.538
261890,255,46.544
261900,255,46.6
261910,255,46.6
261920,255,46.538
261930,255,46.581
261940,255,46.594
261950,255,46.544
261960,255,46.6
261970,255,46.538
261980,255,46.55
261990,255,46.569
262000,255,46.525
262010,0,46.531
262020,0,46.375
262030,0,45.863
262040,0,45.219
262050,0,44.181
262060,0,42.869
262070,0,41.225
262080,0,39.413
262090,0,37.669
262100,0,35.994
262110,0,34.344
262120,0,32.85
262130,0,31.369
262140,0,30.044
262150,0,28.819
262160,0,27.606
262170,0,26.419
262180,0,25.275
262190,0,24.181
262200,0,23.15
262210,0,22.144
262220,0,21.213
262230,0,20.338
262240,0,19.5
262250,0,18.7
262260,0,17.95
262270,0,17.163
262280,0,16.45
262290,0,15.744
262300,0,15.1
262310,0,14.488
262320,0,13.888
262330,0,13.325
262340,0,12.781
262350,0,12.281
262360,0,11.725
262370,0,11.25
262380,0,10.725
262390,0,10.381
262400,0,9.906
262410,0,9.456
262420,0,9.069
262430,0,8.688
262440,0,8.306
262450,0,7.963
262460,0,7.638
262470,0,7.319
262480,0,7.013
262490,0,6.719
262500,0,6.406
262510,0,6.144
262520,0,5.838
262530,0,5.613
262540,0,5.356
262550,0,5.119
262560,0,4.938
262570,0,4.688
262580,0,4.494
262590,0,4.275
262600,0,4.069
262610,0,3.888
262620,0,3.706
262630,0,3.525
262640,0,3.394
262650,0,3.2
262660,0,3.044
262670,0,2.875
262680,0,2.725
262690,0,2.538
262700,0,2.419
262710,0,2.238
262720,0,2.119
262730,0,1.988
262740,0,1.806
262750,0,1.681
262760,0,1.5
262770,0,1.338
262780,0,1.156
262790,0,0.8
262800,0,0.606
262810,0,0.506
262820,0,0.519
262830,0,0.506
262840,0,0.5
262850,0,0.506
262860,0,0.513
262870,0,0.513
262880,0,0.519
262890,0,0.506
262900,0,0.513
262910,0,0.506
262920,0,0.519
262930,0,0.506
262940,0,0.519
262950,0,0.525
262960,0,0.531
262970,0,0.525
262980,0,0.525
262990,0,0.519
263000,0,0.519
263010,0,0.513
263020,0,0.531
263030,0,0.513
263040,0,0.513
263050,0,0.525
263060,0,0.525
263070,0,0.506
263080,0,0.525
263090,0,0.519
263100,0,0.519
263110,0,0.513
263120,0,0.513
263130,0,0.506
263140,0,0.513
263150,0,0.513
263160,0,0.506
263170,0,0.525
263180,0,0.531
263190,0,0.519
263200,0,0.513
263210,0,0.513
263220,0,0.513
263230,0,0.519
263240,0,0.506
263250,0,0.525
263260,0,0.525
263270,0,0.519
263280,0,0.519
263290,0,0.519
263300,0,0.506
263310,0,0.525
263320,0,0.513
263330,0,0.519
263340,0,0.519
263350,0,0.519
263360,0,0.506
263370,0,0.513
263380,0,0.525
263390,0,0.519
263400,0,0.544
263410,0,0.519
263420,0,0.513
263430,0,0.531
263440,0,0.513
263450,0,0.513
263460,0,0.525
263470,0,0.519
263480,0,0.519
263490,0,0.513
263500,0,0.513
263510,0,0.513
263520,0,0.519
263530,0,0.513
263540,0,0.531
263550,0,0.531
263560,0,0.538
263570,0,0.538
263580,0,0.531
263590,0,0.525
263600,0,0.525
263610,0,0.531
263620,0,0.525
263630,0,0.519
263640,0,0.519
263650,0,0.519
263660,0,0.538
263670,0,0.525
263680,0,0.513
263690,0,0.519
263700,0,0.531
263710,0,0.525
263720,0,0.531
263730,0,0.531
263740,0,0.513
263750,0,0.531
263760,0,0.513
263770,0,0.538
263780,0,0.519
263790,0,0.525
263800,0,0.531
263810,0,0.538
263820,0,0.525
263830,0,0.538
263840,0,0.519
263850,0,0.525
263860,0,0.525
263870,0,0.525
263880,0,0.544
263890,0,0.519
263900,0,0.519
263910,0,0.525
263920,0,0.525
263930,0,0.531
263940,0,0.519
263950,0,0.538
263960,0,0.538
263970,0,0.525
263980,0,0.544
263990,0,0.525
264000,0,0.531
