t_ms,PWM,Presion_kPa
10,0,-5.125
20,0,-5.094
30,0,-5.031
40,0,-5.012
50,0,-4.950
60,0,-4.875
70,0,-4.581
80,0,-4.562
90,0,-4.525
100,0,-4.481
110,0,-4.512
120,0,-4.481
130,0,-4.462
140,0,-4.444
150,0,-4.450
160,0,-4.481
170,0,-4.606
180,0,-4.637
190,0,-4.619
200,0,-4.594
210,0,-4.575
220,0,-4.562
230,0,-4.525
240,0,-4.544
250,0,-4.506
260,0,-4.437
270,0,-4.381
280,0,-4.319
290,0,-4.256
300,0,-4.181
310,0,-4.131
320,0,-4.081
330,0,-4.050
340,0,-4.019
350,0,-3.987
360,0,-3.962
370,0,-3.950
380,0,-3.912
390,0,-3.900
400,0,-3.881
410,0,-3.850
420,0,-3.831
430,0,-3.775
440,0,-3.725
450,0,-3.687
460,0,-3.637
470,0,-3.625
480,0,-3.606
490,0,-3.544
500,0,-3.494
510,0,-3.481
520,0,-3.462
530,0,-3.456
540,0,-3.425
550,0,-3.419
560,0,-3.412
570,0,-3.387
580,0,-3.381
590,0,-3.381
600,0,-3.369
610,0,-3.394
620,0,-3.400
630,0,-3.362
640,0,-3.319
650,0,-3.312
660,0,-3.300
670,0,-3.287
680,0,-3.281
690,0,-3.262
700,0,-3.269
710,0,-3.237
720,0,-3.237
730,0,-3.250
740,0,-3.219
750,0,-3.156
760,0,-3.094
770,0,-3.037
780,0,-2.994
790,0,-2.900
800,0,-2.737
810,0,-2.719
820,0,-2.700
830,0,-2.675
840,0,-2.625
850,0,-2.619
860,0,-2.606
870,0,-2.594
880,0,-2.594
890,0,-2.594
900,0,-2.594
910,0,-2.594
920,0,-2.569
930,0,-2.550
940,0,-2.525
950,0,-2.575
960,0,-2.587
970,0,-2.575
980,0,-2.581
990,0,-2.556
1000,0,-2.575
1010,0,-2.562
1020,0,-2.544
1030,0,-2.550
1040,0,-2.544
1050,0,-2.531
1060,0,-2.519
1070,0,-2.531
1080,0,-2.519
1090,0,-2.475
1100,0,-2.469
1110,0,-2.419
1120,0,-2.406
1130,0,-2.369
1140,0,-2.369
1150,0,-2.331
1160,0,-2.300
1170,0,-2.281
1180,0,-2.250
1190,0,-2.212
1200,0,-2.169
1210,0,-2.081
1220,0,-2.025
1230,0,-2.012
1240,0,-1.975
1250,0,-1.937
1260,0,-1.900
1270,0,-1.881
1280,0,-1.850
1290,0,-1.831
1300,0,-1.837
1310,0,-1.825
1320,0,-1.800
1330,0,-1.794
1340,0,-1.769
1350,0,-1.750
1360,0,-1.687
1370,0,-1.656
1380,0,-1.656
1390,0,-1.656
1400,0,-1.637
1410,0,-1.644
1420,0,-1.625
1430,0,-1.619
1440,0,-1.606
1450,0,-1.606
1460,0,-1.606
1470,0,-1.619
1480,0,-1.625
1490,0,-1.631
1500,0,-1.631
1510,0,-1.606
1520,0,-1.612
1530,0,-1.612
1540,0,-1.625
1550,0,-1.631
1560,0,-1.637
1570,0,-1.656
1580,0,-1.675
1590,0,-1.700
1600,0,-1.725
1610,0,-1.725
1620,0,-1.737
1630,0,-1.737
1640,0,-1.756
1650,0,-1.769
1660,0,-1.769
1670,0,-1.775
1680,0,-1.781
1690,0,-1.769
1700,0,-1.775
1710,0,-1.794
1720,0,-1.794
1730,0,-1.825
1740,0,-1.831
1750,0,-1.862
1760,0,-1.894
1770,0,-1.900
1780,0,-1.912
1790,0,-1.919
1800,0,-1.919
1810,0,-1.931
1820,0,-1.906
1830,0,-1.881
1840,0,-1.881
1850,0,-1.869
1860,0,-1.856
1870,0,-1.856
1880,0,-1.844
1890,0,-1.837
1900,0,-1.737
1910,0,-1.731
1920,0,-1.725
1930,0,-1.737
1940,0,-1.737
1950,0,-1.731
1960,0,-1.737
1970,0,-1.737
1980,0,-1.737
1990,0,-1.731
2000,0,-1.725
2010,0,-1.681
2020,0,-1.681
2030,0,-1.675
2040,0,-1.725
2050,0,-1.725
2060,0,-1.750
2070,0,-1.731
2080,0,-1.687
2090,0,-1.644
2100,0,-1.619
2110,0,-1.612
2120,0,-1.619
2130,0,-1.594
2140,0,-1.587
2150,0,-1.569
2160,0,-1.569
2170,0,-1.556
2180,0,-1.537
2190,0,-1.525
2200,0,-1.512
2210,0,-1.500
2220,0,-1.494
2230,0,-1.500
2240,0,-1.494
2250,0,-1.494
2260,0,-1.487
2270,0,-1.481
2280,0,-1.481
2290,0,-1.462
2300,0,-1.469
2310,0,-1.469
2320,0,-1.475
2330,0,-1.469
2340,0,-1.462
2350,0,-1.456
2360,0,-1.450
2370,0,-1.431
2380,0,-1.425
2390,0,-1.425
2400,0,-1.419
2410,0,-1.419
2420,0,-1.406
2430,0,-1.406
2440,0,-1.387
2450,0,-1.387
2460,0,-1.375
2470,0,-1.362
2480,0,-1.325
2490,0,-1.306
2500,0,-1.294
2510,0,-1.262
2520,0,-1.231
2530,0,-1.231
2540,0,-1.194
2550,0,-1.175
2560,0,-1.144
2570,0,-1.137
2580,0,-1.112
2590,0,-1.087
2600,0,-1.062
2610,0,-1.056
2620,0,-1.037
2630,0,-1.006
2640,0,-0.994
2650,0,-0.987
2660,0,-0.969
2670,0,-0.962
2680,0,-0.937
2690,0,-0.925
2700,0,-0.906
2710,0,-0.806
2720,0,-0.787
2730,0,-0.775
2740,0,-0.762
2750,0,-0.750
2760,0,-0.744
2770,0,-0.750
2780,0,-0.744
2790,0,-0.731
2800,0,-0.719
2810,0,-0.712
2820,0,-0.712
2830,0,-0.700
2840,0,-0.687
2850,0,-0.681
2860,0,-0.681
2870,0,-0.687
2880,0,-0.681
2890,0,-0.669
2900,0,-0.662
2910,0,-0.662
2920,0,-0.662
2930,0,-0.662
2940,0,-0.662
2950,0,-0.669
2960,0,-0.662
2970,0,-0.656
2980,0,-0.662
2990,0,-0.656
3000,0,-0.656
3010,0,-0.650
3020,0,-0.650
3030,0,-0.662
3040,0,-0.656
3050,0,-0.656
3060,0,-0.662
3070,0,-0.650
3080,0,-0.656
3090,0,-0.656
3100,0,-0.656
3110,0,-0.662
3120,0,-0.669
3130,0,-0.669
3140,0,-0.675
3150,0,-0.681
3160,0,-0.675
3170,0,-0.675
3180,0,-0.687
3190,0,-0.687
3200,0,-0.687
3210,0,-0.694
3220,0,-0.700
3230,0,-0.700
3240,0,-0.694
3250,0,-0.700
3260,0,-0.706
3270,0,-0.694
3280,0,-0.694
3290,0,-0.706
3300,0,-0.700
3310,0,-0.706
3320,0,-0.706
3330,0,-0.706
3340,0,-0.706
3350,0,-0.712
3360,0,-0.700
3370,0,-0.706
3380,0,-0.712
3390,0,-0.725
3400,0,-0.719
3410,0,-0.719
3420,0,-0.706
3430,0,-0.712
3440,0,-0.706
3450,0,-0.706
3460,0,-0.700
3470,0,-0.706
3480,0,-0.694
3490,0,-0.687
3500,0,-0.700
3510,0,-0.700
3520,0,-0.700
3530,0,-0.706
3540,0,-0.700
3550,0,-0.706
3560,0,-0.700
3570,0,-0.706
3580,0,-0.725
3590,0,-0.725
3600,0,-0.725
3610,0,-0.725
3620,0,-0.731
3630,0,-0.731
3640,0,-0.731
3650,0,-0.737
3660,0,-0.756
3670,0,-0.750
3680,0,-0.756
3690,0,-0.744
3700,0,-0.756
3710,0,-0.762
3720,0,-0.756
3730,0,-0.769
3740,0,-0.769
3750,0,-0.769
3760,0,-0.775
3770,0,-0.769
3780,0,-0.781
3790,0,-0.775
3800,0,-0.781
3810,0,-0.781
3820,0,-0.781
3830,0,-0.787
3840,0,-0.794
3850,0,-0.794
3860,0,-0.794
3870,0,-0.794
3880,0,-0.806
3890,0,-0.812
3900,0,-0.806
3910,0,-0.800
3920,0,-0.812
3930,0,-0.806
3940,0,-0.812
3950,0,-0.812
3960,0,-0.812
3970,0,-0.825
3980,0,-0.812
3990,0,-0.825
4000,0,-0.825
4010,0,-0.825
4020,0,-0.825
4030,0,-0.825
4040,0,-0.831
4050,0,-0.831
4060,0,-0.831
4070,0,-0.819
4080,0,-0.812
4090,0,-0.794
4100,0,-0.769
4110,0,-0.750
4120,0,-0.737
4130,0,-0.719
4140,0,-0.712
4150,0,-0.706
4160,0,-0.681
4170,0,-0.681
4180,0,-0.669
4190,0,-0.662
4200,0,-0.662
4210,0,-0.650
4220,0,-0.650
4230,0,-0.644
4240,0,-0.637
4250,0,-0.625
4260,0,-0.625
4270,0,-0.619
4280,0,-0.619
4290,0,-0.606
4300,0,-0.606
4310,0,-0.606
4320,0,-0.594
4330,0,-0.587
4340,0,-0.581
4350,0,-0.581
4360,0,-0.575
4370,0,-0.581
4380,0,-0.575
4390,0,-0.575
4400,0,-0.575
4410,0,-0.581
4420,0,-0.581
4430,0,-0.575
4440,0,-0.575
4450,0,-0.575
4460,0,-0.575
4470,0,-0.575
4480,0,-0.569
4490,0,-0.556
4500,0,-0.569
4510,0,-0.569
4520,0,-0.569
4530,0,-0.581
4540,0,-0.587
4550,0,-0.581
4560,0,-0.587
4570,0,-0.594
4580,0,-0.594
4590,0,-0.587
4600,0,-0.600
4610,0,-0.606
4620,0,-0.612
4630,0,-0.619
4640,0,-0.619
4650,0,-0.631
4660,0,-0.625
4670,0,-0.637
4680,0,-0.631
4690,0,-0.644
4700,0,-0.644
4710,0,-0.644
4720,0,-0.656
4730,0,-0.662
4740,0,-0.669
4750,0,-0.687
4760,0,-0.687
4770,0,-0.687
4780,0,-0.687
4790,0,-0.700
4800,0,-0.706
4810,0,-0.712
4820,0,-0.725
4830,0,-0.737
4840,0,-0.750
4850,0,-0.756
4860,0,-0.769
4870,0,-0.781
4880,0,-0.781
4890,0,-0.800
4900,0,-0.800
4910,0,-0.806
4920,0,-0.812
4930,0,-0.819
4940,0,-0.831
4950,0,-0.856
4960,0,-0.869
4970,0,-0.881
4980,0,-0.906
4990,0,-0.912
5000,0,-0.931
5010,0,-0.944
5020,0,-0.956
5030,0,-0.950
5040,0,-0.937
5050,0,-0.944
5060,0,-0.944
5070,0,-0.950
5080,0,-0.981
5090,0,-0.987
5100,0,-0.994
5110,0,-1.012
5120,0,-1.012
5130,0,-1.025
5140,0,-1.031
5150,0,-1.056
5160,0,-1.081
5170,0,-1.100
5180,0,-1.131
5190,0,-1.144
5200,0,-1.150
5210,0,-1.181
5220,0,-1.194
5230,0,-1.237
5240,0,-1.294
5250,0,-1.306
5260,0,-1.331
5270,0,-1.369
5280,0,-1.412
5290,0,-1.425
5300,0,-1.444
5310,0,-1.444
5320,0,-1.450
5330,0,-1.431
5340,0,-1.450
5350,0,-1.456
5360,0,-1.381
5370,0,-1.381
5380,0,-1.369
5390,0,-1.281
5400,0,-1.150
5410,0,-1.056
5420,0,-0.975
5430,0,-0.906
5440,0,-0.881
5450,0,-0.825
5460,0,-0.781
5470,0,-0.769
5480,0,-0.756
5490,0,-0.725
5500,0,-0.687
5510,0,-0.675
5520,0,-0.662
5530,0,-0.619
5540,0,-0.606
5550,0,-0.575
5560,0,-0.544
5570,0,-0.531
5580,0,-0.512
5590,0,-0.500
5600,0,-0.475
5610,0,-0.475
5620,0,-0.462
5630,0,-0.475
5640,0,-0.462
5650,0,-0.462
5660,0,-0.450
5670,0,-0.444
5680,0,-0.456
5690,0,-0.462
5700,0,-0.462
5710,0,-0.475
5720,0,-0.475
5730,0,-0.481
5740,0,-0.500
5750,0,-0.487
5760,0,-0.506
5770,0,-0.519
5780,0,-0.506
5790,0,-0.494
5800,0,-0.475
5810,0,-0.475
5820,0,-0.469
5830,0,-0.481
5840,0,-0.469
5850,0,-0.456
5860,0,-0.475
5870,0,-0.462
5880,0,-0.462
5890,0,-0.456
5900,0,-0.462
5910,0,-0.475
5920,0,-0.469
5930,0,-0.481
5940,0,-0.456
5950,0,-0.481
5960,0,-0.481
5970,0,-0.475
5980,0,-0.481
5990,0,-0.469
6000,0,-0.456
6010,0,-0.462
6020,0,-0.462
6030,0,-0.469
6040,0,-0.462
6050,0,-0.469
6060,0,-0.456
6070,0,-0.456
6080,0,-0.450
6090,0,-0.456
6100,0,-0.462
6110,0,-0.462
6120,0,-0.469
6130,0,-0.475
6140,0,-0.475
6150,0,-0.487
6160,0,-0.487
6170,0,-0.506
6180,0,-0.506
6190,0,-0.500
6200,0,-0.512
6210,0,-0.512
6220,0,-0.494
6230,0,-0.494
6240,0,-0.469
6250,0,-0.462
6260,0,-0.456
6270,0,-0.450
6280,0,-0.444
6290,0,-0.431
6300,0,-0.425
6310,0,-0.406
6320,0,-0.406
6330,0,-0.400
6340,0,-0.394
6350,0,-0.381
6360,0,-0.381
6370,0,-0.381
6380,0,-0.381
6390,0,-0.375
6400,0,-0.362
6410,0,-0.344
6420,0,-0.344
6430,0,-0.337
6440,0,-0.319
6450,0,-0.300
6460,0,-0.294
6470,0,-0.281
6480,0,-0.275
6490,0,-0.269
6500,0,-0.269
6510,0,-0.269
6520,0,-0.262
6530,0,-0.256
6540,0,-0.256
6550,0,-0.262
6560,0,-0.250
6570,0,-0.250
6580,0,-0.244
6590,0,-0.237
6600,0,-0.250
6610,0,-0.250
6620,0,-0.244
6630,0,-0.244
6640,0,-0.256
6650,0,-0.244
6660,0,-0.244
6670,0,-0.250
6680,0,-0.256
6690,0,-0.256
6700,0,-0.244
6710,0,-0.256
6720,0,-0.244
6730,0,-0.237
6740,0,-0.250
6750,0,-0.250
6760,0,-0.256
6770,0,-0.269
6780,0,-0.281
6790,0,-0.300
6800,0,-0.300
6810,0,-0.312
6820,0,-0.312
6830,0,-0.306
6840,0,-0.325
6850,0,-0.337
6860,0,-0.337
6870,0,-0.331
6880,0,-0.325
6890,0,-0.337
6900,0,-0.369
6910,0,-0.394
6920,0,-0.394
6930,0,-0.425
6940,0,-0.469
6950,0,-0.481
6960,0,-0.544
6970,0,-0.569
6980,0,-0.619
6990,0,-0.669
7000,0,-0.700
7010,5,-0.731
7020,5,-0.756
7030,5,-0.812
7040,5,-0.862
7050,5,-0.906
7060,5,-0.969
7070,5,-1.006
7080,5,-1.000
7090,5,-0.962
7100,5,-0.987
7110,5,-1.006
7120,5,-1.000
7130,5,-1.006
7140,5,-1.056
7150,5,-1.106
7160,5,-1.131
7170,5,-1.150
7180,5,-1.181
7190,5,-1.244
7200,5,-1.269
7210,5,-1.275
7220,5,-1.281
7230,5,-1.306
7240,5,-1.369
7250,5,-1.387
7260,5,-1.400
7270,5,-1.381
7280,5,-1.362
7290,5,-1.369
7300,5,-1.369
7310,5,-1.362
7320,5,-1.369
7330,5,-1.356
7340,5,-1.369
7350,5,-1.375
7360,5,-1.369
7370,5,-1.387
7380,5,-1.387
7390,5,-1.400
7400,5,-1.406
7410,5,-1.419
7420,5,-1.456
7430,5,-1.469
7440,5,-1.469
7450,5,-1.512
7460,5,-1.575
7470,5,-1.600
7480,5,-1.669
7490,5,-1.737
7500,5,-1.775
7510,5,-1.812
7520,5,-1.862
7530,5,-1.862
7540,5,-1.919
7550,5,-1.944
7560,5,-1.925
7570,5,-1.875
7580,5,-1.825
7590,5,-1.837
7600,5,-1.844
7610,5,-1.837
7620,5,-1.862
7630,5,-1.837
7640,5,-1.856
7650,5,-1.862
7660,5,-1.881
7670,5,-1.881
7680,5,-1.919
7690,5,-1.906
7700,5,-1.894
7710,5,-1.887
7720,5,-1.894
7730,5,-1.912
7740,5,-1.906
7750,5,-1.931
7760,5,-2.006
7770,5,-2.037
7780,5,-2.044
7790,5,-2.075
7800,5,-2.106
7810,5,-2.144
7820,5,-2.125
7830,5,-2.106
7840,5,-2.062
7850,5,-1.987
7860,5,-1.962
7870,5,-1.919
7880,5,-1.881
7890,5,-1.887
7900,5,-1.881
7910,5,-1.819
7920,5,-1.806
7930,5,-1.781
7940,5,-1.750
7950,5,-1.769
7960,5,-1.775
7970,5,-1.744
7980,5,-1.744
7990,5,-1.731
8000,5,-1.725
8010,5,-1.744
8020,5,-1.737
8030,5,-1.712
8040,5,-1.712
8050,5,-1.700
8060,5,-1.706
8070,5,-1.712
8080,5,-1.687
8090,5,-1.656
8100,5,-1.612
8110,5,-1.587
8120,5,-1.550
8130,5,-1.525
8140,5,-1.500
8150,5,-1.494
8160,5,-1.469
8170,5,-1.450
8180,5,-1.444
8190,5,-1.425
8200,5,-1.437
8210,5,-1.431
8220,5,-1.412
8230,5,-1.400
8240,5,-1.387
8250,5,-1.381
8260,5,-1.362
8270,5,-1.337
8280,5,-1.344
8290,5,-1.325
8300,5,-1.325
8310,5,-1.300
8320,5,-1.244
8330,5,-1.206
8340,5,-1.150
8350,5,-1.112
8360,5,-1.094
8370,5,-1.056
8380,5,-1.050
8390,5,-1.044
8400,5,-1.031
8410,5,-1.012
8420,5,-0.994
8430,5,-0.962
8440,5,-0.962
8450,5,-0.956
8460,5,-0.944
8470,5,-0.937
8480,5,-0.925
8490,5,-0.912
8500,5,-0.881
8510,5,-0.856
8520,5,-0.731
8530,5,-0.637
8540,5,-0.525
8550,5,-0.462
8560,5,-0.394
8570,5,-0.344
8580,5,-0.306
8590,5,-0.281
8600,5,-0.262
8610,5,-0.237
8620,5,-0.212
8630,5,-0.194
8640,5,-0.150
8650,5,-0.094
8660,5,-0.037
8670,5,0.088
8680,5,0.131
8690,5,0.138
8700,5,0.150
8710,5,0.169
8720,5,0.181
8730,5,0.188
8740,5,0.194
8750,5,0.194
8760,5,0.219
8770,5,0.213
8780,5,0.225
8790,5,0.225
8800,5,0.244
8810,5,0.238
8820,5,0.250
8830,5,0.256
8840,5,0.256
8850,5,0.256
8860,5,0.263
8870,5,0.263
8880,5,0.275
8890,5,0.275
8900,5,0.269
8910,5,0.281
8920,5,0.281
8930,5,0.281
8940,5,0.288
8950,5,0.288
8960,5,0.288
8970,5,0.288
8980,5,0.300
8990,5,0.294
9000,5,0.300
9010,5,0.300
9020,5,0.306
9030,5,0.313
9040,5,0.313
9050,5,0.325
9060,5,0.319
9070,5,0.331
9080,5,0.338
9090,5,0.338
9100,5,0.344
9110,5,0.344
9120,5,0.356
9130,5,0.363
9140,5,0.363
9150,5,0.369
9160,5,0.369
9170,5,0.375
9180,5,0.375
9190,5,0.381
9200,5,0.381
9210,5,0.388
9220,5,0.394
9230,5,0.400
9240,5,0.400
9250,5,0.413
9260,5,0.413
9270,5,0.413
9280,5,0.419
9290,5,0.425
9300,5,0.425
9310,5,0.431
9320,5,0.438
9330,5,0.431
9340,5,0.438
9350,5,0.438
9360,5,0.444
9370,5,0.444
9380,5,0.450
9390,5,0.463
9400,5,0.456
9410,5,0.469
9420,5,0.469
9430,5,0.463
9440,5,0.469
9450,5,0.475
9460,5,0.475
9470,5,0.481
9480,5,0.481
9490,5,0.481
9500,5,0.488
9510,5,0.488
9520,5,0.488
9530,5,0.481
9540,5,0.494
9550,5,0.488
9560,5,0.494
9570,5,0.488
9580,5,0.488
9590,5,0.494
9600,5,0.494
9610,5,0.500
9620,5,0.506
9630,5,0.506
9640,5,0.506
9650,5,0.500
9660,5,0.506
9670,5,0.494
9680,5,0.494
9690,5,0.494
9700,5,0.494
9710,5,0.494
9720,5,0.494
9730,5,0.494
9740,5,0.494
9750,5,0.494
9760,5,0.500
9770,5,0.506
9780,5,0.494
9790,5,0.494
9800,5,0.494
9810,5,0.481
9820,5,0.488
9830,5,0.488
9840,5,0.488
9850,5,0.494
9860,5,0.494
9870,5,0.488
9880,5,0.494
9890,5,0.488
9900,5,0.488
9910,5,0.488
9920,5,0.488
9930,5,0.488
9940,5,0.488
9950,5,0.488
9960,5,0.481
9970,5,0.481
9980,5,0.488
9990,5,0.494
10000,5,0.494
10010,5,0.494
10020,5,0.500
10030,5,0.513
10040,5,0.513
10050,5,0.506
10060,5,0.519
10070,5,0.513
10080,5,0.513
10090,5,0.525
10100,5,0.531
10110,5,0.531
10120,5,0.525
10130,5,0.525
10140,5,0.525
10150,5,0.525
10160,5,0.531
10170,5,0.538
10180,5,0.538
10190,5,0.538
10200,5,0.544
10210,5,0.550
10220,5,0.556
10230,5,0.550
10240,5,0.556
10250,5,0.550
10260,5,0.550
10270,5,0.563
10280,5,0.550
10290,5,0.563
10300,5,0.556
10310,5,0.556
10320,5,0.563
10330,5,0.575
10340,5,0.556
10350,5,0.556
10360,5,0.563
10370,5,0.563
10380,5,0.569
10390,5,0.563
10400,5,0.556
10410,5,0.563
10420,5,0.556
10430,5,0.556
10440,5,0.563
10450,5,0.556
10460,5,0.556
10470,5,0.556
10480,5,0.556
10490,5,0.550
10500,5,0.556
10510,5,0.556
10520,5,0.556
10530,5,0.569
10540,5,0.556
10550,5,0.563
10560,5,0.550
10570,5,0.556
10580,5,0.556
10590,5,0.556
10600,5,0.563
10610,5,0.556
10620,5,0.556
10630,5,0.563
10640,5,0.556
10650,5,0.556
10660,5,0.556
10670,5,0.569
10680,5,0.556
10690,5,0.556
10700,5,0.556
10710,5,0.556
10720,5,0.556
10730,5,0.569
10740,5,0.575
10750,5,0.581
10760,5,0.588
10770,5,0.575
10780,5,0.588
10790,5,0.594
10800,5,0.600
10810,5,0.613
10820,5,0.625
10830,5,0.631
10840,5,0.638
10850,5,0.631
10860,5,0.650
10870,5,0.650
10880,5,0.650
10890,5,0.656
10900,5,0.663
10910,5,0.669
10920,5,0.669
10930,5,0.669
10940,5,0.675
10950,5,0.675
10960,5,0.681
10970,5,0.688
10980,5,0.688
10990,5,0.694
11000,5,0.694
11010,5,0.713
11020,5,0.713
11030,5,0.700
11040,5,0.706
11050,5,0.706
11060,5,0.706
11070,5,0.713
11080,5,0.713
11090,5,0.725
11100,5,0.731
11110,5,0.731
11120,5,0.731
11130,5,0.731
11140,5,0.731
11150,5,0.731
11160,5,0.731
11170,5,0.744
11180,5,0.744
11190,5,0.744
11200,5,0.744
11210,5,0.750
11220,5,0.744
11230,5,0.750
11240,5,0.744
11250,5,0.750
11260,5,0.750
11270,5,0.750
11280,5,0.756
11290,5,0.763
11300,5,0.763
11310,5,0.756
11320,5,0.756
11330,5,0.756
11340,5,0.756
11350,5,0.756
11360,5,0.763
11370,5,0.756
11380,5,0.763
11390,5,0.769
11400,5,0.769
11410,5,0.775
11420,5,0.775
11430,5,0.775
11440,5,0.775
11450,5,0.775
11460,5,0.781
11470,5,0.775
11480,5,0.781
11490,5,0.781
11500,5,0.781
11510,5,0.781
11520,5,0.781
11530,5,0.781
11540,5,0.781
11550,5,0.788
11560,5,0.781
11570,5,0.781
11580,5,0.781
11590,5,0.788
11600,5,0.781
11610,5,0.781
11620,5,0.781
11630,5,0.788
11640,5,0.788
11650,5,0.794
11660,5,0.788
11670,5,0.788
11680,5,0.806
11690,5,0.794
11700,5,0.800
11710,5,0.788
11720,5,0.800
11730,5,0.800
11740,5,0.794
11750,5,0.800
11760,5,0.794
11770,5,0.800
11780,5,0.800
11790,5,0.800
11800,5,0.800
11810,5,0.800
11820,5,0.806
11830,5,0.806
11840,5,0.806
11850,5,0.813
11860,5,0.800
11870,5,0.800
11880,5,0.800
11890,5,0.806
11900,5,0.806
11910,5,0.800
11920,5,0.806
11930,5,0.806
11940,5,0.806
11950,5,0.806
11960,5,0.806
11970,5,0.800
11980,5,0.800
11990,5,0.806
12000,5,0.800
12010,10,0.806
12020,10,0.813
12030,10,0.819
12040,10,0.813
12050,10,0.806
12060,10,0.806
12070,10,0.800
12080,10,0.800
12090,10,0.800
12100,10,0.800
12110,10,0.800
12120,10,0.800
12130,10,0.800
12140,10,0.800
12150,10,0.794
12160,10,0.800
12170,10,0.806
12180,10,0.794
12190,10,0.800
12200,10,0.800
12210,10,0.806
12220,10,0.794
12230,10,0.794
12240,10,0.800
12250,10,0.794
12260,10,0.794
12270,10,0.788
12280,10,0.788
12290,10,0.788
12300,10,0.788
12310,10,0.788
12320,10,0.794
12330,10,0.781
12340,10,0.788
12350,10,0.781
12360,10,0.788
12370,10,0.781
12380,10,0.775
12390,10,0.781
12400,10,0.781
12410,10,0.775
12420,10,0.781
12430,10,0.781
12440,10,0.781
12450,10,0.781
12460,10,0.781
12470,10,0.781
12480,10,0.781
12490,10,0.781
12500,10,0.781
12510,10,0.775
12520,10,0.781
12530,10,0.775
12540,10,0.781
12550,10,0.781
12560,10,0.781
12570,10,0.781
12580,10,0.788
12590,10,0.788
12600,10,0.781
12610,10,0.788
12620,10,0.781
12630,10,0.781
12640,10,0.781
12650,10,0.781
12660,10,0.781
12670,10,0.775
12680,10,0.788
12690,10,0.781
12700,10,0.794
12710,10,0.794
12720,10,0.788
12730,10,0.794
12740,10,0.794
12750,10,0.788
12760,10,0.788
12770,10,0.788
12780,10,0.788
12790,10,0.794
12800,10,0.781
12810,10,0.781
12820,10,0.781
12830,10,0.788
12840,10,0.788
12850,10,0.781
12860,10,0.788
12870,10,0.788
12880,10,0.781
12890,10,0.781
12900,10,0.781
12910,10,0.781
12920,10,0.781
12930,10,0.775
12940,10,0.781
12950,10,0.781
12960,10,0.775
12970,10,0.788
12980,10,0.775
12990,10,0.775
13000,10,0.775
13010,10,0.763
13020,10,0.769
13030,10,0.775
13040,10,0.763
13050,10,0.763
13060,10,0.756
13070,10,0.763
13080,10,0.769
13090,10,0.756
13100,10,0.756
13110,10,0.756
13120,10,0.763
13130,10,0.756
13140,10,0.763
13150,10,0.763
13160,10,0.756
13170,10,0.756
13180,10,0.756
13190,10,0.750
13200,10,0.750
13210,10,0.750
13220,10,0.750
13230,10,0.750
13240,10,0.756
13250,10,0.756
13260,10,0.750
13270,10,0.750
13280,10,0.756
13290,10,0.763
13300,10,0.750
13310,10,0.750
13320,10,0.750
13330,10,0.756
13340,10,0.750
13350,10,0.750
13360,10,0.750
13370,10,0.769
13380,10,0.756
13390,10,0.763
13400,10,0.756
13410,10,0.756
13420,10,0.750
13430,10,0.750
13440,10,0.756
13450,10,0.756
13460,10,0.756
13470,10,0.763
13480,10,0.756
13490,10,0.763
13500,10,0.763
13510,10,0.756
13520,10,0.756
13530,10,0.763
13540,10,0.763
13550,10,0.763
13560,10,0.756
13570,10,0.763
13580,10,0.756
13590,10,0.769
13600,10,0.763
13610,10,0.756
13620,10,0.781
13630,10,0.769
13640,10,0.769
13650,10,0.769
13660,10,0.769
13670,10,0.763
13680,10,0.769
13690,10,0.763
13700,10,0.775
13710,10,0.781
13720,10,0.769
13730,10,0.775
13740,10,0.769
13750,10,0.769
13760,10,0.775
13770,10,0.781
13780,10,0.775
13790,10,0.788
13800,10,0.788
13810,10,0.794
13820,10,0.788
13830,10,0.788
13840,10,0.800
13850,10,0.794
13860,10,0.794
13870,10,0.800
13880,10,0.800
13890,10,0.800
13900,10,0.806
13910,10,0.806
13920,10,0.800
13930,10,0.806
13940,10,0.806
13950,10,0.806
13960,10,0.806
13970,10,0.806
13980,10,0.806
13990,10,0.813
14000,10,0.813
14010,10,0.825
14020,10,0.813
14030,10,0.813
14040,10,0.806
14050,10,0.819
14060,10,0.813
14070,10,0.819
14080,10,0.813
14090,10,0.819
14100,10,0.813
14110,10,0.819
14120,10,0.819
14130,10,0.813
14140,10,0.819
14150,10,0.813
14160,10,0.819
14170,10,0.819
14180,10,0.819
14190,10,0.825
14200,10,0.825
14210,10,0.825
14220,10,0.825
14230,10,0.825
14240,10,0.825
14250,10,0.825
14260,10,0.825
14270,10,0.819
14280,10,0.819
14290,10,0.825
14300,10,0.819
14310,10,0.819
14320,10,0.831
14330,10,0.825
14340,10,0.825
14350,10,0.825
14360,10,0.825
14370,10,0.825
14380,10,0.825
14390,10,0.825
14400,10,0.819
14410,10,0.825
14420,10,0.831
14430,10,0.825
14440,10,0.825
14450,10,0.825
14460,10,0.825
14470,10,0.825
14480,10,0.825
14490,10,0.825
14500,10,0.825
14510,10,0.825
14520,10,0.825
14530,10,0.831
14540,10,0.825
14550,10,0.831
14560,10,0.831
14570,10,0.831
14580,10,0.831
14590,10,0.838
14600,10,0.825
14610,10,0.831
14620,10,0.838
14630,10,0.831
14640,10,0.831
14650,10,0.831
14660,10,0.838
14670,10,0.825
14680,10,0.831
14690,10,0.838
14700,10,0.831
14710,10,0.838
14720,10,0.838
14730,10,0.831
14740,10,0.844
14750,10,0.831
14760,10,0.838
14770,10,0.838
14780,10,0.838
14790,10,0.838
14800,10,0.838
14810,10,0.831
14820,10,0.838
14830,10,0.838
14840,10,0.844
14850,10,0.838
14860,10,0.844
14870,10,0.844
14880,10,0.844
14890,10,0.844
14900,10,0.838
14910,10,0.844
14920,10,0.838
14930,10,0.844
14940,10,0.838
14950,10,0.844
14960,10,0.831
14970,10,0.838
14980,10,0.831
14990,10,0.831
15000,10,0.831
15010,10,0.838
15020,10,0.831
15030,10,0.844
15040,10,0.831
15050,10,0.838
15060,10,0.844
15070,10,0.831
15080,10,0.838
15090,10,0.831
15100,10,0.838
15110,10,0.831
15120,10,0.825
15130,10,0.831
15140,10,0.831
15150,10,0.831
15160,10,0.825
15170,10,0.838
15180,10,0.831
15190,10,0.825
15200,10,0.831
15210,10,0.831
15220,10,0.825
15230,10,0.825
15240,10,0.819
15250,10,0.825
15260,10,0.825
15270,10,0.819
15280,10,0.838
15290,10,0.813
15300,10,0.825
15310,10,0.825
15320,10,0.825
15330,10,0.831
15340,10,0.831
15350,10,0.825
15360,10,0.825
15370,10,0.819
15380,10,0.825
15390,10,0.831
15400,10,0.844
15410,10,0.831
15420,10,0.838
15430,10,0.831
15440,10,0.838
15450,10,0.825
15460,10,0.825
15470,10,0.825
15480,10,0.825
15490,10,0.831
15500,10,0.831
15510,10,0.825
15520,10,0.825
15530,10,0.838
15540,10,0.825
15550,10,0.819
15560,10,0.825
15570,10,0.825
15580,10,0.825
15590,10,0.825
15600,10,0.825
15610,10,0.825
15620,10,0.825
15630,10,0.825
15640,10,0.819
15650,10,0.825
15660,10,0.819
15670,10,0.813
15680,10,0.819
15690,10,0.813
15700,10,0.813
15710,10,0.806
15720,10,0.813
15730,10,0.806
15740,10,0.813
15750,10,0.800
15760,10,0.800
15770,10,0.800
15780,10,0.794
15790,10,0.794
15800,10,0.788
15810,10,0.794
15820,10,0.788
15830,10,0.788
15840,10,0.788
15850,10,0.788
15860,10,0.781
15870,10,0.781
15880,10,0.781
15890,10,0.769
15900,10,0.769
15910,10,0.775
15920,10,0.763
15930,10,0.769
15940,10,0.763
15950,10,0.763
15960,10,0.763
15970,10,0.756
15980,10,0.756
15990,10,0.763
16000,10,0.756
16010,10,0.769
16020,10,0.756
16030,10,0.756
16040,10,0.750
16050,10,0.750
16060,10,0.756
16070,10,0.750
16080,10,0.750
16090,10,0.750
16100,10,0.750
16110,10,0.744
16120,10,0.744
16130,10,0.744
16140,10,0.744
16150,10,0.738
16160,10,0.738
16170,10,0.744
16180,10,0.731
16190,10,0.731
16200,10,0.744
16210,10,0.738
16220,10,0.731
16230,10,0.725
16240,10,0.731
16250,10,0.719
16260,10,0.731
16270,10,0.731
16280,10,0.725
16290,10,0.719
16300,10,0.725
16310,10,0.713
16320,10,0.719
16330,10,0.719
16340,10,0.719
16350,10,0.719
16360,10,0.719
16370,10,0.706
16380,10,0.706
16390,10,0.719
16400,10,0.713
16410,10,0.725
16420,10,0.713
16430,10,0.713
16440,10,0.706
16450,10,0.706
16460,10,0.706
16470,10,0.706
16480,10,0.713
16490,10,0.713
16500,10,0.706
16510,10,0.706
16520,10,0.700
16530,10,0.700
16540,10,0.700
16550,10,0.706
16560,10,0.706
16570,10,0.706
16580,10,0.706
16590,10,0.700
16600,10,0.706
16610,10,0.700
16620,10,0.700
16630,10,0.706
16640,10,0.700
16650,10,0.700
16660,10,0.706
16670,10,0.706
16680,10,0.706
16690,10,0.706
16700,10,0.700
16710,10,0.694
16720,10,0.694
16730,10,0.700
16740,10,0.694
16750,10,0.706
16760,10,0.700
16770,10,0.694
16780,10,0.688
16790,10,0.694
16800,10,0.688
16810,10,0.681
16820,10,0.675
16830,10,0.669
16840,10,0.681
16850,10,0.669
16860,10,0.669
16870,10,0.669
16880,10,0.656
16890,10,0.669
16900,10,0.663
16910,10,0.656
16920,10,0.656
16930,10,0.656
16940,10,0.650
16950,10,0.650
16960,10,0.638
16970,10,0.631
16980,10,0.638
16990,10,0.638
17000,10,0.631
17010,15,0.638
17020,15,0.631
17030,15,0.619
17040,15,0.619
17050,15,0.613
17060,15,0.619
17070,15,0.613
17080,15,0.613
17090,15,0.606
17100,15,0.594
17110,15,0.594
17120,15,0.588
17130,15,0.581
17140,15,0.581
17150,15,0.575
17160,15,0.588
17170,15,0.575
17180,15,0.569
17190,15,0.563
17200,15,0.563
17210,15,0.563
17220,15,0.563
17230,15,0.556
17240,15,0.556
17250,15,0.550
17260,15,0.556
17270,15,0.550
17280,15,0.550
17290,15,0.544
17300,15,0.550
17310,15,0.544
17320,15,0.544
17330,15,0.531
17340,15,0.538
17350,15,0.531
17360,15,0.544
17370,15,0.531
17380,15,0.531
17390,15,0.531
17400,15,0.525
17410,15,0.525
17420,15,0.519
17430,15,0.531
17440,15,0.538
17450,15,0.519
17460,15,0.525
17470,15,0.531
17480,15,0.519
17490,15,0.519
17500,15,0.519
17510,15,0.525
17520,15,0.525
17530,15,0.525
17540,15,0.531
17550,15,0.538
17560,15,0.538
17570,15,0.544
17580,15,0.531
17590,15,0.531
17600,15,0.525
17610,15,0.544
17620,15,0.538
17630,15,0.531
17640,15,0.538
17650,15,0.531
17660,15,0.538
17670,15,0.525
17680,15,0.531
17690,15,0.525
17700,15,0.525
17710,15,0.513
17720,15,0.519
17730,15,0.519
17740,15,0.506
17750,15,0.500
17760,15,0.506
17770,15,0.500
17780,15,0.500
17790,15,0.488
17800,15,0.488
17810,15,0.481
17820,15,0.488
17830,15,0.469
17840,15,0.469
17850,15,0.456
17860,15,0.469
17870,15,0.475
17880,15,0.481
17890,15,0.488
17900,15,0.481
17910,15,0.500
17920,15,0.488
17930,15,0.500
17940,15,0.456
17950,15,0.450
17960,15,0.463
17970,15,0.463
17980,15,0.456
17990,15,0.456
18000,15,0.463
18010,15,0.450
18020,15,0.450
18030,15,0.450
18040,15,0.456
18050,15,0.444
18060,15,0.450
18070,15,0.450
18080,15,0.456
18090,15,0.463
18100,15,0.456
18110,15,0.450
18120,15,0.444
18130,15,0.444
18140,15,0.431
18150,15,0.431
18160,15,0.425
18170,15,0.425
18180,15,0.425
18190,15,0.425
18200,15,0.419
18210,15,0.419
18220,15,0.413
18230,15,0.419
18240,15,0.406
18250,15,0.413
18260,15,0.419
18270,15,0.413
18280,15,0.400
18290,15,0.406
18300,15,0.406
18310,15,0.400
18320,15,0.400
18330,15,0.400
18340,15,0.394
18350,15,0.400
18360,15,0.394
18370,15,0.394
18380,15,0.394
18390,15,0.400
18400,15,0.400
18410,15,0.388
18420,15,0.406
18430,15,0.406
18440,15,0.413
18450,15,0.406
18460,15,0.394
18470,15,0.394
18480,15,0.400
18490,15,0.413
18500,15,0.394
18510,15,0.394
18520,15,0.400
18530,15,0.394
18540,15,0.394
18550,15,0.388
18560,15,0.400
18570,15,0.381
18580,15,0.381
18590,15,0.381
18600,15,0.381
18610,15,0.375
18620,15,0.381
18630,15,0.375
18640,15,0.375
18650,15,0.363
18660,15,0.369
18670,15,0.356
18680,15,0.350
18690,15,0.350
18700,15,0.350
18710,15,0.363
18720,15,0.356
18730,15,0.338
18740,15,0.338
18750,15,0.338
18760,15,0.325
18770,15,0.344
18780,15,0.338
18790,15,0.331
18800,15,0.338
18810,15,0.331
18820,15,0.338
18830,15,0.331
18840,15,0.338
18850,15,0.331
18860,15,0.338
18870,15,0.338
18880,15,0.325
18890,15,0.338
18900,15,0.331
18910,15,0.331
18920,15,0.331
18930,15,0.338
18940,15,0.331
18950,15,0.338
18960,15,0.325
18970,15,0.331
18980,15,0.331
18990,15,0.344
19000,15,0.344
19010,15,0.331
19020,15,0.350
19030,15,0.338
19040,15,0.338
19050,15,0.338
19060,15,0.338
19070,15,0.338
19080,15,0.344
19090,15,0.344
19100,15,0.344
19110,15,0.350
19120,15,0.331
19130,15,0.344
19140,15,0.331
19150,15,0.338
19160,15,0.331
19170,15,0.338
19180,15,0.325
19190,15,0.338
19200,15,0.319
19210,15,0.319
19220,15,0.313
19230,15,0.319
19240,15,0.306
19250,15,0.300
19260,15,0.300
19270,15,0.294
19280,15,0.306
19290,15,0.294
19300,15,0.281
19310,15,0.281
19320,15,0.281
19330,15,0.275
19340,15,0.281
19350,15,0.275
19360,15,0.281
19370,15,0.263
19380,15,0.269
19390,15,0.263
19400,15,0.263
19410,15,0.256
19420,15,0.275
19430,15,0.263
19440,15,0.263
19450,15,0.269
19460,15,0.263
19470,15,0.269
19480,15,0.256
19490,15,0.269
19500,15,0.263
19510,15,0.269
19520,15,0.263
19530,15,0.263
19540,15,0.269
19550,15,0.269
19560,15,0.269
19570,15,0.269
19580,15,0.275
19590,15,0.281
19600,15,0.275
19610,15,0.288
19620,15,0.275
19630,15,0.288
19640,15,0.281
19650,15,0.288
19660,15,0.300
19670,15,0.294
19680,15,0.294
19690,15,0.294
19700,15,0.300
19710,15,0.306
19720,15,0.300
19730,15,0.306
19740,15,0.306
19750,15,0.313
19760,15,0.313
19770,15,0.313
19780,15,0.319
19790,15,0.319
19800,15,0.313
19810,15,0.325
19820,15,0.313
19830,15,0.325
19840,15,0.331
19850,15,0.338
19860,15,0.331
19870,15,0.344
19880,15,0.344
19890,15,0.350
19900,15,0.344
19910,15,0.350
19920,15,0.344
19930,15,0.344
19940,15,0.338
19950,15,0.331
19960,15,0.350
19970,15,0.331
19980,15,0.338
19990,15,0.338
20000,15,0.331
20010,15,0.331
20020,15,0.331
20030,15,0.325
20040,15,0.331
20050,15,0.325
20060,15,0.338
20070,15,0.319
20080,15,0.319
20090,15,0.319
20100,15,0.306
20110,15,0.300
20120,15,0.306
20130,15,0.313
20140,15,0.319
20150,15,0.294
20160,15,0.300
20170,15,0.294
20180,15,0.294
20190,15,0.300
20200,15,0.300
20210,15,0.300
20220,15,0.300
20230,15,0.306
20240,15,0.306
20250,15,0.319
20260,15,0.313
20270,15,0.325
20280,15,0.325
20290,15,0.344
20300,15,0.331
20310,15,0.331
20320,15,0.338
20330,15,0.331
20340,15,0.344
20350,15,0.338
20360,15,0.331
20370,15,0.338
20380,15,0.331
20390,15,0.338
20400,15,0.331
20410,15,0.325
20420,15,0.331
20430,15,0.350
20440,15,0.331
20450,15,0.338
20460,15,0.331
20470,15,0.344
20480,15,0.344
20490,15,0.344
20500,15,0.338
20510,15,0.331
20520,15,0.338
20530,15,0.331
20540,15,0.331
20550,15,0.331
20560,15,0.344
20570,15,0.331
20580,15,0.331
20590,15,0.325
20600,15,0.338
20610,15,0.338
20620,15,0.331
20630,15,0.338
20640,15,0.338
20650,15,0.338
20660,15,0.344
20670,15,0.350
20680,15,0.350
20690,15,0.356
20700,15,0.356
20710,15,0.356
20720,15,0.356
20730,15,0.356
20740,15,0.363
20750,15,0.356
20760,15,0.369
20770,15,0.356
20780,15,0.356
20790,15,0.350
20800,15,0.356
20810,15,0.356
20820,15,0.344
20830,15,0.350
20840,15,0.344
20850,15,0.356
20860,15,0.344
20870,15,0.350
20880,15,0.344
20890,15,0.344
20900,15,0.350
20910,15,0.344
20920,15,0.338
20930,15,0.331
20940,15,0.344
20950,15,0.338
20960,15,0.344
20970,15,0.350
20980,15,0.350
20990,15,0.350
21000,15,0.356
21010,15,0.356
21020,15,0.363
21030,15,0.369
21040,15,0.363
21050,15,0.381
21060,15,0.369
21070,15,0.375
21080,15,0.388
21090,15,0.381
21100,15,0.381
21110,15,0.381
21120,15,0.381
21130,15,0.394
21140,15,0.413
21150,15,0.400
21160,15,0.400
21170,15,0.406
21180,15,0.400
21190,15,0.406
21200,15,0.406
21210,15,0.400
21220,15,0.413
21230,15,0.419
21240,15,0.406
21250,15,0.419
21260,15,0.406
21270,15,0.419
21280,15,0.419
21290,15,0.431
21300,15,0.438
21310,15,0.431
21320,15,0.438
21330,15,0.438
21340,15,0.450
21350,15,0.438
21360,15,0.450
21370,15,0.444
21380,15,0.444
21390,15,0.450
21400,15,0.444
21410,15,0.450
21420,15,0.456
21430,15,0.444
21440,15,0.444
21450,15,0.438
21460,15,0.444
21470,15,0.425
21480,15,0.438
21490,15,0.431
21500,15,0.425
21510,15,0.413
21520,15,0.413
21530,15,0.406
21540,15,0.400
21550,15,0.394
21560,15,0.388
21570,15,0.381
21580,15,0.369
21590,15,0.375
21600,15,0.369
21610,15,0.363
21620,15,0.363
21630,15,0.356
21640,15,0.350
21650,15,0.356
21660,15,0.350
21670,15,0.350
21680,15,0.338
21690,15,0.338
21700,15,0.344
21710,15,0.338
21720,15,0.338
21730,15,0.344
21740,15,0.338
21750,15,0.338
21760,15,0.331
21770,15,0.325
21780,15,0.325
21790,15,0.319
21800,15,0.313
21810,15,0.313
21820,15,0.313
21830,15,0.300
21840,15,0.294
21850,15,0.294
21860,15,0.281
21870,15,0.275
21880,15,0.269
21890,15,0.263
21900,15,0.256
21910,15,0.256
21920,15,0.244
21930,15,0.250
21940,15,0.250
21950,15,0.250
21960,15,0.250
21970,15,0.244
21980,15,0.244
21990,15,0.231
22000,15,0.231
22010,20,0.238
22020,20,0.231
22030,20,0.213
22040,20,0.213
22050,20,0.206
22060,20,0.213
22070,20,0.200
22080,20,0.181
22090,20,0.175
22100,20,0.163
22110,20,0.163
22120,20,0.144
22130,20,0.138
22140,20,0.131
22150,20,0.119
22160,20,0.100
22170,20,0.088
22180,20,0.069
22190,20,0.063
22200,20,0.063
22210,20,0.056
22220,20,0.044
22230,20,0.044
22240,20,0.044
22250,20,0.044
22260,20,0.025
22270,20,0.013
22280,20,0.006
22290,20,-0.006
22300,20,-0.006
22310,20,-0.012
22320,20,-0.025
22330,20,-0.044
22340,20,-0.044
22350,20,-0.050
22360,20,-0.075
22370,20,-0.075
22380,20,-0.081
22390,20,-0.069
22400,20,-0.069
22410,20,-0.075
22420,20,-0.069
22430,20,-0.062
22440,20,-0.062
22450,20,-0.069
22460,20,-0.069
22470,20,-0.069
22480,20,-0.062
22490,20,-0.056
22500,20,-0.050
22510,20,-0.050
22520,20,-0.044
22530,20,-0.031
22540,20,-0.025
22550,20,-0.019
22560,20,-0.006
22570,20,0.019
22580,20,0.013
22590,20,0.031
22600,20,0.038
22610,20,0.038
22620,20,0.056
22630,20,0.063
22640,20,0.069
22650,20,0.081
22660,20,0.094
22670,20,0.094
22680,20,0.100
22690,20,0.100
22700,20,0.113
22710,20,0.119
22720,20,0.125
22730,20,0.131
22740,20,0.131
22750,20,0.138
22760,20,0.144
22770,20,0.156
22780,20,0.150
22790,20,0.156
22800,20,0.169
22810,20,0.163
22820,20,0.175
22830,20,0.200
22840,20,0.194
22850,20,0.200
22860,20,0.206
22870,20,0.213
22880,20,0.219
22890,20,0.231
22900,20,0.231
22910,20,0.238
22920,20,0.238
22930,20,0.238
22940,20,0.244
22950,20,0.250
22960,20,0.256
22970,20,0.256
22980,20,0.256
22990,20,0.263
23000,20,0.263
23010,20,0.256
23020,20,0.263
23030,20,0.256
23040,20,0.269
23050,20,0.263
23060,20,0.275
23070,20,0.269
23080,20,0.281
23090,20,0.275
23100,20,0.269
23110,20,0.269
23120,20,0.263
23130,20,0.256
23140,20,0.256
23150,20,0.269
23160,20,0.263
23170,20,0.275
23180,20,0.256
23190,20,0.256
23200,20,0.256
23210,20,0.256
23220,20,0.244
23230,20,0.244
23240,20,0.244
23250,20,0.231
23260,20,0.225
23270,20,0.231
23280,20,0.231
23290,20,0.231
23300,20,0.225
23310,20,0.231
23320,20,0.225
23330,20,0.231
23340,20,0.219
23350,20,0.213
23360,20,0.225
23370,20,0.213
23380,20,0.213
23390,20,0.219
23400,20,0.206
23410,20,0.213
23420,20,0.213
23430,20,0.206
23440,20,0.188
23450,20,0.175
23460,20,0.188
23470,20,0.175
23480,20,0.156
23490,20,0.163
23500,20,0.156
23510,20,0.150
23520,20,0.144
23530,20,0.138
23540,20,0.138
23550,20,0.125
23560,20,0.125
23570,20,0.106
23580,20,0.094
23590,20,0.088
23600,20,0.075
23610,20,0.063
23620,20,0.056
23630,20,0.050
23640,20,0.044
23650,20,0.038
23660,20,0.013
23670,20,0.019
23680,20,0.006
23690,20,0.000
23700,20,-0.012
23710,20,-0.012
23720,20,-0.019
23730,20,-0.037
23740,20,-0.044
23750,20,-0.062
23760,20,-0.075
23770,20,-0.087
23780,20,-0.106
23790,20,-0.112
23800,20,-0.125
23810,20,-0.150
23820,20,-0.169
23830,20,-0.169
23840,20,-0.181
23850,20,-0.219
23860,20,-0.256
23870,20,-0.287
23880,20,-0.319
23890,20,-0.362
23900,20,-0.419
23910,20,-0.500
23920,20,-0.600
23930,20,-0.712
23940,20,-0.931
23950,20,-1.125
23960,20,-1.425
23970,20,-2.044
23980,20,-2.312
23990,20,-2.675
24000,20,-2.819
24010,20,-2.694
24020,20,-2.462
24030,20,-2.406
24040,20,-2.731
24050,20,-3.012
24060,20,-2.531
24070,20,-3.062
24080,20,-3.425
24090,20,-3.225
24100,20,-2.950
24110,20,-2.981
24120,20,-2.925
24130,20,-2.631
24140,20,-2.662
24150,20,-2.812
24160,20,-3.569
24170,20,-3.394
24180,20,-3.406
24190,20,-3.569
24200,20,-3.544
24210,20,-3.819
24220,20,-3.744
24230,20,-3.525
24240,20,-1.200
24250,20,-1.162
24260,20,-1.156
24270,20,-1.181
24280,20,-1.219
24290,20,-1.369
24300,20,-2.012
24310,20,-2.394
24320,20,-3.169
24330,20,-2.112
24340,20,-2.250
24350,20,-2.444
24360,20,-3.006
24370,20,-4.719
24380,20,-5.462
24390,20,-1.306
24400,20,-1.975
24410,20,-2.412
24420,20,-2.462
24430,20,-2.562
24440,20,-2.975
24450,20,-2.931
24460,20,-3.319
24470,20,-3.181
24480,20,-3.694
24490,20,-4.206
24500,20,-3.894
24510,20,-4.212
24520,20,-4.306
24530,20,-4.356
24540,20,-3.287
24550,20,-3.575
24560,20,-4.137
24570,20,-4.244
24580,20,-4.756
24590,20,-5.037
24600,20,-3.994
24610,20,-2.231
24620,20,-2.450
24630,20,-2.706
24640,20,-2.931
24650,20,-2.981
24660,20,-3.062
24670,20,-3.200
24680,20,-3.012
24690,20,-3.162
24700,20,-3.475
24710,20,-3.469
24720,20,-3.944
24730,20,-4.250
24740,20,-4.506
24750,20,-4.775
24760,20,-4.912
24770,20,-5.181
24780,20,-4.825
24790,20,-4.175
24800,20,-5.400
24810,20,-5.100
24820,20,-4.287
24830,20,-4.531
24840,20,-4.544
24850,20,-5.281
24860,20,-5.737
24870,20,-6.044
24880,20,-5.725
24890,20,-4.700
24900,20,-4.925
24910,20,-5.362
24920,20,-5.569
24930,20,-5.519
24940,20,-5.687
24950,20,-6.044
24960,20,-6.137
24970,20,-4.881
24980,20,-5.619
24990,20,-6.025
25000,20,-5.906
25010,20,-6.594
25020,20,-7.119
25030,20,-7.000
25040,20,-7.069
25050,20,-6.825
25060,20,-7.731
25070,20,-7.262
25080,20,-8.006
25090,20,-7.756
25100,20,-7.762
25110,20,-8.600
25120,20,-6.712
25130,20,-6.937
25140,20,-6.612
25150,20,-6.994
25160,20,-5.125
25170,20,-5.906
25180,20,-6.950
25190,20,-4.962
25200,20,-4.994
25210,20,-4.519
25220,20,-4.562
25230,20,-4.800
25240,20,-5.062
25250,20,-5.300
25260,20,-5.225
25270,20,-5.106
25280,20,-5.300
25290,20,-5.850
25300,20,-5.662
25310,20,-4.587
25320,20,-4.744
25330,20,-4.719
25340,20,-3.825
25350,20,-3.850
25360,20,-4.050
25370,20,-4.175
25380,20,-4.262
25390,20,-4.069
25400,20,-3.956
25410,20,-4.431
25420,20,-4.544
25430,20,-4.631
25440,20,-5.925
25450,20,-7.362
25460,20,-7.719
25470,20,-8.206
25480,20,-7.537
25490,20,-7.506
25500,20,-7.469
25510,20,-7.787
25520,20,-7.494
25530,20,-7.287
25540,20,-7.156
25550,20,-6.269
25560,20,-6.350
25570,20,-6.006
25580,20,-6.437
25590,20,-6.644
25600,20,-6.988
25610,20,-6.956
25620,20,-7.031
25630,20,-7.006
25640,20,-7.256
25650,20,-7.300
25660,20,-6.975
25670,20,-6.687
25680,20,-6.750
25690,20,-6.787
25700,20,-6.856
25710,20,-6.587
25720,20,-6.269
25730,20,-6.075
25740,20,-6.044
25750,20,-5.962
25760,20,-6.644
25770,20,-6.906
25780,20,-7.094
25790,20,-7.075
25800,20,-6.862
25810,20,-6.631
25820,20,-6.037
25830,20,-6.462
25840,20,-6.612
25850,20,-5.819
25860,20,-5.912
25870,20,-5.775
25880,20,-5.356
25890,20,-5.306
25900,20,-5.712
25910,20,-5.925
25920,20,-5.512
25930,20,-5.425
25940,20,-5.269
25950,20,-5.169
25960,20,-4.981
25970,20,-5.069
25980,20,-5.000
25990,20,-5.019
26000,20,-4.956
26010,20,-5.056
26020,20,-5.012
26030,20,-4.937
26040,20,-4.781
26050,20,-4.737
26060,20,-4.619
26070,20,-4.731
26080,20,-4.731
26090,20,-4.362
26100,20,-3.750
26110,20,-3.863
26120,20,-3.850
26130,20,-3.925
26140,20,-4.056
26150,20,-4.050
26160,20,-3.875
26170,20,-3.631
26180,20,-3.500
26190,20,-3.631
26200,20,-3.650
26210,20,-3.619
26220,20,-3.744
26230,20,-3.887
26240,20,-3.962
26250,20,-4.137
26260,20,-4.162
26270,20,-4.294
26280,20,-4.344
26290,20,-4.269
26300,20,-3.844
26310,20,-3.906
26320,20,-3.950
26330,20,-3.856
26340,20,-3.875
26350,20,-4.144
26360,20,-4.244
26370,20,-4.231
26380,20,-4.450
26390,20,-4.519
26400,20,-4.675
26410,20,-4.819
26420,20,-4.875
26430,20,-4.856
26440,20,-4.731
26450,20,-4.856
26460,20,-4.906
26470,20,-4.781
26480,20,-4.881
26490,20,-4.937
26500,20,-5.037
26510,20,-5.081
26520,20,-5.081
26530,20,-5.406
26540,20,-5.475
26550,20,-5.819
26560,20,-5.769
26570,20,-5.406
26580,20,-5.175
26590,20,-5.137
26600,20,-5.075
26610,20,-4.950
26620,20,-4.962
26630,20,-5.006
26640,20,-5.037
26650,20,-4.975
26660,20,-4.981
26670,20,-5.012
26680,20,-5.175
26690,20,-5.044
26700,20,-4.912
26710,20,-4.894
26720,20,-4.887
26730,20,-4.987
26740,20,-4.912
26750,20,-4.887
26760,20,-4.825
26770,20,-4.794
26780,20,-4.850
26790,20,-4.875
26800,20,-4.962
26810,20,-5.006
26820,20,-5.006
26830,20,-5.125
26840,20,-5.012
26850,20,-5.112
26860,20,-5.019
26870,20,-5.194
26880,20,-5.081
26890,20,-5.325
26900,20,-5.194
26910,20,-5.325
26920,20,-5.381
26930,20,-5.506
26940,20,-5.469
26950,20,-5.569
26960,20,-5.606
26970,20,-5.550
26980,20,-5.494
26990,20,-5.475
27000,20,-5.912
27010,25,-6.131
27020,25,-6.281
27030,25,-6.369
27040,25,-6.394
27050,25,-6.356
27060,25,-6.406
27070,25,-6.444
27080,25,-6.462
27090,25,-6.537
27100,25,-6.350
27110,25,-6.462
27120,25,-6.650
27130,25,-6.700
27140,25,-6.494
27150,25,-6.519
27160,25,-6.256
27170,25,-6.156
27180,25,-6.237
27190,25,-5.894
27200,25,-5.919
27210,25,-6.000
27220,25,-6.194
27230,25,-6.437
27240,25,-6.281
27250,25,-6.069
27260,25,-5.937
27270,25,-5.781
27280,25,-5.675
27290,25,-5.781
27300,25,-5.744
27310,25,-5.900
27320,25,-5.869
27330,25,-5.769
27340,25,-5.819
27350,25,-5.656
27360,25,-5.775
27370,25,-5.756
27380,25,-5.744
27390,25,-5.806
27400,25,-5.681
27410,25,-5.619
27420,25,-5.756
27430,25,-5.331
27440,25,-5.025
27450,25,-4.894
27460,25,-4.925
27470,25,-4.937
27480,25,-4.825
27490,25,-4.694
27500,25,-4.681
27510,25,-4.500
27520,25,-4.406
27530,25,-4.325
27540,25,-4.294
27550,25,-4.181
27560,25,-4.050
27570,25,-4.012
27580,25,-4.019
27590,25,-3.931
27600,25,-3.675
27610,25,-3.431
27620,25,-3.369
27630,25,-3.319
27640,25,-3.262
27650,25,-3.287
27660,25,-3.375
27670,25,-3.431
27680,25,-3.569
27690,25,-3.719
27700,25,-4.094
27710,25,-4.612
27720,25,-4.706
27730,25,-4.487
27740,25,-4.669
27750,25,-4.437
27760,25,-4.425
27770,25,-4.431
27780,25,-4.169
27790,25,-4.262
27800,25,-4.337
27810,25,-3.081
27820,25,-2.550
27830,25,-2.406
27840,25,-2.269
27850,25,-2.050
27860,25,-2.050
27870,25,-2.056
27880,25,-2.125
27890,25,-2.050
27900,25,-2.100
27910,25,-2.125
27920,25,-2.087
27930,25,-2.150
27940,25,-2.244
27950,25,-2.244
27960,25,-2.331
27970,25,-2.394
27980,25,-2.400
27990,25,-2.462
28000,25,-2.519
28010,25,-2.550
28020,25,-2.581
28030,25,-2.562
28040,25,-2.500
28050,25,-2.519
28060,25,-2.475
28070,25,-2.419
28080,25,-2.394
28090,25,-2.331
28100,25,-2.344
28110,25,-2.319
28120,25,-2.306
28130,25,-2.369
28140,25,-2.469
28150,25,-2.562
28160,25,-2.706
28170,25,-2.862
28180,25,-2.912
28190,25,-2.881
28200,25,-2.912
28210,25,-2.919
28220,25,-3.000
28230,25,-3.031
28240,25,-3.056
28250,25,-3.019
28260,25,-3.081
28270,25,-2.956
28280,25,-3.019
28290,25,-2.944
28300,25,-2.950
28310,25,-2.925
28320,25,-2.937
28330,25,-3.000
28340,25,-2.987
28350,25,-2.994
28360,25,-2.937
28370,25,-2.950
28380,25,-2.969
28390,25,-2.919
28400,25,-2.869
28410,25,-2.762
28420,25,-2.769
28430,25,-2.831
28440,25,-2.756
28450,25,-2.744
28460,25,-2.787
28470,25,-2.812
28480,25,-2.887
28490,25,-2.850
28500,25,-2.869
28510,25,-2.862
28520,25,-2.937
28530,25,-2.937
28540,25,-3.100
28550,25,-3.087
28560,25,-3.025
28570,25,-3.119
28580,25,-3.187
28590,25,-3.062
28600,25,-3.162
28610,25,-3.162
28620,25,-3.400
28630,25,-3.450
28640,25,-3.450
28650,25,-3.550
28660,25,-3.512
28670,25,-3.500
28680,25,-3.400
28690,25,-3.444
28700,25,-3.506
28710,25,-3.569
28720,25,-3.481
28730,25,-3.481
28740,25,-3.456
28750,25,-3.512
28760,25,-3.544
28770,25,-3.669
28780,25,-3.737
28790,25,-3.731
28800,25,-3.719
28810,25,-3.794
28820,25,-3.731
28830,25,-3.863
28840,25,-3.912
28850,25,-3.850
28860,25,-3.875
28870,25,-3.844
28880,25,-3.831
28890,25,-3.919
28900,25,-4.019
28910,25,-4.075
28920,25,-4.169
28930,25,-4.131
28940,25,-4.269
28950,25,-4.475
28960,25,-4.362
28970,25,-4.231
28980,25,-4.100
28990,25,-4.031
29000,25,-4.181
29010,25,-4.206
29020,25,-4.206
29030,25,-4.312
29040,25,-4.237
29050,25,-4.256
29060,25,-4.325
29070,25,-4.337
29080,25,-4.300
29090,25,-4.312
29100,25,-4.487
29110,25,-4.406
29120,25,-4.362
29130,25,-4.275
29140,25,-4.394
29150,25,-4.387
29160,25,-4.512
29170,25,-4.512
29180,25,-4.594
29190,25,-4.619
29200,25,-4.575
29210,25,-4.512
29220,25,-4.356
29230,25,-4.475
29240,25,-4.544
29250,25,-4.612
29260,25,-4.525
29270,25,-4.544
29280,25,-4.250
29290,25,-3.712
29300,25,-3.550
29310,25,-3.494
29320,25,-3.456
29330,25,-3.500
29340,25,-3.162
29350,25,-3.269
29360,25,-3.319
29370,25,-3.312
29380,25,-3.406
29390,25,-3.550
29400,25,-3.587
29410,25,-3.744
29420,25,-3.950
29430,25,-3.863
29440,25,-3.831
29450,25,-3.819
29460,25,-3.794
29470,25,-3.400
29480,25,-3.406
29490,25,-3.475
29500,25,-3.606
29510,25,-3.575
29520,25,-3.544
29530,25,-3.569
29540,25,-3.650
29550,25,-3.625
29560,25,-3.600
29570,25,-3.656
29580,25,-3.550
29590,25,-3.537
29600,25,-3.569
29610,25,-3.594
29620,25,-3.581
29630,25,-3.656
29640,25,-3.506
29650,25,-3.587
29660,25,-3.569
29670,25,-3.575
29680,25,-3.594
29690,25,-3.531
29700,25,-3.519
29710,25,-3.544
29720,25,-3.606
29730,25,-3.712
29740,25,-3.731
29750,25,-3.756
29760,25,-3.831
29770,25,-3.519
29780,25,-3.606
29790,25,-3.556
29800,25,-3.587
29810,25,-3.594
29820,25,-3.625
29830,25,-3.612
29840,25,-3.475
29850,25,-3.456
29860,25,-3.325
29870,25,-3.300
29880,25,-3.456
29890,25,-3.437
29900,25,-3.387
29910,25,-3.325
29920,25,-3.262
29930,25,-3.225
29940,25,-3.275
29950,25,-3.350
29960,25,-3.287
29970,25,-3.262
29980,25,-3.281
29990,25,-3.269
30000,25,-3.394
30010,25,-3.381
30020,25,-3.300
30030,25,-3.194
30040,25,-3.069
30050,25,-3.175
30060,25,-3.150
30070,25,-3.219
30080,25,-3.175
30090,25,-3.162
30100,25,-3.337
30110,25,-3.400
30120,25,-3.375
30130,25,-3.356
30140,25,-3.331
30150,25,-3.281
30160,25,-3.225
30170,25,-3.150
30180,25,-3.200
30190,25,-3.212
30200,25,-3.144
30210,25,-3.175
30220,25,-3.206
30230,25,-3.194
30240,25,-3.219
30250,25,-3.206
30260,25,-3.112
30270,25,-3.075
30280,25,-3.062
30290,25,-2.969
30300,25,-2.994
30310,25,-3.000
30320,25,-3.056
30330,25,-3.087
30340,25,-2.994
30350,25,-2.994
30360,25,-2.975
30370,25,-2.944
30380,25,-2.944
30390,25,-2.944
30400,25,-2.925
30410,25,-2.944
30420,25,-2.881
30430,25,-2.931
30440,25,-2.919
30450,25,-2.856
30460,25,-2.881
30470,25,-2.944
30480,25,-2.894
30490,25,-2.969
30500,25,-2.950
30510,25,-2.944
30520,25,-3.000
30530,25,-2.981
30540,25,-2.994
30550,25,-2.994
30560,25,-3.025
30570,25,-3.094
30580,25,-3.087
30590,25,-3.131
30600,25,-3.200
30610,25,-3.225
30620,25,-3.219
30630,25,-3.319
30640,25,-3.206
30650,25,-3.300
30660,25,-3.212
30670,25,-3.156
30680,25,-3.206
30690,25,-3.356
30700,25,-3.450
30710,25,-3.556
30720,25,-3.550
30730,25,-3.587
30740,25,-3.756
30750,25,-3.750
30760,25,-3.856
30770,25,-3.975
30780,25,-4.137
30790,25,-2.525
30800,25,-2.319
30810,25,-2.344
30820,25,-2.344
30830,25,-2.444
30840,25,-2.550
30850,25,-2.875
30860,25,-3.000
30870,25,-3.175
30880,25,-3.519
30890,25,-4.075
30900,25,-3.819
30910,25,-3.637
30920,25,-3.806
30930,25,-3.000
30940,25,-1.312
30950,25,-1.181
30960,25,-1.187
30970,25,-1.169
30980,25,-1.200
30990,25,-1.206
31000,25,-1.206
31010,25,-1.237
31020,25,-1.269
31030,25,-1.337
31040,25,-1.394
31050,25,-1.531
31060,25,-1.675
31070,25,-1.812
31080,25,-2.000
31090,25,-2.131
31100,25,-2.450
31110,25,-2.987
31120,25,-3.756
31130,25,-5.031
31140,25,-5.056
31150,25,-3.169
31160,25,-3.956
31170,25,-4.394
31180,25,-4.900
31190,25,-5.006
31200,25,-5.169
31210,25,-4.881
31220,25,-4.550
31230,25,-4.081
31240,25,-3.987
31250,25,-4.206
31260,25,-4.381
31270,25,-4.487
31280,25,-4.550
31290,25,-4.606
31300,25,-4.575
31310,25,-4.550
31320,25,-4.237
31330,25,-4.112
31340,25,-1.544
31350,25,-1.306
31360,25,-1.237
31370,25,-1.237
31380,25,-1.237
31390,25,-1.269
31400,25,-1.275
31410,25,-1.312
31420,25,-1.300
31430,25,-1.300
31440,25,-1.312
31450,25,-1.312
31460,25,-1.344
31470,25,-1.369
31480,25,-1.369
31490,25,-1.375
31500,25,-1.169
31510,25,-1.237
31520,25,-1.312
31530,25,-1.400
31540,25,-1.412
31550,25,-1.475
31560,25,-1.494
31570,25,-1.606
31580,25,-1.650
31590,25,-1.731
31600,25,-1.456
31610,25,-1.500
31620,25,-1.662
31630,25,-1.794
31640,25,-1.962
31650,25,-1.894
31660,25,-1.812
31670,25,-1.700
31680,25,-1.556
31690,25,-1.087
31700,25,-0.981
31710,25,-0.931
31720,25,-0.894
31730,25,-0.875
31740,25,-0.856
31750,25,-0.831
31760,25,-0.831
31770,25,-0.794
31780,25,-0.775
31790,25,-0.781
31800,25,-0.744
31810,25,-0.737
31820,25,-0.712
31830,25,-0.719
31840,25,-0.725
31850,25,-0.694
31860,25,-0.694
31870,25,-0.687
31880,25,-0.675
31890,25,-0.662
31900,25,-0.662
31910,25,-0.656
31920,25,-0.650
31930,25,-0.650
31940,25,-0.656
31950,25,-0.631
31960,25,-0.644
31970,25,-0.631
31980,25,-0.625
31990,25,-0.619
32000,25,-0.625
32010,30,-0.606
32020,30,-0.606
32030,30,-0.606
32040,30,-0.612
32050,30,-0.619
32060,30,-0.606
32070,30,-0.606
32080,30,-0.637
32090,30,-0.650
32100,30,-0.656
32110,30,-0.650
32120,30,-0.650
32130,30,-0.644
32140,30,-0.631
32150,30,-0.656
32160,30,-0.619
32170,30,-0.625
32180,30,-0.625
32190,30,-0.625
32200,30,-0.631
32210,30,-0.637
32220,30,-0.637
32230,30,-0.644
32240,30,-0.669
32250,30,-0.675
32260,30,-0.662
32270,30,-0.681
32280,30,-0.681
32290,30,-0.706
32300,30,-0.700
32310,30,-0.706
32320,30,-0.700
32330,30,-0.725
32340,30,-0.737
32350,30,-0.644
32360,30,-0.625
32370,30,-0.600
32380,30,-0.600
32390,30,-0.581
32400,30,-0.587
32410,30,-0.600
32420,30,-0.606
32430,30,-0.600
32440,30,-0.600
32450,30,-0.612
32460,30,-0.619
32470,30,-0.569
32480,30,-0.569
32490,30,-0.587
32500,30,-0.587
32510,30,-0.606
32520,30,-0.612
32530,30,-0.606
32540,30,-0.606
32550,30,-0.625
32560,30,-0.637
32570,30,-0.650
32580,30,-0.656
32590,30,-0.669
32600,30,-0.706
32610,30,-0.719
32620,30,-0.712
32630,30,-0.744
32640,30,-0.744
32650,30,-0.762
32660,30,-0.775
32670,30,-0.781
32680,30,-0.794
32690,30,-0.806
32700,30,-0.825
32710,30,-0.837
32720,30,-0.850
32730,30,-0.862
32740,30,-0.869
32750,30,-0.875
32760,30,-0.875
32770,30,-0.862
32780,30,-0.887
32790,30,-0.912
32800,30,-0.931
32810,30,-0.937
32820,30,-0.975
32830,30,-1.006
32840,30,-0.925
32850,30,-0.862
32860,30,-0.856
32870,30,-0.862
32880,30,-0.887
32890,30,-0.919
32900,30,-0.950
32910,30,-1.019
32920,30,-1.044
32930,30,-1.050
32940,30,-1.081
32950,30,-1.112
32960,30,-1.131
32970,30,-1.169
32980,30,-1.181
32990,30,-1.206
33000,30,-1.237
33010,30,-1.312
33020,30,-1.362
33030,30,-1.481
33040,30,-1.712
33050,30,-1.825
33060,30,-1.944
33070,30,-1.775
33080,30,-1.981
33090,30,-1.944
33100,30,-2.369
33110,30,-2.681
33120,30,-2.856
33130,30,-3.300
33140,30,-3.337
33150,30,-2.275
33160,30,-2.506
33170,30,-3.100
33180,30,-3.244
33190,30,-3.219
33200,30,-3.375
33210,30,-1.975
33220,30,-2.281
33230,30,-3.175
33240,30,-3.375
33250,30,-3.800
33260,30,-7.737
33270,30,-12.506
33280,30,-2.444
33290,30,-2.519
33300,30,-2.500
33310,30,-2.600
33320,30,-2.506
33330,30,-2.775
33340,30,-2.925
33350,30,-2.587
33360,30,-2.731
33370,30,-2.469
33380,30,-2.412
33390,30,-2.362
33400,30,-2.762
33410,30,-4.019
33420,30,-7.962
33430,30,-1.012
33440,30,-0.775
33450,30,-0.787
33460,30,-0.794
33470,30,-0.794
33480,30,-0.831
33490,30,-0.844
33500,30,-0.862
33510,30,-0.887
33520,30,-0.887
33530,30,-0.906
33540,30,-0.925
33550,30,-0.925
33560,30,-0.919
33570,30,-0.975
33580,30,-0.950
33590,30,-0.987
33600,30,-1.006
33610,30,-1.037
33620,30,-1.144
33630,30,-1.294
33640,30,-2.781
33650,30,-4.056
33660,30,-1.869
33670,30,-2.487
33680,30,-6.181
33690,30,-1.387
33700,30,-1.631
33710,30,-1.369
33720,30,-1.319
33730,30,-1.331
33740,30,-1.231
33750,30,-1.225
33760,30,-1.081
33770,30,-1.025
33780,30,-1.000
33790,30,-1.062
33800,30,-1.187
33810,30,-1.431
33820,30,-3.725
33830,30,-6.587
33840,30,-3.519
33850,30,-4.212
33860,30,-5.537
33870,30,-5.112
33880,30,-5.225
33890,30,-6.294
33900,30,-5.475
33910,30,-6.156
33920,30,-6.219
33930,30,-5.081
33940,30,-4.631
33950,30,-6.612
33960,30,-7.706
33970,30,-2.281
33980,30,-1.887
33990,30,-2.462
34000,30,-2.762
34010,30,-2.713
34020,30,-2.594
34030,30,-2.300
34040,30,-2.350
34050,30,-2.837
34060,30,-4.931
34070,30,-3.319
34080,30,-2.994
34090,30,-3.231
34100,30,-3.850
34110,30,-4.731
34120,30,-5.262
34130,30,-5.169
34140,30,-5.475
34150,30,-4.644
34160,30,-4.212
34170,30,-4.381
34180,30,-4.200
34190,30,-3.694
34200,30,-4.262
34210,30,-3.906
34220,30,-4.819
34230,30,-4.900
34240,30,-2.169
34250,30,-3.400
34260,30,-4.762
34270,30,-4.812
34280,30,-5.012
34290,30,-4.056
34300,30,-5.437
34310,30,-2.812
34320,30,-3.369
34330,30,-3.762
34340,30,-3.406
34350,30,-3.687
34360,30,-3.419
34370,30,-3.906
34380,30,-4.319
34390,30,-4.306
34400,30,-4.869
34410,30,-4.369
34420,30,-4.594
34430,30,-4.175
34440,30,-3.300
34450,30,-3.350
34460,30,-3.375
34470,30,-3.344
34480,30,-3.281
34490,30,-3.544
34500,30,-3.569
34510,30,-2.269
34520,30,-1.837
34530,30,-1.769
34540,30,-1.737
34550,30,-1.769
34560,30,-1.812
34570,30,-1.912
34580,30,-2.012
34590,30,-2.219
34600,30,-2.594
34610,30,-2.681
34620,30,-2.675
34630,30,-2.875
34640,30,-3.319
34650,30,-3.700
34660,30,-3.412
34670,30,-3.169
34680,30,-3.356
34690,30,-3.275
34700,30,-3.294
34710,30,-3.125
34720,30,-2.912
34730,30,-3.019
34740,30,-2.956
34750,30,-2.812
34760,30,-3.087
34770,30,-3.062
34780,30,-3.019
34790,30,-3.037
34800,30,-2.944
34810,30,-2.781
34820,30,-2.844
34830,30,-2.875
34840,30,-2.869
34850,30,-2.837
34860,30,-2.687
34870,30,-2.500
34880,30,-2.362
34890,30,-2.537
34900,30,-2.387
34910,30,-2.319
34920,30,-2.275
34930,30,-2.237
34940,30,-2.262
34950,30,-2.294
34960,30,-2.269
34970,30,-2.244
34980,30,-2.219
34990,30,-2.200
35000,30,-2.206
35010,30,-2.175
35020,30,-2.112
35030,30,-2.000
35040,30,-2.031
35050,30,-2.006
35060,30,-1.019
35070,30,-0.737
35080,30,-0.637
35090,30,-0.581
35100,30,-0.562
35110,30,-0.525
35120,30,-0.500
35130,30,-0.481
35140,30,-0.462
35150,30,-0.450
35160,30,-0.425
35170,30,-0.419
35180,30,-0.412
35190,30,-0.406
35200,30,-0.387
35210,30,-0.375
35220,30,-0.369
35230,30,-0.362
35240,30,-0.350
35250,30,-0.356
35260,30,-0.344
35270,30,-0.331
35280,30,-0.319
35290,30,-0.325
35300,30,-0.331
35310,30,-0.312
35320,30,-0.300
35330,30,-0.306
35340,30,-0.294
35350,30,-0.306
35360,30,-0.287
35370,30,-0.287
35380,30,-0.281
35390,30,-0.275
35400,30,-0.269
35410,30,-0.269
35420,30,-0.262
35430,30,-0.269
35440,30,-0.256
35450,30,-0.256
35460,30,-0.250
35470,30,-0.244
35480,30,-0.244
35490,30,-0.250
35500,30,-0.262
35510,30,-0.244
35520,30,-0.237
35530,30,-0.250
35540,30,-0.244
35550,30,-0.237
35560,30,-0.237
35570,30,-0.237
35580,30,-0.244
35590,30,-0.237
35600,30,-0.219
35610,30,-0.225
35620,30,-0.212
35630,30,-0.212
35640,30,-0.212
35650,30,-0.219
35660,30,-0.194
35670,30,-0.206
35680,30,-0.206
35690,30,-0.200
35700,30,-0.200
35710,30,-0.206
35720,30,-0.200
35730,30,-0.187
35740,30,-0.200
35750,30,-0.200
35760,30,-0.187
35770,30,-0.187
35780,30,-0.181
35790,30,-0.181
35800,30,-0.175
35810,30,-0.181
35820,30,-0.175
35830,30,-0.162
35840,30,-0.162
35850,30,-0.144
35860,30,-0.156
35870,30,-0.156
35880,30,-0.137
35890,30,-0.150
35900,30,-0.150
35910,30,-0.144
35920,30,-0.131
35930,30,-0.125
35940,30,-0.125
35950,30,-0.119
35960,30,-0.112
35970,30,-0.112
35980,30,-0.100
35990,30,-0.094
36000,30,-0.087
36010,30,-0.094
36020,30,-0.094
36030,30,-0.087
36040,30,-0.075
36050,30,-0.044
36060,30,-0.031
36070,30,-0.037
36080,30,-0.037
36090,30,-0.025
36100,30,-0.031
36110,30,-0.025
36120,30,-0.031
36130,30,-0.019
36140,30,-0.019
36150,30,-0.012
36160,30,-0.006
36170,30,-0.012
36180,30,-0.012
36190,30,0.000
36200,30,0.000
36210,30,0.019
36220,30,0.038
36230,30,0.038
36240,30,0.044
36250,30,0.044
36260,30,0.031
36270,30,0.044
36280,30,0.038
36290,30,0.044
36300,30,0.044
36310,30,0.050
36320,30,0.050
36330,30,0.056
36340,30,0.056
36350,30,0.063
36360,30,0.056
36370,30,0.069
36380,30,0.063
36390,30,0.069
36400,30,0.075
36410,30,0.069
36420,30,0.069
36430,30,0.063
36440,30,0.069
36450,30,0.081
36460,30,0.081
36470,30,0.075
36480,30,0.081
36490,30,0.069
36500,30,0.081
36510,30,0.075
36520,30,0.088
36530,30,0.088
36540,30,0.088
36550,30,0.075
36560,30,0.088
36570,30,0.081
36580,30,0.075
36590,30,0.075
36600,30,0.081
36610,30,0.094
36620,30,0.100
36630,30,0.094
36640,30,0.075
36650,30,0.088
36660,30,0.094
36670,30,0.100
36680,30,0.081
36690,30,0.094
36700,30,0.088
36710,30,0.088
36720,30,0.088
36730,30,0.081
36740,30,0.088
36750,30,0.088
36760,30,0.094
36770,30,0.081
36780,30,0.094
36790,30,0.081
36800,30,0.088
36810,30,0.088
36820,30,0.081
36830,30,0.088
36840,30,0.106
36850,30,0.100
36860,30,0.106
36870,30,0.075
36880,30,0.081
36890,30,0.100
36900,30,0.081
36910,30,0.088
36920,30,0.075
36930,30,0.063
36940,30,0.063
36950,30,0.075
36960,30,0.056
36970,30,0.069
36980,30,0.069
36990,30,0.069
37000,30,0.063
37010,35,0.063
37020,35,0.050
37030,35,0.044
37040,35,0.038
37050,35,0.038
37060,35,0.025
37070,35,0.031
37080,35,0.013
37090,35,0.013
37100,35,0.000
37110,35,0.013
37120,35,0.019
37130,35,-0.012
37140,35,0.000
37150,35,-0.019
37160,35,-0.012
37170,35,0.000
37180,35,-0.025
37190,35,-0.044
37200,35,-0.069
37210,35,-0.087
37220,35,-0.125
37230,35,-0.175
37240,35,-0.256
37250,35,-0.381
37260,35,-1.581
37270,35,-5.350
37280,35,-5.031
37290,35,-4.975
37300,35,-4.887
37310,35,-4.719
37320,35,-4.825
37330,35,-4.706
37340,35,-4.712
37350,35,-4.587
37360,35,-4.619
37370,35,-4.581
37380,35,-4.469
37390,35,-4.500
37400,35,-4.550
37410,35,-4.556
37420,35,-4.450
37430,35,-3.962
37440,35,-2.781
37450,35,-2.781
37460,35,-2.731
37470,35,-2.750
37480,35,-1.269
37490,35,-1.406
37500,35,-1.550
37510,35,-1.756
37520,35,-1.812
37530,35,-1.744
37540,35,-1.669
37550,35,-1.675
37560,35,-1.819
37570,35,-1.819
37580,35,-1.806
37590,35,-1.819
37600,35,-1.756
37610,35,-1.450
37620,35,-1.656
37630,35,-1.637
37640,35,-1.619
37650,35,-1.606
37660,35,-1.637
37670,35,-1.606
37680,35,-1.662
37690,35,-1.712
37700,35,-1.631
37710,35,-1.637
37720,35,-1.731
37730,35,-1.737
37740,35,-1.887
37750,35,-1.881
37760,35,-1.981
37770,35,-2.106
37780,35,-2.106
37790,35,-2.125
37800,35,-2.069
37810,35,-2.100
37820,35,-2.075
37830,35,-1.737
37840,35,-1.712
37850,35,-1.594
37860,35,-1.650
37870,35,-1.569
37880,35,-1.612
37890,35,-1.662
37900,35,-1.669
37910,35,-1.656
37920,35,-1.656
37930,35,-1.737
37940,35,-1.737
37950,35,-1.781
37960,35,-1.750
37970,35,-1.731
37980,35,-1.800
37990,35,-1.894
38000,35,-1.912
38010,35,-1.912
38020,35,-1.862
38030,35,-1.875
38040,35,-1.862
38050,35,-1.806
38060,35,-1.837
38070,35,-1.875
38080,35,-1.887
38090,35,-1.850
38100,35,-1.856
38110,35,-1.900
38120,35,-1.850
38130,35,-1.919
38140,35,-1.969
38150,35,-2.025
38160,35,-2.019
38170,35,-2.050
38180,35,-2.056
38190,35,-1.831
38200,35,-1.894
38210,35,-1.775
38220,35,-1.719
38230,35,-1.719
38240,35,-1.637
38250,35,-1.706
38260,35,-1.619
38270,35,-1.625
38280,35,-1.669
38290,35,-1.644
38300,35,-1.662
38310,35,-1.662
38320,35,-1.631
38330,35,-1.606
38340,35,-1.556
38350,35,-1.512
38360,35,-1.575
38370,35,-1.569
38380,35,-1.562
38390,35,-1.581
38400,35,-1.587
38410,35,-1.619
38420,35,-1.631
38430,35,-1.725
38440,35,-1.787
38450,35,-1.725
38460,35,-1.656
38470,35,-1.681
38480,35,-1.719
38490,35,-1.731
38500,35,-1.719
38510,35,-1.606
38520,35,-1.644
38530,35,-1.494
38540,35,-1.556
38550,35,-1.537
38560,35,-1.619
38570,35,-1.675
38580,35,-1.650
38590,35,-1.650
38600,35,-1.537
38610,35,-1.456
38620,35,-1.506
38630,35,-1.394
38640,35,-1.444
38650,35,-1.500
38660,35,-1.450
38670,35,-1.400
38680,35,-1.425
38690,35,-1.481
38700,35,-1.550
38710,35,-1.450
38720,35,-1.412
38730,35,-1.437
38740,35,-1.319
38750,35,-1.181
38760,35,-1.075
38770,35,-0.962
38780,35,-0.781
38790,35,-0.737
38800,35,-0.725
38810,35,-0.737
38820,35,-0.731
38830,35,-0.719
38840,35,-0.712
38850,35,-0.756
38860,35,-0.687
38870,35,-0.725
38880,35,-0.750
38890,35,-0.775
38900,35,-0.762
38910,35,-0.775
38920,35,-0.875
38930,35,-1.069
38940,35,-1.237
38950,35,-1.362
38960,35,-1.362
38970,35,-1.394
38980,35,-1.300
38990,35,-1.337
39000,35,-1.406
39010,35,-1.537
39020,35,-1.487
39030,35,-1.506
39040,35,-1.531
39050,35,-0.925
39060,35,-0.919
39070,35,-0.937
39080,35,-0.950
39090,35,-0.919
39100,35,-0.956
39110,35,-0.987
39120,35,-1.006
39130,35,-1.031
39140,35,-1.069
39150,35,-1.081
39160,35,-1.094
39170,35,-1.125
39180,35,-1.169
39190,35,-1.175
39200,35,-1.200
39210,35,-1.225
39220,35,-1.256
39230,35,-1.225
39240,35,-1.250
39250,35,-1.325
39260,35,-1.325
39270,35,-1.369
39280,35,-1.369
39290,35,-1.444
39300,35,-1.487
39310,35,-1.544
39320,35,-1.556
39330,35,-1.562
39340,35,-1.631
39350,35,-1.706
39360,35,-1.800
39370,35,-1.425
39380,35,-1.437
39390,35,-1.587
39400,35,-2.200
39410,35,-2.831
39420,35,-3.181
39430,35,-3.225
39440,35,-1.794
39450,35,-1.287
39460,35,-1.237
39470,35,-1.144
39480,35,-1.144
39490,35,-1.137
39500,35,-1.156
39510,35,-1.144
39520,35,-1.100
39530,35,-1.069
39540,35,-1.019
39550,35,-0.994
39560,35,-0.956
39570,35,-0.906
39580,35,-0.900
39590,35,-0.862
39600,35,-0.837
39610,35,-0.812
39620,35,-0.806
39630,35,-0.794
39640,35,-0.806
39650,35,-0.787
39660,35,-0.769
39670,35,-0.744
39680,35,-0.737
39690,35,-0.719
39700,35,-0.700
39710,35,-0.662
39720,35,-0.644
39730,35,-0.581
39740,35,-0.556
39750,35,-0.537
39760,35,-0.512
39770,35,-0.506
39780,35,-0.487
39790,35,-0.469
39800,35,-0.444
39810,35,-0.431
39820,35,-0.431
39830,35,-0.394
39840,35,-0.294
39850,35,-0.256
39860,35,-0.237
39870,35,-0.225
39880,35,-0.206
39890,35,-0.187
39900,35,-0.181
39910,35,-0.181
39920,35,-0.194
39930,35,-0.187
39940,35,-0.187
39950,35,-0.187
39960,35,-0.187
39970,35,-0.200
39980,35,-0.187
39990,35,-0.187
40000,35,-0.181
40010,35,-0.187
40020,35,-0.194
40030,35,-0.187
40040,35,-0.181
40050,35,-0.175
40060,35,-0.181
40070,35,-0.187
40080,35,-0.187
40090,35,-0.181
40100,35,-0.187
40110,35,-0.187
40120,35,-0.175
40130,35,-0.162
40140,35,-0.169
40150,35,-0.169
40160,35,-0.150
40170,35,-0.156
40180,35,-0.156
40190,35,-0.156
40200,35,-0.162
40210,35,-0.150
40220,35,-0.150
40230,35,-0.156
40240,35,-0.156
40250,35,-0.156
40260,35,-0.150
40270,35,-0.144
40280,35,-0.150
40290,35,-0.144
40300,35,-0.144
40310,35,-0.156
40320,35,-0.144
40330,35,-0.144
40340,35,-0.137
40350,35,-0.144
40360,35,-0.137
40370,35,-0.131
40380,35,-0.137
40390,35,-0.137
40400,35,-0.137
40410,35,-0.150
40420,35,-0.137
40430,35,-0.144
40440,35,-0.156
40450,35,-0.144
40460,35,-0.144
40470,35,-0.144
40480,35,-0.150
40490,35,-0.137
40500,35,-0.137
40510,35,-0.125
40520,35,-0.112
40530,35,-0.106
40540,35,-0.106
40550,35,-0.106
40560,35,-0.112
40570,35,-0.106
40580,35,-0.100
40590,35,-0.094
40600,35,-0.094
40610,35,-0.094
40620,35,-0.094
40630,35,-0.087
40640,35,-0.081
40650,35,-0.087
40660,35,-0.081
40670,35,-0.081
40680,35,-0.087
40690,35,-0.087
40700,35,-0.075
40710,35,-0.087
40720,35,-0.069
40730,35,-0.075
40740,35,-0.081
40750,35,-0.075
40760,35,-0.075
40770,35,-0.094
40780,35,-0.075
40790,35,-0.069
40800,35,-0.069
40810,35,-0.069
40820,35,-0.075
40830,35,-0.075
40840,35,-0.081
40850,35,-0.081
40860,35,-0.081
40870,35,-0.087
40880,35,-0.094
40890,35,-0.094
40900,35,-0.100
40910,35,-0.094
40920,35,-0.100
40930,35,-0.100
40940,35,-0.106
40950,35,-0.100
40960,35,-0.100
40970,35,-0.100
40980,35,-0.100
40990,35,-0.094
41000,35,-0.094
41010,35,-0.106
41020,35,-0.100
41030,35,-0.106
41040,35,-0.094
41050,35,-0.094
41060,35,-0.087
41070,35,-0.106
41080,35,-0.106
41090,35,-0.106
41100,35,-0.112
41110,35,-0.112
41120,35,-0.106
41130,35,-0.106
41140,35,-0.106
41150,35,-0.106
41160,35,-0.112
41170,35,-0.106
41180,35,-0.112
41190,35,-0.119
41200,35,-0.131
41210,35,-0.125
41220,35,-0.125
41230,35,-0.131
41240,35,-0.112
41250,35,-0.119
41260,35,-0.125
41270,35,-0.125
41280,35,-0.125
41290,35,-0.119
41300,35,-0.125
41310,35,-0.119
41320,35,-0.112
41330,35,-0.112
41340,35,-0.106
41350,35,-0.094
41360,35,-0.087
41370,35,-0.100
41380,35,-0.106
41390,35,-0.112
41400,35,-0.100
41410,35,-0.119
41420,35,-0.137
41430,35,-0.137
41440,35,-0.162
41450,35,-0.169
41460,35,-0.187
41470,35,-0.206
41480,35,-0.219
41490,35,-0.256
41500,35,-0.300
41510,35,-0.362
41520,35,-0.437
41530,35,-0.556
41540,35,-0.687
41550,35,-0.825
41560,35,-0.925
41570,35,-1.056
41580,35,-1.081
41590,35,-1.062
41600,35,-1.331
41610,35,-1.412
41620,35,-1.456
41630,35,-1.437
41640,35,-1.487
41650,35,-1.537
41660,35,-1.581
41670,35,-1.625
41680,35,-1.637
41690,35,-1.694
41700,35,-1.725
41710,35,-1.950
41720,35,-2.087
41730,35,-2.075
41740,35,-2.169
41750,35,-2.294
41760,35,-2.400
41770,35,-2.494
41780,35,-2.569
41790,35,-2.731
41800,35,-2.875
41810,35,-3.125
41820,35,-2.025
41830,35,-1.969
41840,35,-1.956
41850,35,-1.844
41860,35,-1.837
41870,35,-1.825
41880,35,-1.881
41890,35,-1.794
41900,35,-1.681
41910,35,-1.619
41920,35,-1.581
41930,35,-1.500
41940,35,-1.450
41950,35,-1.481
41960,35,-1.481
41970,35,-1.475
41980,35,-1.525
41990,35,-1.581
42000,35,-1.625
42010,40,-1.637
42020,40,-1.619
42030,40,-1.619
42040,40,-1.656
42050,40,-1.700
42060,40,-1.650
42070,40,-1.625
42080,40,-1.631
42090,40,-1.644
42100,40,-1.694
42110,40,-1.781
42120,40,-1.731
42130,40,-1.719
42140,40,-1.687
42150,40,-1.687
42160,40,-1.650
42170,40,-1.631
42180,40,-1.644
42190,40,-1.656
42200,40,-1.612
42210,40,-1.587
42220,40,-1.556
42230,40,-1.475
42240,40,-1.494
42250,40,-1.475
42260,40,-1.419
42270,40,-1.350
42280,40,-1.331
42290,40,-1.325
42300,40,-1.319
42310,40,-1.312
42320,40,-1.325
42330,40,-1.344
42340,40,-1.356
42350,40,-1.375
42360,40,-1.381
42370,40,-1.356
42380,40,-1.387
42390,40,-1.394
42400,40,-1.431
42410,40,-1.437
42420,40,-1.462
42430,40,-1.437
42440,40,-1.350
42450,40,-0.631
42460,40,-0.562
42470,40,-0.562
42480,40,-0.562
42490,40,-0.562
42500,40,-0.562
42510,40,-0.550
42520,40,-0.562
42530,40,-0.562
42540,40,-0.544
42550,40,-0.562
42560,40,-0.581
42570,40,-0.594
42580,40,-0.600
42590,40,-0.600
42600,40,-0.600
42610,40,-0.606
42620,40,-0.612
42630,40,-0.625
42640,40,-0.637
42650,40,-0.656
42660,40,-0.650
42670,40,-0.675
42680,40,-0.669
42690,40,-0.687
42700,40,-0.687
42710,40,-0.700
42720,40,-0.700
42730,40,-0.719
42740,40,-0.744
42750,40,-0.750
42760,40,-0.781
42770,40,-0.806
42780,40,-0.812
42790,40,-0.844
42800,40,-0.825
42810,40,-0.850
42820,40,-0.856
42830,40,-0.862
42840,40,-0.875
42850,40,-0.875
42860,40,-0.887
42870,40,-0.912
42880,40,-0.937
42890,40,-0.950
42900,40,-0.981
42910,40,-1.000
42920,40,-1.006
42930,40,-1.062
42940,40,-1.075
42950,40,-1.100
42960,40,-1.106
42970,40,-1.131
42980,40,-1.156
42990,40,-1.200
43000,40,-1.212
43010,40,-1.262
43020,40,-1.362
43030,40,-1.525
43040,40,-1.837
43050,40,-1.962
43060,40,-2.181
43070,40,-2.462
43080,40,-2.281
43090,40,-2.250
43100,40,-2.044
43110,40,-1.956
43120,40,-2.031
43130,40,-2.300
43140,40,-2.487
43150,40,-2.319
43160,40,-2.337
43170,40,-2.300
43180,40,-2.262
43190,40,-2.131
43200,40,-2.162
43210,40,-2.100
43220,40,-2.062
43230,40,-2.112
43240,40,-2.131
43250,40,-2.131
43260,40,-2.156
43270,40,-2.137
43280,40,-2.206
43290,40,-2.206
43300,40,-2.275
43310,40,-2.256
43320,40,-2.250
43330,40,-2.250
43340,40,-2.262
43350,40,-2.281
43360,40,-2.231
43370,40,-2.262
43380,40,-2.294
43390,40,-2.275
43400,40,-2.281
43410,40,-2.200
43420,40,-2.131
43430,40,-2.231
43440,40,-2.194
43450,40,-2.156
43460,40,-2.162
43470,40,-2.131
43480,40,-2.094
43490,40,-2.050
43500,40,-2.100
43510,40,-2.100
43520,40,-2.006
43530,40,-1.919
43540,40,-1.956
43550,40,-1.931
43560,40,-1.856
43570,40,-1.862
43580,40,-1.894
43590,40,-1.906
43600,40,-1.900
43610,40,-1.856
43620,40,-1.731
43630,40,-1.656
43640,40,-1.494
43650,40,-1.456
43660,40,-1.375
43670,40,-1.337
43680,40,-1.312
43690,40,-1.306
43700,40,-1.331
43710,40,-1.312
43720,40,-1.319
43730,40,-1.319
43740,40,-1.300
43750,40,-1.306
43760,40,-1.300
43770,40,-1.312
43780,40,-1.319
43790,40,-1.294
43800,40,-1.300
43810,40,-1.300
43820,40,-1.300
43830,40,-1.275
43840,40,-1.269
43850,40,-1.250
43860,40,-1.237
43870,40,-1.250
43880,40,-1.244
43890,40,-1.231
43900,40,-1.244
43910,40,-1.231
43920,40,-1.231
43930,40,-1.250
43940,40,-1.256
43950,40,-1.275
43960,40,-1.281
43970,40,-1.287
43980,40,-1.294
43990,40,-1.319
44000,40,-1.312
44010,40,-1.300
44020,40,-1.319
44030,40,-1.306
44040,40,-1.306
44050,40,-1.306
44060,40,-1.312
44070,40,-1.337
44080,40,-1.325
44090,40,-1.325
44100,40,-1.319
44110,40,-1.362
44120,40,-1.350
44130,40,-1.350
44140,40,-1.356
44150,40,-1.344
44160,40,-1.362
44170,40,-1.375
44180,40,-1.375
44190,40,-1.381
44200,40,-1.381
44210,40,-1.381
44220,40,-1.394
44230,40,-1.381
44240,40,-1.381
44250,40,-1.381
44260,40,-1.400
44270,40,-1.400
44280,40,-1.400
44290,40,-1.431
44300,40,-1.425
44310,40,-1.431
44320,40,-1.444
44330,40,-1.450
44340,40,-1.456
44350,40,-1.469
44360,40,-1.469
44370,40,-1.469
44380,40,-1.475
44390,40,-1.487
44400,40,-1.475
44410,40,-1.500
44420,40,-1.444
44430,40,-1.450
44440,40,-1.444
44450,40,-1.450
44460,40,-1.325
44470,40,-1.162
44480,40,-1.150
44490,40,-1.131
44500,40,-1.131
44510,40,-1.112
44520,40,-1.100
44530,40,-1.094
44540,40,-1.125
44550,40,-1.175
44560,40,-1.200
44570,40,-1.231
44580,40,-1.250
44590,40,-1.269
44600,40,-1.281
44610,40,-1.319
44620,40,-1.344
44630,40,-1.362
44640,40,-1.381
44650,40,-1.412
44660,40,-1.444
44670,40,-1.469
44680,40,-1.469
44690,40,-1.519
44700,40,-1.556
44710,40,-1.600
44720,40,-1.631
44730,40,-1.662
44740,40,-1.694
44750,40,-1.706
44760,40,-1.725
44770,40,-1.744
44780,40,-1.819
44790,40,-1.850
44800,40,-1.906
44810,40,-1.906
44820,40,-1.931
44830,40,-2.044
44840,40,-2.131
44850,40,-2.237
44860,40,-2.319
44870,40,-2.406
44880,40,-2.544
44890,40,-2.794
44900,40,-3.387
44910,40,-3.256
44920,40,-1.544
44930,40,-1.181
44940,40,-1.244
44950,40,-1.156
44960,40,-1.187
44970,40,-1.219
44980,40,-1.275
44990,40,-1.306
45000,40,-1.356
45010,40,-1.437
45020,40,-1.512
45030,40,-1.594
45040,40,-1.644
45050,40,-1.950
45060,40,-2.056
45070,40,-0.906
45080,40,-0.869
45090,40,-0.856
45100,40,-0.875
45110,40,-0.869
45120,40,-0.900
45130,40,-0.912
45140,40,-0.937
45150,40,-0.937
45160,40,-0.950
45170,40,-0.969
45180,40,-0.969
45190,40,-0.962
45200,40,-0.950
45210,40,-0.925
45220,40,-0.931
45230,40,-0.925
45240,40,-0.919
45250,40,-0.931
45260,40,-0.931
45270,40,-0.925
45280,40,-0.925
45290,40,-0.925
45300,40,-0.925
45310,40,-0.912
45320,40,-0.919
45330,40,-0.919
45340,40,-0.875
45350,40,-0.837
45360,40,-0.825
45370,40,-0.825
45380,40,-0.837
45390,40,-0.825
45400,40,-0.812
45410,40,-0.794
45420,40,-0.787
45430,40,-0.794
45440,40,-0.806
45450,40,-0.794
45460,40,-0.800
45470,40,-0.812
45480,40,-0.806
45490,40,-0.794
45500,40,-0.800
45510,40,-0.794
45520,40,-0.794
45530,40,-0.450
45540,40,-0.394
45550,40,-0.375
45560,40,-0.350
45570,40,-0.325
45580,40,-0.312
45590,40,-0.306
45600,40,-0.294
45610,40,-0.287
45620,40,-0.275
45630,40,-0.269
45640,40,-0.262
45650,40,-0.262
45660,40,-0.244
45670,40,-0.256
45680,40,-0.250
45690,40,-0.237
45700,40,-0.237
45710,40,-0.237
45720,40,-0.237
45730,40,-0.231
45740,40,-0.237
45750,40,-0.237
45760,40,-0.231
45770,40,-0.219
45780,40,-0.225
45790,40,-0.219
45800,40,-0.219
45810,40,-0.225
45820,40,-0.231
45830,40,-0.225
45840,40,-0.231
45850,40,-0.237
45860,40,-0.237
45870,40,-0.244
45880,40,-0.244
45890,40,-0.256
45900,40,-0.256
45910,40,-0.250
45920,40,-0.256
45930,40,-0.250
45940,40,-0.269
45950,40,-0.262
45960,40,-0.262
45970,40,-0.262
45980,40,-0.262
45990,40,-0.269
46000,40,-0.256
46010,40,-0.256
46020,40,-0.256
46030,40,-0.250
46040,40,-0.244
46050,40,-0.250
46060,40,-0.250
46070,40,-0.262
46080,40,-0.256
46090,40,-0.250
46100,40,-0.262
46110,40,-0.262
46120,40,-0.250
46130,40,-0.262
46140,40,-0.262
46150,40,-0.262
46160,40,-0.262
46170,40,-0.256
46180,40,-0.262
46190,40,-0.262
46200,40,-0.269
46210,40,-0.262
46220,40,-0.262
46230,40,-0.269
46240,40,-0.275
46250,40,-0.275
46260,40,-0.275
46270,40,-0.281
46280,40,-0.281
46290,40,-0.287
46300,40,-0.287
46310,40,-0.300
46320,40,-0.300
46330,40,-0.294
46340,40,-0.287
46350,40,-0.294
46360,40,-0.312
46370,40,-0.294
46380,40,-0.312
46390,40,-0.319
46400,40,-0.312
46410,40,-0.312
46420,40,-0.312
46430,40,-0.306
46440,40,-0.319
46450,40,-0.325
46460,40,-0.319
46470,40,-0.331
46480,40,-0.325
46490,40,-0.319
46500,40,-0.325
46510,40,-0.325
46520,40,-0.331
46530,40,-0.331
46540,40,-0.331
46550,40,-0.337
46560,40,-0.337
46570,40,-0.344
46580,40,-0.350
46590,40,-0.356
46600,40,-0.350
46610,40,-0.362
46620,40,-0.362
46630,40,-0.362
46640,40,-0.362
46650,40,-0.369
46660,40,-0.362
46670,40,-0.369
46680,40,-0.362
46690,40,-0.369
46700,40,-0.362
46710,40,-0.362
46720,40,-0.369
46730,40,-0.362
46740,40,-0.356
46750,40,-0.356
46760,40,-0.356
46770,40,-0.356
46780,40,-0.369
46790,40,-0.362
46800,40,-0.350
46810,40,-0.369
46820,40,-0.369
46830,40,-0.362
46840,40,-0.356
46850,40,-0.356
46860,40,-0.350
46870,40,-0.344
46880,40,-0.362
46890,40,-0.369
46900,40,-0.375
46910,40,-0.394
46920,40,-0.387
46930,40,-0.394
46940,40,-0.394
46950,40,-0.394
46960,40,-0.387
46970,40,-0.387
46980,40,-0.381
46990,40,-0.394
47000,40,-0.394
47010,45,-0.394
47020,45,-0.387
47030,45,-0.406
47040,45,-0.412
47050,45,-0.406
47060,45,-0.419
47070,45,-0.425
47080,45,-0.425
47090,45,-0.431
47100,45,-0.437
47110,45,-0.450
47120,45,-0.444
47130,45,-0.450
47140,45,-0.444
47150,45,-0.456
47160,45,-0.456
47170,45,-0.469
47180,45,-0.469
47190,45,-0.481
47200,45,-0.487
47210,45,-0.500
47220,45,-0.494
47230,45,-0.506
47240,45,-0.500
47250,45,-0.494
47260,45,-0.494
47270,45,-0.512
47280,45,-0.512
47290,45,-0.519
47300,45,-0.525
47310,45,-0.531
47320,45,-0.544
47330,45,-0.537
47340,45,-0.544
47350,45,-0.550
47360,45,-0.562
47370,45,-0.575
47380,45,-0.581
47390,45,-0.594
47400,45,-0.594
47410,45,-0.606
47420,45,-0.606
47430,45,-0.612
47440,45,-0.600
47450,45,-0.625
47460,45,-0.619
47470,45,-0.631
47480,45,-0.637
47490,45,-0.644
47500,45,-0.650
47510,45,-0.662
47520,45,-0.662
47530,45,-0.681
47540,45,-0.694
47550,45,-0.731
47560,45,-0.737
47570,45,-0.756
47580,45,-0.781
47590,45,-0.787
47600,45,-0.819
47610,45,-0.831
47620,45,-0.856
47630,45,-0.887
47640,45,-0.912
47650,45,-0.919
47660,45,-0.944
47670,45,-0.969
47680,45,-1.019
47690,45,-1.044
47700,45,-1.094
47710,45,-1.181
47720,45,-1.219
47730,45,-1.262
47740,45,-1.287
47750,45,-1.275
47760,45,-1.369
47770,45,-1.425
47780,45,-1.475
47790,45,-1.506
47800,45,-1.525
47810,45,-1.681
47820,45,-1.712
47830,45,-1.631
47840,45,-1.625
47850,45,-1.662
47860,45,-1.687
47870,45,-1.781
47880,45,-1.812
47890,45,-1.731
47900,45,-1.675
47910,45,-1.694
47920,45,-1.762
47930,45,-1.844
47940,45,-1.806
47950,45,-1.794
47960,45,-1.737
47970,45,-1.719
47980,45,-1.637
47990,45,-1.594
48000,45,-1.537
48010,45,-1.487
48020,45,-1.456
48030,45,-1.469
48040,45,-1.456
48050,45,-1.394
48060,45,-1.375
48070,45,-1.375
48080,45,-1.412
48090,45,-1.406
48100,45,-1.394
48110,45,-1.369
48120,45,-1.375
48130,45,-1.362
48140,45,-1.375
48150,45,-1.362
48160,45,-1.387
48170,45,-1.387
48180,45,-1.412
48190,45,-1.425
48200,45,-1.412
48210,45,-1.431
48220,45,-1.437
48230,45,-1.437
48240,45,-1.437
48250,45,-1.456
48260,45,-1.469
48270,45,-1.500
48280,45,-1.537
48290,45,-1.537
48300,45,-1.362
48310,45,-1.325
48320,45,-1.419
48330,45,-1.419
48340,45,-1.444
48350,45,-1.462
48360,45,-1.500
48370,45,-1.562
48380,45,-1.569
48390,45,-1.506
48400,45,-1.562
48410,45,-1.587
48420,45,-1.612
48430,45,-1.612
48440,45,-1.650
48450,45,-1.650
48460,45,-1.675
48470,45,-1.694
48480,45,-1.769
48490,45,-1.794
48500,45,-1.806
48510,45,-1.844
48520,45,-1.887
48530,45,-1.944
48540,45,-1.969
48550,45,-2.025
48560,45,-2.050
48570,45,-2.094
48580,45,-2.206
48590,45,-2.219
48600,45,-2.319
48610,45,-2.600
48620,45,-2.675
48630,45,-2.756
48640,45,-2.713
48650,45,-2.744
48660,45,-2.762
48670,45,-2.825
48680,45,-2.887
48690,45,-2.837
48700,45,-2.837
48710,45,-2.787
48720,45,-2.794
48730,45,-2.800
48740,45,-2.775
48750,45,-2.787
48760,45,-2.919
48770,45,-3.137
48780,45,-3.012
48790,45,-3.125
48800,45,-3.162
48810,45,-2.787
48820,45,-3.025
48830,45,-3.112
48840,45,-3.094
48850,45,-3.112
48860,45,-3.044
48870,45,-3.094
48880,45,-3.131
48890,45,-2.969
48900,45,-3.069
48910,45,-2.919
48920,45,-3.031
48930,45,-2.856
48940,45,-2.937
48950,45,-2.812
48960,45,-2.406
48970,45,-2.337
48980,45,-2.275
48990,45,-2.312
49000,45,-2.344
49010,45,-2.312
49020,45,-2.212
49030,45,-2.200
49040,45,-2.212
49050,45,-2.231
49060,45,-2.212
49070,45,-2.250
49080,45,-2.269
49090,45,-2.181
49100,45,-2.131
49110,45,-2.075
49120,45,-2.050
49130,45,-2.012
49140,45,-1.981
49150,45,-1.925
49160,45,-1.919
49170,45,-1.862
49180,45,-1.819
49190,45,-1.806
49200,45,-1.800
49210,45,-1.800
49220,45,-1.769
49230,45,-1.725
49240,45,-1.675
49250,45,-1.662
49260,45,-1.669
49270,45,-1.650
49280,45,-1.631
49290,45,-1.650
49300,45,-1.656
49310,45,-1.662
49320,45,-1.656
49330,45,-1.694
49340,45,-1.681
49350,45,-1.681
49360,45,-1.687
49370,45,-1.700
49380,45,-1.706
49390,45,-1.731
49400,45,-1.694
49410,45,-1.675
49420,45,-1.669
49430,45,-1.600
49440,45,-1.594
49450,45,-1.556
49460,45,-1.550
49470,45,-1.531
49480,45,-1.519
49490,45,-1.475
49500,45,-1.444
49510,45,-1.456
49520,45,-1.444
49530,45,-1.412
49540,45,-1.412
49550,45,-1.394
49560,45,-1.431
49570,45,-1.437
49580,45,-1.412
49590,45,-1.419
49600,45,-1.481
49610,45,-1.462
49620,45,-1.462
49630,45,-1.481
49640,45,-1.506
49650,45,-1.494
49660,45,-1.531
49670,45,-1.550
49680,45,-1.537
49690,45,-1.569
49700,45,-1.600
49710,45,-1.606
49720,45,-1.625
49730,45,-1.650
49740,45,-1.681
49750,45,-1.700
49760,45,-1.712
49770,45,-1.731
49780,45,-1.756
49790,45,-1.762
49800,45,-1.775
49810,45,-1.850
49820,45,-1.875
49830,45,-1.875
49840,45,-1.875
49850,45,-1.931
49860,45,-1.987
49870,45,-2.025
49880,45,-2.075
49890,45,-2.087
49900,45,-2.125
49910,45,-2.187
49920,45,-2.269
49930,45,-2.306
49940,45,-2.419
49950,45,-2.469
49960,45,-2.487
49970,45,-2.519
49980,45,-2.569
49990,45,-2.637
50000,45,-2.731
50010,45,-2.812
50020,45,-2.831
50030,45,-2.875
50040,45,-2.956
50050,45,-2.981
50060,45,-2.987
50070,45,-3.031
50080,45,-3.075
50090,45,-3.087
50100,45,-3.131
50110,45,-3.231
50120,45,-3.325
50130,45,-3.325
50140,45,-3.362
50150,45,-3.406
50160,45,-3.362
50170,45,-3.037
50180,45,-2.837
50190,45,-2.806
50200,45,-2.787
50210,45,-2.856
50220,45,-2.850
50230,45,-2.937
50240,45,-2.931
50250,45,-2.881
50260,45,-2.756
50270,45,-2.631
50280,45,-2.587
50290,45,-2.419
50300,45,-2.400
50310,45,-2.369
50320,45,-2.337
50330,45,-2.300
50340,45,-2.262
50350,45,-2.244
50360,45,-2.237
50370,45,-2.275
50380,45,-2.269
50390,45,-2.275
50400,45,-2.306
50410,45,-2.294
50420,45,-2.281
50430,45,-2.275
50440,45,-2.225
50450,45,-2.212
50460,45,-2.250
50470,45,-2.244
50480,45,-2.206
50490,45,-2.206
50500,45,-2.194
50510,45,-2.219
50520,45,-2.206
50530,45,-2.225
50540,45,-2.162
50550,45,-2.144
50560,45,-2.156
50570,45,-2.137
50580,45,-2.144
50590,45,-2.150
50600,45,-2.156
50610,45,-2.187
50620,45,-2.175
50630,45,-2.175
50640,45,-2.181
50650,45,-2.187
50660,45,-2.200
50670,45,-2.187
50680,45,-2.200
50690,45,-2.237
50700,45,-2.231
50710,45,-2.219
50720,45,-2.250
50730,45,-2.244
50740,45,-2.225
50750,45,-2.287
50760,45,-2.300
50770,45,-2.275
50780,45,-2.269
50790,45,-2.281
50800,45,-2.231
50810,45,-2.231
50820,45,-2.225
50830,45,-2.312
50840,45,-2.325
50850,45,-2.319
50860,45,-2.312
50870,45,-2.275
50880,45,-2.262
50890,45,-2.319
50900,45,-2.337
50910,45,-2.362
50920,45,-2.350
50930,45,-2.369
50940,45,-2.344
50950,45,-2.344
50960,45,-2.362
50970,45,-2.356
50980,45,-2.387
50990,45,-2.419
51000,45,-2.437
51010,45,-2.437
51020,45,-2.437
51030,45,-2.412
51040,45,-2.425
51050,45,-2.419
51060,45,-2.469
51070,45,-2.475
51080,45,-2.437
51090,45,-2.444
51100,45,-2.412
51110,45,-2.425
51120,45,-2.400
51130,45,-2.400
51140,45,-2.406
51150,45,-2.437
51160,45,-2.444
51170,45,-2.437
51180,45,-2.431
51190,45,-2.425
51200,45,-2.425
51210,45,-2.444
51220,45,-2.450
51230,45,-2.437
51240,45,-2.437
51250,45,-2.431
51260,45,-2.456
51270,45,-2.469
51280,45,-2.481
51290,45,-2.475
51300,45,-2.469
51310,45,-2.487
51320,45,-2.487
51330,45,-2.481
51340,45,-2.519
51350,45,-2.487
51360,45,-2.500
51370,45,-2.494
51380,45,-2.506
51390,45,-2.531
51400,45,-2.519
51410,45,-2.525
51420,45,-2.494
51430,45,-2.475
51440,45,-2.481
51450,45,-2.494
51460,45,-2.494
51470,45,-2.481
51480,45,-2.487
51490,45,-2.481
51500,45,-2.500
51510,45,-2.500
51520,45,-2.487
51530,45,-2.462
51540,45,-2.487
51550,45,-2.437
51560,45,-2.394
51570,45,-2.444
51580,45,-2.356
51590,45,-2.287
51600,45,-2.262
51610,45,-2.231
51620,45,-2.225
51630,45,-2.187
51640,45,-2.250
51650,45,-2.262
51660,45,-2.250
51670,45,-2.250
51680,45,-2.275
51690,45,-2.256
51700,45,-2.256
51710,45,-2.256
51720,45,-2.231
51730,45,-2.262
51740,45,-2.256
51750,45,-2.256
51760,45,-2.262
51770,45,-2.250
51780,45,-2.262
51790,45,-2.269
51800,45,-2.262
51810,45,-2.281
51820,45,-2.275
51830,45,-2.281
51840,45,-2.275
51850,45,-2.287
51860,45,-2.275
51870,45,-2.281
51880,45,-2.275
51890,45,-2.250
51900,45,-2.237
51910,45,-2.219
51920,45,-2.212
51930,45,-2.219
51940,45,-2.212
51950,45,-2.212
51960,45,-2.206
51970,45,-2.169
51980,45,-2.169
51990,45,-2.169
52000,45,-2.181
52010,50,-2.175
52020,50,-2.181
52030,50,-2.175
52040,50,-2.175
52050,50,-2.150
52060,50,-2.156
52070,50,-2.150
52080,50,-2.144
52090,50,-2.150
52100,50,-2.156
52110,50,-2.150
52120,50,-2.150
52130,50,-2.137
52140,50,-2.156
52150,50,-2.125
52160,50,-2.125
52170,50,-2.125
52180,50,-2.125
52190,50,-2.100
52200,50,-2.094
52210,50,-2.100
52220,50,-2.106
52230,50,-2.094
52240,50,-2.087
52250,50,-2.087
52260,50,-2.081
52270,50,-2.062
52280,50,-2.056
52290,50,-2.050
52300,50,-2.031
52310,50,-2.019
52320,50,-1.994
52330,50,-1.981
52340,50,-1.975
52350,50,-1.981
52360,50,-1.981
52370,50,-1.937
52380,50,-1.944
52390,50,-1.925
52400,50,-1.912
52410,50,-1.900
52420,50,-1.887
52430,50,-1.862
52440,50,-1.869
52450,50,-1.869
52460,50,-1.869
52470,50,-1.862
52480,50,-1.869
52490,50,-1.869
52500,50,-1.850
52510,50,-1.850
52520,50,-1.850
52530,50,-1.862
52540,50,-1.850
52550,50,-1.850
52560,50,-1.862
52570,50,-1.862
52580,50,-1.850
52590,50,-1.856
52600,50,-1.869
52610,50,-1.862
52620,50,-1.875
52630,50,-1.862
52640,50,-1.844
52650,50,-1.856
52660,50,-1.862
52670,50,-1.862
52680,50,-1.875
52690,50,-1.881
52700,50,-1.869
52710,50,-1.887
52720,50,-1.881
52730,50,-1.881
52740,50,-1.887
52750,50,-1.881
52760,50,-1.906
52770,50,-1.894
52780,50,-1.894
52790,50,-1.912
52800,50,-1.912
52810,50,-1.894
52820,50,-1.900
52830,50,-1.906
52840,50,-1.900
52850,50,-1.912
52860,50,-1.900
52870,50,-1.894
52880,50,-1.900
52890,50,-1.894
52900,50,-1.894
52910,50,-1.887
52920,50,-1.906
52930,50,-1.900
52940,50,-1.887
52950,50,-1.894
52960,50,-1.906
52970,50,-1.906
52980,50,-1.931
52990,50,-1.919
53000,50,-1.919
53010,50,-1.912
53020,50,-1.931
53030,50,-1.950
53040,50,-1.944
53050,50,-1.944
53060,50,-1.956
53070,50,-1.944
53080,50,-1.944
53090,50,-1.937
53100,50,-1.944
53110,50,-1.950
53120,50,-1.937
53130,50,-1.612
53140,50,-1.431
53150,50,-1.406
53160,50,-1.400
53170,50,-1.400
53180,50,-1.387
53190,50,-1.375
53200,50,-1.375
53210,50,-1.362
53220,50,-1.375
53230,50,-1.369
53240,50,-1.362
53250,50,-1.362
53260,50,-1.375
53270,50,-1.375
53280,50,-1.369
53290,50,-1.375
53300,50,-1.375
53310,50,-1.381
53320,50,-1.394
53330,50,-1.406
53340,50,-1.400
53350,50,-1.394
53360,50,-1.394
53370,50,-1.406
53380,50,-1.381
53390,50,-1.375
53400,50,-1.375
53410,50,-1.350
53420,50,-1.362
53430,50,-1.344
53440,50,-1.356
53450,50,-1.331
53460,50,-1.306
53470,50,-1.281
53480,50,-1.275
53490,50,-1.275
53500,50,-1.275
53510,50,-1.275
53520,50,-1.256
53530,50,-1.250
53540,50,-1.256
53550,50,-1.237
53560,50,-1.225
53570,50,-1.225
53580,50,-1.225
53590,50,-1.200
53600,50,-1.200
53610,50,-1.187
53620,50,-1.181
53630,50,-1.181
53640,50,-1.175
53650,50,-1.175
53660,50,-1.175
53670,50,-1.169
53680,50,-1.169
53690,50,-1.175
53700,50,-1.175
53710,50,-1.162
53720,50,-1.144
53730,50,-1.137
53740,50,-1.131
53750,50,-1.131
53760,50,-1.144
53770,50,-1.131
53780,50,-1.112
53790,50,-1.131
53800,50,-1.144
53810,50,-1.137
53820,50,-1.125
53830,50,-1.112
53840,50,-1.119
53850,50,-1.112
53860,50,-1.112
53870,50,-1.112
53880,50,-1.106
53890,50,-1.119
53900,50,-1.119
53910,50,-1.125
53920,50,-1.119
53930,50,-1.119
53940,50,-1.131
53950,50,-1.131
53960,50,-1.131
53970,50,-1.119
53980,50,-1.125
53990,50,-1.131
54000,50,-1.137
54010,50,-1.131
54020,50,-1.137
54030,50,-1.131
54040,50,-1.131
54050,50,-1.144
54060,50,-1.144
54070,50,-1.156
54080,50,-1.150
54090,50,-1.156
54100,50,-1.150
54110,50,-1.162
54120,50,-1.187
54130,50,-1.156
54140,50,-1.150
54150,50,-1.150
54160,50,-1.150
54170,50,-1.144
54180,50,-1.156
54190,50,-1.150
54200,50,-1.169
54210,50,-1.156
54220,50,-1.150
54230,50,-1.150
54240,50,-1.162
54250,50,-1.162
54260,50,-1.150
54270,50,-1.156
54280,50,-1.162
54290,50,-1.150
54300,50,-1.156
54310,50,-1.162
54320,50,-1.144
54330,50,-1.156
54340,50,-1.156
54350,50,-1.156
54360,50,-1.162
54370,50,-1.162
54380,50,-1.156
54390,50,-1.162
54400,50,-1.162
54410,50,-1.175
54420,50,-1.162
54430,50,-1.175
54440,50,-1.169
54450,50,-1.162
54460,50,-1.175
54470,50,-1.150
54480,50,-1.175
54490,50,-1.156
54500,50,-1.181
54510,50,-1.175
54520,50,-1.175
54530,50,-1.169
54540,50,-1.162
54550,50,-1.175
54560,50,-1.156
54570,50,-1.169
54580,50,-1.169
54590,50,-1.169
54600,50,-1.162
54610,50,-1.187
54620,50,-1.181
54630,50,-1.194
54640,50,-1.175
54650,50,-1.181
54660,50,-1.181
54670,50,-1.187
54680,50,-1.194
54690,50,-1.194
54700,50,-1.187
54710,50,-1.200
54720,50,-1.194
54730,50,-1.181
54740,50,-1.194
54750,50,-1.181
54760,50,-1.200
54770,50,-1.181
54780,50,-1.194
54790,50,-1.212
54800,50,-1.194
54810,50,-1.200
54820,50,-1.187
54830,50,-1.194
54840,50,-1.181
54850,50,-1.187
54860,50,-1.187
54870,50,-1.194
54880,50,-1.194
54890,50,-1.200
54900,50,-1.175
54910,50,-1.206
54920,50,-1.206
54930,50,-1.206
54940,50,-1.219
54950,50,-1.225
54960,50,-1.231
54970,50,-1.244
54980,50,-1.244
54990,50,-1.244
55000,50,-1.256
55010,50,-1.262
55020,50,-1.262
55030,50,-1.269
55040,50,-1.269
55050,50,-1.269
55060,50,-1.250
55070,50,-1.256
55080,50,-1.256
55090,50,-1.244
55100,50,-1.250
55110,50,-1.250
55120,50,-1.225
55130,50,-1.231
55140,50,-1.194
55150,50,-1.169
55160,50,-1.094
55170,50,-1.069
55180,50,-1.050
55190,50,-1.019
55200,50,-1.019
55210,50,-1.025
55220,50,-1.012
55230,50,-0.987
55240,50,-0.950
55250,50,-0.931
55260,50,-0.912
55270,50,-0.887
55280,50,-0.875
55290,50,-0.856
55300,50,-0.837
55310,50,-0.831
55320,50,-0.819
55330,50,-0.806
55340,50,-0.794
55350,50,-0.794
55360,50,-0.787
55370,50,-0.775
55380,50,-0.787
55390,50,-0.800
55400,50,-0.800
55410,50,-0.800
55420,50,-0.794
55430,50,-0.781
55440,50,-0.794
55450,50,-0.787
55460,50,-0.769
55470,50,-0.794
55480,50,-0.787
55490,50,-0.800
55500,50,-0.787
55510,50,-0.781
55520,50,-0.775
55530,50,-0.750
55540,50,-0.744
55550,50,-0.756
55560,50,-0.744
55570,50,-0.731
55580,50,-0.744
55590,50,-0.737
55600,50,-0.725
55610,50,-0.725
55620,50,-0.725
55630,50,-0.706
55640,50,-0.694
55650,50,-0.687
55660,50,-0.687
55670,50,-0.681
55680,50,-0.675
55690,50,-0.675
55700,50,-0.687
55710,50,-0.675
55720,50,-0.669
55730,50,-0.662
55740,50,-0.650
55750,50,-0.631
55760,50,-0.625
55770,50,-0.637
55780,50,-0.625
55790,50,-0.619
55800,50,-0.606
55810,50,-0.606
55820,50,-0.581
55830,50,-0.556
55840,50,-0.531
55850,50,-0.494
55860,50,-0.406
55870,50,-0.300
55880,50,-0.269
55890,50,-0.244
55900,50,-0.225
55910,50,-0.219
55920,50,-0.206
55930,50,-0.200
55940,50,-0.194
55950,50,-0.181
55960,50,-0.181
55970,50,-0.169
55980,50,-0.150
55990,50,-0.150
56000,50,-0.131
56010,50,-0.125
56020,50,-0.112
56030,50,-0.100
56040,50,-0.094
56050,50,-0.094
56060,50,-0.087
56070,50,-0.087
56080,50,-0.075
56090,50,-0.069
56100,50,-0.056
56110,50,-0.050
56120,50,-0.056
56130,50,-0.050
56140,50,-0.050
56150,50,-0.050
56160,50,-0.044
56170,50,-0.050
56180,50,-0.044
56190,50,-0.050
56200,50,-0.037
56210,50,-0.050
56220,50,-0.056
56230,50,-0.062
56240,50,-0.050
56250,50,-0.044
56260,50,-0.069
56270,50,-0.069
56280,50,-0.056
56290,50,-0.062
56300,50,-0.069
56310,50,-0.069
56320,50,-0.069
56330,50,-0.075
56340,50,-0.075
56350,50,-0.081
56360,50,-0.087
56370,50,-0.087
56380,50,-0.087
56390,50,-0.094
56400,50,-0.106
56410,50,-0.106
56420,50,-0.112
56430,50,-0.125
56440,50,-0.125
56450,50,-0.131
56460,50,-0.131
56470,50,-0.119
56480,50,-0.119
56490,50,-0.125
56500,50,-0.137
56510,50,-0.150
56520,50,-0.144
56530,50,-0.150
56540,50,-0.150
56550,50,-0.150
56560,50,-0.156
56570,50,-0.175
56580,50,-0.181
56590,50,-0.187
56600,50,-0.200
56610,50,-0.206
56620,50,-0.231
56630,50,-0.237
56640,50,-0.225
56650,50,-0.244
56660,50,-0.256
56670,50,-0.262
56680,50,-0.256
56690,50,-0.281
56700,50,-0.281
56710,50,-0.281
56720,50,-0.287
56730,50,-0.306
56740,50,-0.312
56750,50,-0.331
56760,50,-0.350
56770,50,-0.362
56780,50,-0.369
56790,50,-0.375
56800,50,-0.394
56810,50,-0.406
56820,50,-0.412
56830,50,-0.450
56840,50,-0.456
56850,50,-0.469
56860,50,-0.500
56870,50,-0.500
56880,50,-0.519
56890,50,-0.519
56900,50,-0.550
56910,50,-0.550
56920,50,-0.556
56930,50,-0.587
56940,50,-0.594
56950,50,-0.625
56960,50,-0.606
56970,50,-0.650
56980,50,-0.694
56990,50,-0.700
57000,50,-0.687
57010,55,-0.725
57020,55,-0.750
57030,55,-0.762
57040,55,-0.744
57050,55,-0.769
57060,55,-0.787
57070,55,-0.781
57080,55,-0.794
57090,55,-0.781
57100,55,-0.794
57110,55,-0.800
57120,55,-0.819
57130,55,-0.831
57140,55,-0.837
57150,55,-0.819
57160,55,-0.831
57170,55,-0.825
57180,55,-0.806
57190,55,-0.781
57200,55,-0.737
57210,55,-0.737
57220,55,-0.712
57230,55,-0.719
57240,55,-0.700
57250,55,-0.706
57260,55,-0.687
57270,55,-0.687
57280,55,-0.662
57290,55,-0.675
57300,55,-0.637
57310,55,-0.644
57320,55,-0.637
57330,55,-0.631
57340,55,-0.644
57350,55,-0.619
57360,55,-0.619
57370,55,-0.612
57380,55,-0.612
57390,55,-0.587
57400,55,-0.581
57410,55,-0.569
57420,55,-0.556
57430,55,-0.537
57440,55,-0.512
57450,55,-0.512
57460,55,-0.487
57470,55,-0.500
57480,55,-0.475
57490,55,-0.469
57500,55,-0.425
57510,55,-0.425
57520,55,-0.412
57530,55,-0.406
57540,55,-0.387
57550,55,-0.394
57560,55,-0.369
57570,55,-0.350
57580,55,-0.350
57590,55,-0.350
57600,55,-0.319
57610,55,-0.325
57620,55,-0.337
57630,55,-0.325
57640,55,-0.319
57650,55,-0.306
57660,55,-0.312
57670,55,-0.300
57680,55,-0.281
57690,55,-0.294
57700,55,-0.294
57710,55,-0.281
57720,55,-0.250
57730,55,-0.269
57740,55,-0.244
57750,55,-0.244
57760,55,-0.237
57770,55,-0.244
57780,55,-0.200
57790,55,-0.187
57800,55,-0.181
57810,55,-0.200
57820,55,-0.175
57830,55,-0.187
57840,55,-0.175
57850,55,-0.169
57860,55,-0.162
57870,55,-0.162
57880,55,-0.156
57890,55,-0.175
57900,55,-0.144
57910,55,-0.144
57920,55,-0.131
57930,55,-0.131
57940,55,-0.125
57950,55,-0.125
57960,55,-0.119
57970,55,-0.100
57980,55,-0.087
57990,55,-0.087
58000,55,-0.087
58010,55,-0.075
58020,55,-0.062
58030,55,-0.056
58040,55,-0.044
58050,55,-0.069
58060,55,-0.075
58070,55,-0.062
58080,55,-0.062
58090,55,-0.056
58100,55,-0.056
58110,55,-0.044
58120,55,-0.031
58130,55,-0.012
58140,55,-0.012
58150,55,0.000
58160,55,0.000
58170,55,0.006
58180,55,0.013
58190,55,0.025
58200,55,0.038
58210,55,0.038
58220,55,0.044
58230,55,0.056
58240,55,0.056
58250,55,0.069
58260,55,0.081
58270,55,0.100
58280,55,0.100
58290,55,0.100
58300,55,0.100
58310,55,0.113
58320,55,0.113
58330,55,0.119
58340,55,0.125
58350,55,0.125
58360,55,0.131
58370,55,0.131
58380,55,0.131
58390,55,0.131
58400,55,0.150
58410,55,0.150
58420,55,0.156
58430,55,0.156
58440,55,0.163
58450,55,0.163
58460,55,0.169
58470,55,0.181
58480,55,0.175
58490,55,0.188
58500,55,0.188
58510,55,0.188
58520,55,0.200
58530,55,0.200
58540,55,0.200
58550,55,0.213
58560,55,0.206
58570,55,0.219
58580,55,0.225
58590,55,0.231
58600,55,0.225
58610,55,0.250
58620,55,0.244
58630,55,0.244
58640,55,0.256
58650,55,0.269
58660,55,0.263
58670,55,0.269
58680,55,0.269
58690,55,0.275
58700,55,0.281
58710,55,0.281
58720,55,0.294
58730,55,0.288
58740,55,0.294
58750,55,0.300
58760,55,0.300
58770,55,0.300
58780,55,0.306
58790,55,0.313
58800,55,0.319
58810,55,0.319
58820,55,0.319
58830,55,0.319
58840,55,0.325
58850,55,0.325
58860,55,0.325
58870,55,0.325
58880,55,0.325
58890,55,0.338
58900,55,0.331
58910,55,0.338
58920,55,0.331
58930,55,0.344
58940,55,0.344
58950,55,0.350
58960,55,0.350
58970,55,0.344
58980,55,0.344
58990,55,0.344
59000,55,0.350
59010,55,0.344
59020,55,0.344
59030,55,0.356
59040,55,0.350
59050,55,0.350
59060,55,0.350
59070,55,0.350
59080,55,0.344
59090,55,0.350
59100,55,0.350
59110,55,0.350
59120,55,0.356
59130,55,0.350
59140,55,0.344
59150,55,0.344
59160,55,0.344
59170,55,0.356
59180,55,0.356
59190,55,0.350
59200,55,0.350
59210,55,0.350
59220,55,0.363
59230,55,0.363
59240,55,0.356
59250,55,0.356
59260,55,0.356
59270,55,0.363
59280,55,0.356
59290,55,0.356
59300,55,0.356
59310,55,0.356
59320,55,0.363
59330,55,0.356
59340,55,0.356
59350,55,0.356
59360,55,0.356
59370,55,0.350
59380,55,0.350
59390,55,0.344
59400,55,0.350
59410,55,0.350
59420,55,0.344
59430,55,0.338
59440,55,0.338
59450,55,0.338
59460,55,0.344
59470,55,0.338
59480,55,0.344
59490,55,0.338
59500,55,0.338
59510,55,0.338
59520,55,0.331
59530,55,0.331
59540,55,0.331
59550,55,0.331
59560,55,0.331
59570,55,0.331
59580,55,0.331
59590,55,0.325
59600,55,0.319
59610,55,0.338
59620,55,0.344
59630,55,0.331
59640,55,0.331
59650,55,0.331
59660,55,0.331
59670,55,0.319
59680,55,0.331
59690,55,0.338
59700,55,0.338
59710,55,0.338
59720,55,0.344
59730,55,0.344
59740,55,0.344
59750,55,0.350
59760,55,0.344
59770,55,0.350
59780,55,0.350
59790,55,0.344
59800,55,0.344
59810,55,0.350
59820,55,0.356
59830,55,0.356
59840,55,0.350
59850,55,0.356
59860,55,0.356
59870,55,0.356
59880,55,0.350
59890,55,0.344
59900,55,0.344
59910,55,0.350
59920,55,0.350
59930,55,0.344
59940,55,0.350
59950,55,0.344
59960,55,0.356
59970,55,0.344
59980,55,0.338
59990,55,0.344
60000,55,0.338
60010,55,0.338
60020,55,0.344
60030,55,0.344
60040,55,0.344
60050,55,0.338
60060,55,0.344
60070,55,0.344
60080,55,0.338
60090,55,0.331
60100,55,0.331
60110,55,0.331
60120,55,0.331
60130,55,0.338
60140,55,0.331
60150,55,0.331
60160,55,0.331
60170,55,0.331
60180,55,0.331
60190,55,0.331
60200,55,0.338
60210,55,0.331
60220,55,0.338
60230,55,0.338
60240,55,0.338
60250,55,0.331
60260,55,0.331
60270,55,0.325
60280,55,0.331
60290,55,0.325
60300,55,0.338
60310,55,0.331
60320,55,0.331
60330,55,0.325
60340,55,0.331
60350,55,0.325
60360,55,0.331
60370,55,0.331
60380,55,0.331
60390,55,0.331
60400,55,0.331
60410,55,0.331
60420,55,0.338
60430,55,0.331
60440,55,0.325
60450,55,0.331
60460,55,0.331
60470,55,0.325
60480,55,0.325
60490,55,0.331
60500,55,0.325
60510,55,0.325
60520,55,0.325
60530,55,0.331
60540,55,0.325
60550,55,0.325
60560,55,0.319
60570,55,0.319
60580,55,0.319
60590,55,0.319
60600,55,0.319
60610,55,0.313
60620,55,0.313
60630,55,0.306
60640,55,0.306
60650,55,0.306
60660,55,0.306
60670,55,0.306
60680,55,0.306
60690,55,0.306
60700,55,0.300
60710,55,0.294
60720,55,0.294
60730,55,0.300
60740,55,0.288
60750,55,0.288
60760,55,0.294
60770,55,0.288
60780,55,0.288
60790,55,0.288
60800,55,0.288
60810,55,0.281
60820,55,0.288
60830,55,0.281
60840,55,0.281
60850,55,0.288
60860,55,0.275
60870,55,0.281
60880,55,0.281
60890,55,0.275
60900,55,0.275
60910,55,0.281
60920,55,0.275
60930,55,0.281
60940,55,0.281
60950,55,0.269
60960,55,0.275
60970,55,0.288
60980,55,0.269
60990,55,0.275
61000,55,0.269
61010,55,0.275
61020,55,0.269
61030,55,0.269
61040,55,0.275
61050,55,0.269
61060,55,0.269
61070,55,0.269
61080,55,0.269
61090,55,0.269
61100,55,0.269
61110,55,0.269
61120,55,0.263
61130,55,0.269
61140,55,0.275
61150,55,0.269
61160,55,0.269
61170,55,0.269
61180,55,0.269
61190,55,0.263
61200,55,0.269
61210,55,0.275
61220,55,0.269
61230,55,0.269
61240,55,0.269
61250,55,0.269
61260,55,0.269
61270,55,0.269
61280,55,0.269
61290,55,0.263
61300,55,0.275
61310,55,0.275
61320,55,0.269
61330,55,0.275
61340,55,0.288
61350,55,0.281
61360,55,0.275
61370,55,0.288
61380,55,0.288
61390,55,0.281
61400,55,0.288
61410,55,0.288
61420,55,0.294
61430,55,0.294
61440,55,0.300
61450,55,0.306
61460,55,0.313
61470,55,0.306
61480,55,0.306
61490,55,0.313
61500,55,0.319
61510,55,0.319
61520,55,0.325
61530,55,0.325
61540,55,0.331
61550,55,0.325
61560,55,0.331
61570,55,0.325
61580,55,0.325
61590,55,0.325
61600,55,0.331
61610,55,0.331
61620,55,0.331
61630,55,0.338
61640,55,0.338
61650,55,0.350
61660,55,0.344
61670,55,0.338
61680,55,0.344
61690,55,0.338
61700,55,0.338
61710,55,0.338
61720,55,0.338
61730,55,0.344
61740,55,0.344
61750,55,0.344
61760,55,0.344
61770,55,0.356
61780,55,0.356
61790,55,0.356
61800,55,0.356
61810,55,0.356
61820,55,0.375
61830,55,0.369
61840,55,0.369
61850,55,0.375
61860,55,0.375
61870,55,0.381
61880,55,0.375
61890,55,0.388
61900,55,0.388
61910,55,0.388
61920,55,0.388
61930,55,0.388
61940,55,0.388
61950,55,0.388
61960,55,0.381
61970,55,0.381
61980,55,0.394
61990,55,0.394
62000,55,0.388
62010,60,0.394
62020,60,0.400
62030,60,0.388
62040,60,0.388
62050,60,0.394
62060,60,0.388
62070,60,0.394
62080,60,0.400
62090,60,0.400
62100,60,0.394
62110,60,0.406
62120,60,0.400
62130,60,0.406
62140,60,0.406
62150,60,0.400
62160,60,0.406
62170,60,0.406
62180,60,0.406
62190,60,0.413
62200,60,0.413
62210,60,0.413
62220,60,0.419
62230,60,0.406
62240,60,0.406
62250,60,0.413
62260,60,0.425
62270,60,0.425
62280,60,0.431
62290,60,0.431
62300,60,0.425
62310,60,0.425
62320,60,0.438
62330,60,0.431
62340,60,0.425
62350,60,0.425
62360,60,0.431
62370,60,0.438
62380,60,0.431
62390,60,0.438
62400,60,0.444
62410,60,0.438
62420,60,0.450
62430,60,0.450
62440,60,0.444
62450,60,0.444
62460,60,0.444
62470,60,0.456
62480,60,0.450
62490,60,0.456
62500,60,0.456
62510,60,0.456
62520,60,0.456
62530,60,0.456
62540,60,0.456
62550,60,0.463
62560,60,0.463
62570,60,0.469
62580,60,0.463
62590,60,0.469
62600,60,0.469
62610,60,0.463
62620,60,0.469
62630,60,0.469
62640,60,0.475
62650,60,0.469
62660,60,0.481
62670,60,0.463
62680,60,0.469
62690,60,0.469
62700,60,0.475
62710,60,0.469
62720,60,0.469
62730,60,0.469
62740,60,0.469
62750,60,0.469
62760,60,0.475
62770,60,0.475
62780,60,0.475
62790,60,0.469
62800,60,0.475
62810,60,0.475
62820,60,0.469
62830,60,0.469
62840,60,0.469
62850,60,0.475
62860,60,0.463
62870,60,0.469
62880,60,0.469
62890,60,0.469
62900,60,0.463
62910,60,0.463
62920,60,0.463
62930,60,0.469
62940,60,0.475
62950,60,0.475
62960,60,0.469
62970,60,0.463
62980,60,0.469
62990,60,0.469
63000,60,0.475
63010,60,0.463
63020,60,0.456
63030,60,0.456
63040,60,0.456
63050,60,0.456
63060,60,0.450
63070,60,0.456
63080,60,0.444
63090,60,0.444
63100,60,0.444
63110,60,0.438
63120,60,0.431
63130,60,0.438
63140,60,0.431
63150,60,0.431
63160,60,0.431
63170,60,0.431
63180,60,0.419
63190,60,0.419
63200,60,0.419
63210,60,0.419
63220,60,0.413
63230,60,0.413
63240,60,0.406
63250,60,0.406
63260,60,0.400
63270,60,0.400
63280,60,0.394
63290,60,0.400
63300,60,0.400
63310,60,0.394
63320,60,0.388
63330,60,0.388
63340,60,0.375
63350,60,0.381
63360,60,0.375
63370,60,0.375
63380,60,0.369
63390,60,0.363
63400,60,0.363
63410,60,0.363
63420,60,0.356
63430,60,0.363
63440,60,0.350
63450,60,0.350
63460,60,0.350
63470,60,0.344
63480,60,0.344
63490,60,0.331
63500,60,0.331
63510,60,0.344
63520,60,0.338
63530,60,0.331
63540,60,0.325
63550,60,0.325
63560,60,0.325
63570,60,0.313
63580,60,0.313
63590,60,0.306
63600,60,0.300
63610,60,0.294
63620,60,0.288
63630,60,0.281
63640,60,0.281
63650,60,0.269
63660,60,0.269
63670,60,0.275
63680,60,0.256
63690,60,0.250
63700,60,0.231
63710,60,0.231
63720,60,0.225
63730,60,0.219
63740,60,0.213
63750,60,0.206
63760,60,0.206
63770,60,0.200
63780,60,0.188
63790,60,0.194
63800,60,0.181
63810,60,0.175
63820,60,0.175
63830,60,0.169
63840,60,0.169
63850,60,0.156
63860,60,0.156
63870,60,0.144
63880,60,0.138
63890,60,0.138
63900,60,0.131
63910,60,0.125
63920,60,0.119
63930,60,0.100
63940,60,0.100
63950,60,0.081
63960,60,0.075
63970,60,0.069
63980,60,0.063
63990,60,0.050
64000,60,0.050
64010,60,0.044
64020,60,0.038
64030,60,0.031
64040,60,0.025
64050,60,0.025
64060,60,0.019
64070,60,0.013
64080,60,0.013
64090,60,0.013
64100,60,0.019
64110,60,0.013
64120,60,0.031
64130,60,0.025
64140,60,0.038
64150,60,0.031
64160,60,0.038
64170,60,0.031
64180,60,0.031
64190,60,0.031
64200,60,0.038
64210,60,0.038
64220,60,0.031
64230,60,0.038
64240,60,0.038
64250,60,0.050
64260,60,0.031
64270,60,0.038
64280,60,0.038
64290,60,0.038
64300,60,0.050
64310,60,0.050
64320,60,0.050
64330,60,0.050
64340,60,0.044
64350,60,0.069
64360,60,0.056
64370,60,0.063
64380,60,0.063
64390,60,0.069
64400,60,0.069
64410,60,0.075
64420,60,0.081
64430,60,0.081
64440,60,0.088
64450,60,0.094
64460,60,0.100
64470,60,0.094
64480,60,0.100
64490,60,0.094
64500,60,0.100
64510,60,0.106
64520,60,0.119
64530,60,0.119
64540,60,0.119
64550,60,0.125
64560,60,0.131
64570,60,0.131
64580,60,0.138
64590,60,0.144
64600,60,0.156
64610,60,0.156
64620,60,0.156
64630,60,0.163
64640,60,0.163
64650,60,0.181
64660,60,0.188
64670,60,0.213
64680,60,0.206
64690,60,0.213
64700,60,0.225
64710,60,0.231
64720,60,0.250
64730,60,0.250
64740,60,0.250
64750,60,0.263
64760,60,0.256
64770,60,0.256
64780,60,0.263
64790,60,0.275
64800,60,0.281
64810,60,0.288
64820,60,0.288
64830,60,0.294
64840,60,0.288
64850,60,0.294
64860,60,0.294
64870,60,0.300
64880,60,0.319
64890,60,0.313
64900,60,0.325
64910,60,0.331
64920,60,0.338
64930,60,0.325
64940,60,0.325
64950,60,0.325
64960,60,0.319
64970,60,0.338
64980,60,0.338
64990,60,0.338
65000,60,0.344
65010,60,0.356
65020,60,0.375
65030,60,0.356
65040,60,0.356
65050,60,0.363
65060,60,0.363
65070,60,0.375
65080,60,0.369
65090,60,0.375
65100,60,0.375
65110,60,0.388
65120,60,0.381
65130,60,0.388
65140,60,0.388
65150,60,0.381
65160,60,0.375
65170,60,0.381
65180,60,0.388
65190,60,0.381
65200,60,0.375
65210,60,0.381
65220,60,0.381
65230,60,0.388
65240,60,0.388
65250,60,0.394
65260,60,0.400
65270,60,0.400
65280,60,0.400
65290,60,0.400
65300,60,0.400
65310,60,0.394
65320,60,0.400
65330,60,0.394
65340,60,0.400
65350,60,0.400
65360,60,0.400
65370,60,0.394
65380,60,0.394
65390,60,0.400
65400,60,0.406
65410,60,0.406
65420,60,0.406
65430,60,0.400
65440,60,0.406
65450,60,0.400
65460,60,0.400
65470,60,0.406
65480,60,0.400
65490,60,0.400
65500,60,0.394
65510,60,0.400
65520,60,0.394
65530,60,0.381
65540,60,0.381
65550,60,0.394
65560,60,0.381
65570,60,0.381
65580,60,0.369
65590,60,0.369
65600,60,0.375
65610,60,0.369
65620,60,0.369
65630,60,0.369
65640,60,0.363
65650,60,0.363
65660,60,0.363
65670,60,0.350
65680,60,0.363
65690,60,0.363
65700,60,0.363
65710,60,0.350
65720,60,0.350
65730,60,0.331
65740,60,0.331
65750,60,0.331
65760,60,0.325
65770,60,0.319
65780,60,0.313
65790,60,0.313
65800,60,0.306
65810,60,0.306
65820,60,0.306
65830,60,0.300
65840,60,0.288
65850,60,0.281
65860,60,0.281
65870,60,0.281
65880,60,0.269
65890,60,0.263
65900,60,0.263
65910,60,0.256
65920,60,0.256
65930,60,0.250
65940,60,0.256
65950,60,0.250
65960,60,0.244
65970,60,0.244
65980,60,0.244
65990,60,0.244
66000,60,0.250
66010,60,0.244
66020,60,0.244
66030,60,0.244
66040,60,0.244
66050,60,0.238
66060,60,0.231
66070,60,0.231
66080,60,0.238
66090,60,0.231
66100,60,0.231
66110,60,0.225
66120,60,0.231
66130,60,0.225
66140,60,0.219
66150,60,0.219
66160,60,0.225
66170,60,0.219
66180,60,0.219
66190,60,0.213
66200,60,0.213
66210,60,0.206
66220,60,0.206
66230,60,0.206
66240,60,0.200
66250,60,0.200
66260,60,0.194
66270,60,0.200
66280,60,0.194
66290,60,0.181
66300,60,0.181
66310,60,0.188
66320,60,0.181
66330,60,0.181
66340,60,0.188
66350,60,0.181
66360,60,0.175
66370,60,0.188
66380,60,0.169
66390,60,0.175
66400,60,0.169
66410,60,0.175
66420,60,0.169
66430,60,0.175
66440,60,0.175
66450,60,0.169
66460,60,0.175
66470,60,0.175
66480,60,0.175
66490,60,0.175
66500,60,0.175
66510,60,0.175
66520,60,0.175
66530,60,0.181
66540,60,0.181
66550,60,0.175
66560,60,0.175
66570,60,0.181
66580,60,0.181
66590,60,0.188
66600,60,0.181
66610,60,0.188
66620,60,0.200
66630,60,0.200
66640,60,0.200
66650,60,0.200
66660,60,0.194
66670,60,0.194
66680,60,0.194
66690,60,0.194
66700,60,0.213
66710,60,0.225
66720,60,0.219
66730,60,0.219
66740,60,0.219
66750,60,0.219
66760,60,0.231
66770,60,0.231
66780,60,0.238
66790,60,0.231
66800,60,0.231
66810,60,0.244
66820,60,0.244
66830,60,0.244
66840,60,0.250
66850,60,0.256
66860,60,0.256
66870,60,0.269
66880,60,0.263
66890,60,0.263
66900,60,0.275
66910,60,0.269
66920,60,0.269
66930,60,0.281
66940,60,0.288
66950,60,0.281
66960,60,0.281
66970,60,0.294
66980,60,0.294
66990,60,0.300
67000,60,0.294
67010,65,0.306
67020,65,0.300
67030,65,0.306
67040,65,0.306
67050,65,0.325
67060,65,0.319
67070,65,0.319
67080,65,0.325
67090,65,0.331
67100,65,0.325
67110,65,0.331
67120,65,0.338
67130,65,0.344
67140,65,0.356
67150,65,0.344
67160,65,0.356
67170,65,0.363
67180,65,0.356
67190,65,0.369
67200,65,0.363
67210,65,0.369
67220,65,0.375
67230,65,0.381
67240,65,0.381
67250,65,0.375
67260,65,0.381
67270,65,0.388
67280,65,0.388
67290,65,0.381
67300,65,0.400
67310,65,0.394
67320,65,0.400
67330,65,0.394
67340,65,0.400
67350,65,0.400
67360,65,0.400
67370,65,0.406
67380,65,0.419
67390,65,0.406
67400,65,0.413
67410,65,0.413
67420,65,0.413
67430,65,0.413
67440,65,0.413
67450,65,0.413
67460,65,0.413
67470,65,0.413
67480,65,0.419
67490,65,0.413
67500,65,0.425
67510,65,0.413
67520,65,0.425
67530,65,0.419
67540,65,0.413
67550,65,0.419
67560,65,0.419
67570,65,0.419
67580,65,0.419
67590,65,0.413
67600,65,0.425
67610,65,0.419
67620,65,0.425
67630,65,0.419
67640,65,0.425
67650,65,0.431
67660,65,0.431
67670,65,0.425
67680,65,0.431
67690,65,0.425
67700,65,0.419
67710,65,0.431
67720,65,0.431
67730,65,0.431
67740,65,0.431
67750,65,0.425
67760,65,0.438
67770,65,0.431
67780,65,0.431
67790,65,0.444
67800,65,0.438
67810,65,0.444
67820,65,0.444
67830,65,0.438
67840,65,0.444
67850,65,0.444
67860,65,0.444
67870,65,0.450
67880,65,0.444
67890,65,0.456
67900,65,0.450
67910,65,0.456
67920,65,0.456
67930,65,0.456
67940,65,0.456
67950,65,0.450
67960,65,0.456
67970,65,0.463
67980,65,0.456
67990,65,0.463
68000,65,0.469
68010,65,0.469
68020,65,0.469
68030,65,0.469
68040,65,0.475
68050,65,0.475
68060,65,0.481
68070,65,0.481
68080,65,0.475
68090,65,0.475
68100,65,0.488
68110,65,0.475
68120,65,0.488
68130,65,0.488
68140,65,0.481
68150,65,0.481
68160,65,0.475
68170,65,0.481
68180,65,0.481
68190,65,0.481
68200,65,0.488
68210,65,0.488
68220,65,0.494
68230,65,0.481
68240,65,0.475
68250,65,0.488
68260,65,0.481
68270,65,0.488
68280,65,0.494
68290,65,0.494
68300,65,0.494
68310,65,0.494
68320,65,0.488
68330,65,0.494
68340,65,0.488
68350,65,0.488
68360,65,0.494
68370,65,0.481
68380,65,0.481
68390,65,0.488
68400,65,0.494
68410,65,0.488
68420,65,0.488
68430,65,0.481
68440,65,0.481
68450,65,0.481
68460,65,0.475
68470,65,0.475
68480,65,0.481
68490,65,0.481
68500,65,0.475
68510,65,0.475
68520,65,0.481
68530,65,0.475
68540,65,0.475
68550,65,0.475
68560,65,0.469
68570,65,0.469
68580,65,0.469
68590,65,0.475
68600,65,0.463
68610,65,0.463
68620,65,0.463
68630,65,0.463
68640,65,0.463
68650,65,0.469
68660,65,0.463
68670,65,0.463
68680,65,0.456
68690,65,0.463
68700,65,0.463
68710,65,0.456
68720,65,0.463
68730,65,0.463
68740,65,0.456
68750,65,0.450
68760,65,0.444
68770,65,0.450
68780,65,0.450
68790,65,0.450
68800,65,0.450
68810,65,0.444
68820,65,0.438
68830,65,0.444
68840,65,0.438
68850,65,0.444
68860,65,0.431
68870,65,0.431
68880,65,0.431
68890,65,0.431
68900,65,0.425
68910,65,0.425
68920,65,0.425
68930,65,0.419
68940,65,0.413
68950,65,0.419
68960,65,0.419
68970,65,0.413
68980,65,0.413
68990,65,0.406
69000,65,0.413
69010,65,0.406
69020,65,0.406
69030,65,0.400
69040,65,0.394
69050,65,0.394
69060,65,0.388
69070,65,0.400
69080,65,0.388
69090,65,0.400
69100,65,0.388
69110,65,0.388
69120,65,0.388
69130,65,0.381
69140,65,0.381
69150,65,0.369
69160,65,0.375
69170,65,0.375
69180,65,0.369
69190,65,0.369
69200,65,0.369
69210,65,0.369
69220,65,0.350
69230,65,0.344
69240,65,0.344
69250,65,0.338
69260,65,0.331
69270,65,0.331
69280,65,0.325
69290,65,0.319
69300,65,0.319
69310,65,0.313
69320,65,0.319
69330,65,0.306
69340,65,0.306
69350,65,0.300
69360,65,0.300
69370,65,0.294
69380,65,0.288
69390,65,0.275
69400,65,0.275
69410,65,0.288
69420,65,0.269
69430,65,0.275
69440,65,0.269
69450,65,0.256
69460,65,0.256
69470,65,0.244
69480,65,0.244
69490,65,0.231
69500,65,0.238
69510,65,0.231
69520,65,0.213
69530,65,0.219
69540,65,0.219
69550,65,0.213
69560,65,0.219
69570,65,0.206
69580,65,0.219
69590,65,0.206
69600,65,0.213
69610,65,0.206
69620,65,0.200
69630,65,0.206
69640,65,0.200
69650,65,0.206
69660,65,0.194
69670,65,0.206
69680,65,0.206
69690,65,0.206
69700,65,0.200
69710,65,0.206
69720,65,0.194
69730,65,0.206
69740,65,0.206
69750,65,0.213
69760,65,0.213
69770,65,0.219
69780,65,0.219
69790,65,0.225
69800,65,0.219
69810,65,0.231
69820,65,0.219
69830,65,0.225
69840,65,0.219
69850,65,0.225
69860,65,0.231
69870,65,0.231
69880,65,0.225
69890,65,0.238
69900,65,0.225
69910,65,0.219
69920,65,0.231
69930,65,0.238
69940,65,0.244
69950,65,0.238
69960,65,0.238
69970,65,0.250
69980,65,0.244
69990,65,0.250
70000,65,0.250
70010,65,0.250
70020,65,0.250
70030,65,0.250
70040,65,0.263
70050,65,0.263
70060,65,0.256
70070,65,0.263
70080,65,0.281
70090,65,0.269
70100,65,0.269
70110,65,0.269
70120,65,0.269
70130,65,0.275
70140,65,0.275
70150,65,0.275
70160,65,0.269
70170,65,0.275
70180,65,0.275
70190,65,0.281
70200,65,0.281
70210,65,0.281
70220,65,0.288
70230,65,0.275
70240,65,0.281
70250,65,0.288
70260,65,0.288
70270,65,0.281
70280,65,0.281
70290,65,0.281
70300,65,0.281
70310,65,0.288
70320,65,0.288
70330,65,0.275
70340,65,0.281
70350,65,0.288
70360,65,0.288
70370,65,0.288
70380,65,0.294
70390,65,0.288
70400,65,0.294
70410,65,0.288
70420,65,0.294
70430,65,0.281
70440,65,0.281
70450,65,0.281
70460,65,0.288
70470,65,0.281
70480,65,0.281
70490,65,0.281
70500,65,0.275
70510,65,0.275
70520,65,0.275
70530,65,0.281
70540,65,0.281
70550,65,0.288
70560,65,0.281
70570,65,0.294
70580,65,0.281
70590,65,0.281
70600,65,0.281
70610,65,0.288
70620,65,0.288
70630,65,0.288
70640,65,0.275
70650,65,0.281
70660,65,0.269
70670,65,0.269
70680,65,0.263
70690,65,0.269
70700,65,0.281
70710,65,0.281
70720,65,0.281
70730,65,0.288
70740,65,0.288
70750,65,0.294
70760,65,0.300
70770,65,0.300
70780,65,0.288
70790,65,0.300
70800,65,0.294
70810,65,0.294
70820,65,0.306
70830,65,0.313
70840,65,0.313
70850,65,0.313
70860,65,0.306
70870,65,0.306
70880,65,0.319
70890,65,0.313
70900,65,0.313
70910,65,0.319
70920,65,0.319
70930,65,0.319
70940,65,0.325
70950,65,0.331
70960,65,0.325
70970,65,0.325
70980,65,0.325
70990,65,0.325
71000,65,0.331
71010,65,0.338
71020,65,0.331
71030,65,0.338
71040,65,0.331
71050,65,0.344
71060,65,0.344
71070,65,0.350
71080,65,0.356
71090,65,0.350
71100,65,0.356
71110,65,0.356
71120,65,0.350
71130,65,0.363
71140,65,0.363
71150,65,0.369
71160,65,0.375
71170,65,0.363
71180,65,0.363
71190,65,0.369
71200,65,0.369
71210,65,0.369
71220,65,0.375
71230,65,0.369
71240,65,0.369
71250,65,0.375
71260,65,0.375
71270,65,0.369
71280,65,0.375
71290,65,0.375
71300,65,0.369
71310,65,0.375
71320,65,0.375
71330,65,0.375
71340,65,0.375
71350,65,0.375
71360,65,0.369
71370,65,0.375
71380,65,0.369
71390,65,0.363
71400,65,0.369
71410,65,0.369
71420,65,0.369
71430,65,0.375
71440,65,0.363
71450,65,0.363
71460,65,0.356
71470,65,0.363
71480,65,0.356
71490,65,0.350
71500,65,0.356
71510,65,0.356
71520,65,0.356
71530,65,0.356
71540,65,0.350
71550,65,0.350
71560,65,0.344
71570,65,0.338
71580,65,0.338
71590,65,0.338
71600,65,0.331
71610,65,0.325
71620,65,0.325
71630,65,0.325
71640,65,0.319
71650,65,0.319
71660,65,0.306
71670,65,0.300
71680,65,0.300
71690,65,0.300
71700,65,0.294
71710,65,0.288
71720,65,0.281
71730,65,0.281
71740,65,0.269
71750,65,0.269
71760,65,0.269
71770,65,0.263
71780,65,0.244
71790,65,0.244
71800,65,0.244
71810,65,0.244
71820,65,0.238
71830,65,0.231
71840,65,0.231
71850,65,0.225
71860,65,0.213
71870,65,0.206
71880,65,0.206
71890,65,0.213
71900,65,0.200
71910,65,0.200
71920,65,0.188
71930,65,0.181
71940,65,0.169
71950,65,0.169
71960,65,0.163
71970,65,0.156
71980,65,0.144
71990,65,0.150
72000,65,0.144
72010,70,0.144
72020,70,0.138
72030,70,0.138
72040,70,0.125
72050,70,0.125
72060,70,0.119
72070,70,0.113
72080,70,0.113
72090,70,0.106
72100,70,0.100
72110,70,0.113
72120,70,0.100
72130,70,0.094
72140,70,0.094
72150,70,0.081
72160,70,0.088
72170,70,0.100
72180,70,0.094
72190,70,0.100
72200,70,0.094
72210,70,0.094
72220,70,0.100
72230,70,0.100
72240,70,0.106
72250,70,0.113
72260,70,0.106
72270,70,0.119
72280,70,0.106
72290,70,0.106
72300,70,0.113
72310,70,0.113
72320,70,0.119
72330,70,0.119
72340,70,0.106
72350,70,0.106
72360,70,0.119
72370,70,0.113
72380,70,0.131
72390,70,0.119
72400,70,0.125
72410,70,0.144
72420,70,0.131
72430,70,0.138
72440,70,0.144
72450,70,0.138
72460,70,0.156
72470,70,0.150
72480,70,0.156
72490,70,0.169
72500,70,0.169
72510,70,0.175
72520,70,0.181
72530,70,0.194
72540,70,0.194
72550,70,0.200
72560,70,0.200
72570,70,0.213
72580,70,0.219
72590,70,0.231
72600,70,0.244
72610,70,0.238
72620,70,0.238
72630,70,0.238
72640,70,0.244
72650,70,0.244
72660,70,0.250
72670,70,0.244
72680,70,0.244
72690,70,0.244
72700,70,0.250
72710,70,0.244
72720,70,0.250
72730,70,0.244
72740,70,0.244
72750,70,0.250
72760,70,0.250
72770,70,0.256
72780,70,0.263
72790,70,0.244
72800,70,0.250
72810,70,0.250
72820,70,0.250
72830,70,0.250
72840,70,0.256
72850,70,0.256
72860,70,0.256
72870,70,0.263
72880,70,0.263
72890,70,0.263
72900,70,0.269
72910,70,0.269
72920,70,0.275
72930,70,0.269
72940,70,0.269
72950,70,0.275
72960,70,0.275
72970,70,0.269
72980,70,0.275
72990,70,0.275
73000,70,0.269
73010,70,0.269
73020,70,0.275
73030,70,0.275
73040,70,0.269
73050,70,0.275
73060,70,0.281
73070,70,0.275
73080,70,0.281
73090,70,0.281
73100,70,0.275
73110,70,0.275
73120,70,0.294
73130,70,0.288
73140,70,0.288
73150,70,0.288
73160,70,0.288
73170,70,0.288
73180,70,0.294
73190,70,0.288
73200,70,0.281
73210,70,0.288
73220,70,0.288
73230,70,0.288
73240,70,0.294
73250,70,0.294
73260,70,0.294
73270,70,0.300
73280,70,0.300
73290,70,0.294
73300,70,0.294
73310,70,0.300
73320,70,0.300
73330,70,0.300
73340,70,0.300
73350,70,0.300
73360,70,0.294
73370,70,0.313
73380,70,0.300
73390,70,0.306
73400,70,0.306
73410,70,0.306
73420,70,0.313
73430,70,0.319
73440,70,0.313
73450,70,0.319
73460,70,0.331
73470,70,0.325
73480,70,0.325
73490,70,0.319
73500,70,0.325
73510,70,0.325
73520,70,0.325
73530,70,0.331
73540,70,0.331
73550,70,0.338
73560,70,0.325
73570,70,0.331
73580,70,0.331
73590,70,0.338
73600,70,0.331
73610,70,0.331
73620,70,0.338
73630,70,0.338
73640,70,0.350
73650,70,0.338
73660,70,0.338
73670,70,0.344
73680,70,0.344
73690,70,0.344
73700,70,0.356
73710,70,0.350
73720,70,0.350
73730,70,0.344
73740,70,0.344
73750,70,0.344
73760,70,0.350
73770,70,0.338
73780,70,0.356
73790,70,0.350
73800,70,0.344
73810,70,0.344
73820,70,0.338
73830,70,0.344
73840,70,0.338
73850,70,0.344
73860,70,0.344
73870,70,0.344
73880,70,0.338
73890,70,0.344
73900,70,0.338
73910,70,0.344
73920,70,0.344
73930,70,0.344
73940,70,0.350
73950,70,0.344
73960,70,0.338
73970,70,0.338
73980,70,0.338
73990,70,0.331
74000,70,0.338
74010,70,0.344
74020,70,0.338
74030,70,0.331
74040,70,0.325
74050,70,0.325
74060,70,0.325
74070,70,0.319
74080,70,0.313
74090,70,0.313
74100,70,0.306
74110,70,0.306
74120,70,0.306
74130,70,0.313
74140,70,0.300
74150,70,0.300
74160,70,0.294
74170,70,0.288
74180,70,0.288
74190,70,0.288
74200,70,0.288
74210,70,0.281
74220,70,0.281
74230,70,0.281
74240,70,0.275
74250,70,0.281
74260,70,0.269
74270,70,0.269
74280,70,0.269
74290,70,0.269
74300,70,0.263
74310,70,0.263
74320,70,0.263
74330,70,0.275
74340,70,0.250
74350,70,0.263
74360,70,0.269
74370,70,0.269
74380,70,0.256
74390,70,0.269
74400,70,0.250
74410,70,0.256
74420,70,0.244
74430,70,0.256
74440,70,0.238
74450,70,0.238
74460,70,0.231
74470,70,0.244
74480,70,0.238
74490,70,0.238
74500,70,0.238
74510,70,0.244
74520,70,0.238
74530,70,0.238
74540,70,0.238
74550,70,0.238
74560,70,0.231
74570,70,0.238
74580,70,0.231
74590,70,0.238
74600,70,0.244
74610,70,0.238
74620,70,0.238
74630,70,0.238
74640,70,0.238
74650,70,0.238
74660,70,0.244
74670,70,0.244
74680,70,0.250
74690,70,0.250
74700,70,0.250
74710,70,0.256
74720,70,0.256
74730,70,0.250
74740,70,0.250
74750,70,0.256
74760,70,0.263
74770,70,0.269
74780,70,0.269
74790,70,0.263
74800,70,0.269
74810,70,0.275
74820,70,0.275
74830,70,0.269
74840,70,0.269
74850,70,0.269
74860,70,0.269
74870,70,0.269
74880,70,0.263
74890,70,0.269
74900,70,0.269
74910,70,0.269
74920,70,0.275
74930,70,0.269
74940,70,0.275
74950,70,0.269
74960,70,0.269
74970,70,0.269
74980,70,0.269
74990,70,0.275
75000,70,0.269
75010,70,0.269
75020,70,0.263
75030,70,0.263
75040,70,0.269
75050,70,0.269
75060,70,0.263
75070,70,0.263
75080,70,0.269
75090,70,0.269
75100,70,0.269
75110,70,0.269
75120,70,0.256
75130,70,0.263
75140,70,0.275
75150,70,0.269
75160,70,0.275
75170,70,0.275
75180,70,0.269
75190,70,0.275
75200,70,0.269
75210,70,0.275
75220,70,0.269
75230,70,0.269
75240,70,0.269
75250,70,0.269
75260,70,0.269
75270,70,0.275
75280,70,0.269
75290,70,0.269
75300,70,0.263
75310,70,0.269
75320,70,0.269
75330,70,0.263
75340,70,0.269
75350,70,0.263
75360,70,0.256
75370,70,0.263
75380,70,0.263
75390,70,0.269
75400,70,0.256
75410,70,0.256
75420,70,0.256
75430,70,0.256
75440,70,0.256
75450,70,0.256
75460,70,0.256
75470,70,0.256
75480,70,0.250
75490,70,0.244
75500,70,0.244
75510,70,0.238
75520,70,0.238
75530,70,0.238
75540,70,0.231
75550,70,0.231
75560,70,0.250
75570,70,0.231
75580,70,0.231
75590,70,0.231
75600,70,0.231
75610,70,0.231
75620,70,0.231
75630,70,0.231
75640,70,0.219
75650,70,0.225
75660,70,0.225
75670,70,0.231
75680,70,0.225
75690,70,0.219
75700,70,0.219
75710,70,0.213
75720,70,0.206
75730,70,0.206
75740,70,0.200
75750,70,0.200
75760,70,0.206
75770,70,0.213
75780,70,0.213
75790,70,0.213
75800,70,0.206
75810,70,0.206
75820,70,0.213
75830,70,0.200
75840,70,0.194
75850,70,0.188
75860,70,0.194
75870,70,0.188
75880,70,0.188
75890,70,0.188
75900,70,0.194
75910,70,0.188
75920,70,0.181
75930,70,0.181
75940,70,0.188
75950,70,0.181
75960,70,0.188
75970,70,0.181
75980,70,0.181
75990,70,0.181
76000,70,0.181
76010,70,0.181
76020,70,0.181
76030,70,0.169
76040,70,0.163
76050,70,0.175
76060,70,0.169
76070,70,0.175
76080,70,0.169
76090,70,0.175
76100,70,0.175
76110,70,0.163
76120,70,0.169
76130,70,0.169
76140,70,0.175
76150,70,0.169
76160,70,0.163
76170,70,0.169
76180,70,0.163
76190,70,0.163
76200,70,0.163
76210,70,0.156
76220,70,0.150
76230,70,0.150
76240,70,0.150
76250,70,0.150
76260,70,0.150
76270,70,0.150
76280,70,0.144
76290,70,0.150
76300,70,0.150
76310,70,0.138
76320,70,0.131
76330,70,0.125
76340,70,0.125
76350,70,0.131
76360,70,0.125
76370,70,0.125
76380,70,0.125
76390,70,0.106
76400,70,0.106
76410,70,0.113
76420,70,0.106
76430,70,0.100
76440,70,0.094
76450,70,0.100
76460,70,0.094
76470,70,0.088
76480,70,0.088
76490,70,0.094
76500,70,0.081
76510,70,0.075
76520,70,0.081
76530,70,0.081
76540,70,0.081
76550,70,0.081
76560,70,0.075
76570,70,0.069
76580,70,0.069
76590,70,0.069
76600,70,0.069
76610,70,0.069
76620,70,0.063
76630,70,0.069
76640,70,0.056
76650,70,0.063
76660,70,0.056
76670,70,0.056
76680,70,0.025
76690,70,0.031
76700,70,0.031
76710,70,0.025
76720,70,0.031
76730,70,0.025
76740,70,0.025
76750,70,0.019
76760,70,0.031
76770,70,0.006
76780,70,0.019
76790,70,0.025
76800,70,0.019
76810,70,0.031
76820,70,0.013
76830,70,0.031
76840,70,0.006
76850,70,0.031
76860,70,0.013
76870,70,0.006
76880,70,0.013
76890,70,0.006
76900,70,0.013
76910,70,0.006
76920,70,0.000
76930,70,0.000
76940,70,0.000
76950,70,0.000
76960,70,0.000
76970,70,0.000
76980,70,0.000
76990,70,-0.006
77000,70,0.006
77010,75,0.000
77020,75,-0.012
77030,75,0.000
77040,75,-0.012
77050,75,-0.012
77060,75,-0.012
77070,75,-0.031
77080,75,-0.031
77090,75,-0.031
77100,75,-0.037
77110,75,-0.050
77120,75,-0.050
77130,75,-0.062
77140,75,-0.069
77150,75,-0.069
77160,75,-0.075
77170,75,-0.062
77180,75,-0.081
77190,75,-0.087
77200,75,-0.081
77210,75,-0.094
77220,75,-0.094
77230,75,-0.094
77240,75,-0.087
77250,75,-0.106
77260,75,-0.106
77270,75,-0.106
77280,75,-0.100
77290,75,-0.100
77300,75,-0.100
77310,75,-0.112
77320,75,-0.119
77330,75,-0.112
77340,75,-0.119
77350,75,-0.125
77360,75,-0.131
77370,75,-0.137
77380,75,-0.137
77390,75,-0.137
77400,75,-0.137
77410,75,-0.144
77420,75,-0.144
77430,75,-0.150
77440,75,-0.162
77450,75,-0.156
77460,75,-0.156
77470,75,-0.150
77480,75,-0.156
77490,75,-0.156
77500,75,-0.162
77510,75,-0.162
77520,75,-0.162
77530,75,-0.169
77540,75,-0.169
77550,75,-0.162
77560,75,-0.156
77570,75,-0.156
77580,75,-0.162
77590,75,-0.162
77600,75,-0.162
77610,75,-0.169
77620,75,-0.169
77630,75,-0.169
77640,75,-0.162
77650,75,-0.156
77660,75,-0.156
77670,75,-0.162
77680,75,-0.175
77690,75,-0.169
77700,75,-0.175
77710,75,-0.175
77720,75,-0.162
77730,75,-0.156
77740,75,-0.162
77750,75,-0.162
77760,75,-0.162
77770,75,-0.162
77780,75,-0.156
77790,75,-0.162
77800,75,-0.150
77810,75,-0.137
77820,75,-0.150
77830,75,-0.150
77840,75,-0.137
77850,75,-0.150
77860,75,-0.162
77870,75,-0.162
77880,75,-0.156
77890,75,-0.162
77900,75,-0.181
77910,75,-0.162
77920,75,-0.162
77930,75,-0.169
77940,75,-0.169
77950,75,-0.162
77960,75,-0.169
77970,75,-0.162
77980,75,-0.156
77990,75,-0.162
78000,75,-0.156
78010,75,-0.162
78020,75,-0.150
78030,75,-0.162
78040,75,-0.144
78050,75,-0.150
78060,75,-0.150
78070,75,-0.137
78080,75,-0.150
78090,75,-0.144
78100,75,-0.137
78110,75,-0.137
78120,75,-0.131
78130,75,-0.137
78140,75,-0.125
78150,75,-0.125
78160,75,-0.131
78170,75,-0.125
78180,75,-0.112
78190,75,-0.131
78200,75,-0.119
78210,75,-0.119
78220,75,-0.119
78230,75,-0.112
78240,75,-0.112
78250,75,-0.119
78260,75,-0.119
78270,75,-0.112
78280,75,-0.112
78290,75,-0.119
78300,75,-0.100
78310,75,-0.100
78320,75,-0.106
78330,75,-0.100
78340,75,-0.106
78350,75,-0.112
78360,75,-0.112
78370,75,-0.106
78380,75,-0.112
78390,75,-0.112
78400,75,-0.112
78410,75,-0.112
78420,75,-0.106
78430,75,-0.112
78440,75,-0.125
78450,75,-0.106
78460,75,-0.106
78470,75,-0.106
78480,75,-0.094
78490,75,-0.112
78500,75,-0.112
78510,75,-0.106
78520,75,-0.106
78530,75,-0.100
78540,75,-0.119
78550,75,-0.119
78560,75,-0.119
78570,75,-0.112
78580,75,-0.112
78590,75,-0.119
78600,75,-0.100
78610,75,-0.106
78620,75,-0.100
78630,75,-0.100
78640,75,-0.106
78650,75,-0.106
78660,75,-0.112
78670,75,-0.106
78680,75,-0.106
78690,75,-0.100
78700,75,-0.100
78710,75,-0.106
78720,75,-0.100
78730,75,-0.100
78740,75,-0.100
78750,75,-0.106
78760,75,-0.087
78770,75,-0.100
78780,75,-0.106
78790,75,-0.094
78800,75,-0.094
78810,75,-0.094
78820,75,-0.087
78830,75,-0.100
78840,75,-0.087
78850,75,-0.087
78860,75,-0.087
78870,75,-0.087
78880,75,-0.100
78890,75,-0.087
78900,75,-0.094
78910,75,-0.087
78920,75,-0.087
78930,75,-0.081
78940,75,-0.087
78950,75,-0.081
78960,75,-0.081
78970,75,-0.081
78980,75,-0.081
78990,75,-0.081
79000,75,-0.069
79010,75,-0.075
79020,75,-0.062
79030,75,-0.069
79040,75,-0.069
79050,75,-0.075
79060,75,-0.075
79070,75,-0.069
79080,75,-0.075
79090,75,-0.062
79100,75,-0.056
79110,75,-0.069
79120,75,-0.081
79130,75,-0.069
79140,75,-0.069
79150,75,-0.062
79160,75,-0.062
79170,75,-0.062
79180,75,-0.069
79190,75,-0.050
79200,75,-0.062
79210,75,-0.056
79220,75,-0.056
79230,75,-0.056
79240,75,-0.050
79250,75,-0.056
79260,75,-0.050
79270,75,-0.056
79280,75,-0.056
79290,75,-0.050
79300,75,-0.044
79310,75,-0.044
79320,75,-0.056
79330,75,-0.050
79340,75,-0.050
79350,75,-0.050
79360,75,-0.044
79370,75,-0.056
79380,75,-0.050
79390,75,-0.050
79400,75,-0.069
79410,75,-0.056
79420,75,-0.056
79430,75,-0.062
79440,75,-0.056
79450,75,-0.056
79460,75,-0.062
79470,75,-0.056
79480,75,-0.069
79490,75,-0.056
79500,75,-0.050
79510,75,-0.056
79520,75,-0.056
79530,75,-0.037
79540,75,-0.056
79550,75,-0.050
79560,75,-0.050
79570,75,-0.050
79580,75,-0.062
79590,75,-0.056
79600,75,-0.050
79610,75,-0.062
79620,75,-0.062
79630,75,-0.050
79640,75,-0.056
79650,75,-0.044
79660,75,-0.056
79670,75,-0.056
79680,75,-0.050
79690,75,-0.050
79700,75,-0.056
79710,75,-0.050
79720,75,-0.050
79730,75,-0.050
79740,75,-0.056
79750,75,-0.044
79760,75,-0.050
79770,75,-0.044
79780,75,-0.044
79790,75,-0.050
79800,75,-0.044
79810,75,-0.044
79820,75,-0.044
79830,75,-0.044
79840,75,-0.037
79850,75,-0.037
79860,75,-0.037
79870,75,-0.031
79880,75,-0.037
79890,75,-0.037
79900,75,-0.044
79910,75,-0.044
79920,75,-0.044
79930,75,-0.037
79940,75,-0.044
79950,75,-0.037
79960,75,-0.037
79970,75,-0.037
79980,75,-0.037
79990,75,-0.044
80000,75,-0.044
80010,75,-0.037
80020,75,-0.044
80030,75,-0.037
80040,75,-0.037
80050,75,-0.044
80060,75,-0.031
80070,75,-0.044
80080,75,-0.037
80090,75,-0.044
80100,75,-0.044
80110,75,-0.031
80120,75,-0.044
80130,75,-0.050
80140,75,-0.037
80150,75,-0.037
80160,75,-0.031
80170,75,-0.037
80180,75,-0.056
80190,75,-0.044
80200,75,-0.037
80210,75,-0.044
80220,75,-0.044
80230,75,-0.031
80240,75,-0.031
80250,75,-0.031
80260,75,-0.037
80270,75,-0.031
80280,75,-0.037
80290,75,-0.031
80300,75,-0.031
80310,75,-0.031
80320,75,-0.031
80330,75,-0.025
80340,75,-0.019
80350,75,-0.012
80360,75,-0.019
80370,75,-0.019
80380,75,-0.012
80390,75,-0.019
80400,75,-0.019
80410,75,-0.012
80420,75,-0.006
80430,75,-0.006
80440,75,-0.012
80450,75,-0.006
80460,75,-0.006
80470,75,-0.006
80480,75,-0.012
80490,75,-0.006
80500,75,0.000
80510,75,-0.006
80520,75,0.000
80530,75,0.000
80540,75,0.019
80550,75,-0.012
80560,75,-0.012
80570,75,0.000
80580,75,0.013
80590,75,0.000
80600,75,-0.006
80610,75,0.000
80620,75,0.006
80630,75,0.006
80640,75,-0.006
80650,75,0.006
80660,75,0.006
80670,75,-0.006
80680,75,0.019
80690,75,0.013
80700,75,0.013
80710,75,0.006
80720,75,-0.006
80730,75,0.025
80740,75,0.025
80750,75,0.006
80760,75,0.006
80770,75,0.013
80780,75,0.000
80790,75,0.006
80800,75,0.019
80810,75,0.031
80820,75,0.025
80830,75,0.031
80840,75,0.013
80850,75,0.019
80860,75,0.013
80870,75,0.031
80880,75,0.025
80890,75,0.031
80900,75,0.006
80910,75,0.031
80920,75,0.031
80930,75,0.013
80940,75,0.025
80950,75,0.013
80960,75,0.038
80970,75,0.038
80980,75,0.044
80990,75,0.038
81000,75,0.050
81010,75,0.038
81020,75,0.063
81030,75,0.050
81040,75,0.075
81050,75,0.069
81060,75,0.056
81070,75,0.075
81080,75,0.063
81090,75,0.075
81100,75,0.069
81110,75,0.088
81120,75,0.088
81130,75,0.088
81140,75,0.069
81150,75,0.081
81160,75,0.075
81170,75,0.088
81180,75,0.075
81190,75,0.081
81200,75,0.075
81210,75,0.081
81220,75,0.081
81230,75,0.088
81240,75,0.088
81250,75,0.094
81260,75,0.081
81270,75,0.081
81280,75,0.081
81290,75,0.081
81300,75,0.081
81310,75,0.081
81320,75,0.075
81330,75,0.088
81340,75,0.081
81350,75,0.088
81360,75,0.081
81370,75,0.081
81380,75,0.075
81390,75,0.081
81400,75,0.075
81410,75,0.088
81420,75,0.075
81430,75,0.088
81440,75,0.069
81450,75,0.075
81460,75,0.069
81470,75,0.063
81480,75,0.056
81490,75,0.075
81500,75,0.063
81510,75,0.069
81520,75,0.050
81530,75,0.069
81540,75,0.063
81550,75,0.056
81560,75,0.069
81570,75,0.050
81580,75,0.056
81590,75,0.069
81600,75,0.044
81610,75,0.038
81620,75,0.050
81630,75,0.025
81640,75,0.038
81650,75,0.019
81660,75,0.038
81670,75,0.019
81680,75,0.038
81690,75,0.025
81700,75,0.031
81710,75,0.019
81720,75,0.031
81730,75,0.031
81740,75,0.019
81750,75,0.013
81760,75,0.013
81770,75,0.006
81780,75,0.025
81790,75,0.006
81800,75,0.013
81810,75,0.013
81820,75,0.000
81830,75,0.000
81840,75,-0.006
81850,75,0.006
81860,75,0.000
81870,75,-0.019
81880,75,-0.006
81890,75,0.006
81900,75,-0.019
81910,75,0.000
81920,75,-0.012
81930,75,-0.012
81940,75,-0.006
81950,75,-0.012
81960,75,-0.019
81970,75,-0.025
81980,75,-0.031
81990,75,-0.025
82000,75,-0.037
82010,80,-0.031
82020,80,-0.050
82030,80,-0.044
82040,80,-0.056
82050,80,-0.050
82060,80,-0.069
82070,80,-0.075
82080,80,-0.069
82090,80,-0.069
82100,80,-0.075
82110,80,-0.081
82120,80,-0.081
82130,80,-0.087
82140,80,-0.094
82150,80,-0.100
82160,80,-0.100
82170,80,-0.100
82180,80,-0.106
82190,80,-0.106
82200,80,-0.119
82210,80,-0.112
82220,80,-0.125
82230,80,-0.131
82240,80,-0.150
82250,80,-0.150
82260,80,-0.169
82270,80,-0.175
82280,80,-0.181
82290,80,-0.187
82300,80,-0.194
82310,80,-0.200
82320,80,-0.206
82330,80,-0.206
82340,80,-0.212
82350,80,-0.225
82360,80,-0.219
82370,80,-0.225
82380,80,-0.231
82390,80,-0.231
82400,80,-0.244
82410,80,-0.250
82420,80,-0.256
82430,80,-0.269
82440,80,-0.275
82450,80,-0.275
82460,80,-0.300
82470,80,-0.287
82480,80,-0.294
82490,80,-0.312
82500,80,-0.312
82510,80,-0.319
82520,80,-0.319
82530,80,-0.319
82540,80,-0.331
82550,80,-0.337
82560,80,-0.356
82570,80,-0.356
82580,80,-0.369
82590,80,-0.375
82600,80,-0.387
82610,80,-0.394
82620,80,-0.406
82630,80,-0.419
82640,80,-0.444
82650,80,-0.444
82660,80,-0.444
82670,80,-0.462
82680,80,-0.456
82690,80,-0.487
82700,80,-0.506
82710,80,-0.500
82720,80,-0.519
82730,80,-0.544
82740,80,-0.550
82750,80,-0.562
82760,80,-0.556
82770,80,-0.575
82780,80,-0.569
82790,80,-0.587
82800,80,-0.600
82810,80,-0.625
82820,80,-0.637
82830,80,-0.644
82840,80,-0.644
82850,80,-0.650
82860,80,-0.675
82870,80,-0.675
82880,80,-0.681
82890,80,-0.675
82900,80,-0.675
82910,80,-0.694
82920,80,-0.694
82930,80,-0.706
82940,80,-0.700
82950,80,-0.712
82960,80,-0.719
82970,80,-0.712
82980,80,-0.719
82990,80,-0.725
83000,80,-0.731
83010,80,-0.737
83020,80,-0.737
83030,80,-0.756
83040,80,-0.750
83050,80,-0.762
83060,80,-0.756
83070,80,-0.756
83080,80,-0.775
83090,80,-0.781
83100,80,-0.781
83110,80,-0.769
83120,80,-0.769
83130,80,-0.769
83140,80,-0.781
83150,80,-0.775
83160,80,-0.769
83170,80,-0.769
83180,80,-0.762
83190,80,-0.775
83200,80,-0.775
83210,80,-0.781
83220,80,-0.769
83230,80,-0.756
83240,80,-0.769
83250,80,-0.775
83260,80,-0.762
83270,80,-0.775
83280,80,-0.781
83290,80,-0.775
83300,80,-0.769
83310,80,-0.744
83320,80,-0.725
83330,80,-0.719
83340,80,-0.706
83350,80,-0.694
83360,80,-0.687
83370,80,-0.681
83380,80,-0.675
83390,80,-0.669
83400,80,-0.662
83410,80,-0.662
83420,80,-0.662
83430,80,-0.637
83440,80,-0.637
83450,80,-0.637
83460,80,-0.637
83470,80,-0.637
83480,80,-0.631
83490,80,-0.619
83500,80,-0.631
83510,80,-0.612
83520,80,-0.619
83530,80,-0.619
83540,80,-0.600
83550,80,-0.606
83560,80,-0.600
83570,80,-0.600
83580,80,-0.594
83590,80,-0.606
83600,80,-0.612
83610,80,-0.612
83620,80,-0.625
83630,80,-0.625
83640,80,-0.625
83650,80,-0.625
83660,80,-0.619
83670,80,-0.619
83680,80,-0.625
83690,80,-0.637
83700,80,-0.631
83710,80,-0.625
83720,80,-0.631
83730,80,-0.625
83740,80,-0.619
83750,80,-0.612
83760,80,-0.625
83770,80,-0.637
83780,80,-0.625
83790,80,-0.625
83800,80,-0.631
83810,80,-0.619
83820,80,-0.619
83830,80,-0.619
83840,80,-0.637
83850,80,-0.631
83860,80,-0.625
83870,80,-0.631
83880,80,-0.631
83890,80,-0.631
83900,80,-0.631
83910,80,-0.631
83920,80,-0.637
83930,80,-0.644
83940,80,-0.637
83950,80,-0.637
83960,80,-0.644
83970,80,-0.644
83980,80,-0.644
83990,80,-0.644
84000,80,-0.650
84010,80,-0.656
84020,80,-0.662
84030,80,-0.662
84040,80,-0.650
84050,80,-0.644
84060,80,-0.644
84070,80,-0.656
84080,80,-0.656
84090,80,-0.650
84100,80,-0.644
84110,80,-0.644
84120,80,-0.637
84130,80,-0.650
84140,80,-0.644
84150,80,-0.656
84160,80,-0.650
84170,80,-0.644
84180,80,-0.644
84190,80,-0.644
84200,80,-0.650
84210,80,-0.650
84220,80,-0.650
84230,80,-0.656
84240,80,-0.656
84250,80,-0.637
84260,80,-0.656
84270,80,-0.650
84280,80,-0.656
84290,80,-0.650
84300,80,-0.662
84310,80,-0.662
84320,80,-0.662
84330,80,-0.662
84340,80,-0.662
84350,80,-0.669
84360,80,-0.662
84370,80,-0.662
84380,80,-0.662
84390,80,-0.662
84400,80,-0.669
84410,80,-0.669
84420,80,-0.669
84430,80,-0.662
84440,80,-0.662
84450,80,-0.662
84460,80,-0.669
84470,80,-0.675
84480,80,-0.681
84490,80,-0.675
84500,80,-0.681
84510,80,-0.687
84520,80,-0.687
84530,80,-0.694
84540,80,-0.687
84550,80,-0.687
84560,80,-0.700
84570,80,-0.712
84580,80,-0.706
84590,80,-0.694
84600,80,-0.712
84610,80,-0.731
84620,80,-0.737
84630,80,-0.719
84640,80,-0.731
84650,80,-0.737
84660,80,-0.731
84670,80,-0.750
84680,80,-0.744
84690,80,-0.744
84700,80,-0.744
84710,80,-0.750
84720,80,-0.737
84730,80,-0.731
84740,80,-0.744
84750,80,-0.737
84760,80,-0.737
84770,80,-0.737
84780,80,-0.744
84790,80,-0.750
84800,80,-0.756
84810,80,-0.762
84820,80,-0.756
84830,80,-0.769
84840,80,-0.781
84850,80,-0.787
84860,80,-0.781
84870,80,-0.769
84880,80,-0.781
84890,80,-0.781
84900,80,-0.787
84910,80,-0.781
84920,80,-0.787
84930,80,-0.781
84940,80,-0.794
84950,80,-0.794
84960,80,-0.806
84970,80,-0.806
84980,80,-0.806
84990,80,-0.806
85000,80,-0.819
85010,80,-0.806
85020,80,-0.812
85030,80,-0.819
85040,80,-0.819
85050,80,-0.837
85060,80,-0.837
85070,80,-0.831
85080,80,-0.831
85090,80,-0.825
85100,80,-0.850
85110,80,-0.837
85120,80,-0.837
85130,80,-0.837
85140,80,-0.856
85150,80,-0.844
85160,80,-0.856
85170,80,-0.850
85180,80,-0.862
85190,80,-0.875
85200,80,-0.869
85210,80,-0.875
85220,80,-0.881
85230,80,-0.887
85240,80,-0.900
85250,80,-0.887
85260,80,-0.881
85270,80,-0.887
85280,80,-0.887
85290,80,-0.887
85300,80,-0.894
85310,80,-0.881
85320,80,-0.881
85330,80,-0.881
85340,80,-0.881
85350,80,-0.887
85360,80,-0.887
85370,80,-0.887
85380,80,-0.881
85390,80,-0.875
85400,80,-0.881
85410,80,-0.869
85420,80,-0.881
85430,80,-0.875
85440,80,-0.881
85450,80,-0.881
85460,80,-0.869
85470,80,-0.875
85480,80,-0.869
85490,80,-0.869
85500,80,-0.875
85510,80,-0.869
85520,80,-0.875
85530,80,-0.869
85540,80,-0.869
85550,80,-0.856
85560,80,-0.862
85570,80,-0.869
85580,80,-0.856
85590,80,-0.869
85600,80,-0.844
85610,80,-0.850
85620,80,-0.850
85630,80,-0.850
85640,80,-0.856
85650,80,-0.856
85660,80,-0.850
85670,80,-0.862
85680,80,-0.856
85690,80,-0.850
85700,80,-0.850
85710,80,-0.850
85720,80,-0.850
85730,80,-0.844
85740,80,-0.850
85750,80,-0.850
85760,80,-0.850
85770,80,-0.844
85780,80,-0.844
85790,80,-0.844
85800,80,-0.850
85810,80,-0.844
85820,80,-0.844
85830,80,-0.837
85840,80,-0.844
85850,80,-0.837
85860,80,-0.844
85870,80,-0.844
85880,80,-0.837
85890,80,-0.850
85900,80,-0.831
85910,80,-0.825
85920,80,-0.850
85930,80,-0.831
85940,80,-0.831
85950,80,-0.837
85960,80,-0.831
85970,80,-0.825
85980,80,-0.831
85990,80,-0.825
86000,80,-0.825
86010,80,-0.819
86020,80,-0.819
86030,80,-0.812
86040,80,-0.812
86050,80,-0.819
86060,80,-0.806
86070,80,-0.812
86080,80,-0.806
86090,80,-0.819
86100,80,-0.806
86110,80,-0.825
86120,80,-0.812
86130,80,-0.806
86140,80,-0.812
86150,80,-0.806
86160,80,-0.812
86170,80,-0.800
86180,80,-0.800
86190,80,-0.800
86200,80,-0.800
86210,80,-0.800
86220,80,-0.800
86230,80,-0.800
86240,80,-0.800
86250,80,-0.794
86260,80,-0.794
86270,80,-0.787
86280,80,-0.787
86290,80,-0.794
86300,80,-0.800
86310,80,-0.794
86320,80,-0.787
86330,80,-0.800
86340,80,-0.781
86350,80,-0.794
86360,80,-0.781
86370,80,-0.781
86380,80,-0.787
86390,80,-0.787
86400,80,-0.787
86410,80,-0.787
86420,80,-0.787
86430,80,-0.787
86440,80,-0.781
86450,80,-0.781
86460,80,-0.787
86470,80,-0.781
86480,80,-0.781
86490,80,-0.781
86500,80,-0.781
86510,80,-0.794
86520,80,-0.769
86530,80,-0.775
86540,80,-0.775
86550,80,-0.769
86560,80,-0.775
86570,80,-0.762
86580,80,-0.769
86590,80,-0.781
86600,80,-0.769
86610,80,-0.769
86620,80,-0.769
86630,80,-0.762
86640,80,-0.762
86650,80,-0.762
86660,80,-0.756
86670,80,-0.756
86680,80,-0.762
86690,80,-0.762
86700,80,-0.756
86710,80,-0.762
86720,80,-0.750
86730,80,-0.756
86740,80,-0.744
86750,80,-0.750
86760,80,-0.737
86770,80,-0.750
86780,80,-0.744
86790,80,-0.750
86800,80,-0.756
86810,80,-0.744
86820,80,-0.750
86830,80,-0.737
86840,80,-0.737
86850,80,-0.744
86860,80,-0.744
86870,80,-0.737
86880,80,-0.731
86890,80,-0.737
86900,80,-0.737
86910,80,-0.725
86920,80,-0.731
86930,80,-0.737
86940,80,-0.731
86950,80,-0.719
86960,80,-0.725
86970,80,-0.725
86980,80,-0.725
86990,80,-0.719
87000,80,-0.725
87010,85,-0.706
87020,85,-0.706
87030,85,-0.700
87040,85,-0.706
87050,85,-0.700
87060,85,-0.706
87070,85,-0.706
87080,85,-0.719
87090,85,-0.712
87100,85,-0.719
87110,85,-0.712
87120,85,-0.719
87130,85,-0.706
87140,85,-0.706
87150,85,-0.712
87160,85,-0.719
87170,85,-0.706
87180,85,-0.712
87190,85,-0.706
87200,85,-0.712
87210,85,-0.706
87220,85,-0.706
87230,85,-0.694
87240,85,-0.706
87250,85,-0.700
87260,85,-0.706
87270,85,-0.700
87280,85,-0.706
87290,85,-0.694
87300,85,-0.706
87310,85,-0.706
87320,85,-0.706
87330,85,-0.700
87340,85,-0.700
87350,85,-0.706
87360,85,-0.694
87370,85,-0.700
87380,85,-0.706
87390,85,-0.706
87400,85,-0.706
87410,85,-0.712
87420,85,-0.719
87430,85,-0.706
87440,85,-0.706
87450,85,-0.712
87460,85,-0.712
87470,85,-0.731
87480,85,-0.719
87490,85,-0.706
87500,85,-0.706
87510,85,-0.712
87520,85,-0.712
87530,85,-0.712
87540,85,-0.712
87550,85,-0.719
87560,85,-0.706
87570,85,-0.706
87580,85,-0.700
87590,85,-0.694
87600,85,-0.700
87610,85,-0.700
87620,85,-0.700
87630,85,-0.687
87640,85,-0.687
87650,85,-0.694
87660,85,-0.694
87670,85,-0.694
87680,85,-0.700
87690,85,-0.700
87700,85,-0.700
87710,85,-0.694
87720,85,-0.700
87730,85,-0.687
87740,85,-0.694
87750,85,-0.687
87760,85,-0.687
87770,85,-0.687
87780,85,-0.694
87790,85,-0.694
87800,85,-0.687
87810,85,-0.687
87820,85,-0.675
87830,85,-0.694
87840,85,-0.681
87850,85,-0.675
87860,85,-0.675
87870,85,-0.681
87880,85,-0.681
87890,85,-0.681
87900,85,-0.662
87910,85,-0.675
87920,85,-0.675
87930,85,-0.681
87940,85,-0.681
87950,85,-0.681
87960,85,-0.669
87970,85,-0.662
87980,85,-0.669
87990,85,-0.669
88000,85,-0.669
88010,85,-0.656
88020,85,-0.656
88030,85,-0.656
88040,85,-0.644
88050,85,-0.631
88060,85,-0.631
88070,85,-0.625
88080,85,-0.631
88090,85,-0.619
88100,85,-0.650
88110,85,-0.650
88120,85,-0.650
88130,85,-0.644
88140,85,-0.650
88150,85,-0.644
88160,85,-0.631
88170,85,-0.631
88180,85,-0.619
88190,85,-0.625
88200,85,-0.644
88210,85,-0.625
88220,85,-0.625
88230,85,-0.619
88240,85,-0.606
88250,85,-0.612
88260,85,-0.606
88270,85,-0.612
88280,85,-0.581
88290,85,-0.494
88300,85,-0.425
88310,85,-0.350
88320,85,-0.287
88330,85,-0.250
88340,85,-0.200
88350,85,-0.169
88360,85,-0.156
88370,85,-0.150
88380,85,-0.144
88390,85,-0.137
88400,85,-0.119
88410,85,-0.119
88420,85,-0.112
88430,85,-0.119
88440,85,-0.100
88450,85,-0.087
88460,85,-0.094
88470,85,-0.081
88480,85,-0.087
88490,85,-0.075
88500,85,-0.075
88510,85,-0.069
88520,85,-0.062
88530,85,-0.056
88540,85,-0.050
88550,85,-0.044
88560,85,-0.044
88570,85,-0.044
88580,85,-0.037
88590,85,-0.037
88600,85,-0.031
88610,85,-0.031
88620,85,-0.025
88630,85,-0.012
88640,85,-0.012
88650,85,-0.025
88660,85,-0.025
88670,85,-0.019
88680,85,-0.012
88690,85,-0.012
88700,85,-0.012
88710,85,-0.006
88720,85,-0.006
88730,85,0.000
88740,85,0.000
88750,85,-0.006
88760,85,0.006
88770,85,-0.006
88780,85,-0.025
88790,85,0.006
88800,85,-0.006
88810,85,-0.012
88820,85,0.006
88830,85,0.000
88840,85,-0.006
88850,85,0.025
88860,85,0.019
88870,85,0.000
88880,85,0.019
88890,85,0.013
88900,85,0.000
88910,85,0.019
88920,85,0.013
88930,85,0.013
88940,85,0.025
88950,85,0.013
88960,85,0.019
88970,85,0.019
88980,85,0.031
88990,85,0.025
89000,85,0.025
89010,85,0.025
89020,85,0.038
89030,85,0.038
89040,85,0.044
89050,85,0.038
89060,85,0.031
89070,85,0.038
89080,85,0.050
89090,85,0.050
89100,85,0.056
89110,85,0.050
89120,85,0.050
89130,85,0.056
89140,85,0.063
89150,85,0.063
89160,85,0.063
89170,85,0.075
89180,85,0.044
89190,85,0.044
89200,85,0.044
89210,85,0.031
89220,85,0.044
89230,85,0.025
89240,85,0.038
89250,85,0.038
89260,85,0.038
89270,85,0.038
89280,85,0.038
89290,85,0.025
89300,85,0.038
89310,85,0.038
89320,85,0.025
89330,85,0.025
89340,85,0.025
89350,85,0.019
89360,85,0.019
89370,85,0.006
89380,85,0.019
89390,85,0.006
89400,85,0.006
89410,85,0.000
89420,85,0.000
89430,85,0.025
89440,85,0.013
89450,85,0.006
89460,85,0.013
89470,85,0.013
89480,85,0.013
89490,85,0.006
89500,85,0.006
89510,85,0.006
89520,85,0.006
89530,85,0.013
89540,85,0.013
89550,85,0.000
89560,85,0.013
89570,85,0.013
89580,85,0.006
89590,85,0.006
89600,85,-0.006
89610,85,0.019
89620,85,0.006
89630,85,-0.006
89640,85,0.006
89650,85,0.000
89660,85,-0.019
89670,85,0.000
89680,85,0.000
89690,85,0.000
89700,85,0.000
89710,85,-0.006
89720,85,0.000
89730,85,-0.006
89740,85,-0.006
89750,85,0.000
89760,85,-0.012
89770,85,-0.012
89780,85,-0.012
89790,85,-0.025
89800,85,-0.025
89810,85,-0.025
89820,85,-0.025
89830,85,-0.031
89840,85,-0.037
89850,85,-0.044
89860,85,-0.044
89870,85,-0.044
89880,85,-0.050
89890,85,-0.037
89900,85,-0.044
89910,85,-0.056
89920,85,-0.050
89930,85,-0.050
89940,85,-0.062
89950,85,-0.062
89960,85,-0.069
89970,85,-0.081
89980,85,-0.075
89990,85,-0.075
90000,85,-0.094
90010,85,-0.094
90020,85,-0.087
90030,85,-0.100
90040,85,-0.100
90050,85,-0.100
90060,85,-0.100
90070,85,-0.106
90080,85,-0.112
90090,85,-0.125
90100,85,-0.119
90110,85,-0.119
90120,85,-0.119
90130,85,-0.125
90140,85,-0.119
90150,85,-0.125
90160,85,-0.131
90170,85,-0.137
90180,85,-0.131
90190,85,-0.156
90200,85,-0.162
90210,85,-0.162
90220,85,-0.175
90230,85,-0.162
90240,85,-0.156
90250,85,-0.169
90260,85,-0.169
90270,85,-0.181
90280,85,-0.181
90290,85,-0.187
90300,85,-0.194
90310,85,-0.194
90320,85,-0.206
90330,85,-0.206
90340,85,-0.206
90350,85,-0.225
90360,85,-0.219
90370,85,-0.225
90380,85,-0.237
90390,85,-0.237
90400,85,-0.244
90410,85,-0.244
90420,85,-0.256
90430,85,-0.262
90440,85,-0.250
90450,85,-0.269
90460,85,-0.275
90470,85,-0.269
90480,85,-0.275
90490,85,-0.281
90500,85,-0.281
90510,85,-0.294
90520,85,-0.294
90530,85,-0.287
90540,85,-0.306
90550,85,-0.306
90560,85,-0.319
90570,85,-0.319
90580,85,-0.325
90590,85,-0.325
90600,85,-0.331
90610,85,-0.337
90620,85,-0.344
90630,85,-0.350
90640,85,-0.362
90650,85,-0.356
90660,85,-0.350
90670,85,-0.362
90680,85,-0.369
90690,85,-0.369
90700,85,-0.375
90710,85,-0.381
90720,85,-0.394
90730,85,-0.381
90740,85,-0.406
90750,85,-0.412
90760,85,-0.400
90770,85,-0.419
90780,85,-0.425
90790,85,-0.437
90800,85,-0.450
90810,85,-0.444
90820,85,-0.456
90830,85,-0.456
90840,85,-0.462
90850,85,-0.469
90860,85,-0.469
90870,85,-0.475
90880,85,-0.487
90890,85,-0.487
90900,85,-0.494
90910,85,-0.494
90920,85,-0.487
90930,85,-0.500
90940,85,-0.500
90950,85,-0.500
90960,85,-0.506
90970,85,-0.506
90980,85,-0.519
90990,85,-0.519
91000,85,-0.512
91010,85,-0.519
91020,85,-0.512
91030,85,-0.519
91040,85,-0.512
91050,85,-0.519
91060,85,-0.519
91070,85,-0.519
91080,85,-0.531
91090,85,-0.537
91100,85,-0.544
91110,85,-0.531
91120,85,-0.544
91130,85,-0.544
91140,85,-0.537
91150,85,-0.531
91160,85,-0.531
91170,85,-0.531
91180,85,-0.531
91190,85,-0.531
91200,85,-0.525
91210,85,-0.531
91220,85,-0.537
91230,85,-0.519
91240,85,-0.531
91250,85,-0.525
91260,85,-0.531
91270,85,-0.519
91280,85,-0.519
91290,85,-0.519
91300,85,-0.512
91310,85,-0.531
91320,85,-0.531
91330,85,-0.525
91340,85,-0.525
91350,85,-0.519
91360,85,-0.519
91370,85,-0.525
91380,85,-0.531
91390,85,-0.531
91400,85,-0.519
91410,85,-0.531
91420,85,-0.519
91430,85,-0.525
91440,85,-0.512
91450,85,-0.525
91460,85,-0.525
91470,85,-0.525
91480,85,-0.525
91490,85,-0.519
91500,85,-0.525
91510,85,-0.519
91520,85,-0.519
91530,85,-0.525
91540,85,-0.525
91550,85,-0.537
91560,85,-0.525
91570,85,-0.531
91580,85,-0.519
91590,85,-0.531
91600,85,-0.525
91610,85,-0.519
91620,85,-0.531
91630,85,-0.544
91640,85,-0.537
91650,85,-0.531
91660,85,-0.525
91670,85,-0.525
91680,85,-0.531
91690,85,-0.525
91700,85,-0.525
91710,85,-0.525
91720,85,-0.525
91730,85,-0.512
91740,85,-0.525
91750,85,-0.519
91760,85,-0.519
91770,85,-0.512
91780,85,-0.525
91790,85,-0.512
91800,85,-0.512
91810,85,-0.512
91820,85,-0.519
91830,85,-0.512
91840,85,-0.512
91850,85,-0.512
91860,85,-0.519
91870,85,-0.519
91880,85,-0.519
91890,85,-0.512
91900,85,-0.519
91910,85,-0.525
91920,85,-0.512
91930,85,-0.519
91940,85,-0.512
91950,85,-0.512
91960,85,-0.519
91970,85,-0.525
91980,85,-0.519
91990,85,-0.519
92000,85,-0.519
92010,90,-0.512
92020,90,-0.512
92030,90,-0.525
92040,90,-0.525
92050,90,-0.519
92060,90,-0.531
92070,90,-0.525
92080,90,-0.531
92090,90,-0.519
92100,90,-0.525
92110,90,-0.525
92120,90,-0.525
92130,90,-0.525
92140,90,-0.525
92150,90,-0.525
92160,90,-0.525
92170,90,-0.550
92180,90,-0.525
92190,90,-0.531
92200,90,-0.537
92210,90,-0.544
92220,90,-0.544
92230,90,-0.537
92240,90,-0.550
92250,90,-0.550
92260,90,-0.537
92270,90,-0.537
92280,90,-0.537
92290,90,-0.550
92300,90,-0.550
92310,90,-0.544
92320,90,-0.550
92330,90,-0.550
92340,90,-0.550
92350,90,-0.537
92360,90,-0.544
92370,90,-0.544
92380,90,-0.550
92390,90,-0.537
92400,90,-0.537
92410,90,-0.537
92420,90,-0.544
92430,90,-0.550
92440,90,-0.544
92450,90,-0.550
92460,90,-0.550
92470,90,-0.537
92480,90,-0.544
92490,90,-0.544
92500,90,-0.544
92510,90,-0.544
92520,90,-0.537
92530,90,-0.537
92540,90,-0.544
92550,90,-0.544
92560,90,-0.544
92570,90,-0.537
92580,90,-0.544
92590,90,-0.550
92600,90,-0.537
92610,90,-0.544
92620,90,-0.544
92630,90,-0.544
92640,90,-0.537
92650,90,-0.531
92660,90,-0.537
92670,90,-0.537
92680,90,-0.525
92690,90,-0.525
92700,90,-0.531
92710,90,-0.537
92720,90,-0.537
92730,90,-0.544
92740,90,-0.531
92750,90,-0.531
92760,90,-0.537
92770,90,-0.537
92780,90,-0.531
92790,90,-0.531
92800,90,-0.531
92810,90,-0.531
92820,90,-0.531
92830,90,-0.531
92840,90,-0.544
92850,90,-0.531
92860,90,-0.537
92870,90,-0.537
92880,90,-0.531
92890,90,-0.550
92900,90,-0.537
92910,90,-0.544
92920,90,-0.531
92930,90,-0.544
92940,90,-0.531
92950,90,-0.537
92960,90,-0.531
92970,90,-0.531
92980,90,-0.531
92990,90,-0.537
93000,90,-0.537
93010,90,-0.525
93020,90,-0.525
93030,90,-0.531
93040,90,-0.519
93050,90,-0.531
93060,90,-0.519
93070,90,-0.525
93080,90,-0.519
93090,90,-0.525
93100,90,-0.512
93110,90,-0.519
93120,90,-0.512
93130,90,-0.512
93140,90,-0.525
93150,90,-0.519
93160,90,-0.512
93170,90,-0.506
93180,90,-0.506
93190,90,-0.506
93200,90,-0.512
93210,90,-0.506
93220,90,-0.500
93230,90,-0.500
93240,90,-0.500
93250,90,-0.512
93260,90,-0.506
93270,90,-0.506
93280,90,-0.494
93290,90,-0.500
93300,90,-0.494
93310,90,-0.494
93320,90,-0.481
93330,90,-0.481
93340,90,-0.481
93350,90,-0.481
93360,90,-0.475
93370,90,-0.487
93380,90,-0.487
93390,90,-0.481
93400,90,-0.481
93410,90,-0.475
93420,90,-0.481
93430,90,-0.475
93440,90,-0.475
93450,90,-0.462
93460,90,-0.456
93470,90,-0.462
93480,90,-0.469
93490,90,-0.462
93500,90,-0.462
93510,90,-0.469
93520,90,-0.462
93530,90,-0.475
93540,90,-0.469
93550,90,-0.456
93560,90,-0.456
93570,90,-0.456
93580,90,-0.462
93590,90,-0.462
93600,90,-0.462
93610,90,-0.456
93620,90,-0.450
93630,90,-0.456
93640,90,-0.456
93650,90,-0.450
93660,90,-0.444
93670,90,-0.456
93680,90,-0.450
93690,90,-0.437
93700,90,-0.444
93710,90,-0.450
93720,90,-0.450
93730,90,-0.444
93740,90,-0.437
93750,90,-0.437
93760,90,-0.437
93770,90,-0.431
93780,90,-0.431
93790,90,-0.431
93800,90,-0.431
93810,90,-0.437
93820,90,-0.425
93830,90,-0.431
93840,90,-0.419
93850,90,-0.425
93860,90,-0.431
93870,90,-0.425
93880,90,-0.437
93890,90,-0.431
93900,90,-0.425
93910,90,-0.419
93920,90,-0.412
93930,90,-0.412
93940,90,-0.419
93950,90,-0.425
93960,90,-0.431
93970,90,-0.419
93980,90,-0.419
93990,90,-0.425
94000,90,-0.412
94010,90,-0.419
94020,90,-0.419
94030,90,-0.425
94040,90,-0.425
94050,90,-0.425
94060,90,-0.419
94070,90,-0.412
94080,90,-0.406
94090,90,-0.419
94100,90,-0.425
94110,90,-0.431
94120,90,-0.419
94130,90,-0.419
94140,90,-0.419
94150,90,-0.406
94160,90,-0.425
94170,90,-0.419
94180,90,-0.419
94190,90,-0.419
94200,90,-0.419
94210,90,-0.425
94220,90,-0.419
94230,90,-0.425
94240,90,-0.419
94250,90,-0.419
94260,90,-0.419
94270,90,-0.425
94280,90,-0.419
94290,90,-0.425
94300,90,-0.412
94310,90,-0.419
94320,90,-0.412
94330,90,-0.412
94340,90,-0.406
94350,90,-0.419
94360,90,-0.412
94370,90,-0.400
94380,90,-0.412
94390,90,-0.406
94400,90,-0.412
94410,90,-0.419
94420,90,-0.412
94430,90,-0.425
94440,90,-0.412
94450,90,-0.412
94460,90,-0.425
94470,90,-0.425
94480,90,-0.437
94490,90,-0.437
94500,90,-0.431
94510,90,-0.425
94520,90,-0.425
94530,90,-0.425
94540,90,-0.431
94550,90,-0.425
94560,90,-0.425
94570,90,-0.425
94580,90,-0.431
94590,90,-0.425
94600,90,-0.431
94610,90,-0.425
94620,90,-0.431
94630,90,-0.431
94640,90,-0.425
94650,90,-0.431
94660,90,-0.431
94670,90,-0.431
94680,90,-0.431
94690,90,-0.431
94700,90,-0.431
94710,90,-0.425
94720,90,-0.444
94730,90,-0.431
94740,90,-0.444
94750,90,-0.437
94760,90,-0.444
94770,90,-0.450
94780,90,-0.444
94790,90,-0.437
94800,90,-0.437
94810,90,-0.444
94820,90,-0.431
94830,90,-0.444
94840,90,-0.444
94850,90,-0.456
94860,90,-0.456
94870,90,-0.450
94880,90,-0.444
94890,90,-0.450
94900,90,-0.444
94910,90,-0.450
94920,90,-0.456
94930,90,-0.450
94940,90,-0.456
94950,90,-0.456
94960,90,-0.450
94970,90,-0.456
94980,90,-0.450
94990,90,-0.450
95000,90,-0.450
95010,90,-0.456
95020,90,-0.462
95030,90,-0.469
95040,90,-0.462
95050,90,-0.450
95060,90,-0.462
95070,90,-0.462
95080,90,-0.456
95090,90,-0.456
95100,90,-0.456
95110,90,-0.462
95120,90,-0.450
95130,90,-0.450
95140,90,-0.456
95150,90,-0.456
95160,90,-0.450
95170,90,-0.437
95180,90,-0.456
95190,90,-0.444
95200,90,-0.444
95210,90,-0.450
95220,90,-0.437
95230,90,-0.444
95240,90,-0.450
95250,90,-0.444
95260,90,-0.450
95270,90,-0.437
95280,90,-0.450
95290,90,-0.437
95300,90,-0.444
95310,90,-0.444
95320,90,-0.437
95330,90,-0.444
95340,90,-0.450
95350,90,-0.444
95360,90,-0.444
95370,90,-0.437
95380,90,-0.437
95390,90,-0.437
95400,90,-0.431
95410,90,-0.437
95420,90,-0.437
95430,90,-0.431
95440,90,-0.419
95450,90,-0.419
95460,90,-0.425
95470,90,-0.406
95480,90,-0.412
95490,90,-0.412
95500,90,-0.406
95510,90,-0.406
95520,90,-0.406
95530,90,-0.387
95540,90,-0.387
95550,90,-0.381
95560,90,-0.375
95570,90,-0.369
95580,90,-0.369
95590,90,-0.375
95600,90,-0.375
95610,90,-0.381
95620,90,-0.375
95630,90,-0.375
95640,90,-0.381
95650,90,-0.362
95660,90,-0.362
95670,90,-0.362
95680,90,-0.362
95690,90,-0.362
95700,90,-0.362
95710,90,-0.356
95720,90,-0.344
95730,90,-0.350
95740,90,-0.337
95750,90,-0.350
95760,90,-0.337
95770,90,-0.344
95780,90,-0.337
95790,90,-0.337
95800,90,-0.337
95810,90,-0.337
95820,90,-0.331
95830,90,-0.331
95840,90,-0.325
95850,90,-0.331
95860,90,-0.325
95870,90,-0.331
95880,90,-0.325
95890,90,-0.337
95900,90,-0.319
95910,90,-0.325
95920,90,-0.319
95930,90,-0.325
95940,90,-0.319
95950,90,-0.319
95960,90,-0.319
95970,90,-0.312
95980,90,-0.319
95990,90,-0.312
96000,90,-0.312
96010,90,-0.312
96020,90,-0.300
96030,90,-0.312
96040,90,-0.306
96050,90,-0.312
96060,90,-0.306
96070,90,-0.306
96080,90,-0.312
96090,90,-0.306
96100,90,-0.319
96110,90,-0.312
96120,90,-0.312
96130,90,-0.312
96140,90,-0.319
96150,90,-0.306
96160,90,-0.306
96170,90,-0.306
96180,90,-0.312
96190,90,-0.306
96200,90,-0.306
96210,90,-0.306
96220,90,-0.312
96230,90,-0.306
96240,90,-0.306
96250,90,-0.306
96260,90,-0.312
96270,90,-0.319
96280,90,-0.312
96290,90,-0.325
96300,90,-0.319
96310,90,-0.306
96320,90,-0.319
96330,90,-0.306
96340,90,-0.312
96350,90,-0.319
96360,90,-0.312
96370,90,-0.319
96380,90,-0.319
96390,90,-0.325
96400,90,-0.319
96410,90,-0.319
96420,90,-0.319
96430,90,-0.319
96440,90,-0.319
96450,90,-0.319
96460,90,-0.331
96470,90,-0.325
96480,90,-0.331
96490,90,-0.337
96500,90,-0.344
96510,90,-0.337
96520,90,-0.350
96530,90,-0.350
96540,90,-0.344
96550,90,-0.344
96560,90,-0.350
96570,90,-0.337
96580,90,-0.350
96590,90,-0.350
96600,90,-0.344
96610,90,-0.356
96620,90,-0.362
96630,90,-0.369
96640,90,-0.362
96650,90,-0.369
96660,90,-0.369
96670,90,-0.369
96680,90,-0.381
96690,90,-0.381
96700,90,-0.375
96710,90,-0.381
96720,90,-0.375
96730,90,-0.375
96740,90,-0.381
96750,90,-0.381
96760,90,-0.387
96770,90,-0.394
96780,90,-0.394
96790,90,-0.394
96800,90,-0.400
96810,90,-0.394
96820,90,-0.406
96830,90,-0.406
96840,90,-0.406
96850,90,-0.406
96860,90,-0.406
96870,90,-0.406
96880,90,-0.406
96890,90,-0.419
96900,90,-0.406
96910,90,-0.419
96920,90,-0.419
96930,90,-0.425
96940,90,-0.425
96950,90,-0.425
96960,90,-0.419
96970,90,-0.431
96980,90,-0.425
96990,90,-0.431
97000,90,-0.431
97010,95,-0.425
97020,95,-0.431
97030,95,-0.425
97040,95,-0.431
97050,95,-0.431
97060,95,-0.425
97070,95,-0.425
97080,95,-0.431
97090,95,-0.431
97100,95,-0.425
97110,95,-0.431
97120,95,-0.444
97130,95,-0.444
97140,95,-0.444
97150,95,-0.431
97160,95,-0.437
97170,95,-0.437
97180,95,-0.437
97190,95,-0.437
97200,95,-0.437
97210,95,-0.437
97220,95,-0.431
97230,95,-0.431
97240,95,-0.437
97250,95,-0.437
97260,95,-0.437
97270,95,-0.437
97280,95,-0.444
97290,95,-0.444
97300,95,-0.431
97310,95,-0.437
97320,95,-0.437
97330,95,-0.437
97340,95,-0.437
97350,95,-0.425
97360,95,-0.431
97370,95,-0.425
97380,95,-0.431
97390,95,-0.437
97400,95,-0.431
97410,95,-0.431
97420,95,-0.431
97430,95,-0.437
97440,95,-0.444
97450,95,-0.437
97460,95,-0.450
97470,95,-0.444
97480,95,-0.437
97490,95,-0.444
97500,95,-0.444
97510,95,-0.450
97520,95,-0.437
97530,95,-0.437
97540,95,-0.437
97550,95,-0.431
97560,95,-0.431
97570,95,-0.444
97580,95,-0.425
97590,95,-0.437
97600,95,-0.437
97610,95,-0.431
97620,95,-0.431
97630,95,-0.425
97640,95,-0.437
97650,95,-0.437
97660,95,-0.437
97670,95,-0.444
97680,95,-0.431
97690,95,-0.437
97700,95,-0.450
97710,95,-0.431
97720,95,-0.444
97730,95,-0.431
97740,95,-0.437
97750,95,-0.425
97760,95,-0.431
97770,95,-0.437
97780,95,-0.444
97790,95,-0.431
97800,95,-0.431
97810,95,-0.431
97820,95,-0.437
97830,95,-0.444
97840,95,-0.431
97850,95,-0.431
97860,95,-0.431
97870,95,-0.437
97880,95,-0.437
97890,95,-0.437
97900,95,-0.437
97910,95,-0.444
97920,95,-0.444
97930,95,-0.431
97940,95,-0.444
97950,95,-0.444
97960,95,-0.437
97970,95,-0.444
97980,95,-0.437
97990,95,-0.450
98000,95,-0.444
98010,95,-0.444
98020,95,-0.437
98030,95,-0.450
98040,95,-0.431
98050,95,-0.437
98060,95,-0.450
98070,95,-0.431
98080,95,-0.437
98090,95,-0.444
98100,95,-0.444
98110,95,-0.450
98120,95,-0.444
98130,95,-0.444
98140,95,-0.444
98150,95,-0.444
98160,95,-0.437
98170,95,-0.437
98180,95,-0.444
98190,95,-0.450
98200,95,-0.444
98210,95,-0.444
98220,95,-0.444
98230,95,-0.431
98240,95,-0.444
98250,95,-0.444
98260,95,-0.437
98270,95,-0.437
98280,95,-0.444
98290,95,-0.431
98300,95,-0.437
98310,95,-0.437
98320,95,-0.450
98330,95,-0.419
98340,95,-0.437
98350,95,-0.437
98360,95,-0.431
98370,95,-0.431
98380,95,-0.437
98390,95,-0.437
98400,95,-0.425
98410,95,-0.425
98420,95,-0.419
98430,95,-0.431
98440,95,-0.425
98450,95,-0.431
98460,95,-0.431
98470,95,-0.431
98480,95,-0.437
98490,95,-0.431
98500,95,-0.425
98510,95,-0.419
98520,95,-0.412
98530,95,-0.412
98540,95,-0.419
98550,95,-0.419
98560,95,-0.419
98570,95,-0.412
98580,95,-0.412
98590,95,-0.412
98600,95,-0.412
98610,95,-0.412
98620,95,-0.419
98630,95,-0.406
98640,95,-0.400
98650,95,-0.406
98660,95,-0.412
98670,95,-0.406
98680,95,-0.412
98690,95,-0.400
98700,95,-0.412
98710,95,-0.412
98720,95,-0.406
98730,95,-0.406
98740,95,-0.400
98750,95,-0.406
98760,95,-0.406
98770,95,-0.400
98780,95,-0.406
98790,95,-0.400
98800,95,-0.394
98810,95,-0.406
98820,95,-0.412
98830,95,-0.400
98840,95,-0.406
98850,95,-0.400
98860,95,-0.400
98870,95,-0.400
98880,95,-0.400
98890,95,-0.406
98900,95,-0.400
98910,95,-0.400
98920,95,-0.394
98930,95,-0.387
98940,95,-0.394
98950,95,-0.387
98960,95,-0.394
98970,95,-0.394
98980,95,-0.400
98990,95,-0.400
99000,95,-0.400
99010,95,-0.375
99020,95,-0.394
99030,95,-0.394
99040,95,-0.394
99050,95,-0.387
99060,95,-0.400
99070,95,-0.381
99080,95,-0.387
99090,95,-0.387
99100,95,-0.381
99110,95,-0.394
99120,95,-0.394
99130,95,-0.400
99140,95,-0.387
99150,95,-0.394
99160,95,-0.400
99170,95,-0.400
99180,95,-0.400
99190,95,-0.394
99200,95,-0.400
99210,95,-0.400
99220,95,-0.394
99230,95,-0.400
99240,95,-0.394
99250,95,-0.394
99260,95,-0.400
99270,95,-0.400
99280,95,-0.400
99290,95,-0.387
99300,95,-0.406
99310,95,-0.394
99320,95,-0.394
99330,95,-0.400
99340,95,-0.387
99350,95,-0.400
99360,95,-0.400
99370,95,-0.400
99380,95,-0.400
99390,95,-0.394
99400,95,-0.400
99410,95,-0.400
99420,95,-0.394
99430,95,-0.387
99440,95,-0.400
99450,95,-0.394
99460,95,-0.400
99470,95,-0.394
99480,95,-0.400
99490,95,-0.400
99500,95,-0.381
99510,95,-0.394
99520,95,-0.387
99530,95,-0.400
99540,95,-0.400
99550,95,-0.394
99560,95,-0.394
99570,95,-0.400
99580,95,-0.394
99590,95,-0.394
99600,95,-0.394
99610,95,-0.394
99620,95,-0.394
99630,95,-0.400
99640,95,-0.400
99650,95,-0.387
99660,95,-0.394
99670,95,-0.394
99680,95,-0.394
99690,95,-0.400
99700,95,-0.387
99710,95,-0.394
99720,95,-0.400
99730,95,-0.394
99740,95,-0.400
99750,95,-0.400
99760,95,-0.394
99770,95,-0.387
99780,95,-0.394
99790,95,-0.394
99800,95,-0.394
99810,95,-0.394
99820,95,-0.394
99830,95,-0.400
99840,95,-0.406
99850,95,-0.394
99860,95,-0.400
99870,95,-0.400
99880,95,-0.387
99890,95,-0.387
99900,95,-0.394
99910,95,-0.400
99920,95,-0.394
99930,95,-0.400
99940,95,-0.394
99950,95,-0.400
99960,95,-0.387
99970,95,-0.387
99980,95,-0.394
99990,95,-0.394
100000,95,-0.400
100010,95,-0.394
100020,95,-0.387
100030,95,-0.387
100040,95,-0.394
100050,95,-0.400
100060,95,-0.400
100070,95,-0.394
100080,95,-0.387
100090,95,-0.387
100100,95,-0.394
100110,95,-0.387
100120,95,-0.387
100130,95,-0.387
100140,95,-0.381
100150,95,-0.400
100160,95,-0.394
100170,95,-0.394
100180,95,-0.394
100190,95,-0.394
100200,95,-0.387
100210,95,-0.394
100220,95,-0.387
100230,95,-0.387
100240,95,-0.381
100250,95,-0.394
100260,95,-0.381
100270,95,-0.387
100280,95,-0.387
100290,95,-0.387
100300,95,-0.394
100310,95,-0.381
100320,95,-0.400
100330,95,-0.387
100340,95,-0.381
100350,95,-0.387
100360,95,-0.381
100370,95,-0.394
100380,95,-0.387
100390,95,-0.387
100400,95,-0.387
100410,95,-0.387
100420,95,-0.387
100430,95,-0.381
100440,95,-0.387
100450,95,-0.375
100460,95,-0.381
100470,95,-0.387
100480,95,-0.375
100490,95,-0.381
100500,95,-0.381
100510,95,-0.381
100520,95,-0.387
100530,95,-0.381
100540,95,-0.381
100550,95,-0.381
100560,95,-0.387
100570,95,-0.375
100580,95,-0.375
100590,95,-0.381
100600,95,-0.381
100610,95,-0.375
100620,95,-0.375
100630,95,-0.381
100640,95,-0.369
100650,95,-0.369
100660,95,-0.369
100670,95,-0.369
100680,95,-0.375
100690,95,-0.369
100700,95,-0.381
100710,95,-0.369
100720,95,-0.369
100730,95,-0.381
100740,95,-0.375
100750,95,-0.375
100760,95,-0.369
100770,95,-0.381
100780,95,-0.369
100790,95,-0.375
100800,95,-0.375
100810,95,-0.381
100820,95,-0.369
100830,95,-0.369
100840,95,-0.375
100850,95,-0.375
100860,95,-0.369
100870,95,-0.381
100880,95,-0.381
100890,95,-0.375
100900,95,-0.375
100910,95,-0.381
100920,95,-0.375
100930,95,-0.375
100940,95,-0.381
100950,95,-0.375
100960,95,-0.375
100970,95,-0.375
100980,95,-0.375
100990,95,-0.381
101000,95,-0.362
101010,95,-0.369
101020,95,-0.375
101030,95,-0.369
101040,95,-0.375
101050,95,-0.375
101060,95,-0.369
101070,95,-0.375
101080,95,-0.369
101090,95,-0.375
101100,95,-0.381
101110,95,-0.375
101120,95,-0.362
101130,95,-0.362
101140,95,-0.375
101150,95,-0.375
101160,95,-0.375
101170,95,-0.387
101180,95,-0.375
101190,95,-0.381
101200,95,-0.381
101210,95,-0.375
101220,95,-0.375
101230,95,-0.375
101240,95,-0.369
101250,95,-0.375
101260,95,-0.369
101270,95,-0.381
101280,95,-0.381
101290,95,-0.375
101300,95,-0.375
101310,95,-0.369
101320,95,-0.369
101330,95,-0.381
101340,95,-0.375
101350,95,-0.381
101360,95,-0.381
101370,95,-0.381
101380,95,-0.387
101390,95,-0.369
101400,95,-0.369
101410,95,-0.375
101420,95,-0.369
101430,95,-0.375
101440,95,-0.375
101450,95,-0.381
101460,95,-0.375
101470,95,-0.375
101480,95,-0.387
101490,95,-0.381
101500,95,-0.387
101510,95,-0.375
101520,95,-0.387
101530,95,-0.369
101540,95,-0.369
101550,95,-0.369
101560,95,-0.375
101570,95,-0.375
101580,95,-0.375
101590,95,-0.381
101600,95,-0.375
101610,95,-0.369
101620,95,-0.369
101630,95,-0.369
101640,95,-0.362
101650,95,-0.369
101660,95,-0.375
101670,95,-0.375
101680,95,-0.369
101690,95,-0.369
101700,95,-0.362
101710,95,-0.362
101720,95,-0.369
101730,95,-0.356
101740,95,-0.350
101750,95,-0.350
101760,95,-0.344
101770,95,-0.350
101780,95,-0.344
101790,95,-0.337
101800,95,-0.337
101810,95,-0.331
101820,95,-0.331
101830,95,-0.325
101840,95,-0.319
101850,95,-0.319
101860,95,-0.319
101870,95,-0.319
101880,95,-0.319
101890,95,-0.319
101900,95,-0.325
101910,95,-0.325
101920,95,-0.319
101930,95,-0.312
101940,95,-0.306
101950,95,-0.300
101960,95,-0.306
101970,95,-0.294
101980,95,-0.300
101990,95,-0.294
102000,95,-0.287
102010,100,-0.287
102020,100,-0.287
102030,100,-0.287
102040,100,-0.287
102050,100,-0.294
102060,100,-0.294
102070,100,-0.287
102080,100,-0.294
102090,100,-0.281
102100,100,-0.275
102110,100,-0.281
102120,100,-0.281
102130,100,-0.262
102140,100,-0.281
102150,100,-0.281
102160,100,-0.281
102170,100,-0.275
102180,100,-0.275
102190,100,-0.281
102200,100,-0.281
102210,100,-0.275
102220,100,-0.269
102230,100,-0.275
102240,100,-0.262
102250,100,-0.275
102260,100,-0.262
102270,100,-0.269
102280,100,-0.269
102290,100,-0.269
102300,100,-0.262
102310,100,-0.269
102320,100,-0.262
102330,100,-0.262
102340,100,-0.275
102350,100,-0.262
102360,100,-0.262
102370,100,-0.269
102380,100,-0.256
102390,100,-0.262
102400,100,-0.269
102410,100,-0.262
102420,100,-0.275
102430,100,-0.262
102440,100,-0.275
102450,100,-0.262
102460,100,-0.262
102470,100,-0.262
102480,100,-0.269
102490,100,-0.262
102500,100,-0.262
102510,100,-0.269
102520,100,-0.262
102530,100,-0.262
102540,100,-0.262
102550,100,-0.269
102560,100,-0.262
102570,100,-0.262
102580,100,-0.269
102590,100,-0.256
102600,100,-0.262
102610,100,-0.262
102620,100,-0.262
102630,100,-0.262
102640,100,-0.250
102650,100,-0.269
102660,100,-0.256
102670,100,-0.256
102680,100,-0.256
102690,100,-0.262
102700,100,-0.256
102710,100,-0.269
102720,100,-0.256
102730,100,-0.262
102740,100,-0.250
102750,100,-0.250
102760,100,-0.250
102770,100,-0.250
102780,100,-0.250
102790,100,-0.250
102800,100,-0.250
102810,100,-0.244
102820,100,-0.250
102830,100,-0.256
102840,100,-0.256
102850,100,-0.256
102860,100,-0.250
102870,100,-0.244
102880,100,-0.244
102890,100,-0.256
102900,100,-0.250
102910,100,-0.250
102920,100,-0.256
102930,100,-0.250
102940,100,-0.250
102950,100,-0.250
102960,100,-0.250
102970,100,-0.250
102980,100,-0.250
102990,100,-0.250
103000,100,-0.256
103010,100,-0.256
103020,100,-0.256
103030,100,-0.256
103040,100,-0.262
103050,100,-0.250
103060,100,-0.244
103070,100,-0.256
103080,100,-0.256
103090,100,-0.256
103100,100,-0.262
103110,100,-0.262
103120,100,-0.262
103130,100,-0.256
103140,100,-0.250
103150,100,-0.256
103160,100,-0.256
103170,100,-0.269
103180,100,-0.256
103190,100,-0.262
103200,100,-0.262
103210,100,-0.262
103220,100,-0.256
103230,100,-0.256
103240,100,-0.256
103250,100,-0.262
103260,100,-0.262
103270,100,-0.256
103280,100,-0.269
103290,100,-0.256
103300,100,-0.262
103310,100,-0.256
103320,100,-0.256
103330,100,-0.262
103340,100,-0.262
103350,100,-0.262
103360,100,-0.262
103370,100,-0.269
103380,100,-0.256
103390,100,-0.256
103400,100,-0.262
103410,100,-0.262
103420,100,-0.262
103430,100,-0.262
103440,100,-0.262
103450,100,-0.256
103460,100,-0.262
103470,100,-0.256
103480,100,-0.250
103490,100,-0.250
103500,100,-0.250
103510,100,-0.262
103520,100,-0.269
103530,100,-0.262
103540,100,-0.269
103550,100,-0.262
103560,100,-0.262
103570,100,-0.256
103580,100,-0.262
103590,100,-0.262
103600,100,-0.262
103610,100,-0.262
103620,100,-0.262
103630,100,-0.262
103640,100,-0.269
103650,100,-0.256
103660,100,-0.262
103670,100,-0.262
103680,100,-0.275
103690,100,-0.269
103700,100,-0.262
103710,100,-0.275
103720,100,-0.269
103730,100,-0.262
103740,100,-0.269
103750,100,-0.269
103760,100,-0.269
103770,100,-0.275
103780,100,-0.275
103790,100,-0.281
103800,100,-0.275
103810,100,-0.281
103820,100,-0.275
103830,100,-0.281
103840,100,-0.281
103850,100,-0.287
103860,100,-0.294
103870,100,-0.287
103880,100,-0.281
103890,100,-0.287
103900,100,-0.281
103910,100,-0.287
103920,100,-0.294
103930,100,-0.281
103940,100,-0.281
103950,100,-0.287
103960,100,-0.281
103970,100,-0.281
103980,100,-0.287
103990,100,-0.294
104000,100,-0.312
104010,100,-0.287
104020,100,-0.300
104030,100,-0.294
104040,100,-0.287
104050,100,-0.300
104060,100,-0.287
104070,100,-0.287
104080,100,-0.300
104090,100,-0.294
104100,100,-0.287
104110,100,-0.287
104120,100,-0.300
104130,100,-0.294
104140,100,-0.294
104150,100,-0.294
104160,100,-0.287
104170,100,-0.287
104180,100,-0.300
104190,100,-0.294
104200,100,-0.294
104210,100,-0.294
104220,100,-0.287
104230,100,-0.287
104240,100,-0.300
104250,100,-0.287
104260,100,-0.306
104270,100,-0.300
104280,100,-0.300
104290,100,-0.306
104300,100,-0.294
104310,100,-0.294
104320,100,-0.294
104330,100,-0.300
104340,100,-0.306
104350,100,-0.300
104360,100,-0.300
104370,100,-0.300
104380,100,-0.300
104390,100,-0.306
104400,100,-0.294
104410,100,-0.300
104420,100,-0.312
104430,100,-0.306
104440,100,-0.306
104450,100,-0.300
104460,100,-0.300
104470,100,-0.306
104480,100,-0.306
104490,100,-0.312
104500,100,-0.319
104510,100,-0.306
104520,100,-0.319
104530,100,-0.312
104540,100,-0.306
104550,100,-0.306
104560,100,-0.306
104570,100,-0.312
104580,100,-0.319
104590,100,-0.312
104600,100,-0.319
104610,100,-0.319
104620,100,-0.319
104630,100,-0.312
104640,100,-0.319
104650,100,-0.306
104660,100,-0.312
104670,100,-0.325
104680,100,-0.319
104690,100,-0.319
104700,100,-0.325
104710,100,-0.325
104720,100,-0.325
104730,100,-0.325
104740,100,-0.319
104750,100,-0.325
104760,100,-0.331
104770,100,-0.331
104780,100,-0.331
104790,100,-0.337
104800,100,-0.331
104810,100,-0.331
104820,100,-0.331
104830,100,-0.325
104840,100,-0.331
104850,100,-0.331
104860,100,-0.331
104870,100,-0.325
104880,100,-0.331
104890,100,-0.331
104900,100,-0.331
104910,100,-0.331
104920,100,-0.325
104930,100,-0.325
104940,100,-0.331
104950,100,-0.331
104960,100,-0.337
104970,100,-0.337
104980,100,-0.337
104990,100,-0.331
105000,100,-0.337
105010,100,-0.331
105020,100,-0.337
105030,100,-0.337
105040,100,-0.331
105050,100,-0.337
105060,100,-0.337
105070,100,-0.337
105080,100,-0.331
105090,100,-0.331
105100,100,-0.331
105110,100,-0.337
105120,100,-0.337
105130,100,-0.337
105140,100,-0.337
105150,100,-0.337
105160,100,-0.337
105170,100,-0.325
105180,100,-0.337
105190,100,-0.337
105200,100,-0.337
105210,100,-0.337
105220,100,-0.337
105230,100,-0.337
105240,100,-0.331
105250,100,-0.331
105260,100,-0.331
105270,100,-0.337
105280,100,-0.331
105290,100,-0.337
105300,100,-0.337
105310,100,-0.337
105320,100,-0.331
105330,100,-0.331
105340,100,-0.337
105350,100,-0.344
105360,100,-0.325
105370,100,-0.337
105380,100,-0.331
105390,100,-0.337
105400,100,-0.331
105410,100,-0.331
105420,100,-0.337
105430,100,-0.337
105440,100,-0.337
105450,100,-0.331
105460,100,-0.331
105470,100,-0.325
105480,100,-0.319
105490,100,-0.325
105500,100,-0.331
105510,100,-0.331
105520,100,-0.331
105530,100,-0.337
105540,100,-0.325
105550,100,-0.325
105560,100,-0.331
105570,100,-0.319
105580,100,-0.325
105590,100,-0.331
105600,100,-0.331
105610,100,-0.331
105620,100,-0.331
105630,100,-0.325
105640,100,-0.325
105650,100,-0.325
105660,100,-0.319
105670,100,-0.312
105680,100,-0.319
105690,100,-0.312
105700,100,-0.312
105710,100,-0.319
105720,100,-0.312
105730,100,-0.319
105740,100,-0.312
105750,100,-0.319
105760,100,-0.312
105770,100,-0.312
105780,100,-0.306
105790,100,-0.312
105800,100,-0.300
105810,100,-0.306
105820,100,-0.306
105830,100,-0.306
105840,100,-0.306
105850,100,-0.312
105860,100,-0.306
105870,100,-0.306
105880,100,-0.300
105890,100,-0.312
105900,100,-0.300
105910,100,-0.306
105920,100,-0.300
105930,100,-0.300
105940,100,-0.294
105950,100,-0.300
105960,100,-0.294
105970,100,-0.287
105980,100,-0.294
105990,100,-0.294
106000,100,-0.294
106010,100,-0.287
106020,100,-0.294
106030,100,-0.287
106040,100,-0.287
106050,100,-0.300
106060,100,-0.294
106070,100,-0.287
106080,100,-0.281
106090,100,-0.287
106100,100,-0.294
106110,100,-0.294
106120,100,-0.287
106130,100,-0.287
106140,100,-0.287
106150,100,-0.287
106160,100,-0.294
106170,100,-0.287
106180,100,-0.287
106190,100,-0.294
106200,100,-0.287
106210,100,-0.287
106220,100,-0.287
106230,100,-0.294
106240,100,-0.281
106250,100,-0.287
106260,100,-0.294
106270,100,-0.281
106280,100,-0.287
106290,100,-0.287
106300,100,-0.281
106310,100,-0.281
106320,100,-0.287
106330,100,-0.281
106340,100,-0.275
106350,100,-0.275
106360,100,-0.281
106370,100,-0.275
106380,100,-0.281
106390,100,-0.281
106400,100,-0.281
106410,100,-0.281
106420,100,-0.281
106430,100,-0.275
106440,100,-0.281
106450,100,-0.275
106460,100,-0.281
106470,100,-0.281
106480,100,-0.275
106490,100,-0.281
106500,100,-0.281
106510,100,-0.275
106520,100,-0.256
106530,100,-0.269
106540,100,-0.275
106550,100,-0.275
106560,100,-0.275
106570,100,-0.275
106580,100,-0.275
106590,100,-0.275
106600,100,-0.275
106610,100,-0.275
106620,100,-0.275
106630,100,-0.275
106640,100,-0.269
106650,100,-0.269
106660,100,-0.262
106670,100,-0.269
106680,100,-0.269
106690,100,-0.269
106700,100,-0.269
106710,100,-0.269
106720,100,-0.269
106730,100,-0.275
106740,100,-0.269
106750,100,-0.275
106760,100,-0.275
106770,100,-0.269
106780,100,-0.275
106790,100,-0.269
106800,100,-0.269
106810,100,-0.269
106820,100,-0.269
106830,100,-0.262
106840,100,-0.269
106850,100,-0.275
106860,100,-0.269
106870,100,-0.262
106880,100,-0.281
106890,100,-0.262
106900,100,-0.275
106910,100,-0.275
106920,100,-0.281
106930,100,-0.269
106940,100,-0.275
106950,100,-0.275
106960,100,-0.275
106970,100,-0.275
106980,100,-0.281
106990,100,-0.275
107000,100,-0.269
107010,105,-0.256
107020,105,-0.275
107030,105,-0.269
107040,105,-0.269
107050,105,-0.269
107060,105,-0.262
107070,105,-0.275
107080,105,-0.269
107090,105,-0.275
107100,105,-0.275
107110,105,-0.262
107120,105,-0.269
107130,105,-0.256
107140,105,-0.275
107150,105,-0.262
107160,105,-0.262
107170,105,-0.287
107180,105,-0.256
107190,105,-0.262
107200,105,-0.275
107210,105,-0.275
107220,105,-0.344
107230,105,-1.506
107240,105,-2.144
107250,105,-4.137
107260,105,-6.269
107270,105,-8.737
107280,105,-10.412
107290,105,-12.575
107300,105,-14.012
107310,105,-15.294
107320,105,-16.569
107330,105,-17.469
107340,105,-18.387
107350,105,-18.962
107360,105,-19.831
107370,105,-20.081
107380,105,-20.756
107390,105,-20.981
107400,105,-21.481
107410,105,-21.587
107420,105,-22.025
107430,105,-22.288
107440,105,-22.537
107450,105,-22.944
107460,105,-23.081
107470,105,-23.481
107480,105,-23.437
107490,105,-23.850
107500,105,-23.900
107510,105,-23.969
107520,105,-24.256
107530,105,-24.200
107540,105,-24.331
107550,105,-24.531
107560,105,-24.631
107570,105,-24.562
107580,105,-24.869
107590,105,-24.763
107600,105,-24.763
107610,105,-25.050
107620,105,-24.931
107630,105,-24.950
107640,105,-25.156
107650,105,-25.037
107660,105,-25.100
107670,105,-25.256
107680,105,-25.119
107690,105,-25.162
107700,105,-25.400
107710,105,-25.269
107720,105,-25.194
107730,105,-25.412
107740,105,-25.325
107750,105,-25.237
107760,105,-25.462
107770,105,-25.369
107780,105,-25.281
107790,105,-25.431
107800,105,-25.487
107810,105,-25.281
107820,105,-25.419
107830,105,-25.462
107840,105,-25.306
107850,105,-25.406
107860,105,-25.506
107870,105,-25.325
107880,105,-25.400
107890,105,-25.294
107900,105,-25.475
107910,105,-25.381
107920,105,-25.262
107930,105,-25.406
107940,105,-25.506
107950,105,-25.294
107960,105,-25.306
107970,105,-25.437
107980,105,-25.306
107990,105,-25.269
108000,105,-25.437
108010,105,-25.287
108020,105,-25.200
108030,105,-25.350
108040,105,-25.375
108050,105,-25.144
108060,105,-25.300
108070,105,-25.337
108080,105,-25.206
108090,105,-25.231
108100,105,-25.306
108110,105,-25.181
108120,105,-25.175
108130,105,-25.350
108140,105,-25.187
108150,105,-25.087
108160,105,-25.306
108170,105,-25.287
108180,105,-25.119
108190,105,-25.206
108200,105,-25.269
108210,105,-25.181
108220,105,-25.169
108230,105,-25.112
108240,105,-25.250
108250,105,-25.131
108260,105,-25.087
108270,105,-25.287
108280,105,-25.119
108290,105,-25.006
108300,105,-25.162
108310,105,-25.169
108320,105,-25.037
108330,105,-25.137
108340,105,-25.144
108350,105,-24.987
108360,105,-25.119
108370,105,-25.125
108380,105,-24.962
108390,105,-25.056
108400,105,-25.169
108410,105,-25.000
108420,105,-25.000
108430,105,-25.125
108440,105,-24.981
108450,105,-25.025
108460,105,-25.131
108470,105,-24.975
108480,105,-24.956
108490,105,-25.156
108500,105,-25.025
108510,105,-24.931
108520,105,-25.144
108530,105,-25.000
108540,105,-24.950
108550,105,-24.962
108560,105,-25.075
108570,105,-25.044
108580,105,-24.913
108590,105,-25.100
108600,105,-25.025
108610,105,-24.869
108620,105,-25.044
108630,105,-25.069
108640,105,-24.913
108650,105,-25.006
108660,105,-25.069
108670,105,-24.925
108680,105,-25.025
108690,105,-25.044
108700,105,-24.869
108710,105,-24.987
108720,105,-25.062
108730,105,-24.900
108740,105,-24.956
108750,105,-25.075
108760,105,-24.906
108770,105,-24.937
108780,105,-25.069
108790,105,-24.862
108800,105,-24.894
108810,105,-25.062
108820,105,-24.875
108830,105,-24.875
108840,105,-25.094
108850,105,-24.969
108860,105,-24.906
108870,105,-25.050
108880,105,-24.950
108890,105,-25.000
108900,105,-24.881
108910,105,-25.044
108920,105,-25.000
108930,105,-24.850
108940,105,-25.037
108950,105,-24.994
108960,105,-24.825
108970,105,-25.012
108980,105,-25.019
108990,105,-24.869
109000,105,-24.975
109010,105,-25.050
109020,105,-24.856
109030,105,-25.006
109040,105,-25.075
109050,105,-24.869
109060,105,-24.919
109070,105,-25.100
109080,105,-24.925
109090,105,-24.894
109100,105,-25.019
109110,105,-24.894
109120,105,-24.887
109130,105,-25.062
109140,105,-24.875
109150,105,-24.850
109160,105,-25.087
109170,105,-24.925
109180,105,-24.837
109190,105,-25.025
109200,105,-24.894
109210,105,-24.862
109220,105,-24.981
109230,105,-24.956
109240,105,-24.950
109250,105,-24.825
109260,105,-24.975
109270,105,-24.981
109280,105,-24.819
109290,105,-24.962
109300,105,-24.987
109310,105,-24.825
109320,105,-24.925
109330,105,-24.950
109340,105,-24.831
109350,105,-24.969
109360,105,-25.000
109370,105,-24.831
109380,105,-24.906
109390,105,-25.044
109400,105,-24.850
109410,105,-24.887
109420,105,-24.994
109430,105,-24.869
109440,105,-24.875
109450,105,-24.975
109460,105,-24.831
109470,105,-24.887
109480,105,-25.025
109490,105,-24.844
109500,105,-24.844
109510,105,-24.994
109520,105,-24.850
109530,105,-24.856
109540,105,-24.975
109550,105,-24.844
109560,105,-24.825
109570,105,-24.850
109580,105,-24.987
109590,105,-24.887
109600,105,-24.812
109610,105,-25.012
109620,105,-24.919
109630,105,-24.781
109640,105,-24.987
109650,105,-24.925
109660,105,-24.850
109670,105,-24.981
109680,105,-24.950
109690,105,-24.831
109700,105,-25.000
109710,105,-24.987
109720,105,-24.812
109730,105,-24.969
109740,105,-25.000
109750,105,-24.844
109760,105,-24.956
109770,105,-24.987
109780,105,-24.844
109790,105,-24.931
109800,105,-24.987
109810,105,-24.812
109820,105,-24.900
109830,105,-25.012
109840,105,-24.850
109850,105,-24.900
109860,105,-24.969
109870,105,-24.819
109880,105,-24.919
109890,105,-24.987
109900,105,-25.000
109910,105,-24.869
109920,105,-24.862
109930,105,-25.025
109940,105,-24.850
109950,105,-24.844
109960,105,-25.019
109970,105,-24.900
109980,105,-24.844
109990,105,-24.994
110000,105,-24.875
110010,105,-24.856
110020,105,-25.012
110030,105,-24.856
110040,105,-24.837
110050,105,-25.012
110060,105,-24.900
110070,105,-24.819
110080,105,-24.987
110090,105,-24.887
110100,105,-24.844
110110,105,-25.006
110120,105,-24.856
110130,105,-24.819
110140,105,-25.019
110150,105,-24.975
110160,105,-24.825
110170,105,-24.956
110180,105,-24.956
110190,105,-24.831
110200,105,-25.019
110210,105,-24.937
110220,105,-24.781
110230,105,-24.944
110240,105,-24.969
110250,105,-24.987
110260,105,-24.825
110270,105,-24.919
110280,105,-25.012
110290,105,-24.844
110300,105,-24.900
110310,105,-24.987
110320,105,-24.831
110330,105,-24.913
110340,105,-25.000
110350,105,-24.837
110360,105,-24.919
110370,105,-25.025
110380,105,-24.844
110390,105,-24.894
110400,105,-24.994
110410,105,-24.844
110420,105,-24.887
110430,105,-24.987
110440,105,-24.844
110450,105,-24.862
110460,105,-25.025
110470,105,-24.856
110480,105,-24.850
110490,105,-25.031
110500,105,-24.887
110510,105,-24.881
110520,105,-25.044
110530,105,-24.856
110540,105,-24.850
110550,105,-25.012
110560,105,-24.913
110570,105,-24.794
110580,105,-24.825
110590,105,-25.006
110600,105,-24.969
110610,105,-24.812
110620,105,-24.962
110630,105,-24.981
110640,105,-24.825
110650,105,-24.975
110660,105,-24.950
110670,105,-24.825
110680,105,-24.919
110690,105,-25.000
110700,105,-24.800
110710,105,-24.881
110720,105,-25.000
110730,105,-24.875
110740,105,-24.887
110750,105,-24.981
110760,105,-24.831
110770,105,-24.894
110780,105,-25.044
110790,105,-24.831
110800,105,-24.825
110810,105,-25.031
110820,105,-24.869
110830,105,-24.862
110840,105,-25.006
110850,105,-24.844
110860,105,-24.856
110870,105,-25.019
110880,105,-24.812
110890,105,-24.794
110900,105,-24.994
110910,105,-24.994
110920,105,-24.931
110930,105,-24.781
110940,105,-24.969
110950,105,-24.987
110960,105,-24.825
110970,105,-24.919
110980,105,-24.969
110990,105,-24.812
111000,105,-24.944
111010,105,-24.950
111020,105,-24.787
111030,105,-24.900
111040,105,-24.994
111050,105,-24.819
111060,105,-24.869
111070,105,-25.012
111080,105,-24.850
111090,105,-24.862
111100,105,-25.025
111110,105,-24.837
111120,105,-24.837
111130,105,-25.031
111140,105,-24.875
111150,105,-24.819
111160,105,-25.012
111170,105,-24.844
111180,105,-24.825
111190,105,-24.994
111200,105,-24.887
111210,105,-24.775
111220,105,-24.975
111230,105,-24.925
111240,105,-24.763
111250,105,-24.756
111260,105,-24.906
111270,105,-24.987
111280,105,-24.794
111290,105,-24.850
111300,105,-24.969
111310,105,-24.812
111320,105,-24.900
111330,105,-24.937
111340,105,-24.775
111350,105,-24.856
111360,105,-25.000
111370,105,-24.812
111380,105,-24.844
111390,105,-24.956
111400,105,-24.831
111410,105,-24.837
111420,105,-24.937
111430,105,-24.787
111440,105,-24.844
111450,105,-24.969
111460,105,-24.800
111470,105,-24.787
111480,105,-24.981
111490,105,-24.837
111500,105,-24.806
111510,105,-24.962
111520,105,-24.775
111530,105,-24.781
111540,105,-24.937
111550,105,-24.837
111560,105,-24.744
111570,105,-24.962
111580,105,-24.913
111590,105,-24.906
111600,105,-24.738
111610,105,-24.931
111620,105,-24.906
111630,105,-24.763
111640,105,-24.887
111650,105,-24.881
111660,105,-24.750
111670,105,-24.906
111680,105,-24.887
111690,105,-24.725
111700,105,-24.850
111710,105,-24.919
111720,105,-24.763
111730,105,-24.862
111740,105,-24.900
111750,105,-24.769
111760,105,-24.850
111770,105,-24.913
111780,105,-24.738
111790,105,-24.812
111800,105,-24.937
111810,105,-24.769
111820,105,-24.800
111830,105,-24.937
111840,105,-24.763
111850,105,-24.831
111860,105,-24.975
111870,105,-24.731
111880,105,-24.787
111890,105,-24.975
111900,105,-24.831
111910,105,-24.787
111920,105,-24.937
111930,105,-24.944
111940,105,-24.881
111950,105,-24.756
111960,105,-24.919
111970,105,-24.862
111980,105,-24.744
111990,105,-24.956
112000,105,-24.906
112010,110,-24.750
112020,110,-24.906
112030,110,-25.012
112040,110,-24.944
112050,110,-24.913
112060,110,-25.106
112070,110,-25.206
112080,110,-25.262
112090,110,-25.212
112100,110,-25.225
112110,110,-25.350
112120,110,-25.481
112130,110,-25.462
112140,110,-25.462
112150,110,-25.462
112160,110,-25.500
112170,110,-25.581
112180,110,-25.700
112190,110,-25.719
112200,110,-25.706
112210,110,-25.675
112220,110,-25.656
112230,110,-25.650
112240,110,-25.725
112250,110,-25.819
112260,110,-25.781
112270,110,-25.712
112280,110,-25.781
112290,110,-25.875
112300,110,-25.925
112310,110,-25.925
112320,110,-25.869
112330,110,-25.850
112340,110,-25.787
112350,110,-25.781
112360,110,-25.837
112370,110,-25.900
112380,110,-25.944
112390,110,-25.981
112400,110,-25.969
112410,110,-25.894
112420,110,-25.844
112430,110,-25.837
112440,110,-25.825
112450,110,-25.819
112460,110,-25.887
112470,110,-25.931
112480,110,-25.975
112490,110,-25.962
112500,110,-25.906
112510,110,-25.887
112520,110,-25.812
112530,110,-25.819
112540,110,-25.819
112550,110,-25.875
112560,110,-25.937
112570,110,-25.987
112580,110,-25.975
112590,110,-25.900
112600,110,-26.000
112610,110,-25.950
112620,110,-25.950
112630,110,-25.906
112640,110,-25.831
112650,110,-25.825
112660,110,-25.819
112670,110,-25.850
112680,110,-25.919
112690,110,-25.981
112700,110,-25.987
112710,110,-25.937
112720,110,-25.894
112730,110,-25.875
112740,110,-25.844
112750,110,-25.819
112760,110,-25.844
112770,110,-25.912
112780,110,-25.919
112790,110,-25.975
112800,110,-25.925
112810,110,-25.887
112820,110,-25.869
112830,110,-25.837
112840,110,-25.812
112850,110,-25.812
112860,110,-25.850
112870,110,-25.912
112880,110,-25.975
112890,110,-25.931
112900,110,-25.931
112910,110,-25.875
112920,110,-25.856
112930,110,-25.850
112940,110,-25.956
112950,110,-25.869
112960,110,-25.806
112970,110,-25.794
112980,110,-25.794
112990,110,-25.856
113000,110,-25.900
113010,110,-25.956
113020,110,-25.975
113030,110,-25.937
113040,110,-25.869
113050,110,-25.862
113060,110,-25.787
113070,110,-25.787
113080,110,-25.787
113090,110,-25.837
113100,110,-25.894
113110,110,-25.956
113120,110,-25.925
113130,110,-25.912
113140,110,-25.837
113150,110,-25.794
113160,110,-25.781
113170,110,-25.775
113180,110,-25.769
113190,110,-25.850
113200,110,-25.912
113210,110,-25.944
113220,110,-25.906
113230,110,-25.881
113240,110,-25.825
113250,110,-25.769
113260,110,-25.744
113270,110,-25.800
113280,110,-25.825
113290,110,-25.819
113300,110,-25.775
113310,110,-25.775
113320,110,-25.769
113330,110,-25.856
113340,110,-25.919
113350,110,-25.887
113360,110,-25.875
113370,110,-25.831
113380,110,-25.812
113390,110,-25.750
113400,110,-25.750
113410,110,-25.744
113420,110,-25.806
113430,110,-25.825
113440,110,-25.875
113450,110,-25.862
113460,110,-25.819
113470,110,-25.762
113480,110,-25.750
113490,110,-25.719
113500,110,-25.737
113510,110,-25.800
113520,110,-25.831
113530,110,-25.881
113540,110,-25.812
113550,110,-25.800
113560,110,-25.744
113570,110,-25.744
113580,110,-25.656
113590,110,-25.731
113600,110,-25.762
113610,110,-25.662
113620,110,-25.706
113630,110,-25.712
113640,110,-25.787
113650,110,-25.844
113660,110,-25.844
113670,110,-25.819
113680,110,-25.769
113690,110,-25.725
113700,110,-25.700
113710,110,-25.656
113720,110,-25.669
113730,110,-25.731
113740,110,-25.806
113750,110,-25.825
113760,110,-25.806
113770,110,-25.756
113780,110,-25.694
113790,110,-25.687
113800,110,-25.637
113810,110,-25.681
113820,110,-25.725
113830,110,-25.787
113840,110,-25.812
113850,110,-25.812
113860,110,-25.756
113870,110,-25.744
113880,110,-25.712
113890,110,-25.669
113900,110,-25.681
113910,110,-25.681
113920,110,-25.706
113930,110,-25.781
113940,110,-25.781
113950,110,-25.681
113960,110,-25.737
113970,110,-25.787
113980,110,-25.825
113990,110,-25.812
114000,110,-25.762
114010,110,-25.750
114020,110,-25.669
114030,110,-25.669
114040,110,-25.662
114050,110,-25.656
114060,110,-25.719
114070,110,-25.781
114080,110,-25.819
114090,110,-25.762
114100,110,-25.737
114110,110,-25.662
114120,110,-25.650
114130,110,-25.581
114140,110,-25.650
114150,110,-25.687
114160,110,-25.744
114170,110,-25.756
114180,110,-25.756
114190,110,-25.725
114200,110,-25.656
114210,110,-25.650
114220,110,-25.581
114230,110,-25.581
114240,110,-25.631
114250,110,-25.687
114260,110,-25.744
114270,110,-25.744
114280,110,-25.681
114290,110,-25.744
114300,110,-25.744
114310,110,-25.700
114320,110,-25.700
114330,110,-25.675
114340,110,-25.625
114350,110,-25.581
114360,110,-25.600
114370,110,-25.606
114380,110,-25.675
114390,110,-25.737
114400,110,-25.694
114410,110,-25.700
114420,110,-25.687
114430,110,-25.637
114440,110,-25.587
114450,110,-25.587
114460,110,-25.587
114470,110,-25.650
114480,110,-25.731
114490,110,-25.744
114500,110,-25.706
114510,110,-25.694
114520,110,-25.650
114530,110,-25.644
114540,110,-25.581
114550,110,-25.575
114560,110,-25.631
114570,110,-25.706
114580,110,-25.737
114590,110,-25.706
114600,110,-25.719
114610,110,-25.700
114620,110,-25.669
114630,110,-25.737
114640,110,-25.700
114650,110,-25.631
114660,110,-25.619
114670,110,-25.562
114680,110,-25.544
114690,110,-25.594
114700,110,-25.656
114710,110,-25.725
114720,110,-25.725
114730,110,-25.731
114740,110,-25.669
114750,110,-25.612
114760,110,-25.606
114770,110,-25.556
114780,110,-25.569
114790,110,-25.606
114800,110,-25.669
114810,110,-25.712
114820,110,-25.712
114830,110,-25.669
114840,110,-25.662
114850,110,-25.619
114860,110,-25.600
114870,110,-25.569
114880,110,-25.562
114890,110,-25.631
114900,110,-25.650
114910,110,-25.712
114920,110,-25.706
114930,110,-25.644
114940,110,-25.656
114950,110,-25.619
114960,110,-25.681
114970,110,-25.681
114980,110,-25.662
114990,110,-25.600
115000,110,-25.587
115010,110,-25.519
115020,110,-25.569
115030,110,-25.569
115040,110,-25.675
115050,110,-25.681
115060,110,-25.681
115070,110,-25.656
115080,110,-25.650
115090,110,-25.575
115100,110,-25.506
115110,110,-25.512
115120,110,-25.569
115130,110,-25.612
115140,110,-25.662
115150,110,-25.681
115160,110,-25.681
115170,110,-25.650
115180,110,-25.575
115190,110,-25.531
115200,110,-25.512
115210,110,-25.500
115220,110,-25.550
115230,110,-25.606
115240,110,-25.681
115250,110,-25.681
115260,110,-25.644
115270,110,-25.562
115280,110,-25.556
115290,110,-25.487
115300,110,-25.637
115310,110,-25.569
115320,110,-25.562
115330,110,-25.512
115340,110,-25.512
115350,110,-25.531
115360,110,-25.594
115370,110,-25.669
115380,110,-25.662
115390,110,-25.631
115400,110,-25.625
115410,110,-25.569
115420,110,-25.556
115430,110,-25.512
115440,110,-25.519
115450,110,-25.575
115460,110,-25.612
115470,110,-25.662
115480,110,-25.644
115490,110,-25.625
115500,110,-25.581
115510,110,-25.569
115520,110,-25.519
115530,110,-25.512
115540,110,-25.512
115550,110,-25.600
115560,110,-25.669
115570,110,-25.644
115580,110,-25.644
115590,110,-25.631
115600,110,-25.581
115610,110,-25.512
115620,110,-25.506
115630,110,-25.500
115640,110,-25.556
115650,110,-25.506
115660,110,-25.500
115670,110,-25.537
115680,110,-25.600
115690,110,-25.637
115700,110,-25.656
115710,110,-25.619
115720,110,-25.619
115730,110,-25.562
115740,110,-25.506
115750,110,-25.481
115760,110,-25.494
115770,110,-25.537
115780,110,-25.606
115790,110,-25.662
115800,110,-25.662
115810,110,-25.625
115820,110,-25.581
115830,110,-25.550
115840,110,-25.506
115850,110,-25.487
115860,110,-25.525
115870,110,-25.594
115880,110,-25.612
115890,110,-25.662
115900,110,-25.662
115910,110,-25.606
115920,110,-25.581
115930,110,-25.550
115940,110,-25.525
115950,110,-25.494
115960,110,-25.512
115970,110,-25.556
115980,110,-25.481
115990,110,-25.475
116000,110,-25.519
116010,110,-25.569
116020,110,-25.650
116030,110,-25.650
116040,110,-25.650
116050,110,-25.631
116060,110,-25.544
116070,110,-25.544
116080,110,-25.469
116090,110,-25.469
116100,110,-25.531
116110,110,-25.587
116120,110,-25.644
116130,110,-25.650
116140,110,-25.619
116150,110,-25.600
116160,110,-25.531
116170,110,-25.462
116180,110,-25.456
116190,110,-25.462
116200,110,-25.519
116210,110,-25.581
116220,110,-25.644
116230,110,-25.644
116240,110,-25.606
116250,110,-25.525
116260,110,-25.531
116270,110,-25.462
116280,110,-25.475
116290,110,-25.506
116300,110,-25.550
116310,110,-25.544
116320,110,-25.481
116330,110,-25.494
116340,110,-25.556
116350,110,-25.600
116360,110,-25.625
116370,110,-25.594
116380,110,-25.606
116390,110,-25.594
116400,110,-25.519
116410,110,-25.475
116420,110,-25.475
116430,110,-25.487
116440,110,-25.556
116450,110,-25.625
116460,110,-25.594
116470,110,-25.600
116480,110,-25.587
116490,110,-25.519
116500,110,-25.462
116510,110,-25.469
116520,110,-25.469
116530,110,-25.519
116540,110,-25.587
116550,110,-25.587
116560,110,-25.594
116570,110,-25.587
116580,110,-25.531
116590,110,-25.531
116600,110,-25.450
116610,110,-25.450
116620,110,-25.487
116630,110,-25.544
116640,110,-25.606
116650,110,-25.444
116660,110,-25.487
116670,110,-25.581
116680,110,-25.612
116690,110,-25.644
116700,110,-25.606
116710,110,-25.606
116720,110,-25.556
116730,110,-25.487
116740,110,-25.475
116750,110,-25.512
116760,110,-25.581
116770,110,-25.600
116780,110,-25.675
116790,110,-25.656
116800,110,-25.619
116810,110,-25.612
116820,110,-25.562
116830,110,-25.544
116840,110,-25.550
116850,110,-25.550
116860,110,-25.581
116870,110,-25.594
116880,110,-25.656
116890,110,-25.669
116900,110,-25.662
116910,110,-25.631
116920,110,-25.606
116930,110,-25.581
116940,110,-25.556
116950,110,-25.556
116960,110,-25.569
116970,110,-25.562
116980,110,-25.581
116990,110,-25.531
117000,110,-25.537
117010,115,-25.519
117020,115,-25.625
117030,115,-25.687
117040,115,-25.737
117050,115,-25.769
117060,115,-25.837
117070,115,-25.869
117080,115,-25.900
117090,115,-25.912
117100,115,-25.975
117110,115,-25.975
117120,115,-26.019
117130,115,-26.012
117140,115,-26.069
117150,115,-26.087
117160,115,-26.150
117170,115,-26.187
117180,115,-26.200
117190,115,-26.250
117200,115,-26.287
117210,115,-26.294
117220,115,-26.294
117230,115,-26.300
117240,115,-26.244
117250,115,-26.250
117260,115,-26.262
117270,115,-26.312
117280,115,-26.319
117290,115,-26.362
117300,115,-26.394
117310,115,-26.431
117320,115,-26.331
117330,115,-26.312
117340,115,-26.381
117350,115,-26.394
117360,115,-26.431
117370,115,-26.425
117380,115,-26.412
117390,115,-26.362
117400,115,-26.325
117410,115,-26.319
117420,115,-26.362
117430,115,-26.387
117440,115,-26.419
117450,115,-26.412
117460,115,-26.469
117470,115,-26.419
117480,115,-26.375
117490,115,-26.369
117500,115,-26.312
117510,115,-26.306
117520,115,-26.381
117530,115,-26.375
117540,115,-26.406
117550,115,-26.406
117560,115,-26.406
117570,115,-26.406
117580,115,-26.350
117590,115,-26.344
117600,115,-26.375
117610,115,-26.381
117620,115,-26.387
117630,115,-26.381
117640,115,-26.400
117650,115,-26.406
117660,115,-26.312
117670,115,-26.381
117680,115,-26.381
117690,115,-26.400
117700,115,-26.412
117710,115,-26.400
117720,115,-26.400
117730,115,-26.362
117740,115,-26.325
117750,115,-26.325
117760,115,-26.369
117770,115,-26.375
117780,115,-26.369
117790,115,-26.381
117800,115,-26.394
117810,115,-26.394
117820,115,-26.319
117830,115,-26.294
117840,115,-26.294
117850,115,-26.300
117860,115,-26.350
117870,115,-26.362
117880,115,-26.362
117890,115,-26.369
117900,115,-26.369
117910,115,-26.356
117920,115,-26.306
117930,115,-26.300
117940,115,-26.294
117950,115,-26.287
117960,115,-26.337
117970,115,-26.350
117980,115,-26.344
117990,115,-26.356
118000,115,-26.287
118010,115,-26.337
118020,115,-26.350
118030,115,-26.344
118040,115,-26.331
118050,115,-26.337
118060,115,-26.375
118070,115,-26.319
118080,115,-26.300
118090,115,-26.294
118100,115,-26.287
118110,115,-26.312
118120,115,-26.331
118130,115,-26.331
118140,115,-26.331
118150,115,-26.375
118160,115,-26.362
118170,115,-26.306
118180,115,-26.300
118190,115,-26.275
118200,115,-26.269
118210,115,-26.331
118220,115,-26.325
118230,115,-26.325
118240,115,-26.369
118250,115,-26.369
118260,115,-26.337
118270,115,-26.319
118280,115,-26.287
118290,115,-26.281
118300,115,-26.306
118310,115,-26.344
118320,115,-26.350
118330,115,-26.356
118340,115,-26.287
118350,115,-26.281
118360,115,-26.300
118370,115,-26.344
118380,115,-26.344
118390,115,-26.350
118400,115,-26.394
118410,115,-26.394
118420,115,-26.319
118430,115,-26.275
118440,115,-26.269
118450,115,-26.294
118460,115,-26.337
118470,115,-26.337
118480,115,-26.344
118490,115,-26.381
118500,115,-26.381
118510,115,-26.356
118520,115,-26.312
118530,115,-26.275
118540,115,-26.269
118550,115,-26.281
118560,115,-26.344
118570,115,-26.350
118580,115,-26.350
118590,115,-26.381
118600,115,-26.381
118610,115,-26.325
118620,115,-26.312
118630,115,-26.275
118640,115,-26.275
118650,115,-26.275
118660,115,-26.344
118670,115,-26.319
118680,115,-26.269
118690,115,-26.275
118700,115,-26.275
118710,115,-26.306
118720,115,-26.337
118730,115,-26.350
118740,115,-26.387
118750,115,-26.381
118760,115,-26.375
118770,115,-26.312
118780,115,-26.262
118790,115,-26.269
118800,115,-26.281
118810,115,-26.350
118820,115,-26.356
118830,115,-26.356
118840,115,-26.369
118850,115,-26.375
118860,115,-26.325
118870,115,-26.275
118880,115,-26.275
118890,115,-26.281
118900,115,-26.281
118910,115,-26.350
118920,115,-26.350
118930,115,-26.350
118940,115,-26.350
118950,115,-26.369
118960,115,-26.306
118970,115,-26.269
118980,115,-26.275
118990,115,-26.281
119000,115,-26.300
119010,115,-26.331
119020,115,-26.306
119030,115,-26.269
119040,115,-26.275
119050,115,-26.287
119060,115,-26.331
119070,115,-26.350
119080,115,-26.344
119090,115,-26.344
119100,115,-26.369
119110,115,-26.331
119120,115,-26.275
119130,115,-26.281
119140,115,-26.281
119150,115,-26.281
119160,115,-26.325
119170,115,-26.344
119180,115,-26.337
119190,115,-26.362
119200,115,-26.344
119210,115,-26.300
119220,115,-26.287
119230,115,-26.287
119240,115,-26.325
119250,115,-26.344
119260,115,-26.337
119270,115,-26.331
119280,115,-26.356
119290,115,-26.369
119300,115,-26.300
119310,115,-26.294
119320,115,-26.275
119330,115,-26.275
119340,115,-26.275
119350,115,-26.369
119360,115,-26.312
119370,115,-26.294
119380,115,-26.337
119390,115,-26.331
119400,115,-26.319
119410,115,-26.325
119420,115,-26.356
119430,115,-26.356
119440,115,-26.356
119450,115,-26.306
119460,115,-26.287
119470,115,-26.262
119480,115,-26.331
119490,115,-26.319
119500,115,-26.337
119510,115,-26.381
119520,115,-26.381
119530,115,-26.369
119540,115,-26.356
119550,115,-26.325
119560,115,-26.325
119570,115,-26.350
119580,115,-26.375
119590,115,-26.381
119600,115,-26.425
119610,115,-26.419
119620,115,-26.375
119630,115,-26.350
119640,115,-26.331
119650,115,-26.362
119660,115,-26.381
119670,115,-26.375
119680,115,-26.375
119690,115,-26.325
119700,115,-26.350
119710,115,-26.381
119720,115,-26.375
119730,115,-26.419
119740,115,-26.419
119750,115,-26.419
119760,115,-26.350
119770,115,-26.350
119780,115,-26.356
119790,115,-26.381
119800,115,-26.375
119810,115,-26.419
119820,115,-26.412
119830,115,-26.406
119840,115,-26.362
119850,115,-26.344
119860,115,-26.381
119870,115,-26.375
119880,115,-26.375
119890,115,-26.412
119900,115,-26.412
119910,115,-26.412
119920,115,-26.406
119930,115,-26.394
119940,115,-26.381
119950,115,-26.375
119960,115,-26.375
119970,115,-26.431
119980,115,-26.431
119990,115,-26.431
120000,115,-26.419
120010,115,-26.400
120020,115,-26.425
120030,115,-26.431
120040,115,-26.425
120050,115,-26.412
120060,115,-26.406
120070,115,-26.337
120080,115,-26.369
120090,115,-26.362
120100,115,-26.356
120110,115,-26.406
120120,115,-26.400
120130,115,-26.400
120140,115,-26.356
120150,115,-26.331
120160,115,-26.306
120170,115,-26.325
120180,115,-26.356
120190,115,-26.356
120200,115,-26.394
120210,115,-26.400
120220,115,-26.344
120230,115,-26.325
120240,115,-26.300
120250,115,-26.331
120260,115,-26.350
120270,115,-26.350
120280,115,-26.350
120290,115,-26.394
120300,115,-26.387
120310,115,-26.325
120320,115,-26.325
120330,115,-26.287
120340,115,-26.319
120350,115,-26.319
120360,115,-26.319
120370,115,-26.319
120380,115,-26.287
120390,115,-26.306
120400,115,-26.337
120410,115,-26.331
120420,115,-26.381
120430,115,-26.369
120440,115,-26.306
120450,115,-26.312
120460,115,-26.275
120470,115,-26.306
120480,115,-26.337
120490,115,-26.331
120500,115,-26.331
120510,115,-26.369
120520,115,-26.325
120530,115,-26.300
120540,115,-26.275
120550,115,-26.275
120560,115,-26.300
120570,115,-26.331
120580,115,-26.331
120590,115,-26.369
120600,115,-26.362
120610,115,-26.300
120620,115,-26.275
120630,115,-26.269
120640,115,-26.300
120650,115,-26.319
120660,115,-26.319
120670,115,-26.319
120680,115,-26.344
120690,115,-26.325
120700,115,-26.319
120710,115,-26.319
120720,115,-26.312
120730,115,-26.350
120740,115,-26.294
120750,115,-26.262
120760,115,-26.256
120770,115,-26.256
120780,115,-26.275
120790,115,-26.312
120800,115,-26.312
120810,115,-26.350
120820,115,-26.306
120830,115,-26.287
120840,115,-26.262
120850,115,-26.250
120860,115,-26.281
120870,115,-26.306
120880,115,-26.306
120890,115,-26.312
120900,115,-26.294
120910,115,-26.287
120920,115,-26.256
120930,115,-26.256
120940,115,-26.250
120950,115,-26.306
120960,115,-26.306
120970,115,-26.306
120980,115,-26.344
120990,115,-26.281
121000,115,-26.262
121010,115,-26.250
121020,115,-26.244
121030,115,-26.331
121040,115,-26.287
121050,115,-26.262
121060,115,-26.250
121070,115,-26.244
121080,115,-26.269
121090,115,-26.300
121100,115,-26.306
121110,115,-26.350
121120,115,-26.306
121130,115,-26.281
121140,115,-26.250
121150,115,-26.250
121160,115,-26.275
121170,115,-26.300
121180,115,-26.306
121190,115,-26.306
121200,115,-26.294
121210,115,-26.275
121220,115,-26.256
121230,115,-26.244
121240,115,-26.237
121250,115,-26.300
121260,115,-26.300
121270,115,-26.300
121280,115,-26.337
121290,115,-26.275
121300,115,-26.256
121310,115,-26.250
121320,115,-26.244
121330,115,-26.269
121340,115,-26.300
121350,115,-26.300
121360,115,-26.344
121370,115,-26.231
121380,115,-26.262
121390,115,-26.300
121400,115,-26.287
121410,115,-26.306
121420,115,-26.294
121430,115,-26.281
121440,115,-26.256
121450,115,-26.250
121460,115,-26.275
121470,115,-26.300
121480,115,-26.306
121490,115,-26.300
121500,115,-26.294
121510,115,-26.275
121520,115,-26.250
121530,115,-26.237
121540,115,-26.237
121550,115,-26.262
121560,115,-26.306
121570,115,-26.300
121580,115,-26.331
121590,115,-26.281
121600,115,-26.250
121610,115,-26.250
121620,115,-26.250
121630,115,-26.262
121640,115,-26.300
121650,115,-26.306
121660,115,-26.344
121670,115,-26.294
121680,115,-26.269
121690,115,-26.250
121700,115,-26.244
121710,115,-26.300
121720,115,-26.300
121730,115,-26.275
121740,115,-26.250
121750,115,-26.250
121760,115,-26.269
121770,115,-26.300
121780,115,-26.300
121790,115,-26.300
121800,115,-26.300
121810,115,-26.281
121820,115,-26.262
121830,115,-26.256
121840,115,-26.244
121850,115,-26.262
121860,115,-26.300
121870,115,-26.306
121880,115,-26.287
121890,115,-26.281
121900,115,-26.262
121910,115,-26.250
121920,115,-26.244
121930,115,-26.269
121940,115,-26.300
121950,115,-26.300
121960,115,-26.294
121970,115,-26.294
121980,115,-26.275
121990,115,-26.244
122000,115,-26.237
122010,120,-26.262
122020,120,-26.294
122030,120,-26.337
122040,120,-26.344
122050,120,-26.369
122060,120,-26.431
122070,120,-26.462
122080,120,-26.481
122090,120,-26.531
122100,120,-26.594
122110,120,-26.656
122120,120,-26.606
122130,120,-26.625
122140,120,-26.706
122150,120,-26.731
122160,120,-26.694
122170,120,-26.756
122180,120,-26.762
122190,120,-26.800
122200,120,-26.775
122210,120,-26.819
122220,120,-26.831
122230,120,-26.812
122240,120,-26.850
122250,120,-26.862
122260,120,-26.869
122270,120,-26.825
122280,120,-26.825
122290,120,-26.869
122300,120,-26.869
122310,120,-26.856
122320,120,-26.894
122330,120,-26.869
122340,120,-26.875
122350,120,-26.912
122360,120,-26.912
122370,120,-26.862
122380,120,-26.925
122390,120,-26.887
122400,120,-26.887
122410,120,-26.887
122420,120,-26.887
122430,120,-26.900
122440,120,-26.894
122450,120,-26.931
122460,120,-26.906
122470,120,-26.906
122480,120,-26.912
122490,120,-26.887
122500,120,-26.881
122510,120,-26.881
122520,120,-26.925
122530,120,-26.887
122540,120,-26.869
122550,120,-26.931
122560,120,-26.906
122570,120,-26.894
122580,120,-26.900
122590,120,-26.875
122600,120,-26.887
122610,120,-26.894
122620,120,-26.931
122630,120,-26.881
122640,120,-26.875
122650,120,-26.931
122660,120,-26.925
122670,120,-26.894
122680,120,-26.887
122690,120,-26.887
122700,120,-26.900
122710,120,-26.925
122720,120,-26.875
122730,120,-26.875
122740,120,-26.912
122750,120,-26.875
122760,120,-26.875
122770,120,-26.875
122780,120,-26.906
122790,120,-26.894
122800,120,-26.894
122810,120,-26.875
122820,120,-26.881
122830,120,-26.887
122840,120,-26.919
122850,120,-26.875
122860,120,-26.875
122870,120,-26.919
122880,120,-26.912
122890,120,-26.887
122900,120,-26.881
122910,120,-26.881
122920,120,-26.887
122930,120,-26.900
122940,120,-26.906
122950,120,-26.862
122960,120,-26.875
122970,120,-26.919
122980,120,-26.919
122990,120,-26.881
123000,120,-26.869
123010,120,-26.894
123020,120,-26.894
123030,120,-26.906
123040,120,-26.919
123050,120,-26.887
123060,120,-26.919
123070,120,-26.869
123080,120,-26.875
123090,120,-26.912
123100,120,-26.912
123110,120,-26.887
123120,120,-26.881
123130,120,-26.881
123140,120,-26.894
123150,120,-26.894
123160,120,-26.906
123170,120,-26.862
123180,120,-26.869
123190,120,-26.906
123200,120,-26.906
123210,120,-26.875
123220,120,-26.875
123230,120,-26.906
123240,120,-26.887
123250,120,-26.900
123260,120,-26.887
123270,120,-26.837
123280,120,-26.875
123290,120,-26.881
123300,120,-26.850
123310,120,-26.869
123320,120,-26.869
123330,120,-26.900
123340,120,-26.887
123350,120,-26.887
123360,120,-26.887
123370,120,-26.844
123380,120,-26.875
123390,120,-26.856
123400,120,-26.869
123410,120,-26.869
123420,120,-26.869
123430,120,-26.869
123440,120,-26.869
123450,120,-26.844
123460,120,-26.844
123470,120,-26.875
123480,120,-26.881
123490,120,-26.837
123500,120,-26.837
123510,120,-26.875
123520,120,-26.875
123530,120,-26.862
123540,120,-26.862
123550,120,-26.850
123560,120,-26.825
123570,120,-26.875
123580,120,-26.881
123590,120,-26.831
123600,120,-26.831
123610,120,-26.881
123620,120,-26.881
123630,120,-26.837
123640,120,-26.856
123650,120,-26.850
123660,120,-26.831
123670,120,-26.837
123680,120,-26.869
123690,120,-26.837
123700,120,-26.831
123710,120,-26.881
123720,120,-26.831
123730,120,-26.869
123740,120,-26.831
123750,120,-26.837
123760,120,-26.825
123770,120,-26.831
123780,120,-26.825
123790,120,-26.806
123800,120,-26.825
123810,120,-26.831
123820,120,-26.794
123830,120,-26.875
123840,120,-26.831
123850,120,-26.831
123860,120,-26.787
123870,120,-26.831
123880,120,-26.831
123890,120,-26.800
123900,120,-26.831
123910,120,-26.825
123920,120,-26.819
123930,120,-26.862
123940,120,-26.825
123950,120,-26.819
123960,120,-26.787
123970,120,-26.862
123980,120,-26.831
123990,120,-26.812
124000,120,-26.850
124010,120,-26.844
124020,120,-26.819
124030,120,-26.856
124040,120,-26.862
124050,120,-26.825
124060,120,-26.825
124070,120,-26.825
124080,120,-26.825
124090,120,-26.850
124100,120,-26.844
124110,120,-26.856
124120,120,-26.850
124130,120,-26.819
124140,120,-26.825
124150,120,-26.875
124160,120,-26.875
124170,120,-26.825
124180,120,-26.831
124190,120,-26.856
124200,120,-26.856
124210,120,-26.856
124220,120,-26.850
124230,120,-26.844
124240,120,-26.837
124250,120,-26.869
124260,120,-26.869
124270,120,-26.825
124280,120,-26.831
124290,120,-26.869
124300,120,-26.819
124310,120,-26.837
124320,120,-26.844
124330,120,-26.850
124340,120,-26.825
124350,120,-26.856
124360,120,-26.856
124370,120,-26.794
124380,120,-26.869
124390,120,-26.869
124400,120,-26.825
124410,120,-26.869
124420,120,-26.831
124430,120,-26.806
124440,120,-26.844
124450,120,-26.825
124460,120,-26.825
124470,120,-26.806
124480,120,-26.831
124490,120,-26.800
124500,120,-26.837
124510,120,-26.875
124520,120,-26.831
124530,120,-26.787
124540,120,-26.850
124550,120,-26.831
124560,120,-26.825
124570,120,-26.856
124580,120,-26.825
124590,120,-26.825
124600,120,-26.875
124610,120,-26.875
124620,120,-26.825
124630,120,-26.825
124640,120,-26.856
124650,120,-26.862
124660,120,-26.850
124670,120,-26.862
124680,120,-26.837
124690,120,-26.825
124700,120,-26.875
124710,120,-26.881
124720,120,-26.837
124730,120,-26.825
124740,120,-26.825
124750,120,-26.837
124760,120,-26.850
124770,120,-26.844
124780,120,-26.831
124790,120,-26.856
124800,120,-26.819
124810,120,-26.806
124820,120,-26.869
124830,120,-26.837
124840,120,-26.825
124850,120,-26.787
124860,120,-26.837
124870,120,-26.831
124880,120,-26.787
124890,120,-26.831
124900,120,-26.831
124910,120,-26.825
124920,120,-26.819
124930,120,-26.831
124940,120,-26.794
124950,120,-26.800
124960,120,-26.844
124970,120,-26.837
124980,120,-26.787
124990,120,-26.837
125000,120,-26.837
125010,120,-26.825
125020,120,-26.806
125030,120,-26.831
125040,120,-26.806
125050,120,-26.844
125060,120,-26.844
125070,120,-26.831
125080,120,-26.831
125090,120,-26.831
125100,120,-26.787
125110,120,-26.837
125120,120,-26.831
125130,120,-26.831
125140,120,-26.812
125150,120,-26.837
125160,120,-26.794
125170,120,-26.806
125180,120,-26.837
125190,120,-26.837
125200,120,-26.787
125210,120,-26.831
125220,120,-26.831
125230,120,-26.831
125240,120,-26.800
125250,120,-26.844
125260,120,-26.806
125270,120,-26.819
125280,120,-26.825
125290,120,-26.831
125300,120,-26.787
125310,120,-26.831
125320,120,-26.825
125330,120,-26.794
125340,120,-26.794
125350,120,-26.831
125360,120,-26.819
125370,120,-26.806
125380,120,-26.825
125390,120,-26.825
125400,120,-26.794
125410,120,-26.831
125420,120,-26.781
125430,120,-26.831
125440,120,-26.819
125450,120,-26.831
125460,120,-26.794
125470,120,-26.825
125480,120,-26.812
125490,120,-26.806
125500,120,-26.825
125510,120,-26.825
125520,120,-26.775
125530,120,-26.825
125540,120,-26.825
125550,120,-26.825
125560,120,-26.787
125570,120,-26.831
125580,120,-26.812
125590,120,-26.806
125600,120,-26.812
125610,120,-26.825
125620,120,-26.781
125630,120,-26.825
125640,120,-26.825
125650,120,-26.825
125660,120,-26.781
125670,120,-26.831
125680,120,-26.831
125690,120,-26.806
125700,120,-26.831
125710,120,-26.825
125720,120,-26.800
125730,120,-26.831
125740,120,-26.825
125750,120,-26.825
125760,120,-26.819
125770,120,-26.825
125780,120,-26.775
125790,120,-26.825
125800,120,-26.819
125810,120,-26.812
125820,120,-26.806
125830,120,-26.837
125840,120,-26.787
125850,120,-26.819
125860,120,-26.831
125870,120,-26.831
125880,120,-26.781
125890,120,-26.831
125900,120,-26.825
125910,120,-26.794
125920,120,-26.800
125930,120,-26.831
125940,120,-26.800
125950,120,-26.825
125960,120,-26.825
125970,120,-26.775
125980,120,-26.781
125990,120,-26.825
126000,120,-26.825
126010,120,-26.787
126020,120,-26.787
126030,120,-26.831
126040,120,-26.819
126050,120,-26.819
126060,120,-26.831
126070,120,-26.787
126080,120,-26.787
126090,120,-26.819
126100,120,-26.775
126110,120,-26.825
126120,120,-26.819
126130,120,-26.794
126140,120,-26.794
126150,120,-26.825
126160,120,-26.812
126170,120,-26.806
126180,120,-26.819
126190,120,-26.825
126200,120,-26.781
126210,120,-26.825
126220,120,-26.819
126230,120,-26.787
126240,120,-26.781
126250,120,-26.831
126260,120,-26.806
126270,120,-26.806
126280,120,-26.806
126290,120,-26.825
126300,120,-26.781
126310,120,-26.794
126320,120,-26.819
126330,120,-26.775
126340,120,-26.775
126350,120,-26.825
126360,120,-26.819
126370,120,-26.794
126380,120,-26.794
126390,120,-26.831
126400,120,-26.800
126410,120,-26.800
126420,120,-26.825
126430,120,-26.787
126440,120,-26.825
126450,120,-26.819
126460,120,-26.775
126470,120,-26.775
126480,120,-26.812
126490,120,-26.806
126500,120,-26.800
126510,120,-26.831
126520,120,-26.787
126530,120,-26.794
126540,120,-26.819
126550,120,-26.825
126560,120,-26.781
126570,120,-26.775
126580,120,-26.825
126590,120,-26.800
126600,120,-26.787
126610,120,-26.819
126620,120,-26.794
126630,120,-26.800
126640,120,-26.812
126650,120,-26.825
126660,120,-26.769
126670,120,-26.769
126680,120,-26.806
126690,120,-26.781
126700,120,-26.769
126710,120,-26.812
126720,120,-26.806
126730,120,-26.800
126740,120,-26.800
126750,120,-26.819
126760,120,-26.819
126770,120,-26.819
126780,120,-26.775
126790,120,-26.762
126800,120,-26.806
126810,120,-26.812
126820,120,-26.781
126830,120,-26.775
126840,120,-26.800
126850,120,-26.800
126860,120,-26.806
126870,120,-26.819
126880,120,-26.769
126890,120,-26.769
126900,120,-26.806
126910,120,-26.812
126920,120,-26.769
126930,120,-26.762
126940,120,-26.794
126950,120,-26.794
126960,120,-26.781
126970,120,-26.800
126980,120,-26.775
126990,120,-26.781
127000,120,-26.806
127010,125,-26.806
127020,125,-26.756
127030,125,-26.806
127040,125,-26.875
127050,125,-26.906
127060,125,-26.894
127070,125,-26.937
127080,125,-26.994
127090,125,-27.000
127100,125,-27.037
127110,125,-27.056
127120,125,-27.087
127130,125,-27.062
127140,125,-27.125
127150,125,-27.125
127160,125,-27.137
127170,125,-27.144
127180,125,-27.162
127190,125,-27.162
127200,125,-27.156
127210,125,-27.187
127220,125,-27.187
127230,125,-27.187
127240,125,-27.187
127250,125,-27.237
127260,125,-27.181
127270,125,-27.187
127280,125,-27.181
127290,125,-27.206
127300,125,-27.181
127310,125,-27.181
127320,125,-27.231
127330,125,-27.187
127340,125,-27.194
127350,125,-27.206
127360,125,-27.206
127370,125,-27.200
127380,125,-27.219
127390,125,-27.225
127400,125,-27.187
127410,125,-27.200
127420,125,-27.237
127430,125,-27.212
127440,125,-27.219
127450,125,-27.237
127460,125,-27.194
127470,125,-27.187
127480,125,-27.219
127490,125,-27.206
127500,125,-27.200
127510,125,-27.212
127520,125,-27.237
127530,125,-27.187
127540,125,-27.225
127550,125,-27.212
127560,125,-27.212
127570,125,-27.194
127580,125,-27.231
127590,125,-27.200
127600,125,-27.194
127610,125,-27.219
127620,125,-27.219
127630,125,-27.181
127640,125,-27.181
127650,125,-27.231
127660,125,-27.194
127670,125,-27.231
127680,125,-27.200
127690,125,-27.231
127700,125,-27.181
127710,125,-27.225
127720,125,-27.225
127730,125,-27.200
127740,125,-27.187
127750,125,-27.225
127760,125,-27.225
127770,125,-27.150
127780,125,-27.194
127790,125,-27.225
127800,125,-27.187
127810,125,-27.225
127820,125,-27.181
127830,125,-27.225
127840,125,-27.212
127850,125,-27.206
127860,125,-27.169
127870,125,-27.187
127880,125,-27.225
127890,125,-27.187
127900,125,-27.200
127910,125,-27.200
127920,125,-27.212
127930,125,-27.175
127940,125,-27.219
127950,125,-27.194
127960,125,-27.181
127970,125,-27.187
127980,125,-27.219
127990,125,-27.175
128000,125,-27.175
128010,125,-27.212
128020,125,-27.206
128030,125,-27.181
128040,125,-27.187
128050,125,-27.219
128060,125,-27.175
128070,125,-27.150
128080,125,-27.194
128090,125,-27.200
128100,125,-27.169
128110,125,-27.219
128120,125,-27.175
128130,125,-27.206
128140,125,-27.194
128150,125,-27.200
128160,125,-27.175
128170,125,-27.219
128180,125,-27.181
128190,125,-27.175
128200,125,-27.200
128210,125,-27.212
128220,125,-27.175
128230,125,-27.225
128240,125,-27.219
128250,125,-27.181
128260,125,-27.181
128270,125,-27.212
128280,125,-27.212
128290,125,-27.169
128300,125,-27.212
128310,125,-27.212
128320,125,-27.212
128330,125,-27.175
128340,125,-27.219
128350,125,-27.212
128360,125,-27.219
128370,125,-27.200
128380,125,-27.206
128390,125,-27.219
128400,125,-27.212
128410,125,-27.219
128420,125,-27.187
128430,125,-27.206
128440,125,-27.212
128450,125,-27.162
128460,125,-27.212
128470,125,-27.212
128480,125,-27.175
128490,125,-27.187
128500,125,-27.219
128510,125,-27.212
128520,125,-27.169
128530,125,-27.212
128540,125,-27.187
128550,125,-27.212
128560,125,-27.175
128570,125,-27.206
128580,125,-27.162
128590,125,-27.212
128600,125,-27.206
128610,125,-27.194
128620,125,-27.175
128630,125,-27.206
128640,125,-27.200
128650,125,-27.169
128660,125,-27.194
128670,125,-27.212
128680,125,-27.212
128690,125,-27.169
128700,125,-27.212
128710,125,-27.181
128720,125,-27.206
128730,125,-27.175
128740,125,-27.212
128750,125,-27.169
128760,125,-27.206
128770,125,-27.200
128780,125,-27.187
128790,125,-27.206
128800,125,-27.206
128810,125,-27.162
128820,125,-27.200
128830,125,-27.187
128840,125,-27.200
128850,125,-27.169
128860,125,-27.206
128870,125,-27.162
128880,125,-27.162
128890,125,-27.194
128900,125,-27.200
128910,125,-27.162
128920,125,-27.150
128930,125,-27.194
128940,125,-27.169
128950,125,-27.200
128960,125,-27.181
128970,125,-27.200
128980,125,-27.156
128990,125,-27.212
129000,125,-27.200
129010,125,-27.175
129020,125,-27.169
129030,125,-27.206
129040,125,-27.206
129050,125,-27.156
129060,125,-27.187
129070,125,-27.187
129080,125,-27.200
129090,125,-27.162
129100,125,-27.200
129110,125,-27.175
129120,125,-27.194
129130,125,-27.181
129140,125,-27.162
129150,125,-27.200
129160,125,-27.206
129170,125,-27.156
129180,125,-27.206
129190,125,-27.206
129200,125,-27.200
129210,125,-27.169
129220,125,-27.206
129230,125,-27.194
129240,125,-27.200
129250,125,-27.181
129260,125,-27.206
129270,125,-27.162
129280,125,-27.206
129290,125,-27.206
129300,125,-27.187
129310,125,-27.169
129320,125,-27.206
129330,125,-27.206
129340,125,-27.162
129350,125,-27.206
129360,125,-27.187
129370,125,-27.200
129380,125,-27.162
129390,125,-27.212
129400,125,-27.169
129410,125,-27.206
129420,125,-27.187
129430,125,-27.212
129440,125,-27.212
129450,125,-27.212
129460,125,-27.206
129470,125,-27.206
129480,125,-27.187
129490,125,-27.200
129500,125,-27.162
129510,125,-27.206
129520,125,-27.212
129530,125,-27.206
129540,125,-27.175
129550,125,-27.212
129560,125,-27.212
129570,125,-27.169
129580,125,-27.206
129590,125,-27.194
129600,125,-27.212
129610,125,-27.175
129620,125,-27.212
129630,125,-27.175
129640,125,-27.225
129650,125,-27.206
129660,125,-27.200
129670,125,-27.175
129680,125,-27.212
129690,125,-27.219
129700,125,-27.181
129710,125,-27.187
129720,125,-27.219
129730,125,-27.219
129740,125,-27.181
129750,125,-27.212
129760,125,-27.187
129770,125,-27.144
129780,125,-27.175
129790,125,-27.212
129800,125,-27.162
129810,125,-27.187
129820,125,-27.187
129830,125,-27.181
129840,125,-27.187
129850,125,-27.219
129860,125,-27.175
129870,125,-27.206
129880,125,-27.194
129890,125,-27.194
129900,125,-27.175
129910,125,-27.219
129920,125,-27.181
129930,125,-27.169
129940,125,-27.194
129950,125,-27.200
129960,125,-27.162
129970,125,-27.169
129980,125,-27.212
129990,125,-27.187
130000,125,-27.181
130010,125,-27.187
130020,125,-27.219
130030,125,-27.175
130040,125,-27.219
130050,125,-27.212
130060,125,-27.194
130070,125,-27.175
130080,125,-27.212
130090,125,-27.212
130100,125,-27.225
130110,125,-27.206
130120,125,-27.206
130130,125,-27.212
130140,125,-27.225
130150,125,-27.181
130160,125,-27.231
130170,125,-27.206
130180,125,-27.206
130190,125,-27.175
130200,125,-27.219
130210,125,-27.219
130220,125,-27.219
130230,125,-27.194
130240,125,-27.219
130250,125,-27.219
130260,125,-27.225
130270,125,-27.212
130280,125,-27.194
130290,125,-27.219
130300,125,-27.219
130310,125,-27.225
130320,125,-27.175
130330,125,-27.219
130340,125,-27.219
130350,125,-27.219
130360,125,-27.181
130370,125,-27.231
130380,125,-27.225
130390,125,-27.219
130400,125,-27.206
130410,125,-27.219
130420,125,-27.225
130430,125,-27.231
130440,125,-27.219
130450,125,-27.187
130460,125,-27.219
130470,125,-27.225
130480,125,-27.175
130490,125,-27.219
130500,125,-27.225
130510,125,-27.231
130520,125,-27.206
130530,125,-27.225
130540,125,-27.231
130550,125,-27.231
130560,125,-27.231
130570,125,-27.212
130580,125,-27.225
130590,125,-27.219
130600,125,-27.225
130610,125,-27.187
130620,125,-27.231
130630,125,-27.231
130640,125,-27.225
130650,125,-27.181
130660,125,-27.231
130670,125,-27.225
130680,125,-27.225
130690,125,-27.200
130700,125,-27.231
130710,125,-27.225
130720,125,-27.231
130730,125,-27.231
130740,125,-27.200
130750,125,-27.225
130760,125,-27.225
130770,125,-27.231
130780,125,-27.187
130790,125,-27.231
130800,125,-27.225
130810,125,-27.187
130820,125,-27.219
130830,125,-27.225
130840,125,-27.225
130850,125,-27.225
130860,125,-27.206
130870,125,-27.219
130880,125,-27.219
130890,125,-27.212
130900,125,-27.181
130910,125,-27.225
130920,125,-27.225
130930,125,-27.225
130940,125,-27.175
130950,125,-27.219
130960,125,-27.219
130970,125,-27.219
130980,125,-27.219
130990,125,-27.225
131000,125,-27.219
131010,125,-27.225
131020,125,-27.219
131030,125,-27.212
131040,125,-27.219
131050,125,-27.219
131060,125,-27.225
131070,125,-27.225
131080,125,-27.219
131090,125,-27.225
131100,125,-27.231
131110,125,-27.225
131120,125,-27.219
131130,125,-27.225
131140,125,-27.225
131150,125,-27.225
131160,125,-27.225
131170,125,-27.225
131180,125,-27.231
131190,125,-27.231
131200,125,-27.225
131210,125,-27.231
131220,125,-27.231
131230,125,-27.225
131240,125,-27.231
131250,125,-27.225
131260,125,-27.231
131270,125,-27.237
131280,125,-27.225
131290,125,-27.231
131300,125,-27.231
131310,125,-27.231
131320,125,-27.237
131330,125,-27.231
131340,125,-27.231
131350,125,-27.269
131360,125,-27.231
131370,125,-27.231
131380,125,-27.231
131390,125,-27.250
131400,125,-27.244
131410,125,-27.244
131420,125,-27.237
131430,125,-27.231
131440,125,-27.269
131450,125,-27.237
131460,125,-27.237
131470,125,-27.237
131480,125,-27.281
131490,125,-27.225
131500,125,-27.231
131510,125,-27.237
131520,125,-27.231
131530,125,-27.237
131540,125,-27.231
131550,125,-27.225
131560,125,-27.231
131570,125,-27.231
131580,125,-27.231
131590,125,-27.231
131600,125,-27.231
131610,125,-27.231
131620,125,-27.225
131630,125,-27.225
131640,125,-27.231
131650,125,-27.237
131660,125,-27.231
131670,125,-27.237
131680,125,-27.231
131690,125,-27.237
131700,125,-27.237
131710,125,-27.231
131720,125,-27.237
131730,125,-27.231
131740,125,-27.237
131750,125,-27.231
131760,125,-27.237
131770,125,-27.244
131780,125,-27.237
131790,125,-27.231
131800,125,-27.237
131810,125,-27.231
131820,125,-27.231
131830,125,-27.231
131840,125,-27.231
131850,125,-27.237
131860,125,-27.231
131870,125,-27.231
131880,125,-27.237
131890,125,-27.244
131900,125,-27.250
131910,125,-27.250
131920,125,-27.237
131930,125,-27.231
131940,125,-27.231
131950,125,-27.275
131960,125,-27.237
131970,125,-27.244
131980,125,-27.244
131990,125,-27.281
132000,125,-27.237
132010,130,-27.225
132020,130,-27.231
132030,130,-27.262
132040,130,-27.294
132050,130,-27.350
132060,130,-27.362
132070,130,-27.369
132080,130,-27.419
132090,130,-27.406
132100,130,-27.462
132110,130,-27.500
132120,130,-27.500
132130,130,-27.506
132140,130,-27.537
132150,130,-27.562
132160,130,-27.569
132170,130,-27.575
132180,130,-27.619
132190,130,-27.594
132200,130,-27.594
132210,130,-27.637
132220,130,-27.625
132230,130,-27.600
132240,130,-27.631
132250,130,-27.606
132260,130,-27.619
132270,130,-27.650
132280,130,-27.594
132290,130,-27.637
132300,130,-27.625
132310,130,-27.606
132320,130,-27.644
132330,130,-27.600
132340,130,-27.612
132350,130,-27.650
132360,130,-27.594
132370,130,-27.631
132380,130,-27.625
132390,130,-27.600
132400,130,-27.637
132410,130,-27.644
132420,130,-27.644
132430,130,-27.637
132440,130,-27.644
132450,130,-27.644
132460,130,-27.644
132470,130,-27.644
132480,130,-27.644
132490,130,-27.650
132500,130,-27.650
132510,130,-27.644
132520,130,-27.650
132530,130,-27.637
132540,130,-27.637
132550,130,-27.644
132560,130,-27.644
132570,130,-27.644
132580,130,-27.650
132590,130,-27.644
132600,130,-27.637
132610,130,-27.650
132620,130,-27.644
132630,130,-27.644
132640,130,-27.644
132650,130,-27.650
132660,130,-27.650
132670,130,-27.644
132680,130,-27.656
132690,130,-27.650
132700,130,-27.644
132710,130,-27.650
132720,130,-27.644
132730,130,-27.650
132740,130,-27.650
132750,130,-27.644
132760,130,-27.656
132770,130,-27.650
132780,130,-27.637
132790,130,-27.650
132800,130,-27.650
132810,130,-27.650
132820,130,-27.650
132830,130,-27.644
132840,130,-27.681
132850,130,-27.650
132860,130,-27.700
132870,130,-27.669
132880,130,-27.669
132890,130,-27.700
132900,130,-27.650
132910,130,-27.681
132920,130,-27.687
132930,130,-27.650
132940,130,-27.694
132950,130,-27.681
132960,130,-27.669
132970,130,-27.694
132980,130,-27.656
132990,130,-27.681
133000,130,-27.687
133010,130,-27.650
133020,130,-27.687
133030,130,-27.675
133040,130,-27.662
133050,130,-27.700
133060,130,-27.656
133070,130,-27.681
133080,130,-27.687
133090,130,-27.650
133100,130,-27.694
133110,130,-27.675
133120,130,-27.662
133130,130,-27.700
133140,130,-27.656
133150,130,-27.675
133160,130,-27.681
133170,130,-27.650
133180,130,-27.650
133190,130,-27.656
133200,130,-27.656
133210,130,-27.650
133220,130,-27.650
133230,130,-27.656
133240,130,-27.662
133250,130,-27.656
133260,130,-27.656
133270,130,-27.662
133280,130,-27.656
133290,130,-27.662
133300,130,-27.656
133310,130,-27.656
133320,130,-27.662
133330,130,-27.662
133340,130,-27.669
133350,130,-27.662
133360,130,-27.619
133370,130,-27.662
133380,130,-27.656
133390,130,-27.656
133400,130,-27.656
133410,130,-27.662
133420,130,-27.662
133430,130,-27.662
133440,130,-27.669
133450,130,-27.656
133460,130,-27.669
133470,130,-27.662
133480,130,-27.669
133490,130,-27.669
133500,130,-27.656
133510,130,-27.662
133520,130,-27.694
133530,130,-27.669
133540,130,-27.712
133550,130,-27.675
133560,130,-27.669
133570,130,-27.669
133580,130,-27.669
133590,130,-27.625
133600,130,-27.669
133610,130,-27.631
133620,130,-27.656
133630,130,-27.662
133640,130,-27.631
133650,130,-27.675
133660,130,-27.650
133670,130,-27.631
133680,130,-27.675
133690,130,-27.662
133700,130,-27.669
133710,130,-27.675
133720,130,-27.669
133730,130,-27.681
133740,130,-27.662
133750,130,-27.675
133760,130,-27.675
133770,130,-27.681
133780,130,-27.675
133790,130,-27.681
133800,130,-27.681
133810,130,-27.687
133820,130,-27.687
133830,130,-27.681
133840,130,-27.687
133850,130,-27.694
133860,130,-27.725
133870,130,-27.681
133880,130,-27.712
133890,130,-27.719
133900,130,-27.675
133910,130,-27.719
133920,130,-27.700
133930,130,-27.700
133940,130,-27.737
133950,130,-27.681
133960,130,-27.706
133970,130,-27.712
133980,130,-27.681
133990,130,-27.725
134000,130,-27.706
134010,130,-27.687
134020,130,-27.731
134030,130,-27.694
134040,130,-27.706
134050,130,-27.725
134060,130,-27.681
134070,130,-27.719
134080,130,-27.712
134090,130,-27.694
134100,130,-27.725
134110,130,-27.694
134120,130,-27.712
134130,130,-27.731
134140,130,-27.687
134150,130,-27.731
134160,130,-27.712
134170,130,-27.700
134180,130,-27.744
134190,130,-27.725
134200,130,-27.719
134210,130,-27.694
134220,130,-27.687
134230,130,-27.694
134240,130,-27.687
134250,130,-27.687
134260,130,-27.687
134270,130,-27.694
134280,130,-27.694
134290,130,-27.681
134300,130,-27.700
134310,130,-27.700
134320,130,-27.700
134330,130,-27.694
134340,130,-27.687
134350,130,-27.694
134360,130,-27.700
134370,130,-27.700
134380,130,-27.700
134390,130,-27.700
134400,130,-27.706
134410,130,-27.694
134420,130,-27.700
134430,130,-27.706
134440,130,-27.694
134450,130,-27.694
134460,130,-27.700
134470,130,-27.706
134480,130,-27.700
134490,130,-27.706
134500,130,-27.700
134510,130,-27.706
134520,130,-27.694
134530,130,-27.706
134540,130,-27.700
134550,130,-27.700
134560,130,-27.706
134570,130,-27.700
134580,130,-27.706
134590,130,-27.700
134600,130,-27.700
134610,130,-27.712
134620,130,-27.706
134630,130,-27.700
134640,130,-27.700
134650,130,-27.712
134660,130,-27.706
134670,130,-27.706
134680,130,-27.700
134690,130,-27.712
134700,130,-27.719
134710,130,-27.712
134720,130,-27.706
134730,130,-27.706
134740,130,-27.706
134750,130,-27.712
134760,130,-27.712
134770,130,-27.712
134780,130,-27.712
134790,130,-27.719
134800,130,-27.719
134810,130,-27.725
134820,130,-27.719
134830,130,-27.712
134840,130,-27.712
134850,130,-27.719
134860,130,-27.725
134870,130,-27.762
134880,130,-27.756
134890,130,-27.731
134900,130,-27.769
134910,130,-27.737
134920,130,-27.744
134930,130,-27.769
134940,130,-27.731
134950,130,-27.762
134960,130,-27.756
134970,130,-27.731
134980,130,-27.775
134990,130,-27.737
135000,130,-27.744
135010,130,-27.769
135020,130,-27.737
135030,130,-27.762
135040,130,-27.762
135050,130,-27.737
135060,130,-27.781
135070,130,-27.750
135080,130,-27.756
135090,130,-27.737
135100,130,-27.744
135110,130,-27.737
135120,130,-27.737
135130,130,-27.737
135140,130,-27.737
135150,130,-27.750
135160,130,-27.744
135170,130,-27.744
135180,130,-27.750
135190,130,-27.744
135200,130,-27.744
135210,130,-27.750
135220,130,-27.744
135230,130,-27.744
135240,130,-27.737
135250,130,-27.744
135260,130,-27.750
135270,130,-27.750
135280,130,-27.756
135290,130,-27.756
135300,130,-27.750
135310,130,-27.756
135320,130,-27.744
135330,130,-27.750
135340,130,-27.750
135350,130,-27.750
135360,130,-27.762
135370,130,-27.762
135380,130,-27.756
135390,130,-27.756
135400,130,-27.750
135410,130,-27.750
135420,130,-27.762
135430,130,-27.762
135440,130,-27.756
135450,130,-27.756
135460,130,-27.756
135470,130,-27.762
135480,130,-27.756
135490,130,-27.762
135500,130,-27.762
135510,130,-27.769
135520,130,-27.762
135530,130,-27.756
135540,130,-27.756
135550,130,-27.806
135560,130,-27.787
135570,130,-27.775
135580,130,-27.812
135590,130,-27.775
135600,130,-27.787
135610,130,-27.812
135620,130,-27.769
135630,130,-27.806
135640,130,-27.794
135650,130,-27.787
135660,130,-27.825
135670,130,-27.775
135680,130,-27.800
135690,130,-27.819
135700,130,-27.775
135710,130,-27.812
135720,130,-27.800
135730,130,-27.781
135740,130,-27.825
135750,130,-27.787
135760,130,-27.800
135770,130,-27.825
135780,130,-27.781
135790,130,-27.812
135800,130,-27.806
135810,130,-27.781
135820,130,-27.831
135830,130,-27.794
135840,130,-27.806
135850,130,-27.837
135860,130,-27.787
135870,130,-27.787
135880,130,-27.787
135890,130,-27.781
135900,130,-27.781
135910,130,-27.781
135920,130,-27.781
135930,130,-27.787
135940,130,-27.794
135950,130,-27.794
135960,130,-27.794
135970,130,-27.794
135980,130,-27.794
135990,130,-27.787
136000,130,-27.794
136010,130,-27.794
136020,130,-27.794
136030,130,-27.794
136040,130,-27.787
136050,130,-27.787
136060,130,-27.781
136070,130,-27.775
136080,130,-27.787
136090,130,-27.787
136100,130,-27.794
136110,130,-27.806
136120,130,-27.794
136130,130,-27.794
136140,130,-27.794
136150,130,-27.794
136160,130,-27.800
136170,130,-27.794
136180,130,-27.800
136190,130,-27.806
136200,130,-27.806
136210,130,-27.806
136220,130,-27.812
136230,130,-27.806
136240,130,-27.812
136250,130,-27.812
136260,130,-27.806
136270,130,-27.812
136280,130,-27.831
136290,130,-27.850
136300,130,-27.806
136310,130,-27.850
136320,130,-27.831
136330,130,-27.812
136340,130,-27.850
136350,130,-27.806
136360,130,-27.825
136370,130,-27.844
136380,130,-27.800
136390,130,-27.837
136400,130,-27.837
136410,130,-27.819
136420,130,-27.850
136430,130,-27.800
136440,130,-27.831
136450,130,-27.831
136460,130,-27.787
136470,130,-27.856
136480,130,-27.819
136490,130,-27.794
136500,130,-27.844
136510,130,-27.812
136520,130,-27.825
136530,130,-27.850
136540,130,-27.800
136550,130,-27.806
136560,130,-27.806
136570,130,-27.819
136580,130,-27.800
136590,130,-27.806
136600,130,-27.812
136610,130,-27.812
136620,130,-27.812
136630,130,-27.806
136640,130,-27.812
136650,130,-27.806
136660,130,-27.806
136670,130,-27.806
136680,130,-27.800
136690,130,-27.806
136700,130,-27.806
136710,130,-27.812
136720,130,-27.819
136730,130,-27.819
136740,130,-27.812
136750,130,-27.812
136760,130,-27.819
136770,130,-27.812
136780,130,-27.806
136790,130,-27.806
136800,130,-27.819
136810,130,-27.812
136820,130,-27.806
136830,130,-27.800
136840,130,-27.800
136850,130,-27.806
136860,130,-27.806
136870,130,-27.806
136880,130,-27.800
136890,130,-27.806
136900,130,-27.775
136910,130,-27.806
136920,130,-27.806
136930,130,-27.762
136940,130,-27.800
136950,130,-27.800
136960,130,-27.750
136970,130,-27.794
136980,130,-27.794
136990,130,-27.794
137000,130,-27.800
137010,135,-27.794
137020,135,-27.800
137030,135,-27.800
137040,135,-27.812
137050,135,-27.862
137060,135,-27.862
137070,135,-27.919
137080,135,-27.925
137090,135,-27.962
137100,135,-27.981
137110,135,-27.987
137120,135,-27.981
137130,135,-27.987
137140,135,-28.037
137150,135,-28.006
137160,135,-28.050
137170,135,-28.044
137180,135,-28.044
137190,135,-28.044
137200,135,-28.056
137210,135,-28.100
137220,135,-28.037
137230,135,-28.087
137240,135,-28.094
137250,135,-28.075
137260,135,-28.056
137270,135,-28.100
137280,135,-28.056
137290,135,-28.094
137300,135,-28.094
137310,135,-28.131
137320,135,-28.075
137330,135,-28.044
137340,135,-28.081
137350,135,-28.094
137360,135,-28.112
137370,135,-28.037
137380,135,-28.087
137390,135,-28.081
137400,135,-28.081
137410,135,-28.081
137420,135,-28.031
137430,135,-28.075
137440,135,-28.069
137450,135,-28.100
137460,135,-28.075
137470,135,-28.050
137480,135,-28.050
137490,135,-28.069
137500,135,-28.056
137510,135,-28.094
137520,135,-28.069
137530,135,-28.069
137540,135,-28.087
137550,135,-28.069
137560,135,-28.062
137570,135,-28.087
137580,135,-28.069
137590,135,-28.062
137600,135,-28.081
137610,135,-28.069
137620,135,-28.056
137630,135,-28.050
137640,135,-28.056
137650,135,-28.056
137660,135,-28.094
137670,135,-28.056
137680,135,-28.012
137690,135,-28.056
137700,135,-28.062
137710,135,-28.094
137720,135,-28.050
137730,135,-28.050
137740,135,-28.044
137750,135,-28.081
137760,135,-28.069
137770,135,-28.056
137780,135,-28.050
137790,135,-28.044
137800,135,-28.087
137810,135,-28.037
137820,135,-28.075
137830,135,-28.037
137840,135,-28.044
137850,135,-28.056
137860,135,-28.056
137870,135,-28.044
137880,135,-28.044
137890,135,-28.081
137900,135,-28.100
137910,135,-28.050
137920,135,-28.062
137930,135,-28.100
137940,135,-28.025
137950,135,-28.069
137960,135,-28.037
137970,135,-28.075
137980,135,-28.037
137990,135,-28.037
138000,135,-28.044
138010,135,-28.056
138020,135,-28.075
138030,135,-28.031
138040,135,-28.069
138050,135,-28.031
138060,135,-28.081
138070,135,-28.031
138080,135,-28.037
138090,135,-28.037
138100,135,-28.050
138110,135,-28.069
138120,135,-28.031
138130,135,-28.031
138140,135,-28.025
138150,135,-28.075
138160,135,-28.031
138170,135,-28.025
138180,135,-28.019
138190,135,-28.056
138200,135,-28.056
138210,135,-28.031
138220,135,-28.031
138230,135,-28.031
138240,135,-28.025
138250,135,-28.056
138260,135,-28.050
138270,135,-28.019
138280,135,-28.025
138290,135,-28.025
138300,135,-28.062
138310,135,-28.019
138320,135,-28.025
138330,135,-28.019
138340,135,-28.050
138350,135,-28.037
138360,135,-28.025
138370,135,-28.012
138380,135,-28.019
138390,135,-28.062
138400,135,-28.019
138410,135,-28.050
138420,135,-28.019
138430,135,-28.012
138440,135,-28.031
138450,135,-28.025
138460,135,-28.019
138470,135,-28.019
138480,135,-28.062
138490,135,-28.012
138500,135,-28.044
138510,135,-28.012
138520,135,-28.019
138530,135,-28.031
138540,135,-28.025
138550,135,-28.062
138560,135,-28.012
138570,135,-28.006
138580,135,-28.019
138590,135,-28.025
138600,135,-28.025
138610,135,-28.006
138620,135,-28.006
138630,135,-28.037
138640,135,-28.012
138650,135,-28.050
138660,135,-28.006
138670,135,-28.006
138680,135,-28.019
138690,135,-28.025
138700,135,-28.000
138710,135,-28.000
138720,135,-28.031
138730,135,-28.006
138740,135,-28.050
138750,135,-28.000
138760,135,-28.006
138770,135,-28.006
138780,135,-28.025
138790,135,-28.037
138800,135,-28.000
138810,135,-28.025
138820,135,-28.006
138830,135,-28.050
138840,135,-28.006
138850,135,-28.000
138860,135,-27.994
138870,135,-28.025
138880,135,-28.031
138890,135,-28.000
138900,135,-28.000
138910,135,-28.000
138920,135,-28.000
138930,135,-28.037
138940,135,-28.000
138950,135,-28.000
138960,135,-28.019
138970,135,-28.012
138980,135,-28.044
138990,135,-28.000
139000,135,-28.006
139010,135,-28.000
139020,135,-28.031
139030,135,-28.044
139040,135,-28.000
139050,135,-28.019
139060,135,-28.019
139070,135,-28.044
139080,135,-27.994
139090,135,-28.000
139100,135,-28.000
139110,135,-28.050
139120,135,-28.075
139130,135,-28.006
139140,135,-28.012
139150,135,-28.019
139160,135,-28.037
139170,135,-28.000
139180,135,-27.994
139190,135,-27.994
139200,135,-28.050
139210,135,-28.019
139220,135,-28.019
139230,135,-28.006
139240,135,-28.025
139250,135,-28.006
139260,135,-28.044
139270,135,-28.012
139280,135,-28.019
139290,135,-27.994
139300,135,-28.025
139310,135,-28.025
139320,135,-27.987
139330,135,-28.012
139340,135,-28.000
139350,135,-28.037
139360,135,-28.000
139370,135,-28.000
139380,135,-27.994
139390,135,-28.031
139400,135,-28.025
139410,135,-28.012
139420,135,-27.994
139430,135,-28.006
139440,135,-28.037
139450,135,-28.044
139460,135,-28.025
139470,135,-27.994
139480,135,-28.031
139490,135,-28.025
139500,135,-28.000
139510,135,-27.994
139520,135,-28.000
139530,135,-28.044
139540,135,-28.000
139550,135,-28.019
139560,135,-28.000
139570,135,-28.044
139580,135,-28.006
139590,135,-28.050
139600,135,-28.006
139610,135,-28.000
139620,135,-28.000
139630,135,-28.044
139640,135,-28.012
139650,135,-28.012
139660,135,-28.012
139670,135,-28.006
139680,135,-28.037
139690,135,-28.006
139700,135,-28.044
139710,135,-28.006
139720,135,-28.050
139730,135,-28.012
139740,135,-28.019
139750,135,-28.000
139760,135,-28.000
139770,135,-28.037
139780,135,-28.000
139790,135,-28.044
139800,135,-28.006
139810,135,-28.044
139820,135,-28.012
139830,135,-28.019
139840,135,-28.000
139850,135,-27.994
139860,135,-28.025
139870,135,-28.000
139880,135,-28.044
139890,135,-28.006
139900,135,-28.050
139910,135,-28.006
139920,135,-28.069
139930,135,-28.006
139940,135,-28.050
139950,135,-28.006
139960,135,-28.044
139970,135,-28.000
139980,135,-28.019
139990,135,-27.994
140000,135,-28.000
140010,135,-28.019
140020,135,-27.994
140030,135,-28.050
140040,135,-28.000
140050,135,-28.044
140060,135,-28.000
140070,135,-28.025
140080,135,-28.000
140090,135,-28.000
140100,135,-28.012
140110,135,-28.019
140120,135,-28.056
140130,135,-28.000
140140,135,-28.037
140150,135,-27.994
140160,135,-28.037
140170,135,-28.000
140180,135,-27.994
140190,135,-28.012
140200,135,-28.012
140210,135,-28.056
140220,135,-27.987
140230,135,-28.031
140240,135,-27.994
140250,135,-28.031
140260,135,-27.994
140270,135,-28.000
140280,135,-27.994
140290,135,-28.025
140300,135,-27.987
140310,135,-28.044
140320,135,-27.994
140330,135,-28.000
140340,135,-28.000
140350,135,-28.019
140360,135,-27.994
140370,135,-27.987
140380,135,-28.019
140390,135,-27.994
140400,135,-28.044
140410,135,-27.994
140420,135,-27.994
140430,135,-27.994
140440,135,-28.019
140450,135,-27.987
140460,135,-27.987
140470,135,-28.006
140480,135,-28.000
140490,135,-28.037
140500,135,-27.994
140510,135,-27.987
140520,135,-27.994
140530,135,-28.012
140540,135,-28.044
140550,135,-27.987
140560,135,-28.012
140570,135,-28.006
140580,135,-28.037
140590,135,-27.994
140600,135,-27.994
140610,135,-28.006
140620,135,-28.012
140630,135,-28.006
140640,135,-28.037
140650,135,-27.987
140660,135,-27.994
140670,135,-27.994
140680,135,-28.025
140690,135,-27.987
140700,135,-27.987
140710,135,-28.006
140720,135,-28.006
140730,135,-28.031
140740,135,-27.987
140750,135,-28.025
140760,135,-27.987
140770,135,-28.031
140780,135,-27.994
140790,135,-27.994
140800,135,-28.000
140810,135,-28.012
140820,135,-28.031
140830,135,-27.987
140840,135,-28.012
140850,135,-27.987
140860,135,-28.037
140870,135,-27.994
140880,135,-27.987
140890,135,-28.000
140900,135,-28.019
140910,135,-28.025
140920,135,-27.987
140930,135,-27.994
140940,135,-28.000
140950,135,-27.987
140960,135,-28.012
140970,135,-27.987
140980,135,-27.994
140990,135,-28.019
141000,135,-27.994
141010,135,-28.031
141020,135,-27.987
141030,135,-27.981
141040,135,-27.994
141050,135,-28.031
141060,135,-28.012
141070,135,-27.994
141080,135,-28.012
141090,135,-27.994
141100,135,-28.037
141110,135,-28.031
141120,135,-28.031
141130,135,-27.975
141140,135,-28.025
141150,135,-28.050
141160,135,-27.994
141170,135,-28.006
141180,135,-27.994
141190,135,-28.056
141200,135,-27.987
141210,135,-28.031
141220,135,-27.987
141230,135,-28.019
141240,135,-28.056
141250,135,-27.994
141260,135,-27.994
141270,135,-28.050
141280,135,-27.981
141290,135,-28.025
141300,135,-27.987
141310,135,-27.981
141320,135,-27.994
141330,135,-28.006
141340,135,-27.987
141350,135,-27.981
141360,135,-28.025
141370,135,-27.994
141380,135,-28.037
141390,135,-27.994
141400,135,-28.031
141410,135,-28.000
141420,135,-28.006
141430,135,-27.994
141440,135,-27.987
141450,135,-28.012
141460,135,-27.987
141470,135,-28.037
141480,135,-27.994
141490,135,-27.994
141500,135,-27.981
141510,135,-28.019
141520,135,-27.994
141530,135,-27.987
141540,135,-28.012
141550,135,-28.000
141560,135,-28.031
141570,135,-27.994
141580,135,-27.981
141590,135,-27.981
141600,135,-28.025
141610,135,-27.994
141620,135,-27.981
141630,135,-27.981
141640,135,-28.025
141650,135,-27.981
141660,135,-28.019
141670,135,-27.981
141680,135,-27.987
141690,135,-28.006
141700,135,-27.994
141710,135,-27.994
141720,135,-27.969
141730,135,-28.019
141740,135,-27.987
141750,135,-28.031
141760,135,-27.994
141770,135,-27.981
141780,135,-27.994
141790,135,-28.000
141800,135,-27.981
141810,135,-27.987
141820,135,-28.012
141830,135,-27.981
141840,135,-28.031
141850,135,-27.987
141860,135,-27.981
141870,135,-27.994
141880,135,-28.012
141890,135,-27.981
141900,135,-27.956
141910,135,-27.981
141920,135,-27.987
141930,135,-28.025
141940,135,-27.987
141950,135,-27.975
141960,135,-28.000
141970,135,-28.012
141980,135,-27.994
141990,135,-28.031
142000,135,-28.000
142010,140,-27.994
142020,140,-27.987
142030,140,-28.019
142040,140,-28.056
142050,140,-28.050
142060,140,-28.075
142070,140,-28.075
142080,140,-28.131
142090,140,-28.144
142100,140,-28.194
142110,140,-28.150
142120,140,-28.181
142130,140,-28.144
142140,140,-28.206
142150,140,-28.206
142160,140,-28.262
142170,140,-28.212
142180,140,-28.250
142190,140,-28.250
142200,140,-28.250
142210,140,-28.256
142220,140,-28.275
142230,140,-28.269
142240,140,-28.275
142250,140,-28.281
142260,140,-28.319
142270,140,-28.281
142280,140,-28.325
142290,140,-28.331
142300,140,-28.281
142310,140,-28.325
142320,140,-28.319
142330,140,-28.319
142340,140,-28.281
142350,140,-28.337
142360,140,-28.275
142370,140,-28.337
142380,140,-28.294
142390,140,-28.331
142400,140,-28.337
142410,140,-28.319
142420,140,-28.319
142430,140,-28.325
142440,140,-28.325
142450,140,-28.325
142460,140,-28.275
142470,140,-28.331
142480,140,-28.300
142490,140,-28.319
142500,140,-28.350
142510,140,-28.325
142520,140,-28.375
142530,140,-28.331
142540,140,-28.325
142550,140,-28.331
142560,140,-28.319
142570,140,-28.325
142580,140,-28.325
142590,140,-28.331
142600,140,-28.369
142610,140,-28.325
142620,140,-28.331
142630,140,-28.362
142640,140,-28.325
142650,140,-28.362
142660,140,-28.381
142670,140,-28.381
142680,140,-28.369
142690,140,-28.331
142700,140,-28.319
142710,140,-28.331
142720,140,-28.325
142730,140,-28.344
142740,140,-28.325
142750,140,-28.375
142760,140,-28.337
142770,140,-28.375
142780,140,-28.331
142790,140,-28.362
142800,140,-28.331
142810,140,-28.337
142820,140,-28.331
142830,140,-28.344
142840,140,-28.331
142850,140,-28.369
142860,140,-28.312
142870,140,-28.369
142880,140,-28.300
142890,140,-28.356
142900,140,-28.331
142910,140,-28.337
142920,140,-28.344
142930,140,-28.337
142940,140,-28.337
142950,140,-28.319
142960,140,-28.319
142970,140,-28.312
142980,140,-28.319
142990,140,-28.319
143000,140,-28.375
143010,140,-28.306
143020,140,-28.369
143030,140,-28.294
143040,140,-28.337
143050,140,-28.337
143060,140,-28.331
143070,140,-28.331
143080,140,-28.337
143090,140,-28.312
143100,140,-28.369
143110,140,-28.300
143120,140,-28.337
143130,140,-28.294
143140,140,-28.344
143150,140,-28.300
143160,140,-28.337
143170,140,-28.344
143180,140,-28.312
143190,140,-28.300
143200,140,-28.300
143210,140,-28.294
143220,140,-28.344
143230,140,-28.294
143240,140,-28.337
143250,140,-28.312
143260,140,-28.344
143270,140,-28.325
143280,140,-28.306
143290,140,-28.287
143300,140,-28.319
143310,140,-28.312
143320,140,-28.312
143330,140,-28.350
143340,140,-28.306
143350,140,-28.350
143360,140,-28.306
143370,140,-28.350
143380,140,-28.306
143390,140,-28.344
143400,140,-28.306
143410,140,-28.306
143420,140,-28.306
143430,140,-28.362
143440,140,-28.306
143450,140,-28.356
143460,140,-28.306
143470,140,-28.356
143480,140,-28.319
143490,140,-28.350
143500,140,-28.356
143510,140,-28.350
143520,140,-28.312
143530,140,-28.375
143540,140,-28.337
143550,140,-28.362
143560,140,-28.350
143570,140,-28.356
143580,140,-28.356
143590,140,-28.356
143600,140,-28.369
143610,140,-28.362
143620,140,-28.312
143630,140,-28.362
143640,140,-28.375
143650,140,-28.312
143660,140,-28.375
143670,140,-28.344
143680,140,-28.369
143690,140,-28.362
143700,140,-28.369
143710,140,-28.362
143720,140,-28.375
143730,140,-28.369
143740,140,-28.369
143750,140,-28.331
143760,140,-28.362
143770,140,-28.331
143780,140,-28.375
143790,140,-28.394
143800,140,-28.394
143810,140,-28.369
143820,140,-28.369
143830,140,-28.381
143840,140,-28.375
143850,140,-28.387
143860,140,-28.375
143870,140,-28.344
143880,140,-28.381
143890,140,-28.412
143900,140,-28.375
143910,140,-28.387
143920,140,-28.369
143930,140,-28.381
143940,140,-28.381
143950,140,-28.387
143960,140,-28.375
143970,140,-28.387
143980,140,-28.387
143990,140,-28.381
144000,140,-28.350
144010,140,-28.381
144020,140,-28.425
144030,140,-28.375
144040,140,-28.425
144050,140,-28.381
144060,140,-28.375
144070,140,-28.375
144080,140,-28.381
144090,140,-28.381
144100,140,-28.369
144110,140,-28.381
144120,140,-28.419
144130,140,-28.381
144140,140,-28.419
144150,140,-28.350
144160,140,-28.412
144170,140,-28.381
144180,140,-28.375
144190,140,-28.387
144200,140,-28.387
144210,140,-28.394
144220,140,-28.381
144230,140,-28.362
144240,140,-28.419
144250,140,-28.344
144260,140,-28.412
144270,140,-28.394
144280,140,-28.412
144290,140,-28.400
144300,140,-28.381
144310,140,-28.394
144320,140,-28.400
144330,140,-28.387
144340,140,-28.394
144350,140,-28.400
144360,140,-28.362
144370,140,-28.425
144380,140,-28.362
144390,140,-28.419
144400,140,-28.394
144410,140,-28.412
144420,140,-28.412
144430,140,-28.387
144440,140,-28.394
144450,140,-28.387
144460,140,-28.387
144470,140,-28.387
144480,140,-28.344
144490,140,-28.406
144500,140,-28.350
144510,140,-28.400
144520,140,-28.356
144530,140,-28.400
144540,140,-28.387
144550,140,-28.406
144560,140,-28.400
144570,140,-28.394
144580,140,-28.344
144590,140,-28.412
144600,140,-28.362
144610,140,-28.394
144620,140,-28.381
144630,140,-28.406
144640,140,-28.400
144650,140,-28.406
144660,140,-28.387
144670,140,-28.406
144680,140,-28.381
144690,140,-28.387
144700,140,-28.406
144710,140,-28.344
144720,140,-28.412
144730,140,-28.375
144740,140,-28.387
144750,140,-28.412
144760,140,-28.400
144770,140,-28.431
144780,140,-28.394
144790,140,-28.444
144800,140,-28.406
144810,140,-28.400
144820,140,-28.387
144830,140,-28.394
144840,140,-28.387
144850,140,-28.431
144860,140,-28.394
144870,140,-28.450
144880,140,-28.394
144890,140,-28.450
144900,140,-28.394
144910,140,-28.394
144920,140,-28.387
144930,140,-28.394
144940,140,-28.387
144950,140,-28.394
144960,140,-28.400
144970,140,-28.425
144980,140,-28.331
144990,140,-28.394
145000,140,-28.462
145010,140,-28.400
145020,140,-28.450
145030,140,-28.412
145040,140,-28.437
145050,140,-28.431
145060,140,-28.400
145070,140,-28.394
145080,140,-28.400
145090,140,-28.400
145100,140,-28.444
145110,140,-28.412
145120,140,-28.450
145130,140,-28.400
145140,140,-28.431
145150,140,-28.406
145160,140,-28.419
145170,140,-28.406
145180,140,-28.400
145190,140,-28.406
145200,140,-28.400
145210,140,-28.400
145220,140,-28.406
145230,140,-28.400
145240,140,-28.437
145250,140,-28.406
145260,140,-28.425
145270,140,-28.437
145280,140,-28.412
145290,140,-28.450
145300,140,-28.406
145310,140,-28.406
145320,140,-28.412
145330,140,-28.412
145340,140,-28.412
145350,140,-28.425
145360,140,-28.412
145370,140,-28.450
145380,140,-28.369
145390,140,-28.431
145400,140,-28.381
145410,140,-28.425
145420,140,-28.431
145430,140,-28.425
145440,140,-28.450
145450,140,-28.412
145460,140,-28.419
145470,140,-28.425
145480,140,-28.419
145490,140,-28.444
145500,140,-28.394
145510,140,-28.419
145520,140,-28.412
145530,140,-28.412
145540,140,-28.462
145550,140,-28.419
145560,140,-28.419
145570,140,-28.419
145580,140,-28.425
145590,140,-28.425
145600,140,-28.425
145610,140,-28.419
145620,140,-28.437
145630,140,-28.437
145640,140,-28.469
145650,140,-28.425
145660,140,-28.425
145670,140,-28.462
145680,140,-28.431
145690,140,-28.487
145700,140,-28.437
145710,140,-28.431
145720,140,-28.425
145730,140,-28.431
145740,140,-28.437
145750,140,-28.444
145760,140,-28.437
145770,140,-28.481
145780,140,-28.444
145790,140,-28.487
145800,140,-28.450
145810,140,-28.481
145820,140,-28.437
145830,140,-28.444
145840,140,-28.444
145850,140,-28.437
145860,140,-28.456
145870,140,-28.487
145880,140,-28.450
145890,140,-28.481
145900,140,-28.437
145910,140,-28.475
145920,140,-28.437
145930,140,-28.462
145940,140,-28.450
145950,140,-28.462
145960,140,-28.450
145970,140,-28.437
145980,140,-28.450
145990,140,-28.456
146000,140,-28.456
146010,140,-28.456
146020,140,-28.500
146030,140,-28.425
146040,140,-28.487
146050,140,-28.456
146060,140,-28.475
146070,140,-28.469
146080,140,-28.469
146090,140,-28.475
146100,140,-28.456
146110,140,-28.462
146120,140,-28.469
146130,140,-28.462
146140,140,-28.487
146150,140,-28.425
146160,140,-28.481
146170,140,-28.487
146180,140,-28.481
146190,140,-28.494
146200,140,-28.469
146210,140,-28.506
146220,140,-28.462
146230,140,-28.475
146240,140,-28.469
146250,140,-28.487
146260,140,-28.475
146270,140,-28.444
146280,140,-28.475
146290,140,-28.512
146300,140,-28.475
146310,140,-28.525
146320,140,-28.469
146330,140,-28.469
146340,140,-28.506
146350,140,-28.475
146360,140,-28.481
146370,140,-28.481
146380,140,-28.475
146390,140,-28.481
146400,140,-28.450
146410,140,-28.475
146420,140,-28.487
146430,140,-28.487
146440,140,-28.531
146450,140,-28.487
146460,140,-28.525
146470,140,-28.481
146480,140,-28.475
146490,140,-28.494
146500,140,-28.494
146510,140,-28.506
146520,140,-28.506
146530,140,-28.481
146540,140,-28.519
146550,140,-28.469
146560,140,-28.531
146570,140,-28.475
146580,140,-28.519
146590,140,-28.494
146600,140,-28.481
146610,140,-28.494
146620,140,-28.500
146630,140,-28.487
146640,140,-28.531
146650,140,-28.462
146660,140,-28.519
146670,140,-28.525
146680,140,-28.475
146690,140,-28.537
146700,140,-28.481
146710,140,-28.525
146720,140,-28.481
146730,140,-28.487
146740,140,-28.494
146750,140,-28.500
146760,140,-28.487
146770,140,-28.475
146780,140,-28.475
146790,140,-28.531
146800,140,-28.456
146810,140,-28.531
146820,140,-28.444
146830,140,-28.512
146840,140,-28.512
146850,140,-28.500
146860,140,-28.487
146870,140,-28.494
146880,140,-28.469
146890,140,-28.525
146900,140,-28.437
146910,140,-28.506
146920,140,-28.444
146930,140,-28.500
146940,140,-28.500
146950,140,-28.481
146960,140,-28.487
146970,140,-28.481
146980,140,-28.481
146990,140,-28.494
147000,140,-28.500
147010,145,-28.481
147020,145,-28.512
147030,145,-28.481
147040,145,-28.500
147050,145,-28.550
147060,145,-28.556
147070,145,-28.612
147080,145,-28.625
147090,145,-28.681
147100,145,-28.644
147110,145,-28.706
147120,145,-28.700
147130,145,-28.700
147140,145,-28.706
147150,145,-28.744
147160,145,-28.762
147170,145,-28.744
147180,145,-28.775
147190,145,-28.775
147200,145,-28.762
147210,145,-28.769
147220,145,-28.775
147230,145,-28.775
147240,145,-28.812
147250,145,-28.812
147260,145,-28.806
147270,145,-28.837
147280,145,-28.769
147290,145,-28.819
147300,145,-28.775
147310,145,-28.812
147320,145,-28.812
147330,145,-28.812
147340,145,-28.806
147350,145,-28.844
147360,145,-28.794
147370,145,-28.806
147380,145,-28.800
147390,145,-28.806
147400,145,-28.831
147410,145,-28.856
147420,145,-28.825
147430,145,-28.806
147440,145,-28.800
147450,145,-28.800
147460,145,-28.800
147470,145,-28.825
147480,145,-28.831
147490,145,-28.812
147500,145,-28.812
147510,145,-28.806
147520,145,-28.812
147530,145,-28.819
147540,145,-28.831
147550,145,-28.825
147560,145,-28.800
147570,145,-28.806
147580,145,-28.794
147590,145,-28.806
147600,145,-28.812
147610,145,-28.831
147620,145,-28.825
147630,145,-28.825
147640,145,-28.800
147650,145,-28.800
147660,145,-28.806
147670,145,-28.825
147680,145,-28.881
147690,145,-28.812
147700,145,-28.806
147710,145,-28.806
147720,145,-28.850
147730,145,-28.862
147740,145,-28.856
147750,145,-28.856
147760,145,-28.806
147770,145,-28.812
147780,145,-28.812
147790,145,-28.812
147800,145,-28.856
147810,145,-28.850
147820,145,-28.862
147830,145,-28.806
147840,145,-28.806
147850,145,-28.812
147860,145,-28.844
147870,145,-28.831
147880,145,-28.856
147890,145,-28.856
147900,145,-28.800
147910,145,-28.806
147920,145,-28.812
147930,145,-28.837
147940,145,-28.831
147950,145,-28.837
147960,145,-28.850
147970,145,-28.812
147980,145,-28.812
147990,145,-28.837
148000,145,-28.844
148010,145,-28.825
148020,145,-28.812
148030,145,-28.825
148040,145,-28.812
148050,145,-28.856
148060,145,-28.862
148070,145,-28.844
148080,145,-28.844
148090,145,-28.812
148100,145,-28.806
148110,145,-28.800
148120,145,-28.850
148130,145,-28.856
148140,145,-28.856
148150,145,-28.850
148160,145,-28.806
148170,145,-28.806
148180,145,-28.856
148190,145,-28.844
148200,145,-28.850
148210,145,-28.856
148220,145,-28.844
148230,145,-28.800
148240,145,-28.800
148250,145,-28.837
148260,145,-28.850
148270,145,-28.850
148280,145,-28.806
148290,145,-28.850
148300,145,-28.806
148310,145,-28.800
148320,145,-28.837
148330,145,-28.844
148340,145,-28.844
148350,145,-28.800
148360,145,-28.844
148370,145,-28.837
148380,145,-28.837
148390,145,-28.831
148400,145,-28.800
148410,145,-28.819
148420,145,-28.856
148430,145,-28.844
148440,145,-28.837
148450,145,-28.837
148460,145,-28.831
148470,145,-28.794
148480,145,-28.862
148490,145,-28.856
148500,145,-28.844
148510,145,-28.844
148520,145,-28.837
148530,145,-28.837
148540,145,-28.831
148550,145,-28.831
148560,145,-28.844
148570,145,-28.850
148580,145,-28.837
148590,145,-28.794
148600,145,-28.844
148610,145,-28.819
148620,145,-28.819
148630,145,-28.825
148640,145,-28.831
148650,145,-28.837
148660,145,-28.800
148670,145,-28.812
148680,145,-28.806
148690,145,-28.869
148700,145,-28.825
148710,145,-28.800
148720,145,-28.844
148730,145,-28.844
148740,145,-28.837
148750,145,-28.825
148760,145,-28.794
148770,145,-28.825
148780,145,-28.831
148790,145,-28.844
148800,145,-28.837
148810,145,-28.837
148820,145,-28.837
148830,145,-28.794
148840,145,-28.856
148850,145,-28.837
148860,145,-28.831
148870,145,-28.837
148880,145,-28.844
148890,145,-28.837
148900,145,-28.800
148910,145,-28.812
148920,145,-28.819
148930,145,-28.819
148940,145,-28.825
148950,145,-28.787
148960,145,-28.831
148970,145,-28.794
148980,145,-28.819
148990,145,-28.812
149000,145,-28.819
149010,145,-28.831
149020,145,-28.787
149030,145,-28.837
149040,145,-28.831
149050,145,-28.825
149060,145,-28.819
149070,145,-28.787
149080,145,-28.787
149090,145,-28.837
149100,145,-28.825
149110,145,-28.831
149120,145,-28.819
149130,145,-28.819
149140,145,-28.781
149150,145,-28.775
149160,145,-28.819
149170,145,-28.831
149180,145,-28.837
149190,145,-28.787
149200,145,-28.831
149210,145,-28.781
149220,145,-28.812
149230,145,-28.819
149240,145,-28.831
149250,145,-28.837
149260,145,-28.781
149270,145,-28.831
149280,145,-28.787
149290,145,-28.800
149300,145,-28.812
149310,145,-28.819
149320,145,-28.825
149330,145,-28.787
149340,145,-28.850
149350,145,-28.812
149360,145,-28.800
149370,145,-28.812
149380,145,-28.787
149390,145,-28.787
149400,145,-28.837
149410,145,-28.837
149420,145,-28.831
149430,145,-28.831
149440,145,-28.825
149450,145,-28.794
149460,145,-28.794
149470,145,-28.844
149480,145,-28.831
149490,145,-28.844
149500,145,-28.794
149510,145,-28.831
149520,145,-28.794
149530,145,-28.831
149540,145,-28.837
149550,145,-28.844
149560,145,-28.837
149570,145,-28.794
149580,145,-28.850
149590,145,-28.812
149600,145,-28.825
149610,145,-28.819
149620,145,-28.825
149630,145,-28.837
149640,145,-28.819
149650,145,-28.869
149660,145,-28.825
149670,145,-28.819
149680,145,-28.831
149690,145,-28.831
149700,145,-28.862
149710,145,-28.862
149720,145,-28.850
149730,145,-28.837
149740,145,-28.806
149750,145,-28.831
149760,145,-28.850
149770,145,-28.856
149780,145,-28.862
149790,145,-28.856
149800,145,-28.850
149810,145,-28.806
149820,145,-28.881
149830,145,-28.850
149840,145,-28.850
149850,145,-28.850
149860,145,-28.856
149870,145,-28.869
149880,145,-28.837
149890,145,-28.831
149900,145,-28.837
149910,145,-28.837
149920,145,-28.850
149930,145,-28.806
149940,145,-28.875
149950,145,-28.837
149960,145,-28.837
149970,145,-28.831
149980,145,-28.837
149990,145,-28.844
150000,145,-28.837
150010,145,-28.875
150020,145,-28.837
150030,145,-28.831
150040,145,-28.881
150050,145,-28.856
150060,145,-28.856
150070,145,-28.869
150080,145,-28.869
150090,145,-28.869
150100,145,-28.869
150110,145,-28.887
150120,145,-28.850
150130,145,-28.856
150140,145,-28.869
150150,145,-28.869
150160,145,-28.869
150170,145,-28.844
150180,145,-28.894
150190,145,-28.856
150200,145,-28.856
150210,145,-28.862
150220,145,-28.875
150230,145,-28.900
150240,145,-28.850
150250,145,-28.850
150260,145,-28.850
150270,145,-28.844
150280,145,-28.856
150290,145,-28.862
150300,145,-28.900
150310,145,-28.856
150320,145,-28.856
150330,145,-28.856
150340,145,-28.856
150350,145,-28.850
150360,145,-28.875
150370,145,-28.900
150380,145,-28.894
150390,145,-28.887
150400,145,-28.887
150410,145,-28.856
150420,145,-28.869
150430,145,-28.875
150440,145,-28.875
150450,145,-28.887
150460,145,-28.862
150470,145,-28.900
150480,145,-28.869
150490,145,-28.856
150500,145,-28.862
150510,145,-28.881
150520,145,-28.881
150530,145,-28.869
150540,145,-28.912
150550,145,-28.862
150560,145,-28.862
150570,145,-28.862
150580,145,-28.869
150590,145,-28.906
150600,145,-28.869
150610,145,-28.862
150620,145,-28.862
150630,145,-28.862
150640,145,-28.862
150650,145,-28.894
150660,145,-28.906
150670,145,-28.881
150680,145,-28.875
150690,145,-28.862
150700,145,-28.875
150710,145,-28.906
150720,145,-28.881
150730,145,-28.881
150740,145,-28.887
150750,145,-28.912
150760,145,-28.919
150770,145,-28.869
150780,145,-28.875
150790,145,-28.869
150800,145,-28.875
150810,145,-28.919
150820,145,-28.875
150830,145,-28.912
150840,145,-28.869
150850,145,-28.869
150860,145,-28.869
150870,145,-28.912
150880,145,-28.912
150890,145,-28.887
150900,145,-28.919
150910,145,-28.875
150920,145,-28.881
150930,145,-28.912
150940,145,-28.906
150950,145,-28.962
150960,145,-28.894
150970,145,-28.887
150980,145,-28.881
150990,145,-28.912
151000,145,-28.894
151010,145,-28.906
151020,145,-28.894
151030,145,-28.900
151040,145,-28.894
151050,145,-28.944
151060,145,-28.881
151070,145,-28.875
151080,145,-28.875
151090,145,-28.912
151100,145,-28.925
151110,145,-28.887
151120,145,-28.881
151130,145,-28.887
151140,145,-28.894
151150,145,-28.919
151160,145,-28.912
151170,145,-28.962
151180,145,-28.906
151190,145,-28.906
151200,145,-28.894
151210,145,-28.931
151220,145,-28.906
151230,145,-28.925
151240,145,-28.919
151250,145,-28.906
151260,145,-28.906
151270,145,-28.931
151280,145,-28.937
151290,145,-28.950
151300,145,-28.906
151310,145,-28.925
151320,145,-28.937
151330,145,-28.937
151340,145,-28.906
151350,145,-28.931
151360,145,-28.894
151370,145,-28.937
151380,145,-28.931
151390,145,-28.975
151400,145,-28.906
151410,145,-28.900
151420,145,-28.931
151430,145,-28.925
151440,145,-28.956
151450,145,-28.912
151460,145,-28.912
151470,145,-28.919
151480,145,-28.937
151490,145,-28.900
151500,145,-28.931
151510,145,-28.912
151520,145,-28.919
151530,145,-28.931
151540,145,-28.937
151550,145,-28.944
151560,145,-28.919
151570,145,-28.900
151580,145,-28.912
151590,145,-28.931
151600,145,-28.937
151610,145,-28.887
151620,145,-28.944
151630,145,-28.894
151640,145,-28.937
151650,145,-28.937
151660,145,-28.906
151670,145,-28.962
151680,145,-28.900
151690,145,-28.894
151700,145,-28.937
151710,145,-28.937
151720,145,-28.937
151730,145,-28.919
151740,145,-28.937
151750,145,-28.944
151760,145,-28.900
151770,145,-28.937
151780,145,-28.931
151790,145,-28.906
151800,145,-28.937
151810,145,-28.937
151820,145,-28.950
151830,145,-28.894
151840,145,-28.944
151850,145,-28.900
151860,145,-28.937
151870,145,-28.931
151880,145,-28.931
151890,145,-28.969
151900,145,-28.894
151910,145,-28.950
151920,145,-28.937
151930,145,-28.944
151940,145,-28.987
151950,145,-28.925
151960,145,-28.944
151970,145,-28.950
151980,145,-28.937
151990,145,-28.981
152000,145,-28.937
152010,150,-28.937
152020,150,-28.944
152030,150,-28.944
152040,150,-28.975
152050,150,-28.987
152060,150,-29.006
152070,150,-29.044
152080,150,-29.000
152090,150,-29.062
152100,150,-29.081
152110,150,-29.062
152120,150,-29.094
152130,150,-29.044
152140,150,-29.075
152150,150,-29.125
152160,150,-29.075
152170,150,-29.069
152180,150,-29.100
152190,150,-29.112
152200,150,-29.100
152210,150,-29.094
152220,150,-29.137
152230,150,-29.137
152240,150,-29.112
152250,150,-29.144
152260,150,-29.106
152270,150,-29.137
152280,150,-29.144
152290,150,-29.100
152300,150,-29.131
152310,150,-29.119
152320,150,-29.069
152330,150,-29.100
152340,150,-29.100
152350,150,-29.094
152360,150,-29.100
152370,150,-29.125
152380,150,-29.125
152390,150,-29.131
152400,150,-29.169
152410,150,-29.106
152420,150,-29.144
152430,150,-29.181
152440,150,-29.137
152450,150,-29.144
152460,150,-29.106
152470,150,-29.144
152480,150,-29.112
152490,150,-29.069
152500,150,-29.125
152510,150,-29.131
152520,150,-29.100
152530,150,-29.087
152540,150,-29.144
152550,150,-29.112
152560,150,-29.106
152570,150,-29.119
152580,150,-29.119
152590,150,-29.137
152600,150,-29.094
152610,150,-29.100
152620,150,-29.137
152630,150,-29.119
152640,150,-29.112
152650,150,-29.112
152660,150,-29.119
152670,150,-29.144
152680,150,-29.100
152690,150,-29.087
152700,150,-29.144
152710,150,-29.112
152720,150,-29.106
152730,150,-29.106
152740,150,-29.131
152750,150,-29.125
152760,150,-29.119
152770,150,-29.106
152780,150,-29.119
152790,150,-29.150
152800,150,-29.094
152810,150,-29.106
152820,150,-29.144
152830,150,-29.131
152840,150,-29.125
152850,150,-29.106
152860,150,-29.112
152870,150,-29.150
152880,150,-29.094
152890,150,-29.100
152900,150,-29.137
152910,150,-29.125
152920,150,-29.131
152930,150,-29.106
152940,150,-29.106
152950,150,-29.150
152960,150,-29.100
152970,150,-29.150
152980,150,-29.131
152990,150,-29.137
153000,150,-29.144
153010,150,-29.125
153020,150,-29.150
153030,150,-29.169
153040,150,-29.100
153050,150,-29.156
153060,150,-29.187
153070,150,-29.137
153080,150,-29.112
153090,150,-29.100
153100,150,-29.137
153110,150,-29.131
153120,150,-29.144
153130,150,-29.125
153140,150,-29.150
153150,150,-29.181
153160,150,-29.119
153170,150,-29.156
153180,150,-29.175
153190,150,-29.144
153200,150,-29.162
153210,150,-29.131
153220,150,-29.162
153230,150,-29.150
153240,150,-29.119
153250,150,-29.150
153260,150,-29.131
153270,150,-29.162
153280,150,-29.112
153290,150,-29.106
153300,150,-29.131
153310,150,-29.137
153320,150,-29.125
153330,150,-29.125
153340,150,-29.150
153350,150,-29.106
153360,150,-29.112
153370,150,-29.150
153380,150,-29.131
153390,150,-29.125
153400,150,-29.119
153410,150,-29.156
153420,150,-29.162
153430,150,-29.156
153440,150,-29.125
153450,150,-29.150
153460,150,-29.112
153470,150,-29.144
153480,150,-29.112
153490,150,-29.094
153500,150,-29.137
153510,150,-29.125
153520,150,-29.081
153530,150,-29.100
153540,150,-29.119
153550,150,-29.112
153560,150,-29.106
153570,150,-29.094
153580,150,-29.137
153590,150,-29.137
153600,150,-29.100
153610,150,-29.106
153620,150,-29.144
153630,150,-29.112
153640,150,-29.106
153650,150,-29.137
153660,150,-29.137
153670,150,-29.144
153680,150,-29.106
153690,150,-29.112
153700,150,-29.150
153710,150,-29.112
153720,150,-29.112
153730,150,-29.131
153740,150,-29.131
153750,150,-29.112
153760,150,-29.119
153770,150,-29.106
153780,150,-29.137
153790,150,-29.137
153800,150,-29.144
153810,150,-29.112
153820,150,-29.112
153830,150,-29.125
153840,150,-29.119
153850,150,-29.081
153860,150,-29.131
153870,150,-29.131
153880,150,-29.100
153890,150,-29.112
153900,150,-29.112
153910,150,-29.125
153920,150,-29.125
153930,150,-29.125
153940,150,-29.131
153950,150,-29.156
153960,150,-29.106
153970,150,-29.112
153980,150,-29.150
153990,150,-29.131
154000,150,-29.125
154010,150,-29.125
154020,150,-29.125
154030,150,-29.162
154040,150,-29.119
154050,150,-29.106
154060,150,-29.150
154070,150,-29.131
154080,150,-29.125
154090,150,-29.112
154100,150,-29.150
154110,150,-29.125
154120,150,-29.137
154130,150,-29.112
154140,150,-29.131
154150,150,-29.156
154160,150,-29.119
154170,150,-29.119
154180,150,-29.150
154190,150,-29.137
154200,150,-29.131
154210,150,-29.106
154220,150,-29.112
154230,150,-29.156
154240,150,-29.112
154250,150,-29.125
154260,150,-29.144
154270,150,-29.144
154280,150,-29.144
154290,150,-29.106
154300,150,-29.150
154310,150,-29.144
154320,150,-29.119
154330,150,-29.162
154340,150,-29.187
154350,150,-29.156
154360,150,-29.162
154370,150,-29.137
154380,150,-29.156
154390,150,-29.187
154400,150,-29.112
154410,150,-29.156
154420,150,-29.162
154430,150,-29.156
154440,150,-29.119
154450,150,-29.125
154460,150,-29.137
154470,150,-29.131
154480,150,-29.150
154490,150,-29.106
154500,150,-29.150
154510,150,-29.194
154520,150,-29.125
154530,150,-29.162
154540,150,-29.169
154550,150,-29.156
154560,150,-29.181
154570,150,-29.119
154580,150,-29.156
154590,150,-29.156
154600,150,-29.131
154610,150,-29.125
154620,150,-29.131
154630,150,-29.112
154640,150,-29.119
154650,150,-29.150
154660,150,-29.137
154670,150,-29.137
154680,150,-29.112
154690,150,-29.125
154700,150,-29.162
154710,150,-29.112
154720,150,-29.112
154730,150,-29.150
154740,150,-29.131
154750,150,-29.137
154760,150,-29.156
154770,150,-29.112
154780,150,-29.150
154790,150,-29.137
154800,150,-29.131
154810,150,-29.119
154820,150,-29.119
154830,150,-29.125
154840,150,-29.112
154850,150,-29.087
154860,150,-29.137
154870,150,-29.144
154880,150,-29.100
154890,150,-29.112
154900,150,-29.119
154910,150,-29.125
154920,150,-29.119
154930,150,-29.100
154940,150,-29.137
154950,150,-29.144
154960,150,-29.094
154970,150,-29.112
154980,150,-29.119
154990,150,-29.119
155000,150,-29.106
155010,150,-29.137
155020,150,-29.144
155030,150,-29.150
155040,150,-29.100
155050,150,-29.106
155060,150,-29.156
155070,150,-29.125
155080,150,-29.119
155090,150,-29.125
155100,150,-29.087
155110,150,-29.131
155120,150,-29.119
155130,150,-29.081
155140,150,-29.125
155150,150,-29.137
155160,150,-29.106
155170,150,-29.106
155180,150,-29.162
155190,150,-29.137
155200,150,-29.119
155210,150,-29.125
155220,150,-29.131
155230,150,-29.150
155240,150,-29.100
155250,150,-29.106
155260,150,-29.144
155270,150,-29.119
155280,150,-29.112
155290,150,-29.119
155300,150,-29.119
155310,150,-29.144
155320,150,-29.112
155330,150,-29.156
155340,150,-29.194
155350,150,-29.125
155360,150,-29.144
155370,150,-29.144
155380,150,-29.150
155390,150,-29.150
155400,150,-29.100
155410,150,-29.137
155420,150,-29.137
155430,150,-29.081
155440,150,-29.106
155450,150,-29.150
155460,150,-29.175
155470,150,-29.137
155480,150,-29.150
155490,150,-29.119
155500,150,-29.144
155510,150,-29.144
155520,150,-29.106
155530,150,-29.150
155540,150,-29.131
155550,150,-29.125
155560,150,-29.094
155570,150,-29.144
155580,150,-29.112
155590,150,-29.112
155600,150,-29.112
155610,150,-29.125
155620,150,-29.144
155630,150,-29.100
155640,150,-29.100
155650,150,-29.144
155660,150,-29.119
155670,150,-29.144
155680,150,-29.144
155690,150,-29.144
155700,150,-29.162
155710,150,-29.100
155720,150,-29.137
155730,150,-29.187
155740,150,-29.106
155750,150,-29.137
155760,150,-29.137
155770,150,-29.125
155780,150,-29.112
155790,150,-29.131
155800,150,-29.137
155810,150,-29.131
155820,150,-29.156
155830,150,-29.094
155840,150,-29.131
155850,150,-29.169
155860,150,-29.119
155870,150,-29.125
155880,150,-29.131
155890,150,-29.125
155900,150,-29.087
155910,150,-29.112
155920,150,-29.119
155930,150,-29.119
155940,150,-29.094
155950,150,-29.094
155960,150,-29.131
155970,150,-29.094
155980,150,-29.100
155990,150,-29.106
156000,150,-29.131
156010,150,-29.150
156020,150,-29.094
156030,150,-29.131
156040,150,-29.175
156050,150,-29.094
156060,150,-29.131
156070,150,-29.144
156080,150,-29.131
156090,150,-29.125
156100,150,-29.119
156110,150,-29.100
156120,150,-29.125
156130,150,-29.150
156140,150,-29.087
156150,150,-29.125
156160,150,-29.175
156170,150,-29.106
156180,150,-29.131
156190,150,-29.125
156200,150,-29.119
156210,150,-29.087
156220,150,-29.112
156230,150,-29.112
156240,150,-29.119
156250,150,-29.081
156260,150,-29.087
156270,150,-29.125
156280,150,-29.087
156290,150,-29.081
156300,150,-29.119
156310,150,-29.106
156320,150,-29.125
156330,150,-29.106
156340,150,-29.125
156350,150,-29.162
156360,150,-29.081
156370,150,-29.125
156380,150,-29.156
156390,150,-29.125
156400,150,-29.131
156410,150,-29.100
156420,150,-29.125
156430,150,-29.131
156440,150,-29.112
156450,150,-29.075
156460,150,-29.125
156470,150,-29.162
156480,150,-29.094
156490,150,-29.125
156500,150,-29.137
156510,150,-29.112
156520,150,-29.112
156530,150,-29.081
156540,150,-29.125
156550,150,-29.119
156560,150,-29.075
156570,150,-29.087
156580,150,-29.119
156590,150,-29.069
156600,150,-29.081
156610,150,-29.119
156620,150,-29.100
156630,150,-29.094
156640,150,-29.081
156650,150,-29.087
156660,150,-29.119
156670,150,-29.075
156680,150,-29.075
156690,150,-29.112
156700,150,-29.106
156710,150,-29.100
156720,150,-29.094
156730,150,-29.112
156740,150,-29.137
156750,150,-29.075
156760,150,-29.112
156770,150,-29.144
156780,150,-29.100
156790,150,-29.081
156800,150,-29.075
156810,150,-29.094
156820,150,-29.106
156830,150,-29.125
156840,150,-29.087
156850,150,-29.106
156860,150,-29.144
156870,150,-29.075
156880,150,-29.106
156890,150,-29.131
156900,150,-29.106
156910,150,-29.119
156920,150,-29.119
156930,150,-29.106
156940,150,-29.112
156950,150,-29.112
156960,150,-29.081
156970,150,-29.112
156980,150,-29.069
156990,150,-29.075
157000,150,-29.119
157010,155,-29.100
157020,155,-29.119
157030,155,-29.106
157040,155,-29.119
157050,155,-29.144
157060,155,-29.119
157070,155,-29.156
157080,155,-29.181
157090,155,-29.156
157100,155,-29.219
157110,155,-29.212
157120,155,-29.256
157130,155,-29.244
157140,155,-29.231
157150,155,-29.181
157160,155,-29.212
157170,155,-29.212
157180,155,-29.181
157190,155,-29.225
157200,155,-29.206
157210,155,-29.206
157220,155,-29.244
157230,155,-29.187
157240,155,-29.212
157250,155,-29.250
157260,155,-29.225
157270,155,-29.212
157280,155,-29.244
157290,155,-29.206
157300,155,-29.244
157310,155,-29.237
157320,155,-29.212
157330,155,-29.256
157340,155,-29.219
157350,155,-29.237
157360,155,-29.244
157370,155,-29.250
157380,155,-29.212
157390,155,-29.244
157400,155,-29.244
157410,155,-29.250
157420,155,-29.212
157430,155,-29.212
157440,155,-29.237
157450,155,-29.250
157460,155,-29.244
157470,155,-29.219
157480,155,-29.250
157490,155,-29.206
157500,155,-29.237
157510,155,-29.250
157520,155,-29.206
157530,155,-29.250
157540,155,-29.225
157550,155,-29.219
157560,155,-29.225
157570,155,-29.250
157580,155,-29.194
157590,155,-29.244
157600,155,-29.256
157610,155,-29.225
157620,155,-29.231
157630,155,-29.231
157640,155,-29.206
157650,155,-29.256
157660,155,-29.225
157670,155,-29.262
157680,155,-29.250
157690,155,-29.225
157700,155,-29.262
157710,155,-29.231
157720,155,-29.225
157730,155,-29.256
157740,155,-29.219
157750,155,-29.269
157760,155,-29.281
157770,155,-29.225
157780,155,-29.212
157790,155,-29.262
157800,155,-29.287
157810,155,-29.219
157820,155,-29.237
157830,155,-29.250
157840,155,-29.250
157850,155,-29.231
157860,155,-29.225
157870,155,-29.231
157880,155,-29.275
157890,155,-29.219
157900,155,-29.262
157910,155,-29.244
157920,155,-29.225
157930,155,-29.269
157940,155,-29.231
157950,155,-29.237
157960,155,-29.275
157970,155,-29.225
157980,155,-29.269
157990,155,-29.269
158000,155,-29.237
158010,155,-29.231
158020,155,-29.306
158030,155,-29.206
158040,155,-29.244
158050,155,-29.281
158060,155,-29.237
158070,155,-29.250
158080,155,-29.269
158090,155,-29.237
158100,155,-29.287
158110,155,-29.231
158120,155,-29.256
158130,155,-29.262
158140,155,-29.244
158150,155,-29.231
158160,155,-29.269
158170,155,-29.219
158180,155,-29.269
158190,155,-29.281
158200,155,-29.225
158210,155,-29.219
158220,155,-29.312
158230,155,-29.206
158240,155,-29.244
158250,155,-29.306
158260,155,-29.212
158270,155,-29.250
158280,155,-29.262
158290,155,-29.237
158300,155,-29.281
158310,155,-29.244
158320,155,-29.244
158330,155,-29.275
158340,155,-29.244
158350,155,-29.275
158360,155,-29.275
158370,155,-29.237
158380,155,-29.269
158390,155,-29.250
158400,155,-29.275
158410,155,-29.244
158420,155,-29.237
158430,155,-29.231
158440,155,-29.319
158450,155,-29.225
158460,155,-29.225
158470,155,-29.250
158480,155,-29.281
158490,155,-29.237
158500,155,-29.275
158510,155,-29.269
158520,155,-29.244
158530,155,-29.294
158540,155,-29.244
158550,155,-29.250
158560,155,-29.281
158570,155,-29.237
158580,155,-29.275
158590,155,-29.262
158600,155,-29.281
158610,155,-29.275
158620,155,-29.237
158630,155,-29.244
158640,155,-29.306
158650,155,-29.231
158660,155,-29.250
158670,155,-29.325
158680,155,-29.269
158690,155,-29.244
158700,155,-29.281
158710,155,-29.256
158720,155,-29.262
158730,155,-29.281
158740,155,-29.244
158750,155,-29.281
158760,155,-29.269
158770,155,-29.250
158780,155,-29.287
158790,155,-29.287
158800,155,-29.256
158810,155,-29.225
158820,155,-29.262
158830,155,-29.256
158840,155,-29.294
158850,155,-29.256
158860,155,-29.244
158870,155,-29.319
158880,155,-29.275
158890,155,-29.244
158900,155,-29.281
158910,155,-29.256
158920,155,-29.250
158930,155,-29.281
158940,155,-29.244
158950,155,-29.287
158960,155,-29.294
158970,155,-29.244
158980,155,-29.281
158990,155,-29.281
159000,155,-29.250
159010,155,-29.287
159020,155,-29.312
159030,155,-29.237
159040,155,-29.269
159050,155,-29.287
159060,155,-29.269
159070,155,-29.256
159080,155,-29.256
159090,155,-29.300
159100,155,-29.281
159110,155,-29.250
159120,155,-29.275
159130,155,-29.281
159140,155,-29.244
159150,155,-29.269
159160,155,-29.294
159170,155,-29.256
159180,155,-29.300
159190,155,-29.294
159200,155,-29.250
159210,155,-29.294
159220,155,-29.294
159230,155,-29.262
159240,155,-29.294
159250,155,-29.312
159260,155,-29.294
159270,155,-29.281
159280,155,-29.287
159290,155,-29.325
159300,155,-29.300
159310,155,-29.262
159320,155,-29.312
159330,155,-29.300
159340,155,-29.250
159350,155,-29.331
159360,155,-29.275
159370,155,-29.256
159380,155,-29.294
159390,155,-29.256
159400,155,-29.269
159410,155,-29.294
159420,155,-29.250
159430,155,-29.294
159440,155,-29.294
159450,155,-29.250
159460,155,-29.287
159470,155,-29.287
159480,155,-29.287
159490,155,-29.294
159500,155,-29.262
159510,155,-29.287
159520,155,-29.325
159530,155,-29.250
159540,155,-29.294
159550,155,-29.344
159560,155,-29.256
159570,155,-29.250
159580,155,-29.331
159590,155,-29.262
159600,155,-29.262
159610,155,-29.319
159620,155,-29.250
159630,155,-29.275
159640,155,-29.300
159650,155,-29.262
159660,155,-29.300
159670,155,-29.275
159680,155,-29.269
159690,155,-29.294
159700,155,-29.256
159710,155,-29.275
159720,155,-29.294
159730,155,-29.300
159740,155,-29.300
159750,155,-29.269
159760,155,-29.294
159770,155,-29.294
159780,155,-29.256
159790,155,-29.300
159800,155,-29.300
159810,155,-29.250
159820,155,-29.262
159830,155,-29.300
159840,155,-29.319
159850,155,-29.287
159860,155,-29.281
159870,155,-29.287
159880,155,-29.275
159890,155,-29.300
159900,155,-29.262
159910,155,-29.306
159920,155,-29.300
159930,155,-29.250
159940,155,-29.344
159950,155,-29.294
159960,155,-29.250
159970,155,-29.294
159980,155,-29.256
159990,155,-29.262
160000,155,-29.294
160010,155,-29.250
160020,155,-29.294
160030,155,-29.294
160040,155,-29.250
160050,155,-29.300
160060,155,-29.300
160070,155,-29.269
160080,155,-29.306
160090,155,-29.312
160100,155,-29.294
160110,155,-29.294
160120,155,-29.306
160130,155,-29.312
160140,155,-29.269
160150,155,-29.262
160160,155,-29.262
160170,155,-29.337
160180,155,-29.281
160190,155,-29.256
160200,155,-29.331
160210,155,-29.262
160220,155,-29.287
160230,155,-29.306
160240,155,-29.269
160250,155,-29.306
160260,155,-29.275
160270,155,-29.281
160280,155,-29.300
160290,155,-29.256
160300,155,-29.275
160310,155,-29.294
160320,155,-29.269
160330,155,-29.294
160340,155,-29.281
160350,155,-29.300
160360,155,-29.306
160370,155,-29.262
160380,155,-29.294
160390,155,-29.300
160400,155,-29.256
160410,155,-29.300
160420,155,-29.300
160430,155,-29.256
160440,155,-29.294
160450,155,-29.294
160460,155,-29.275
160470,155,-29.300
160480,155,-29.319
160490,155,-29.300
160500,155,-29.300
160510,155,-29.256
160520,155,-29.256
160530,155,-29.331
160540,155,-29.287
160550,155,-29.262
160560,155,-29.331
160570,155,-29.275
160580,155,-29.281
160590,155,-29.306
160600,155,-29.256
160610,155,-29.275
160620,155,-29.281
160630,155,-29.262
160640,155,-29.294
160650,155,-29.275
160660,155,-29.256
160670,155,-29.306
160680,155,-29.306
160690,155,-29.281
160700,155,-29.306
160710,155,-29.306
160720,155,-29.306
160730,155,-29.269
160740,155,-29.269
160750,155,-29.294
160760,155,-29.262
160770,155,-29.256
160780,155,-29.344
160790,155,-29.294
160800,155,-29.262
160810,155,-29.300
160820,155,-29.269
160830,155,-29.306
160840,155,-29.294
160850,155,-29.275
160860,155,-29.256
160870,155,-29.300
160880,155,-29.281
160890,155,-29.269
160900,155,-29.294
160910,155,-29.306
160920,155,-29.275
160930,155,-29.281
160940,155,-29.294
160950,155,-29.319
160960,155,-29.256
160970,155,-29.256
160980,155,-29.306
160990,155,-29.281
161000,155,-29.250
161010,155,-29.337
161020,155,-29.281
161030,155,-29.256
161040,155,-29.294
161050,155,-29.262
161060,155,-29.269
161070,155,-29.294
161080,155,-29.250
161090,155,-29.294
161100,155,-29.300
161110,155,-29.250
161120,155,-29.294
161130,155,-29.300
161140,155,-29.275
161150,155,-29.300
161160,155,-29.281
161170,155,-29.306
161180,155,-29.319
161190,155,-29.262
161200,155,-29.306
161210,155,-29.331
161220,155,-29.306
161230,155,-29.244
161240,155,-29.331
161250,155,-29.269
161260,155,-29.262
161270,155,-29.312
161280,155,-29.262
161290,155,-29.275
161300,155,-29.300
161310,155,-29.250
161320,155,-29.294
161330,155,-29.262
161340,155,-29.262
161350,155,-29.300
161360,155,-29.294
161370,155,-29.275
161380,155,-29.306
161390,155,-29.300
161400,155,-29.287
161410,155,-29.269
161420,155,-29.300
161430,155,-29.331
161440,155,-29.256
161450,155,-29.294
161460,155,-29.337
161470,155,-29.319
161480,155,-29.319
161490,155,-29.331
161500,155,-29.294
161510,155,-29.269
161520,155,-29.294
161530,155,-29.300
161540,155,-29.275
161550,155,-29.287
161560,155,-29.269
161570,155,-29.306
161580,155,-29.300
161590,155,-29.256
161600,155,-29.281
161610,155,-29.294
161620,155,-29.256
161630,155,-29.300
161640,155,-29.262
161650,155,-29.312
161660,155,-29.300
161670,155,-29.262
161680,155,-29.300
161690,155,-29.300
161700,155,-29.250
161710,155,-29.312
161720,155,-29.306
161730,155,-29.269
161740,155,-29.300
161750,155,-29.319
161760,155,-29.300
161770,155,-29.294
161780,155,-29.306
161790,155,-29.331
161800,155,-29.300
161810,155,-29.294
161820,155,-29.312
161830,155,-29.306
161840,155,-29.225
161850,155,-29.262
161860,155,-29.331
161870,155,-29.262
161880,155,-29.269
161890,155,-29.319
161900,155,-29.262
161910,155,-29.287
161920,155,-29.275
161930,155,-29.262
161940,155,-29.300
161950,155,-29.256
161960,155,-29.269
161970,155,-29.300
161980,155,-29.294
161990,155,-29.287
162000,155,-29.269
162010,160,-29.294
162020,160,-29.294
162030,160,-29.294
162040,160,-29.306
162050,160,-29.369
162060,160,-29.306
162070,160,-29.356
162080,160,-29.356
162090,160,-29.394
162100,160,-29.337
162110,160,-29.356
162120,160,-29.394
162130,160,-29.325
162140,160,-29.412
162150,160,-29.381
162160,160,-29.394
162170,160,-29.362
162180,160,-29.412
162190,160,-29.419
162200,160,-29.387
162210,160,-29.394
162220,160,-29.369
162230,160,-29.387
162240,160,-29.406
162250,160,-29.369
162260,160,-29.394
162270,160,-29.381
162280,160,-29.425
162290,160,-29.381
162300,160,-29.394
162310,160,-29.419
162320,160,-29.406
162330,160,-29.412
162340,160,-29.375
162350,160,-29.450
162360,160,-29.375
162370,160,-29.419
162380,160,-29.387
162390,160,-29.394
162400,160,-29.375
162410,160,-29.406
162420,160,-29.400
162430,160,-29.375
162440,160,-29.387
162450,160,-29.387
162460,160,-29.431
162470,160,-29.375
162480,160,-29.375
162490,160,-29.375
162500,160,-29.419
162510,160,-29.406
162520,160,-29.400
162530,160,-29.425
162540,160,-29.375
162550,160,-29.419
162560,160,-29.406
162570,160,-29.437
162580,160,-29.394
162590,160,-29.400
162600,160,-29.437
162610,160,-29.381
162620,160,-29.462
162630,160,-29.387
162640,160,-29.431
162650,160,-29.412
162660,160,-29.450
162670,160,-29.400
162680,160,-29.406
162690,160,-29.437
162700,160,-29.381
162710,160,-29.419
162720,160,-29.381
162730,160,-29.431
162740,160,-29.387
162750,160,-29.437
162760,160,-29.400
162770,160,-29.394
162780,160,-29.431
162790,160,-29.387
162800,160,-29.450
162810,160,-29.400
162820,160,-29.437
162830,160,-29.406
162840,160,-29.450
162850,160,-29.387
162860,160,-29.387
162870,160,-29.450
162880,160,-29.412
162890,160,-29.456
162900,160,-29.406
162910,160,-29.419
162920,160,-29.444
162930,160,-29.431
162940,160,-29.431
162950,160,-29.406
162960,160,-29.456
162970,160,-29.406
162980,160,-29.444
162990,160,-29.394
163000,160,-29.431
163010,160,-29.406
163020,160,-29.437
163030,160,-29.431
163040,160,-29.412
163050,160,-29.450
163060,160,-29.406
163070,160,-29.475
163080,160,-29.406
163090,160,-29.444
163100,160,-29.437
163110,160,-29.450
163120,160,-29.437
163130,160,-29.419
163140,160,-29.469
163150,160,-29.419
163160,160,-29.462
163170,160,-29.419
163180,160,-29.437
163190,160,-29.419
163200,160,-29.419
163210,160,-29.450
163220,160,-29.425
163230,160,-29.450
163240,160,-29.412
163250,160,-29.475
163260,160,-29.437
163270,160,-29.437
163280,160,-29.475
163290,160,-29.425
163300,160,-29.487
163310,160,-29.419
163320,160,-29.469
163330,160,-29.456
163340,160,-29.481
163350,160,-29.450
163360,160,-29.431
163370,160,-29.487
163380,160,-29.437
163390,160,-29.456
163400,160,-29.437
163410,160,-29.475
163420,160,-29.444
163430,160,-29.444
163440,160,-29.481
163450,160,-29.462
163460,160,-29.481
163470,160,-29.431
163480,160,-29.500
163490,160,-29.444
163500,160,-29.494
163510,160,-29.469
163520,160,-29.494
163530,160,-29.481
163540,160,-29.444
163550,160,-29.494
163560,160,-29.475
163570,160,-29.506
163580,160,-29.469
163590,160,-29.469
163600,160,-29.500
163610,160,-29.494
163620,160,-29.494
163630,160,-29.469
163640,160,-29.512
163650,160,-29.475
163660,160,-29.512
163670,160,-29.481
163680,160,-29.500
163690,160,-29.512
163700,160,-29.519
163710,160,-29.506
163720,160,-29.487
163730,160,-29.550
163740,160,-29.506
163750,160,-29.556
163760,160,-29.487
163770,160,-29.519
163780,160,-29.519
163790,160,-29.525
163800,160,-29.512
163810,160,-29.506
163820,160,-29.562
163830,160,-29.506
163840,160,-29.544
163850,160,-29.494
163860,160,-29.562
163870,160,-29.569
163880,160,-29.519
163890,160,-29.537
163900,160,-29.506
163910,160,-29.569
163920,160,-29.512
163930,160,-29.556
163940,160,-29.512
163950,160,-29.525
163960,160,-29.519
163970,160,-29.519
163980,160,-29.537
163990,160,-29.506
164000,160,-29.581
164010,160,-29.506
164020,160,-29.562
164030,160,-29.519
164040,160,-29.519
164050,160,-29.550
164060,160,-29.525
164070,160,-29.550
164080,160,-29.506
164090,160,-29.575
164100,160,-29.506
164110,160,-29.562
164120,160,-29.525
164130,160,-29.569
164140,160,-29.512
164150,160,-29.544
164160,160,-29.550
164170,160,-29.519
164180,160,-29.537
164190,160,-29.519
164200,160,-29.556
164210,160,-29.556
164220,160,-29.562
164230,160,-29.550
164240,160,-29.525
164250,160,-29.556
164260,160,-29.512
164270,160,-29.556
164280,160,-29.512
164290,160,-29.550
164300,160,-29.519
164310,160,-29.556
164320,160,-29.537
164330,160,-29.525
164340,160,-29.575
164350,160,-29.537
164360,160,-29.581
164370,160,-29.512
164380,160,-29.544
164390,160,-29.544
164400,160,-29.562
164410,160,-29.531
164420,160,-29.525
164430,160,-29.581
164440,160,-29.537
164450,160,-29.556
164460,160,-29.519
164470,160,-29.550
164480,160,-29.506
164490,160,-29.556
164500,160,-29.525
164510,160,-29.537
164520,160,-29.519
164530,160,-29.519
164540,160,-29.575
164550,160,-29.531
164560,160,-29.537
164570,160,-29.525
164580,160,-29.550
164590,160,-29.550
164600,160,-29.519
164610,160,-29.556
164620,160,-29.537
164630,160,-29.581
164640,160,-29.531
164650,160,-29.537
164660,160,-29.562
164670,160,-29.544
164680,160,-29.537
164690,160,-29.519
164700,160,-29.587
164710,160,-29.531
164720,160,-29.569
164730,160,-29.537
164740,160,-29.587
164750,160,-29.525
164760,160,-29.550
164770,160,-29.556
164780,160,-29.569
164790,160,-29.537
164800,160,-29.531
164810,160,-29.575
164820,160,-29.525
164830,160,-29.587
164840,160,-29.525
164850,160,-29.569
164860,160,-29.550
164870,160,-29.525
164880,160,-29.569
164890,160,-29.525
164900,160,-29.550
164910,160,-29.556
164920,160,-29.581
164930,160,-29.544
164940,160,-29.537
164950,160,-29.575
164960,160,-29.525
164970,160,-29.587
164980,160,-29.525
164990,160,-29.556
165000,160,-29.556
165010,160,-29.569
165020,160,-29.537
165030,160,-29.537
165040,160,-29.569
165050,160,-29.556
165060,160,-29.556
165070,160,-29.525
165080,160,-29.575
165090,160,-29.531
165100,160,-29.575
165110,160,-29.537
165120,160,-29.550
165130,160,-29.556
165140,160,-29.519
165150,160,-29.587
165160,160,-29.531
165170,160,-29.575
165180,160,-29.544
165190,160,-29.594
165200,160,-29.531
165210,160,-29.550
165220,160,-29.581
165230,160,-29.550
165240,160,-29.581
165250,160,-29.531
165260,160,-29.556
165270,160,-29.569
165280,160,-29.569
165290,160,-29.550
165300,160,-29.531
165310,160,-29.594
165320,160,-29.537
165330,160,-29.575
165340,160,-29.531
165350,160,-29.562
165360,160,-29.525
165370,160,-29.569
165380,160,-29.556
165390,160,-29.531
165400,160,-29.581
165410,160,-29.537
165420,160,-29.600
165430,160,-29.525
165440,160,-29.550
165450,160,-29.562
165460,160,-29.575
165470,160,-29.550
165480,160,-29.531
165490,160,-29.581
165500,160,-29.550
165510,160,-29.575
165520,160,-29.531
165530,160,-29.606
165540,160,-29.531
165550,160,-29.600
165560,160,-29.575
165570,160,-29.531
165580,160,-29.594
165590,160,-29.537
165600,160,-29.581
165610,160,-29.550
165620,160,-29.581
165630,160,-29.544
165640,160,-29.550
165650,160,-29.575
165660,160,-29.537
165670,160,-29.562
165680,160,-29.537
165690,160,-29.581
165700,160,-29.556
165710,160,-29.600
165720,160,-29.581
165730,160,-29.562
165740,160,-29.575
165750,160,-29.544
165760,160,-29.600
165770,160,-29.531
165780,160,-29.581
165790,160,-29.544
165800,160,-29.600
165810,160,-29.537
165820,160,-29.562
165830,160,-29.562
165840,160,-29.569
165850,160,-29.556
165860,160,-29.544
165870,160,-29.587
165880,160,-29.531
165890,160,-29.531
165900,160,-29.562
165910,160,-29.537
165920,160,-29.587
165930,160,-29.537
165940,160,-29.575
165950,160,-29.537
165960,160,-29.569
165970,160,-29.537
165980,160,-29.581
165990,160,-29.556
166000,160,-29.537
166010,160,-29.581
166020,160,-29.537
166030,160,-29.600
166040,160,-29.544
166050,160,-29.581
166060,160,-29.562
166070,160,-29.575
166080,160,-29.550
166090,160,-29.544
166100,160,-29.587
166110,160,-29.556
166120,160,-29.575
166130,160,-29.537
166140,160,-29.569
166150,160,-29.544
166160,160,-29.587
166170,160,-29.556
166180,160,-29.556
166190,160,-29.581
166200,160,-29.569
166210,160,-29.575
166220,160,-29.531
166230,160,-29.581
166240,160,-29.537
166250,160,-29.562
166260,160,-29.575
166270,160,-29.537
166280,160,-29.600
166290,160,-29.544
166300,160,-29.581
166310,160,-29.544
166320,160,-29.600
166330,160,-29.581
166340,160,-29.569
166350,160,-29.575
166360,160,-29.544
166370,160,-29.606
166380,160,-29.550
166390,160,-29.587
166400,160,-29.537
166410,160,-29.594
166420,160,-29.537
166430,160,-29.569
166440,160,-29.562
166450,160,-29.587
166460,160,-29.550
166470,160,-29.550
166480,160,-29.581
166490,160,-29.531
166500,160,-29.569
166510,160,-29.537
166520,160,-29.562
166530,160,-29.562
166540,160,-29.581
166550,160,-29.594
166560,160,-29.544
166570,160,-29.562
166580,160,-29.556
166590,160,-29.587
166600,160,-29.550
166610,160,-29.556
166620,160,-29.581
166630,160,-29.531
166640,160,-29.600
166650,160,-29.531
166660,160,-29.575
166670,160,-29.550
166680,160,-29.587
166690,160,-29.537
166700,160,-29.556
166710,160,-29.575
166720,160,-29.569
166730,160,-29.569
166740,160,-29.537
166750,160,-29.606
166760,160,-29.550
166770,160,-29.581
166780,160,-29.537
166790,160,-29.556
166800,160,-29.575
166810,160,-29.569
166820,160,-29.600
166830,160,-29.531
166840,160,-29.600
166850,160,-29.550
166860,160,-29.594
166870,160,-29.537
166880,160,-29.600
166890,160,-29.569
166900,160,-29.606
166910,160,-29.600
166920,160,-29.531
166930,160,-29.600
166940,160,-29.569
166950,160,-29.575
166960,160,-29.569
166970,160,-29.587
166980,160,-29.600
166990,160,-29.550
167000,160,-29.594
167010,165,-29.556
167020,165,-29.594
167030,165,-29.537
167040,165,-29.612
167050,165,-29.562
167060,165,-29.675
167070,165,-29.612
167080,165,-29.650
167090,165,-29.606
167100,165,-29.644
167110,165,-29.637
167120,165,-29.625
167130,165,-29.675
167140,165,-29.700
167150,165,-29.737
167160,165,-29.694
167170,165,-29.719
167180,165,-29.750
167190,165,-29.706
167200,165,-29.737
167210,165,-29.669
167220,165,-29.744
167230,165,-29.681
167240,165,-29.706
167250,165,-29.675
167260,165,-29.744
167270,165,-29.731
167280,165,-29.731
167290,165,-29.731
167300,165,-29.719
167310,165,-29.744
167320,165,-29.675
167330,165,-29.737
167340,165,-29.712
167350,165,-29.744
167360,165,-29.731
167370,165,-29.687
167380,165,-29.750
167390,165,-29.700
167400,165,-29.737
167410,165,-29.694
167420,165,-29.700
167430,165,-29.719
167440,165,-29.687
167450,165,-29.744
167460,165,-29.694
167470,165,-29.719
167480,165,-29.706
167490,165,-29.700
167500,165,-29.737
167510,165,-29.669
167520,165,-29.744
167530,165,-29.687
167540,165,-29.725
167550,165,-29.706
167560,165,-29.719
167570,165,-29.744
167580,165,-29.744
167590,165,-29.725
167600,165,-29.725
167610,165,-29.750
167620,165,-29.675
167630,165,-29.744
167640,165,-29.719
167650,165,-29.744
167660,165,-29.725
167670,165,-29.694
167680,165,-29.744
167690,165,-29.700
167700,165,-29.737
167710,165,-29.700
167720,165,-29.706
167730,165,-29.725
167740,165,-29.700
167750,165,-29.750
167760,165,-29.700
167770,165,-29.719
167780,165,-29.712
167790,165,-29.712
167800,165,-29.750
167810,165,-29.681
167820,165,-29.750
167830,165,-29.700
167840,165,-29.750
167850,165,-29.706
167860,165,-29.725
167870,165,-29.744
167880,165,-29.719
167890,165,-29.744
167900,165,-29.681
167910,165,-29.744
167920,165,-29.681
167930,165,-29.750
167940,165,-29.725
167950,165,-29.744
167960,165,-29.731
167970,165,-29.700
167980,165,-29.744
167990,165,-29.681
168000,165,-29.756
168010,165,-29.719
168020,165,-29.712
168030,165,-29.725
168040,165,-29.706
168050,165,-29.756
168060,165,-29.712
168070,165,-29.731
168080,165,-29.712
168090,165,-29.712
168100,165,-29.744
168110,165,-29.687
168120,165,-29.731
168130,165,-29.706
168140,165,-29.750
168150,165,-29.706
168160,165,-29.725
168170,165,-29.737
168180,165,-29.712
168190,165,-29.744
168200,165,-29.694
168210,165,-29.750
168220,165,-29.750
168230,165,-29.744
168240,165,-29.756
168250,165,-29.712
168260,165,-29.731
168270,165,-29.700
168280,165,-29.750
168290,165,-29.694
168300,165,-29.750
168310,165,-29.719
168320,165,-29.706
168330,165,-29.725
168340,165,-29.700
168350,165,-29.744
168360,165,-29.706
168370,165,-29.731
168380,165,-29.706
168390,165,-29.712
168400,165,-29.756
168410,165,-29.712
168420,165,-29.756
168430,165,-29.712
168440,165,-29.756
168450,165,-29.706
168460,165,-29.725
168470,165,-29.750
168480,165,-29.712
168490,165,-29.756
168500,165,-29.694
168510,165,-29.756
168520,165,-29.744
168530,165,-29.744
168540,165,-29.756
168550,165,-29.687
168560,165,-29.756
168570,165,-29.681
168580,165,-29.756
168590,165,-29.712
168600,165,-29.750
168610,165,-29.719
168620,165,-29.712
168630,165,-29.725
168640,165,-29.719
168650,165,-29.756
168660,165,-29.712
168670,165,-29.756
168680,165,-29.719
168690,165,-29.744
168700,165,-29.750
168710,165,-29.712
168720,165,-29.762
168730,165,-29.712
168740,165,-29.756
168750,165,-29.756
168760,165,-29.731
168770,165,-29.762
168780,165,-29.725
168790,165,-29.750
168800,165,-29.694
168810,165,-29.762
168820,165,-29.744
168830,165,-29.750
168840,165,-29.762
168850,165,-29.700
168860,165,-29.769
168870,165,-29.700
168880,165,-29.781
168890,165,-29.744
168900,165,-29.712
168910,165,-29.756
168920,165,-29.744
168930,165,-29.744
168940,165,-29.769
168950,165,-29.762
168960,165,-29.712
168970,165,-29.769
168980,165,-29.725
168990,165,-29.762
169000,165,-29.750
169010,165,-29.725
169020,165,-29.762
169030,165,-29.719
169040,165,-29.762
169050,165,-29.725
169060,165,-29.737
169070,165,-29.762
169080,165,-29.737
169090,165,-29.756
169100,165,-29.700
169110,165,-29.762
169120,165,-29.712
169130,165,-29.750
169140,165,-29.756
169150,165,-29.694
169160,165,-29.756
169170,165,-29.694
169180,165,-29.756
169190,165,-29.744
169200,165,-29.700
169210,165,-29.744
169220,165,-29.744
169230,165,-29.762
169240,165,-29.725
169250,165,-29.756
169260,165,-29.756
169270,165,-29.731
169280,165,-29.712
169290,165,-29.756
169300,165,-29.750
169310,165,-29.719
169320,165,-29.762
169330,165,-29.712
169340,165,-29.756
169350,165,-29.706
169360,165,-29.725
169370,165,-29.750
169380,165,-29.719
169390,165,-29.750
169400,165,-29.694
169410,165,-29.756
169420,165,-29.744
169430,165,-29.750
169440,165,-29.769
169450,165,-29.675
169460,165,-29.750
169470,165,-29.706
169480,165,-29.756
169490,165,-29.737
169500,165,-29.750
169510,165,-29.756
169520,165,-29.737
169530,165,-29.750
169540,165,-29.719
169550,165,-29.750
169560,165,-29.719
169570,165,-29.750
169580,165,-29.750
169590,165,-29.687
169600,165,-29.756
169610,165,-29.706
169620,165,-29.756
169630,165,-29.719
169640,165,-29.756
169650,165,-29.706
169660,165,-29.731
169670,165,-29.750
169680,165,-29.712
169690,165,-29.781
169700,165,-29.700
169710,165,-29.756
169720,165,-29.762
169730,165,-29.769
169740,165,-29.775
169750,165,-29.725
169760,165,-29.756
169770,165,-29.725
169780,165,-29.769
169790,165,-29.744
169800,165,-29.744
169810,165,-29.737
169820,165,-29.737
169830,165,-29.762
169840,165,-29.719
169850,165,-29.756
169860,165,-29.719
169870,165,-29.750
169880,165,-29.737
169890,165,-29.700
169900,165,-29.737
169910,165,-29.694
169920,165,-29.794
169930,165,-29.725
169940,165,-29.794
169950,165,-29.712
169960,165,-29.719
169970,165,-29.762
169980,165,-29.719
169990,165,-29.794
170000,165,-29.687
170010,165,-29.750
170020,165,-29.756
170030,165,-29.762
170040,165,-29.769
170050,165,-29.712
170060,165,-29.744
170070,165,-29.712
170080,165,-29.775
170090,165,-29.719
170100,165,-29.737
170110,165,-29.731
170120,165,-29.731
170130,165,-29.744
170140,165,-29.694
170150,165,-29.731
170160,165,-29.700
170170,165,-29.744
170180,165,-29.725
170190,165,-29.681
170200,165,-29.737
170210,165,-29.687
170220,165,-29.769
170230,165,-29.694
170240,165,-29.694
170250,165,-29.731
170260,165,-29.687
170270,165,-29.781
170280,165,-29.694
170290,165,-29.769
170300,165,-29.669
170310,165,-29.731
170320,165,-29.681
170330,165,-29.737
170340,165,-29.744
170350,165,-29.706
170360,165,-29.725
170370,165,-29.675
170380,165,-29.756
170390,165,-29.712
170400,165,-29.731
170410,165,-29.712
170420,165,-29.706
170430,165,-29.719
170440,165,-29.675
170450,165,-29.725
170460,165,-29.700
170470,165,-29.731
170480,165,-29.706
170490,165,-29.675
170500,165,-29.731
170510,165,-29.675
170520,165,-29.762
170530,165,-29.694
170540,165,-29.694
170550,165,-29.731
170560,165,-29.737
170570,165,-29.775
170580,165,-29.687
170590,165,-29.731
170600,165,-29.687
170610,165,-29.731
170620,165,-29.687
170630,165,-29.744
170640,165,-29.744
170650,165,-29.694
170660,165,-29.725
170670,165,-29.687
170680,165,-29.750
170690,165,-29.706
170700,165,-29.706
170710,165,-29.719
170720,165,-29.712
170730,165,-29.719
170740,165,-29.687
170750,165,-29.725
170760,165,-29.687
170770,165,-29.725
170780,165,-29.712
170790,165,-29.675
170800,165,-29.725
170810,165,-29.675
170820,165,-29.756
170830,165,-29.694
170840,165,-29.687
170850,165,-29.731
170860,165,-29.712
170870,165,-29.775
170880,165,-29.675
170890,165,-29.719
170900,165,-29.681
170910,165,-29.731
170920,165,-29.756
170930,165,-29.669
170940,165,-29.706
170950,165,-29.719
170960,165,-29.719
170970,165,-29.687
170980,165,-29.750
170990,165,-29.706
171000,165,-29.712
171010,165,-29.719
171020,165,-29.700
171030,165,-29.725
171040,165,-29.687
171050,165,-29.725
171060,165,-29.687
171070,165,-29.731
171080,165,-29.712
171090,165,-29.662
171100,165,-29.731
171110,165,-29.675
171120,165,-29.769
171130,165,-29.694
171140,165,-29.681
171150,165,-29.719
171160,165,-29.725
171170,165,-29.781
171180,165,-29.681
171190,165,-29.725
171200,165,-29.687
171210,165,-29.725
171220,165,-29.756
171230,165,-29.669
171240,165,-29.719
171250,165,-29.669
171260,165,-29.731
171270,165,-29.737
171280,165,-29.694
171290,165,-29.706
171300,165,-29.712
171310,165,-29.719
171320,165,-29.706
171330,165,-29.719
171340,165,-29.687
171350,165,-29.719
171360,165,-29.694
171370,165,-29.737
171380,165,-29.719
171390,165,-29.669
171400,165,-29.712
171410,165,-29.675
171420,165,-29.769
171430,165,-29.687
171440,165,-29.725
171450,165,-29.706
171460,165,-29.725
171470,165,-29.756
171480,165,-29.681
171490,165,-29.725
171500,165,-29.669
171510,165,-29.725
171520,165,-29.762
171530,165,-29.662
171540,165,-29.725
171550,165,-29.675
171560,165,-29.731
171570,165,-29.737
171580,165,-29.681
171590,165,-29.719
171600,165,-29.687
171610,165,-29.712
171620,165,-29.719
171630,165,-29.712
171640,165,-29.675
171650,165,-29.719
171660,165,-29.700
171670,165,-29.744
171680,165,-29.731
171690,165,-29.675
171700,165,-29.719
171710,165,-29.675
171720,165,-29.762
171730,165,-29.687
171740,165,-29.681
171750,165,-29.712
171760,165,-29.719
171770,165,-29.769
171780,165,-29.675
171790,165,-29.719
171800,165,-29.687
171810,165,-29.706
171820,165,-29.750
171830,165,-29.675
171840,165,-29.725
171850,165,-29.669
171860,165,-29.737
171870,165,-29.737
171880,165,-29.694
171890,165,-29.719
171900,165,-29.687
171910,165,-29.719
171920,165,-29.694
171930,165,-29.712
171940,165,-29.712
171950,165,-29.700
171960,165,-29.725
171970,165,-29.750
171980,165,-29.719
171990,165,-29.662
172000,165,-29.731
172010,170,-29.687
172020,170,-29.762
172030,170,-29.725
172040,170,-29.725
172050,170,-29.762
172060,170,-29.719
172070,170,-29.762
172080,170,-29.669
172090,170,-29.694
172100,170,-29.712
172110,170,-29.687
172120,170,-29.756
172130,170,-29.669
172140,170,-29.719
172150,170,-29.731
172160,170,-29.737
172170,170,-29.744
172180,170,-29.694
172190,170,-29.719
172200,170,-29.681
172210,170,-29.750
172220,170,-29.706
172230,170,-29.719
172240,170,-29.719
172250,170,-29.706
172260,170,-29.712
172270,170,-29.687
172280,170,-29.725
172290,170,-29.694
172300,170,-29.700
172310,170,-29.669
172320,170,-29.712
172330,170,-29.675
172340,170,-29.681
172350,170,-29.712
172360,170,-29.669
172370,170,-29.762
172380,170,-29.662
172390,170,-29.706
172400,170,-29.725
172410,170,-29.719
172420,170,-29.756
172430,170,-29.669
172440,170,-29.725
172450,170,-29.687
172460,170,-29.737
172470,170,-29.731
172480,170,-29.687
172490,170,-29.712
172500,170,-29.681
172510,170,-29.706
172520,170,-29.694
172530,170,-29.712
172540,170,-29.706
172550,170,-29.706
172560,170,-29.712
172570,170,-29.681
172580,170,-29.712
172590,170,-29.694
172600,170,-29.750
172610,170,-29.706
172620,170,-29.662
172630,170,-29.712
172640,170,-29.681
172650,170,-29.725
172660,170,-29.687
172670,170,-29.769
172680,170,-29.669
172690,170,-29.694
172700,170,-29.719
172710,170,-29.706
172720,170,-29.750
172730,170,-29.675
172740,170,-29.719
172750,170,-29.681
172760,170,-29.737
172770,170,-29.744
172780,170,-29.700
172790,170,-29.719
172800,170,-29.681
172810,170,-29.750
172820,170,-29.700
172830,170,-29.712
172840,170,-29.706
172850,170,-29.694
172860,170,-29.706
172870,170,-29.687
172880,170,-29.712
172890,170,-29.694
172900,170,-29.744
172910,170,-29.719
172920,170,-29.675
172930,170,-29.731
172940,170,-29.687
172950,170,-29.756
172960,170,-29.694
172970,170,-29.675
172980,170,-29.681
172990,170,-29.700
173000,170,-29.719
173010,170,-29.712
173020,170,-29.756
173030,170,-29.656
173040,170,-29.719
173050,170,-29.669
173060,170,-29.731
173070,170,-29.737
173080,170,-29.700
173090,170,-29.712
173100,170,-29.687
173110,170,-29.725
173120,170,-29.712
173130,170,-29.719
173140,170,-29.719
173150,170,-29.694
173160,170,-29.719
173170,170,-29.681
173180,170,-29.719
173190,170,-29.700
173200,170,-29.750
173210,170,-29.700
173220,170,-29.675
173230,170,-29.731
173240,170,-29.725
173250,170,-29.756
173260,170,-29.675
173270,170,-29.719
173280,170,-29.706
173290,170,-29.731
173300,170,-29.756
173310,170,-29.725
173320,170,-29.756
173330,170,-29.669
173340,170,-29.731
173350,170,-29.675
173360,170,-29.731
173370,170,-29.731
173380,170,-29.694
173390,170,-29.719
173400,170,-29.687
173410,170,-29.725
173420,170,-29.700
173430,170,-29.725
173440,170,-29.719
173450,170,-29.706
173460,170,-29.725
173470,170,-29.662
173480,170,-29.725
173490,170,-29.687
173500,170,-29.750
173510,170,-29.706
173520,170,-29.650
173530,170,-29.719
173540,170,-29.669
173550,170,-29.762
173560,170,-29.681
173570,170,-29.669
173580,170,-29.700
173590,170,-29.725
173600,170,-29.775
173610,170,-29.687
173620,170,-29.725
173630,170,-29.687
173640,170,-29.725
173650,170,-29.681
173660,170,-29.737
173670,170,-29.744
173680,170,-29.706
173690,170,-29.719
173700,170,-29.681
173710,170,-29.750
173720,170,-29.700
173730,170,-29.719
173740,170,-29.725
173750,170,-29.725
173760,170,-29.750
173770,170,-29.681
173780,170,-29.737
173790,170,-29.712
173800,170,-29.750
173810,170,-29.719
173820,170,-29.681
173830,170,-29.731
173840,170,-29.731
173850,170,-29.762
173860,170,-29.700
173870,170,-29.725
173880,170,-29.700
173890,170,-29.731
173900,170,-29.775
173910,170,-29.694
173920,170,-29.719
173930,170,-29.681
173940,170,-29.731
173950,170,-29.762
173960,170,-29.694
173970,170,-29.725
173980,170,-29.662
173990,170,-29.719
174000,170,-29.681
174010,170,-29.744
174020,170,-29.700
174030,170,-29.731
174040,170,-29.725
174050,170,-29.719
174060,170,-29.719
174070,170,-29.687
174080,170,-29.725
174090,170,-29.700
174100,170,-29.756
174110,170,-29.719
174120,170,-29.675
174130,170,-29.737
174140,170,-29.725
174150,170,-29.769
174160,170,-29.700
174170,170,-29.725
174180,170,-29.731
174190,170,-29.725
174200,170,-29.781
174210,170,-29.694
174220,170,-29.719
174230,170,-29.687
174240,170,-29.731
174250,170,-29.756
174260,170,-29.694
174270,170,-29.731
174280,170,-29.681
174290,170,-29.737
174300,170,-29.744
174310,170,-29.706
174320,170,-29.756
174330,170,-29.731
174340,170,-29.725
174350,170,-29.712
174360,170,-29.744
174370,170,-29.675
174380,170,-29.744
174390,170,-29.700
174400,170,-29.744
174410,170,-29.694
174420,170,-29.706
174430,170,-29.731
174440,170,-29.737
174450,170,-29.762
174460,170,-29.681
174470,170,-29.725
174480,170,-29.725
174490,170,-29.719
174500,170,-29.769
174510,170,-29.681
174520,170,-29.731
174530,170,-29.675
174540,170,-29.725
174550,170,-29.762
174560,170,-29.675
174570,170,-29.719
174580,170,-29.681
174590,170,-29.737
174600,170,-29.737
174610,170,-29.700
174620,170,-29.744
174630,170,-29.687
174640,170,-29.762
174650,170,-29.719
174660,170,-29.725
174670,170,-29.687
174680,170,-29.756
174690,170,-29.719
174700,170,-29.750
174710,170,-29.712
174720,170,-29.706
174730,170,-29.731
174740,170,-29.719
174750,170,-29.762
174760,170,-29.687
174770,170,-29.725
174780,170,-29.719
174790,170,-29.725
174800,170,-29.775
174810,170,-29.687
174820,170,-29.725
174830,170,-29.687
174840,170,-29.712
174850,170,-29.756
174860,170,-29.669
174870,170,-29.762
174880,170,-29.675
174890,170,-29.781
174900,170,-29.725
174910,170,-29.694
174920,170,-29.750
174930,170,-29.675
174940,170,-29.750
174950,170,-29.725
174960,170,-29.744
174970,170,-29.731
174980,170,-29.725
174990,170,-29.744
175000,170,-29.750
175010,170,-29.712
175020,170,-29.712
175030,170,-29.731
175040,170,-29.731
175050,170,-29.756
175060,170,-29.700
175070,170,-29.725
175080,170,-29.719
175090,170,-29.731
175100,170,-29.769
175110,170,-29.694
175120,170,-29.731
175130,170,-29.725
175140,170,-29.712
175150,170,-29.756
175160,170,-29.675
175170,170,-29.775
175180,170,-29.687
175190,170,-29.775
175200,170,-29.731
175210,170,-29.700
175220,170,-29.750
175230,170,-29.681
175240,170,-29.750
175250,170,-29.731
175260,170,-29.744
175270,170,-29.737
175280,170,-29.737
175290,170,-29.737
175300,170,-29.700
175310,170,-29.719
175320,170,-29.725
175330,170,-29.725
175340,170,-29.725
175350,170,-29.762
175360,170,-29.694
175370,170,-29.725
175380,170,-29.725
175390,170,-29.725
175400,170,-29.769
175410,170,-29.681
175420,170,-29.731
175430,170,-29.725
175440,170,-29.725
175450,170,-29.756
175460,170,-29.687
175470,170,-29.731
175480,170,-29.687
175490,170,-29.781
175500,170,-29.744
175510,170,-29.706
175520,170,-29.744
175530,170,-29.681
175540,170,-29.756
175550,170,-29.725
175560,170,-29.737
175570,170,-29.737
175580,170,-29.737
175590,170,-29.750
175600,170,-29.700
175610,170,-29.762
175620,170,-29.731
175630,170,-29.756
175640,170,-29.719
175650,170,-29.725
175660,170,-29.725
175670,170,-29.731
175680,170,-29.725
175690,170,-29.719
175700,170,-29.775
175710,170,-29.687
175720,170,-29.725
175730,170,-29.725
175740,170,-29.731
175750,170,-29.756
175760,170,-29.687
175770,170,-29.781
175780,170,-29.731
175790,170,-29.794
175800,170,-29.750
175810,170,-29.731
175820,170,-29.750
175830,170,-29.719
175840,170,-29.769
175850,170,-29.731
175860,170,-29.737
175870,170,-29.750
175880,170,-29.737
175890,170,-29.750
175900,170,-29.700
175910,170,-29.725
175920,170,-29.719
175930,170,-29.756
175940,170,-29.700
175950,170,-29.725
175960,170,-29.731
175970,170,-29.719
175980,170,-29.769
175990,170,-29.681
176000,170,-29.719
176010,170,-29.687
176020,170,-29.731
176030,170,-29.731
176040,170,-29.731
176050,170,-29.756
176060,170,-29.687
176070,170,-29.781
176080,170,-29.687
176090,170,-29.769
176100,170,-29.744
176110,170,-29.737
176120,170,-29.750
176130,170,-29.731
176140,170,-29.756
176150,170,-29.731
176160,170,-29.744
176170,170,-29.737
176180,170,-29.731
176190,170,-29.750
176200,170,-29.700
176210,170,-29.725
176220,170,-29.725
176230,170,-29.762
176240,170,-29.712
176250,170,-29.712
176260,170,-29.731
176270,170,-29.731
176280,170,-29.762
176290,170,-29.694
176300,170,-29.756
176310,170,-29.706
176320,170,-29.762
176330,170,-29.787
176340,170,-29.725
176350,170,-29.744
176360,170,-29.687
176370,170,-29.775
176380,170,-29.731
176390,170,-29.769
176400,170,-29.706
176410,170,-29.694
176420,170,-29.750
176430,170,-29.719
176440,170,-29.756
176450,170,-29.681
176460,170,-29.719
176470,170,-29.731
176480,170,-29.737
176490,170,-29.731
176500,170,-29.694
176510,170,-29.712
176520,170,-29.712
176530,170,-29.744
176540,170,-29.706
176550,170,-29.719
176560,170,-29.719
176570,170,-29.712
176580,170,-29.769
176590,170,-29.681
176600,170,-29.756
176610,170,-29.694
176620,170,-29.750
176630,170,-29.737
176640,170,-29.687
176650,170,-29.762
176660,170,-29.725
176670,170,-29.762
176680,170,-29.719
176690,170,-29.769
176700,170,-29.725
176710,170,-29.719
176720,170,-29.744
176730,170,-29.712
176740,170,-29.762
176750,170,-29.675
176760,170,-29.725
176770,170,-29.731
176780,170,-29.725
176790,170,-29.725
176800,170,-29.681
176810,170,-29.706
176820,170,-29.681
176830,170,-29.725
176840,170,-29.687
176850,170,-29.712
176860,170,-29.719
176870,170,-29.700
176880,170,-29.775
176890,170,-29.687
176900,170,-29.725
176910,170,-29.687
176920,170,-29.725
176930,170,-29.719
176940,170,-29.687
176950,170,-29.775
176960,170,-29.681
176970,170,-29.756
176980,170,-29.694
176990,170,-29.719
177000,170,-29.725
177010,175,-29.725
177020,175,-29.731
177030,175,-29.719
177040,175,-29.787
177050,175,-29.725
177060,175,-29.744
177070,175,-29.775
177080,175,-29.719
177090,175,-29.837
177100,175,-29.812
177110,175,-29.781
177120,175,-29.844
177130,175,-29.856
177140,175,-29.856
177150,175,-29.912
177160,175,-29.850
177170,175,-29.862
177180,175,-29.900
177190,175,-29.875
177200,175,-29.844
177210,175,-29.912
177220,175,-29.925
177230,175,-29.844
177240,175,-29.912
177250,175,-29.912
177260,175,-29.862
177270,175,-29.919
177280,175,-29.919
177290,175,-29.887
177300,175,-29.869
177310,175,-29.919
177320,175,-29.906
177330,175,-29.906
177340,175,-29.931
177350,175,-29.912
177360,175,-29.919
177370,175,-29.906
177380,175,-29.856
177390,175,-29.887
177400,175,-29.906
177410,175,-29.862
177420,175,-29.912
177430,175,-29.900
177440,175,-29.881
177450,175,-29.862
177460,175,-29.906
177470,175,-29.906
177480,175,-29.881
177490,175,-29.900
177500,175,-29.906
177510,175,-29.844
177520,175,-29.912
177530,175,-29.894
177540,175,-29.850
177550,175,-29.906
177560,175,-29.906
177570,175,-29.844
177580,175,-29.881
177590,175,-29.912
177600,175,-29.825
177610,175,-29.900
177620,175,-29.900
177630,175,-29.856
177640,175,-29.837
177650,175,-29.900
177660,175,-29.875
177670,175,-29.875
177680,175,-29.894
177690,175,-29.906
177700,175,-29.906
177710,175,-29.912
177720,175,-29.869
177730,175,-29.869
177740,175,-29.919
177750,175,-29.894
177760,175,-29.900
177770,175,-29.912
177780,175,-29.900
177790,175,-29.837
177800,175,-29.900
177810,175,-29.881
177820,175,-29.875
177830,175,-29.912
177840,175,-29.894
177850,175,-29.844
177860,175,-29.894
177870,175,-29.919
177880,175,-29.844
177890,175,-29.919
177900,175,-29.900
177910,175,-29.856
177920,175,-29.912
177930,175,-29.912
177940,175,-29.862
177950,175,-29.881
177960,175,-29.906
177970,175,-29.875
177980,175,-29.875
177990,175,-29.919
178000,175,-29.900
178010,175,-29.856
178020,175,-29.906
178030,175,-29.875
178040,175,-29.912
178050,175,-29.912
178060,175,-29.850
178070,175,-29.894
178080,175,-29.906
178090,175,-29.869
178100,175,-29.869
178110,175,-29.906
178120,175,-29.875
178130,175,-29.862
178140,175,-29.912
178150,175,-29.862
178160,175,-29.831
178170,175,-29.900
178180,175,-29.869
178190,175,-29.825
178200,175,-29.906
178210,175,-29.887
178220,175,-29.850
178230,175,-29.906
178240,175,-29.894
178250,175,-29.831
178260,175,-29.869
178270,175,-29.894
178280,175,-29.831
178290,175,-29.900
178300,175,-29.894
178310,175,-29.837
178320,175,-29.894
178330,175,-29.900
178340,175,-29.837
178350,175,-29.869
178360,175,-29.894
178370,175,-29.856
178380,175,-29.906
178390,175,-29.912
178400,175,-29.831
178410,175,-29.906
178420,175,-29.881
178430,175,-29.856
178440,175,-29.912
178450,175,-29.894
178460,175,-29.844
178470,175,-29.894
178480,175,-29.900
178490,175,-29.837
178500,175,-29.906
178510,175,-29.906
178520,175,-29.837
178530,175,-29.881
178540,175,-29.894
178550,175,-29.844
178560,175,-29.887
178570,175,-29.875
178580,175,-29.844
178590,175,-29.837
178600,175,-29.887
178610,175,-29.831
178620,175,-29.887
178630,175,-29.881
178640,175,-29.837
178650,175,-29.812
178660,175,-29.881
178670,175,-29.856
178680,175,-29.831
178690,175,-29.875
178700,175,-29.881
178710,175,-29.881
178720,175,-29.881
178730,175,-29.862
178740,175,-29.837
178750,175,-29.887
178760,175,-29.869
178770,175,-29.850
178780,175,-29.875
178790,175,-29.869
178800,175,-29.812
178810,175,-29.875
178820,175,-29.875
178830,175,-29.831
178840,175,-29.881
178850,175,-29.875
178860,175,-29.844
178870,175,-29.875
178880,175,-29.875
178890,175,-29.850
178900,175,-29.875
178910,175,-29.919
178920,175,-29.862
178930,175,-29.850
178940,175,-29.869
178950,175,-29.856
178960,175,-29.825
178970,175,-29.894
178980,175,-29.869
178990,175,-29.819
179000,175,-29.862
179010,175,-29.869
179020,175,-29.819
179030,175,-29.856
179040,175,-29.887
179050,175,-29.844
179060,175,-29.906
179070,175,-29.850
179080,175,-29.781
179090,175,-29.844
179100,175,-29.844
179110,175,-29.800
179120,175,-29.862
179130,175,-29.844
179140,175,-29.800
179150,175,-29.825
179160,175,-29.844
179170,175,-29.806
179180,175,-29.844
179190,175,-29.837
179200,175,-29.825
179210,175,-29.794
179220,175,-29.844
179230,175,-29.837
179240,175,-29.819
179250,175,-29.837
179260,175,-29.844
179270,175,-29.775
179280,175,-29.837
179290,175,-29.844
179300,175,-29.794
179310,175,-29.844
179320,175,-29.856
179330,175,-29.800
179340,175,-29.800
179350,175,-29.844
179360,175,-29.819
179370,175,-29.837
179380,175,-29.844
179390,175,-29.806
179400,175,-29.837
179410,175,-29.875
179420,175,-29.825
179430,175,-29.837
179440,175,-29.837
179450,175,-29.844
179460,175,-29.819
179470,175,-29.881
179480,175,-29.837
179490,175,-29.800
179500,175,-29.837
179510,175,-29.844
179520,175,-29.800
179530,175,-29.850
179540,175,-29.862
179550,175,-29.800
179560,175,-29.800
179570,175,-29.831
179580,175,-29.819
179590,175,-29.837
179600,175,-29.881
179610,175,-29.831
179620,175,-29.775
179630,175,-29.837
179640,175,-29.831
179650,175,-29.806
179660,175,-29.856
179670,175,-29.844
179680,175,-29.781
179690,175,-29.825
179700,175,-29.831
179710,175,-29.787
179720,175,-29.856
179730,175,-29.856
179740,175,-29.844
179750,175,-29.850
179760,175,-29.862
179770,175,-29.794
179780,175,-29.837
179790,175,-29.831
179800,175,-29.837
179810,175,-29.844
179820,175,-29.887
179830,175,-29.831
179840,175,-29.812
179850,175,-29.875
179860,175,-29.837
179870,175,-29.800
179880,175,-29.862
179890,175,-29.887
179900,175,-29.800
179910,175,-29.844
179920,175,-29.837
179930,175,-29.837
179940,175,-29.837
179950,175,-29.894
179960,175,-29.831
179970,175,-29.844
179980,175,-29.856
179990,175,-29.850
180000,175,-29.837
180010,175,-29.825
180020,175,-29.900
180030,175,-29.831
180040,175,-29.831
180050,175,-29.894
180060,175,-29.781
180070,175,-29.831
180080,175,-29.862
180090,175,-29.825
180100,175,-29.831
180110,175,-29.869
180120,175,-29.831
180130,175,-29.831
180140,175,-29.869
180150,175,-29.831
180160,175,-29.825
180170,175,-29.862
180180,175,-29.856
180190,175,-29.831
180200,175,-29.831
180210,175,-29.881
180220,175,-29.831
180230,175,-29.831
180240,175,-29.900
180250,175,-29.825
180260,175,-29.831
180270,175,-29.856
180280,175,-29.837
180290,175,-29.819
180300,175,-29.844
180310,175,-29.900
180320,175,-29.794
180330,175,-29.837
180340,175,-29.869
180350,175,-29.806
180360,175,-29.825
180370,175,-29.894
180380,175,-29.825
180390,175,-29.800
180400,175,-29.869
180410,175,-29.812
180420,175,-29.819
180430,175,-29.875
180440,175,-29.819
180450,175,-29.794
180460,175,-29.862
180470,175,-29.825
180480,175,-29.781
180490,175,-29.819
180500,175,-29.819
180510,175,-29.787
180520,175,-29.831
180530,175,-29.844
180540,175,-29.781
180550,175,-29.787
180560,175,-29.819
180570,175,-29.800
180580,175,-29.819
180590,175,-29.869
180600,175,-29.812
180610,175,-29.762
180620,175,-29.819
180630,175,-29.819
180640,175,-29.781
180650,175,-29.844
180660,175,-29.825
180670,175,-29.812
180680,175,-29.806
180690,175,-29.819
180700,175,-29.819
180710,175,-29.812
180720,175,-29.812
180730,175,-29.769
180740,175,-29.819
180750,175,-29.831
180760,175,-29.775
180770,175,-29.781
180780,175,-29.812
180790,175,-29.794
180800,175,-29.806
180810,175,-29.862
180820,175,-29.837
180830,175,-29.775
180840,175,-29.812
180850,175,-29.806
180860,175,-29.812
180870,175,-29.819
180880,175,-29.862
180890,175,-29.806
180900,175,-29.800
180910,175,-29.806
180920,175,-29.800
180930,175,-29.812
180940,175,-29.844
180950,175,-29.806
180960,175,-29.744
180970,175,-29.800
180980,175,-29.800
180990,175,-29.756
181000,175,-29.806
181010,175,-29.869
181020,175,-29.775
181030,175,-29.762
181040,175,-29.806
181050,175,-29.787
181060,175,-29.794
181070,175,-29.806
181080,175,-29.769
181090,175,-29.806
181100,175,-29.850
181110,175,-29.794
181120,175,-29.794
181130,175,-29.806
181140,175,-29.806
181150,175,-29.775
181160,175,-29.831
181170,175,-29.800
181180,175,-29.744
181190,175,-29.800
181200,175,-29.800
181210,175,-29.756
181220,175,-29.800
181230,175,-29.825
181240,175,-29.769
181250,175,-29.762
181260,175,-29.800
181270,175,-29.787
181280,175,-29.787
181290,175,-29.844
181300,175,-29.800
181310,175,-29.737
181320,175,-29.800
181330,175,-29.800
181340,175,-29.800
181350,175,-29.806
181360,175,-29.800
181370,175,-29.800
181380,175,-29.775
181390,175,-29.800
181400,175,-29.787
181410,175,-29.794
181420,175,-29.806
181430,175,-29.756
181440,175,-29.800
181450,175,-29.856
181460,175,-29.800
181470,175,-29.756
181480,175,-29.819
181490,175,-29.812
181500,175,-29.806
181510,175,-29.806
181520,175,-29.825
181530,175,-29.762
181540,175,-29.806
181550,175,-29.800
181560,175,-29.781
181570,175,-29.794
181580,175,-29.844
181590,175,-29.794
181600,175,-29.781
181610,175,-29.794
181620,175,-29.794
181630,175,-29.769
181640,175,-29.825
181650,175,-29.806
181660,175,-29.744
181670,175,-29.787
181680,175,-29.806
181690,175,-29.756
181700,175,-29.800
181710,175,-29.831
181720,175,-29.769
181730,175,-29.756
181740,175,-29.800
181750,175,-29.769
181760,175,-29.800
181770,175,-29.806
181780,175,-29.781
181790,175,-29.794
181800,175,-29.850
181810,175,-29.800
181820,175,-29.781
181830,175,-29.800
181840,175,-29.806
181850,175,-29.762
181860,175,-29.825
181870,175,-29.812
181880,175,-29.744
181890,175,-29.794
181900,175,-29.806
181910,175,-29.762
181920,175,-29.800
181930,175,-29.869
181940,175,-29.781
181950,175,-29.756
181960,175,-29.806
181970,175,-29.800
181980,175,-29.806
181990,175,-29.806
182000,175,-29.787
182010,180,-29.750
182020,180,-29.806
182030,180,-29.844
182040,180,-29.812
182050,180,-29.812
182060,180,-29.869
182070,180,-29.869
182080,180,-29.875
182090,180,-29.894
182100,180,-29.931
182110,180,-29.869
182120,180,-29.869
182130,180,-29.906
182140,180,-29.937
182150,180,-29.906
182160,180,-29.875
182170,180,-29.944
182180,180,-29.937
182190,180,-29.937
182200,180,-29.869
182210,180,-29.912
182220,180,-29.944
182230,180,-29.944
182240,180,-29.862
182250,180,-29.944
182260,180,-29.944
182270,180,-29.937
182280,180,-29.894
182290,180,-29.869
182300,180,-29.937
182310,180,-29.937
182320,180,-29.912
182330,180,-29.906
182340,180,-29.937
182350,180,-29.944
182360,180,-29.937
182370,180,-29.869
182380,180,-29.944
182390,180,-29.944
182400,180,-29.912
182410,180,-29.887
182420,180,-29.944
182430,180,-29.950
182440,180,-29.881
182450,180,-29.944
182460,180,-29.956
182470,180,-29.956
182480,180,-29.900
182490,180,-29.887
182500,180,-29.944
182510,180,-29.956
182520,180,-29.912
182530,180,-29.919
182540,180,-29.950
182550,180,-29.956
182560,180,-29.950
182570,180,-29.881
182580,180,-29.931
182590,180,-29.956
182600,180,-29.950
182610,180,-29.919
182620,180,-29.956
182630,180,-29.956
182640,180,-29.937
182650,180,-29.887
182660,180,-29.944
182670,180,-29.956
182680,180,-29.956
182690,180,-29.894
182700,180,-29.956
182710,180,-29.956
182720,180,-29.956
182730,180,-29.894
182740,180,-29.894
182750,180,-29.950
182760,180,-29.931
182770,180,-29.919
182780,180,-29.956
182790,180,-29.969
182800,180,-29.912
182810,180,-29.925
182820,180,-29.956
182830,180,-29.956
182840,180,-29.962
182850,180,-29.894
182860,180,-29.956
182870,180,-29.962
182880,180,-29.962
182890,180,-29.906
182900,180,-29.956
182910,180,-29.994
182920,180,-29.962
182930,180,-29.944
182940,180,-29.906
182950,180,-29.962
182960,180,-29.962
182970,180,-29.956
182980,180,-29.931
182990,180,-29.962
183000,180,-30.000
183010,180,-29.962
183020,180,-29.894
183030,180,-29.956
183040,180,-29.956
183050,180,-29.969
183060,180,-29.919
183070,180,-29.969
183080,180,-30.000
183090,180,-29.969
183100,180,-29.950
183110,180,-29.956
183120,180,-29.987
183130,180,-29.969
183140,180,-29.906
183150,180,-29.969
183160,180,-29.969
183170,180,-29.962
183180,180,-29.919
183190,180,-29.962
183200,180,-30.006
183210,180,-29.969
183220,180,-29.969
183230,180,-29.925
183240,180,-29.975
183250,180,-29.975
183260,180,-29.975
183270,180,-29.969
183280,180,-29.969
183290,180,-30.037
183300,180,-29.975
183310,180,-29.944
183320,180,-29.975
183330,180,-29.975
183340,180,-29.969
183350,180,-29.969
183360,180,-29.950
183370,180,-29.962
183380,180,-30.006
183390,180,-29.975
183400,180,-29.912
183410,180,-29.969
183420,180,-29.975
183430,180,-29.937
183440,180,-29.937
183450,180,-29.975
183460,180,-29.975
183470,180,-29.962
183480,180,-29.956
183490,180,-29.969
183500,180,-29.962
183510,180,-29.969
183520,180,-29.906
183530,180,-29.969
183540,180,-29.969
183550,180,-29.969
183560,180,-29.925
183570,180,-29.969
183580,180,-29.969
183590,180,-29.962
183600,180,-29.937
183610,180,-29.937
183620,180,-29.987
183630,180,-29.987
183640,180,-29.981
183650,180,-29.969
183660,180,-29.981
183670,180,-30.019
183680,180,-29.994
183690,180,-29.912
183700,180,-29.987
183710,180,-29.994
183720,180,-29.981
183730,180,-29.944
183740,180,-29.994
183750,180,-30.019
183760,180,-29.981
183770,180,-29.987
183780,180,-29.994
183790,180,-30.006
183800,180,-29.994
183810,180,-29.931
183820,180,-29.987
183830,180,-29.994
183840,180,-29.994
183850,180,-29.931
183860,180,-29.975
183870,180,-29.994
183880,180,-29.987
183890,180,-29.950
183900,180,-29.937
183910,180,-29.975
183920,180,-29.981
183930,180,-29.969
183940,180,-29.969
183950,180,-29.981
183960,180,-29.981
183970,180,-29.981
183980,180,-29.900
183990,180,-29.975
184000,180,-29.962
184010,180,-29.981
184020,180,-29.925
184030,180,-29.962
184040,180,-29.975
184050,180,-29.969
184060,180,-29.937
184070,180,-29.931
184080,180,-29.969
184090,180,-29.956
184100,180,-29.925
184110,180,-29.944
184120,180,-29.962
184130,180,-29.944
184140,180,-29.900
184150,180,-29.937
184160,180,-29.950
184170,180,-29.950
184180,180,-29.900
184190,180,-29.912
184200,180,-29.944
184210,180,-29.950
184220,180,-29.931
184230,180,-29.950
184240,180,-29.950
184250,180,-29.956
184260,180,-29.950
184270,180,-29.881
184280,180,-29.950
184290,180,-29.944
184300,180,-29.950
184310,180,-29.894
184320,180,-29.950
184330,180,-29.950
184340,180,-29.937
184350,180,-29.906
184360,180,-29.906
184370,180,-29.937
184380,180,-29.944
184390,180,-29.919
184400,180,-29.944
184410,180,-29.944
184420,180,-29.937
184430,180,-29.944
184440,180,-29.950
184450,180,-29.987
184460,180,-29.956
184470,180,-29.900
184480,180,-29.925
184490,180,-29.937
184500,180,-29.950
184510,180,-29.919
184520,180,-29.950
184530,180,-30.006
184540,180,-29.956
184550,180,-29.944
184560,180,-29.919
184570,180,-29.950
184580,180,-29.931
184590,180,-29.937
184600,180,-29.944
184610,180,-29.944
184620,180,-29.987
184630,180,-29.937
184640,180,-29.894
184650,180,-29.937
184660,180,-29.969
184670,180,-29.944
184680,180,-29.937
184690,180,-29.937
184700,180,-29.944
184710,180,-29.987
184720,180,-29.944
184730,180,-29.931
184740,180,-29.937
184750,180,-29.931
184760,180,-29.937
184770,180,-29.937
184780,180,-29.931
184790,180,-29.944
184800,180,-29.931
184810,180,-29.937
184820,180,-29.962
184830,180,-29.994
184840,180,-29.937
184850,180,-29.894
184860,180,-29.931
184870,180,-29.975
184880,180,-29.931
184890,180,-29.937
184900,180,-29.937
184910,180,-29.994
184920,180,-29.950
184930,180,-29.931
184940,180,-29.931
184950,180,-29.950
184960,180,-29.969
184970,180,-29.944
184980,180,-29.950
184990,180,-29.944
185000,180,-30.012
185010,180,-29.950
185020,180,-29.944
185030,180,-29.931
185040,180,-29.937
185050,180,-29.975
185060,180,-29.931
185070,180,-29.937
185080,180,-29.962
185090,180,-30.006
185100,180,-29.962
185110,180,-29.950
185120,180,-30.025
185130,180,-30.000
185140,180,-29.950
185150,180,-29.950
185160,180,-29.944
185170,180,-30.019
185180,180,-29.944
185190,180,-29.956
185200,180,-29.950
185210,180,-30.012
185220,180,-29.962
185230,180,-29.950
185240,180,-29.944
185250,180,-29.950
185260,180,-29.981
185270,180,-29.950
185280,180,-29.950
185290,180,-29.969
185300,180,-30.012
185310,180,-29.956
185320,180,-29.956
185330,180,-29.950
185340,180,-29.987
185350,180,-29.944
185360,180,-29.950
185370,180,-29.956
185380,180,-30.012
185390,180,-30.000
185400,180,-29.950
185410,180,-29.950
185420,180,-29.944
185430,180,-29.975
185440,180,-29.937
185450,180,-29.956
185460,180,-29.994
185470,180,-29.950
185480,180,-29.944
185490,180,-29.950
185500,180,-29.962
185510,180,-29.994
185520,180,-29.950
185530,180,-29.900
185540,180,-29.950
185550,180,-29.950
185560,180,-29.950
185570,180,-29.950
185580,180,-29.944
185590,180,-30.019
185600,180,-29.956
185610,180,-29.937
185620,180,-29.937
185630,180,-29.950
185640,180,-29.981
185650,180,-29.944
185660,180,-29.950
185670,180,-29.975
185680,180,-29.994
185690,180,-29.944
185700,180,-29.900
185710,180,-29.944
185720,180,-29.969
185730,180,-29.944
185740,180,-29.937
185750,180,-29.937
185760,180,-29.962
185770,180,-29.994
185780,180,-29.931
185790,180,-29.937
185800,180,-30.006
185810,180,-29.944
185820,180,-29.950
185830,180,-29.950
185840,180,-29.937
185850,180,-29.981
185860,180,-29.956
185870,180,-29.962
185880,180,-29.981
185890,180,-30.019
185900,180,-29.956
185910,180,-29.950
185920,180,-29.962
185930,180,-29.994
185940,180,-29.981
185950,180,-29.950
185960,180,-29.950
185970,180,-29.987
185980,180,-30.000
185990,180,-29.950
186000,180,-29.950
186010,180,-29.956
186020,180,-29.987
186030,180,-29.956
186040,180,-29.950
186050,180,-29.950
186060,180,-30.019
186070,180,-29.962
186080,180,-29.937
186090,180,-29.925
186100,180,-29.944
186110,180,-29.975
186120,180,-29.944
186130,180,-29.937
186140,180,-29.994
186150,180,-29.931
186160,180,-29.937
186170,180,-29.937
186180,180,-29.962
186190,180,-29.937
186200,180,-29.944
186210,180,-29.950
186220,180,-29.950
186230,180,-30.012
186240,180,-29.937
186250,180,-29.937
186260,180,-29.931
186270,180,-30.000
186280,180,-29.944
186290,180,-29.950
186300,180,-29.944
186310,180,-29.944
186320,180,-29.962
186330,180,-29.931
186340,180,-29.944
186350,180,-29.962
186360,180,-29.987
186370,180,-29.937
186380,180,-29.937
186390,180,-29.944
186400,180,-29.987
186410,180,-29.937
186420,180,-29.937
186430,180,-29.937
186440,180,-29.956
186450,180,-29.975
186460,180,-29.931
186470,180,-29.931
186480,180,-30.000
186490,180,-29.931
186500,180,-29.937
186510,180,-29.931
186520,180,-29.981
186530,180,-29.956
186540,180,-29.931
186550,180,-29.931
186560,180,-29.962
186570,180,-30.000
186580,180,-29.937
186590,180,-29.944
186600,180,-29.944
186610,180,-29.975
186620,180,-29.956
186630,180,-29.931
186640,180,-29.931
186650,180,-30.000
186660,180,-29.981
186670,180,-29.944
186680,180,-29.937
186690,180,-29.937
186700,180,-29.956
186710,180,-29.931
186720,180,-29.931
186730,180,-29.931
186740,180,-30.006
186750,180,-29.937
186760,180,-29.931
186770,180,-29.919
186780,180,-29.931
186790,180,-29.937
186800,180,-29.900
186810,180,-29.956
186820,180,-29.962
186830,180,-29.944
186840,180,-29.937
186850,180,-29.931
186860,180,-29.994
186870,180,-29.937
186880,180,-29.931
186890,180,-29.937
186900,180,-29.994
186910,180,-29.944
186920,180,-29.931
186930,180,-29.925
186940,180,-29.969
186950,180,-29.969
186960,180,-29.931
186970,180,-29.887
186980,180,-29.931
186990,180,-29.981
187000,180,-29.931
187010,185,-29.919
187020,185,-29.931
187030,185,-30.000
187040,185,-30.000
187050,185,-29.931
187060,185,-29.931
187070,185,-29.987
187080,185,-30.000
187090,185,-29.994
187100,185,-29.994
187110,185,-30.000
187120,185,-29.987
187130,185,-30.000
187140,185,-30.019
187150,185,-30.000
187160,185,-29.994
187170,185,-30.000
187180,185,-30.069
187190,185,-30.069
187200,185,-30.056
187210,185,-30.000
187220,185,-30.000
187230,185,-29.994
187240,185,-30.056
187250,185,-30.037
187260,185,-29.994
187270,185,-29.994
187280,185,-29.994
187290,185,-30.044
187300,185,-30.056
187310,185,-30.056
187320,185,-29.994
187330,185,-29.994
187340,185,-30.000
187350,185,-30.056
187360,185,-30.062
187370,185,-30.006
187380,185,-30.000
187390,185,-30.000
187400,185,-30.031
187410,185,-30.069
187420,185,-30.056
187430,185,-30.000
187440,185,-30.000
187450,185,-30.000
187460,185,-30.044
187470,185,-30.044
187480,185,-29.994
187490,185,-30.006
187500,185,-30.012
187510,185,-30.069
187520,185,-30.069
187530,185,-30.006
187540,185,-30.000
187550,185,-29.994
187560,185,-30.075
187570,185,-30.069
187580,185,-30.075
187590,185,-30.019
187600,185,-30.006
187610,185,-30.000
187620,185,-30.069
187630,185,-30.069
187640,185,-30.044
187650,185,-30.006
187660,185,-30.006
187670,185,-30.069
187680,185,-30.069
187690,185,-30.075
187700,185,-30.037
187710,185,-30.006
187720,185,-30.012
187730,185,-30.037
187740,185,-30.087
187750,185,-30.075
187760,185,-30.006
187770,185,-30.012
187780,185,-30.019
187790,185,-30.075
187800,185,-30.081
187810,185,-30.031
187820,185,-30.019
187830,185,-30.062
187840,185,-30.087
187850,185,-30.075
187860,185,-30.056
187870,185,-30.019
187880,185,-30.019
187890,185,-30.075
187900,185,-30.087
187910,185,-30.094
187920,185,-30.025
187930,185,-30.031
187940,185,-30.050
187950,185,-30.087
187960,185,-30.087
187970,185,-30.087
187980,185,-30.025
187990,185,-30.031
188000,185,-30.025
188010,185,-30.100
188020,185,-30.100
188030,185,-30.025
188040,185,-30.031
188050,185,-30.025
188060,185,-30.087
188070,185,-30.094
188080,185,-30.100
188090,185,-30.050
188100,185,-30.000
188110,185,-30.006
188120,185,-30.075
188130,185,-30.087
188140,185,-30.100
188150,185,-30.037
188160,185,-30.062
188170,185,-30.106
188180,185,-30.106
188190,185,-30.062
188200,185,-30.037
188210,185,-30.050
188220,185,-30.106
188230,185,-30.112
188240,185,-30.112
188250,185,-30.050
188260,185,-30.037
188270,185,-30.056
188280,185,-30.106
188290,185,-30.125
188300,185,-30.087
188310,185,-30.056
188320,185,-30.050
188330,185,-30.081
188340,185,-30.119
188350,185,-30.119
188360,185,-30.119
188370,185,-30.062
188380,185,-30.056
188390,185,-30.056
188400,185,-30.125
188410,185,-30.125
188420,185,-30.075
188430,185,-30.056
188440,185,-30.081
188450,185,-30.131
188460,185,-30.119
188470,185,-30.125
188480,185,-30.069
188490,185,-30.081
188500,185,-30.144
188510,185,-30.131
188520,185,-30.100
188530,185,-30.069
188540,185,-30.069
188550,185,-30.094
188560,185,-30.144
188570,185,-30.131
188580,185,-30.081
188590,185,-30.069
188600,185,-30.081
188610,185,-30.137
188620,185,-30.137
188630,185,-30.125
188640,185,-30.081
188650,185,-30.087
188660,185,-30.087
188670,185,-30.144
188680,185,-30.150
188690,185,-30.106
188700,185,-30.081
188710,185,-30.094
188720,185,-30.150
188730,185,-30.156
188740,185,-30.162
188750,185,-30.100
188760,185,-30.094
188770,185,-30.100
188780,185,-30.125
188790,185,-30.156
188800,185,-30.156
188810,185,-30.100
188820,185,-30.087
188830,185,-30.169
188840,185,-30.169
188850,185,-30.169
188860,185,-30.106
188870,185,-30.100
188880,185,-30.156
188890,185,-30.175
188900,185,-30.169
188910,185,-30.169
188920,185,-30.106
188930,185,-30.100
188940,185,-30.125
188950,185,-30.175
188960,185,-30.175
188970,185,-30.181
188980,185,-30.131
188990,185,-30.106
189000,185,-30.181
189010,185,-30.169
189020,185,-30.175
189030,185,-30.162
189040,185,-30.106
189050,185,-30.112
189060,185,-30.156
189070,185,-30.181
189080,185,-30.181
189090,185,-30.150
189100,185,-30.112
189110,185,-30.112
189120,185,-30.169
189130,185,-30.181
189140,185,-30.175
189150,185,-30.131
189160,185,-30.131
189170,185,-30.187
189180,185,-30.181
189190,185,-30.187
189200,185,-30.119
189210,185,-30.112
189220,185,-30.112
189230,185,-30.187
189240,185,-30.175
189250,185,-30.175
189260,185,-30.119
189270,185,-30.119
189280,185,-30.156
189290,185,-30.187
189300,185,-30.181
189310,185,-30.150
189320,185,-30.112
189330,185,-30.125
189340,185,-30.175
189350,185,-30.187
189360,185,-30.187
189370,185,-30.106
189380,185,-30.112
189390,185,-30.137
189400,185,-30.181
189410,185,-30.187
189420,185,-30.187
189430,185,-30.131
189440,185,-30.119
189450,185,-30.112
189460,185,-30.175
189470,185,-30.181
189480,185,-30.187
189490,185,-30.119
189500,185,-30.156
189510,185,-30.175
189520,185,-30.181
189530,185,-30.156
189540,185,-30.112
189550,185,-30.137
189560,185,-30.187
189570,185,-30.187
189580,185,-30.181
189590,185,-30.175
189600,185,-30.106
189610,185,-30.112
189620,185,-30.175
189630,185,-30.181
189640,185,-30.181
189650,185,-30.125
189660,185,-30.112
189670,185,-30.150
189680,185,-30.181
189690,185,-30.175
189700,185,-30.187
189710,185,-30.162
189720,185,-30.119
189730,185,-30.112
189740,185,-30.156
189750,185,-30.181
189760,185,-30.181
189770,185,-30.112
189780,185,-30.112
189790,185,-30.125
189800,185,-30.187
189810,185,-30.169
189820,185,-30.162
189830,185,-30.112
189840,185,-30.175
189850,185,-30.175
189860,185,-30.175
189870,185,-30.131
189880,185,-30.106
189890,185,-30.112
189900,185,-30.137
189910,185,-30.181
189920,185,-30.175
189930,185,-30.125
189940,185,-30.119
189950,185,-30.131
189960,185,-30.175
189970,185,-30.169
189980,185,-30.169
189990,185,-30.106
190000,185,-30.112
190010,185,-30.119
190020,185,-30.175
190030,185,-30.181
190040,185,-30.169
190050,185,-30.106
190060,185,-30.106
190070,185,-30.144
190080,185,-30.187
190090,185,-30.187
190100,185,-30.162
190110,185,-30.119
190120,185,-30.112
190130,185,-30.162
190140,185,-30.187
190150,185,-30.181
190160,185,-30.137
190170,185,-30.112
190180,185,-30.162
190190,185,-30.187
190200,185,-30.187
190210,185,-30.119
190220,185,-30.119
190230,185,-30.137
190240,185,-30.194
190250,185,-30.194
190260,185,-30.187
190270,185,-30.125
190280,185,-30.119
190290,185,-30.112
190300,185,-30.187
190310,185,-30.187
190320,185,-30.175
190330,185,-30.119
190340,185,-30.125
190350,185,-30.162
190360,185,-30.187
190370,185,-30.194
190380,185,-30.156
190390,185,-30.119
190400,185,-30.125
190410,185,-30.181
190420,185,-30.194
190430,185,-30.181
190440,185,-30.181
190450,185,-30.119
190460,185,-30.156
190470,185,-30.187
190480,185,-30.194
190490,185,-30.187
190500,185,-30.187
190510,185,-30.150
190520,185,-30.181
190530,185,-30.187
190540,185,-30.187
190550,185,-30.181
190560,185,-30.112
190570,185,-30.112
190580,185,-30.181
190590,185,-30.175
190600,185,-30.181
190610,185,-30.187
190620,185,-30.119
190630,185,-30.131
190640,185,-30.181
190650,185,-30.181
190660,185,-30.181
190670,185,-30.175
190680,185,-30.112
190690,185,-30.112
190700,185,-30.187
190710,185,-30.175
190720,185,-30.181
190730,185,-30.175
190740,185,-30.112
190750,185,-30.112
190760,185,-30.175
190770,185,-30.169
190780,185,-30.181
190790,185,-30.187
190800,185,-30.131
190810,185,-30.112
190820,185,-30.156
190830,185,-30.169
190840,185,-30.187
190850,185,-30.125
190860,185,-30.125
190870,185,-30.156
190880,185,-30.175
190890,185,-30.181
190900,185,-30.181
190910,185,-30.119
190920,185,-30.112
190930,185,-30.181
190940,185,-30.187
190950,185,-30.187
190960,185,-30.181
190970,185,-30.150
190980,185,-30.106
190990,185,-30.150
191000,185,-30.181
191010,185,-30.181
191020,185,-30.181
191030,185,-30.131
191040,185,-30.119
191050,185,-30.156
191060,185,-30.175
191070,185,-30.181
191080,185,-30.181
191090,185,-30.125
191100,185,-30.112
191110,185,-30.131
191120,185,-30.181
191130,185,-30.187
191140,185,-30.187
191150,185,-30.156
191160,185,-30.112
191170,185,-30.175
191180,185,-30.187
191190,185,-30.181
191200,185,-30.112
191210,185,-30.119
191220,185,-30.181
191230,185,-30.187
191240,185,-30.187
191250,185,-30.194
191260,185,-30.119
191270,185,-30.119
191280,185,-30.144
191290,185,-30.187
191300,185,-30.187
191310,185,-30.181
191320,185,-30.125
191330,185,-30.125
191340,185,-30.194
191350,185,-30.194
191360,185,-30.181
191370,185,-30.187
191380,185,-30.119
191390,185,-30.125
191400,185,-30.175
191410,185,-30.187
191420,185,-30.181
191430,185,-30.181
191440,185,-30.119
191450,185,-30.156
191460,185,-30.187
191470,185,-30.194
191480,185,-30.187
191490,185,-30.175
191500,185,-30.119
191510,185,-30.119
191520,185,-30.181
191530,185,-30.194
191540,185,-30.181
191550,185,-30.125
191560,185,-30.119
191570,185,-30.181
191580,185,-30.181
191590,185,-30.187
191600,185,-30.162
191610,185,-30.125
191620,185,-30.131
191630,185,-30.194
191640,185,-30.181
191650,185,-30.181
191660,185,-30.181
191670,185,-30.119
191680,185,-30.119
191690,185,-30.181
191700,185,-30.187
191710,185,-30.181
191720,185,-30.200
191730,185,-30.119
191740,185,-30.156
191750,185,-30.187
191760,185,-30.187
191770,185,-30.187
191780,185,-30.181
191790,185,-30.131
191800,185,-30.125
191810,185,-30.156
191820,185,-30.187
191830,185,-30.194
191840,185,-30.194
191850,185,-30.131
191860,185,-30.169
191870,185,-30.194
191880,185,-30.194
191890,185,-30.187
191900,185,-30.125
191910,185,-30.144
191920,185,-30.194
191930,185,-30.194
191940,185,-30.194
191950,185,-30.187
191960,185,-30.125
191970,185,-30.125
191980,185,-30.150
191990,185,-30.206
192000,185,-30.200
192010,190,-30.181
192020,190,-30.150
192030,190,-30.169
192040,190,-30.187
192050,190,-30.212
192060,190,-30.262
192070,190,-30.256
192080,190,-30.256
192090,190,-30.250
192100,190,-30.200
192110,190,-30.187
192120,190,-30.187
192130,190,-30.219
192140,190,-30.250
192150,190,-30.262
192160,190,-30.262
192170,190,-30.262
192180,190,-30.262
192190,190,-30.231
192200,190,-30.262
192210,190,-30.262
192220,190,-30.256
192230,190,-30.256
192240,190,-30.250
192250,190,-30.256
192260,190,-30.256
192270,190,-30.269
192280,190,-30.269
192290,190,-30.256
192300,190,-30.262
192310,190,-30.269
192320,190,-30.331
192330,190,-30.262
192340,190,-30.269
192350,190,-30.262
192360,190,-30.250
192370,190,-30.237
192380,190,-30.212
192390,190,-30.256
192400,190,-30.256
192410,190,-30.250
192420,190,-30.287
192430,190,-30.256
192440,190,-30.256
192450,190,-30.256
192460,190,-30.262
192470,190,-30.256
192480,190,-30.269
192490,190,-30.256
192500,190,-30.300
192510,190,-30.331
192520,190,-30.256
192530,190,-30.256
192540,190,-30.269
192550,190,-30.256
192560,190,-30.250
192570,190,-30.294
192580,190,-30.325
192590,190,-30.262
192600,190,-30.256
192610,190,-30.262
192620,190,-30.269
192630,190,-30.262
192640,190,-30.231
192650,190,-30.256
192660,190,-30.256
192670,190,-30.281
192680,190,-30.325
192690,190,-30.262
192700,190,-30.269
192710,190,-30.269
192720,190,-30.262
192730,190,-30.262
192740,190,-30.262
192750,190,-30.256
192760,190,-30.281
192770,190,-30.319
192780,190,-30.312
192790,190,-30.262
192800,190,-30.262
192810,190,-30.262
192820,190,-30.225
192830,190,-30.219
192840,190,-30.256
192850,190,-30.262
192860,190,-30.262
192870,190,-30.262
192880,190,-30.256
192890,190,-30.256
192900,190,-30.250
192910,190,-30.256
192920,190,-30.262
192930,190,-30.256
192940,190,-30.300
192950,190,-30.275
192960,190,-30.256
192970,190,-30.262
192980,190,-30.269
192990,190,-30.262
193000,190,-30.269
193010,190,-30.262
193020,190,-30.250
193030,190,-30.319
193040,190,-30.300
193050,190,-30.256
193060,190,-30.256
193070,190,-30.256
193080,190,-30.256
193090,190,-30.212
193100,190,-30.250
193110,190,-30.256
193120,190,-30.262
193130,190,-30.325
193140,190,-30.262
193150,190,-30.269
193160,190,-30.262
193170,190,-30.262
193180,190,-30.262
193190,190,-30.269
193200,190,-30.281
193210,190,-30.275
193220,190,-30.269
193230,190,-30.256
193240,190,-30.262
193250,190,-30.262
193260,190,-30.250
193270,190,-30.256
193280,190,-30.262
193290,190,-30.325
193300,190,-30.325
193310,190,-30.262
193320,190,-30.262
193330,190,-30.262
193340,190,-30.262
193350,190,-30.187
193360,190,-30.262
193370,190,-30.262
193380,190,-30.262
193390,190,-30.306
193400,190,-30.256
193410,190,-30.262
193420,190,-30.262
193430,190,-30.250
193440,190,-30.256
193450,190,-30.269
193460,190,-30.256
193470,190,-30.262
193480,190,-30.331
193490,190,-30.262
193500,190,-30.256
193510,190,-30.256
193520,190,-30.262
193530,190,-30.237
193540,190,-30.225
193550,190,-30.294
193560,190,-30.287
193570,190,-30.256
193580,190,-30.269
193590,190,-30.262
193600,190,-30.262
193610,190,-30.206
193620,190,-30.225
193630,190,-30.256
193640,190,-30.256
193650,190,-30.287
193660,190,-30.269
193670,190,-30.256
193680,190,-30.256
193690,190,-30.269
193700,190,-30.250
193710,190,-30.256
193720,190,-30.262
193730,190,-30.256
193740,190,-30.325
193750,190,-30.262
193760,190,-30.262
193770,190,-30.262
193780,190,-30.269
193790,190,-30.262
193800,190,-30.194
193810,190,-30.262
193820,190,-30.269
193830,190,-30.262
193840,190,-30.306
193850,190,-30.250
193860,190,-30.250
193870,190,-30.250
193880,190,-30.262
193890,190,-30.262
193900,190,-30.256
193910,190,-30.312
193920,190,-30.256
193930,190,-30.256
193940,190,-30.262
193950,190,-30.256
193960,190,-30.256
193970,190,-30.275
193980,190,-30.262
193990,190,-30.275
194000,190,-30.337
194010,190,-30.287
194020,190,-30.256
194030,190,-30.262
194040,190,-30.256
194050,190,-30.256
194060,190,-30.212
194070,190,-30.256
194080,190,-30.256
194090,190,-30.256
194100,190,-30.256
194110,190,-30.256
194120,190,-30.256
194130,190,-30.256
194140,190,-30.256
194150,190,-30.250
194160,190,-30.250
194170,190,-30.250
194180,190,-30.256
194190,190,-30.319
194200,190,-30.256
194210,190,-30.256
194220,190,-30.256
194230,190,-30.256
194240,190,-30.250
194250,190,-30.250
194260,190,-30.325
194270,190,-30.256
194280,190,-30.256
194290,190,-30.250
194300,190,-30.256
194310,190,-30.256
194320,190,-30.181
194330,190,-30.250
194340,190,-30.256
194350,190,-30.256
194360,190,-30.300
194370,190,-30.256
194380,190,-30.250
194390,190,-30.244
194400,190,-30.250
194410,190,-30.256
194420,190,-30.250
194430,190,-30.262
194440,190,-30.269
194450,190,-30.325
194460,190,-30.269
194470,190,-30.250
194480,190,-30.250
194490,190,-30.237
194500,190,-30.250
194510,190,-30.250
194520,190,-30.256
194530,190,-30.250
194540,190,-30.262
194550,190,-30.287
194560,190,-30.250
194570,190,-30.250
194580,190,-30.250
194590,190,-30.244
194600,190,-30.250
194610,190,-30.237
194620,190,-30.287
194630,190,-30.275
194640,190,-30.250
194650,190,-30.250
194660,190,-30.244
194670,190,-30.256
194680,190,-30.250
194690,190,-30.237
194700,190,-30.237
194710,190,-30.319
194720,190,-30.300
194730,190,-30.256
194740,190,-30.250
194750,190,-30.244
194760,190,-30.231
194770,190,-30.175
194780,190,-30.212
194790,190,-30.244
194800,190,-30.237
194810,190,-30.244
194820,190,-30.237
194830,190,-30.250
194840,190,-30.237
194850,190,-30.187
194860,190,-30.225
194870,190,-30.250
194880,190,-30.250
194890,190,-30.256
194900,190,-30.262
194910,190,-30.262
194920,190,-30.187
194930,190,-30.250
194940,190,-30.250
194950,190,-30.256
194960,190,-30.306
194970,190,-30.256
194980,190,-30.250
194990,190,-30.250
195000,190,-30.250
195010,190,-30.181
195020,190,-30.219
195030,190,-30.250
195040,190,-30.250
195050,190,-30.269
195060,190,-30.269
195070,190,-30.256
195080,190,-30.250
195090,190,-30.250
195100,190,-30.256
195110,190,-30.256
195120,190,-30.256
195130,190,-30.250
195140,190,-30.312
195150,190,-30.319
195160,190,-30.250
195170,190,-30.244
195180,190,-30.250
195190,190,-30.250
195200,190,-30.187
195210,190,-30.256
195220,190,-30.250
195230,190,-30.250
195240,190,-30.256
195250,190,-30.256
195260,190,-30.231
195270,190,-30.200
195280,190,-30.194
195290,190,-30.250
195300,190,-30.250
195310,190,-30.244
195320,190,-30.256
195330,190,-30.250
195340,190,-30.237
195350,190,-30.194
195360,190,-30.194
195370,190,-30.256
195380,190,-30.250
195390,190,-30.250
195400,190,-30.250
195410,190,-30.250
195420,190,-30.250
195430,190,-30.250
195440,190,-30.200
195450,190,-30.181
195460,190,-30.231
195470,190,-30.250
195480,190,-30.250
195490,190,-30.250
195500,190,-30.250
195510,190,-30.250
195520,190,-30.250
195530,190,-30.200
195540,190,-30.237
195550,190,-30.256
195560,190,-30.256
195570,190,-30.256
195580,190,-30.256
195590,190,-30.250
195600,190,-30.212
195610,190,-30.256
195620,190,-30.256
195630,190,-30.256
195640,190,-30.256
195650,190,-30.262
195660,190,-30.262
195670,190,-30.250
195680,190,-30.250
195690,190,-30.194
195700,190,-30.181
195710,190,-30.256
195720,190,-30.256
195730,190,-30.256
195740,190,-30.250
195750,190,-30.250
195760,190,-30.250
195770,190,-30.212
195780,190,-30.181
195790,190,-30.250
195800,190,-30.244
195810,190,-30.250
195820,190,-30.250
195830,190,-30.250
195840,190,-30.250
195850,190,-30.244
195860,190,-30.181
195870,190,-30.187
195880,190,-30.206
195890,190,-30.244
195900,190,-30.250
195910,190,-30.250
195920,190,-30.250
195930,190,-30.181
195940,190,-30.187
195950,190,-30.244
195960,190,-30.250
195970,190,-30.250
195980,190,-30.250
195990,190,-30.244
196000,190,-30.256
196010,190,-30.187
196020,190,-30.194
196030,190,-30.244
196040,190,-30.244
196050,190,-30.256
196060,190,-30.250
196070,190,-30.244
196080,190,-30.244
196090,190,-30.219
196100,190,-30.181
196110,190,-30.187
196120,190,-30.244
196130,190,-30.256
196140,190,-30.256
196150,190,-30.250
196160,190,-30.250
196170,190,-30.244
196180,190,-30.187
196190,190,-30.187
196200,190,-30.250
196210,190,-30.250
196220,190,-30.250
196230,190,-30.256
196240,190,-30.181
196250,190,-30.187
196260,190,-30.200
196270,190,-30.256
196280,190,-30.256
196290,190,-30.256
196300,190,-30.250
196310,190,-30.250
196320,190,-30.225
196330,190,-30.194
196340,190,-30.187
196350,190,-30.237
196360,190,-30.256
196370,190,-30.256
196380,190,-30.250
196390,190,-30.250
196400,190,-30.250
196410,190,-30.194
196420,190,-30.181
196430,190,-30.244
196440,190,-30.256
196450,190,-30.250
196460,190,-30.250
196470,190,-30.244
196480,190,-30.250
196490,190,-30.187
196500,190,-30.187
196510,190,-30.194
196520,190,-30.244
196530,190,-30.250
196540,190,-30.250
196550,190,-30.250
196560,190,-30.250
196570,190,-30.244
196580,190,-30.231
196590,190,-30.250
196600,190,-30.250
196610,190,-30.256
196620,190,-30.262
196630,190,-30.256
196640,190,-30.200
196650,190,-30.194
196660,190,-30.237
196670,190,-30.262
196680,190,-30.250
196690,190,-30.250
196700,190,-30.262
196710,190,-30.256
196720,190,-30.200
196730,190,-30.187
196740,190,-30.194
196750,190,-30.231
196760,190,-30.262
196770,190,-30.256
196780,190,-30.250
196790,190,-30.256
196800,190,-30.244
196810,190,-30.181
196820,190,-30.200
196830,190,-30.262
196840,190,-30.250
196850,190,-30.256
196860,190,-30.256
196870,190,-30.250
196880,190,-30.237
196890,190,-30.194
196900,190,-30.194
196910,190,-30.219
196920,190,-30.256
196930,190,-30.256
196940,190,-30.256
196950,190,-30.206
196960,190,-30.200
196970,190,-30.194
196980,190,-30.250
196990,190,-30.250
197000,190,-30.256
197010,195,-30.250
197020,195,-30.250
197030,195,-30.256
197040,195,-30.256
197050,195,-30.256
197060,195,-30.256
197070,195,-30.287
197080,195,-30.325
197090,195,-30.325
197100,195,-30.319
197110,195,-30.325
197120,195,-30.325
197130,195,-30.319
197140,195,-30.319
197150,195,-30.319
197160,195,-30.319
197170,195,-30.319
197180,195,-30.319
197190,195,-30.319
197200,195,-30.275
197210,195,-30.306
197220,195,-30.325
197230,195,-30.319
197240,195,-30.319
197250,195,-30.325
197260,195,-30.325
197270,195,-30.319
197280,195,-30.319
197290,195,-30.325
197300,195,-30.319
197310,195,-30.331
197320,195,-30.306
197330,195,-30.306
197340,195,-30.325
197350,195,-30.319
197360,195,-30.325
197370,195,-30.319
197380,195,-30.344
197390,195,-30.381
197400,195,-30.375
197410,195,-30.312
197420,195,-30.319
197430,195,-30.319
197440,195,-30.319
197450,195,-30.325
197460,195,-30.312
197470,195,-30.325
197480,195,-30.325
197490,195,-30.319
197500,195,-30.325
197510,195,-30.319
197520,195,-30.319
197530,195,-30.362
197540,195,-30.387
197550,195,-30.381
197560,195,-30.362
197570,195,-30.319
197580,195,-30.319
197590,195,-30.312
197600,195,-30.319
197610,195,-30.319
197620,195,-30.325
197630,195,-30.325
197640,195,-30.319
197650,195,-30.319
197660,195,-30.375
197670,195,-30.375
197680,195,-30.319
197690,195,-30.312
197700,195,-30.319
197710,195,-30.325
197720,195,-30.319
197730,195,-30.319
197740,195,-30.319
197750,195,-30.281
197760,195,-30.256
197770,195,-30.319
197780,195,-30.325
197790,195,-30.319
197800,195,-30.312
197810,195,-30.319
197820,195,-30.312
197830,195,-30.319
197840,195,-30.319
197850,195,-30.325
197860,195,-30.325
197870,195,-30.319
197880,195,-30.319
197890,195,-30.319
197900,195,-30.325
197910,195,-30.325
197920,195,-30.319
197930,195,-30.381
197940,195,-30.331
197950,195,-30.319
197960,195,-30.319
197970,195,-30.312
197980,195,-30.312
197990,195,-30.319
198000,195,-30.319
198010,195,-30.325
198020,195,-30.319
198030,195,-30.319
198040,195,-30.312
198050,195,-30.325
198060,195,-30.319
198070,195,-30.381
198080,195,-30.381
198090,195,-30.387
198100,195,-30.331
198110,195,-30.319
198120,195,-30.325
198130,195,-30.319
198140,195,-30.312
198150,195,-30.319
198160,195,-30.319
198170,195,-30.319
198180,195,-30.319
198190,195,-30.312
198200,195,-30.319
198210,195,-30.312
198220,195,-30.325
198230,195,-30.312
198240,195,-30.381
198250,195,-30.381
198260,195,-30.337
198270,195,-30.319
198280,195,-30.325
198290,195,-30.312
198300,195,-30.319
198310,195,-30.325
198320,195,-30.325
198330,195,-30.319
198340,195,-30.319
198350,195,-30.319
198360,195,-30.350
198370,195,-30.375
198380,195,-30.387
198390,195,-30.319
198400,195,-30.319
198410,195,-30.325
198420,195,-30.312
198430,195,-30.319
198440,195,-30.312
198450,195,-30.319
198460,195,-30.319
198470,195,-30.312
198480,195,-30.319
198490,195,-30.312
198500,195,-30.319
198510,195,-30.362
198520,195,-30.375
198530,195,-30.375
198540,195,-30.381
198550,195,-30.362
198560,195,-30.325
198570,195,-30.319
198580,195,-30.319
198590,195,-30.312
198600,195,-30.325
198610,195,-30.319
198620,195,-30.325
198630,195,-30.331
198640,195,-30.381
198650,195,-30.375
198660,195,-30.381
198670,195,-30.387
198680,195,-30.381
198690,195,-30.331
198700,195,-30.319
198710,195,-30.319
198720,195,-30.319
198730,195,-30.319
198740,195,-30.319
198750,195,-30.319
198760,195,-30.325
198770,195,-30.319
198780,195,-30.325
198790,195,-30.312
198800,195,-30.312
198810,195,-30.362
198820,195,-30.387
198830,195,-30.387
198840,195,-30.362
198850,195,-30.319
198860,195,-30.312
198870,195,-30.319
198880,195,-30.319
198890,195,-30.319
198900,195,-30.312
198910,195,-30.312
198920,195,-30.312
198930,195,-30.319
198940,195,-30.375
198950,195,-30.381
198960,195,-30.350
198970,195,-30.312
198980,195,-30.319
198990,195,-30.312
199000,195,-30.319
199010,195,-30.319
199020,195,-30.312
199030,195,-30.312
199040,195,-30.312
199050,195,-30.319
199060,195,-30.319
199070,195,-30.319
199080,195,-30.381
199090,195,-30.375
199100,195,-30.394
199110,195,-30.381
199120,195,-30.344
199130,195,-30.312
199140,195,-30.306
199150,195,-30.312
199160,195,-30.319
199170,195,-30.312
199180,195,-30.312
199190,195,-30.312
199200,195,-30.306
199210,195,-30.312
199220,195,-30.319
199230,195,-30.319
199240,195,-30.319
199250,195,-30.325
199260,195,-30.381
199270,195,-30.350
199280,195,-30.300
199290,195,-30.312
199300,195,-30.306
199310,195,-30.312
199320,195,-30.319
199330,195,-30.306
199340,195,-30.312
199350,195,-30.312
199360,195,-30.319
199370,195,-30.312
199380,195,-30.369
199390,195,-30.375
199400,195,-30.375
199410,195,-30.381
199420,195,-30.312
199430,195,-30.306
199440,195,-30.312
199450,195,-30.312
199460,195,-30.306
199470,195,-30.312
199480,195,-30.319
199490,195,-30.306
199500,195,-30.306
199510,195,-30.312
199520,195,-30.306
199530,195,-30.325
199540,195,-30.375
199550,195,-30.381
199560,195,-30.375
199570,195,-30.381
199580,195,-30.375
199590,195,-30.312
199600,195,-30.306
199610,195,-30.306
199620,195,-30.312
199630,195,-30.312
199640,195,-30.312
199650,195,-30.312
199660,195,-30.331
199670,195,-30.375
199680,195,-30.381
199690,195,-30.381
199700,195,-30.381
199710,195,-30.381
199720,195,-30.375
199730,195,-30.312
199740,195,-30.306
199750,195,-30.306
199760,195,-30.312
199770,195,-30.312
199780,195,-30.312
199790,195,-30.312
199800,195,-30.306
199810,195,-30.306
199820,195,-30.306
199830,195,-30.300
199840,195,-30.387
199850,195,-30.375
199860,195,-30.381
199870,195,-30.375
199880,195,-30.375
199890,195,-30.337
199900,195,-30.306
199910,195,-30.306
199920,195,-30.306
199930,195,-30.312
199940,195,-30.312
199950,195,-30.300
199960,195,-30.306
199970,195,-30.325
199980,195,-30.375
199990,195,-30.381
200000,195,-30.375
200010,195,-30.381
200020,195,-30.375
200030,195,-30.306
200040,195,-30.312
200050,195,-30.312
200060,195,-30.306
200070,195,-30.312
200080,195,-30.306
200090,195,-30.312
200100,195,-30.312
200110,195,-30.312
200120,195,-30.312
200130,195,-30.312
200140,195,-30.381
200150,195,-30.381
200160,195,-30.369
200170,195,-30.381
200180,195,-30.381
200190,195,-30.381
200200,195,-30.344
200210,195,-30.312
200220,195,-30.319
200230,195,-30.319
200240,195,-30.319
200250,195,-30.312
200260,195,-30.312
200270,195,-30.312
200280,195,-30.337
200290,195,-30.381
200300,195,-30.375
200310,195,-30.381
200320,195,-30.337
200330,195,-30.344
200340,195,-30.306
200350,195,-30.312
200360,195,-30.319
200370,195,-30.319
200380,195,-30.312
200390,195,-30.312
200400,195,-30.312
200410,195,-30.306
200420,195,-30.306
200430,195,-30.312
200440,195,-30.337
200450,195,-30.381
200460,195,-30.375
200470,195,-30.381
200480,195,-30.331
200490,195,-30.312
200500,195,-30.306
200510,195,-30.306
200520,195,-30.300
200530,195,-30.312
200540,195,-30.312
200550,195,-30.312
200560,195,-30.306
200570,195,-30.306
200580,195,-30.312
200590,195,-30.306
200600,195,-30.369
200610,195,-30.375
200620,195,-30.331
200630,195,-30.312
200640,195,-30.312
200650,195,-30.306
200660,195,-30.312
200670,195,-30.312
200680,195,-30.319
200690,195,-30.312
200700,195,-30.312
200710,195,-30.306
200720,195,-30.337
200730,195,-30.375
200740,195,-30.356
200750,195,-30.312
200760,195,-30.319
200770,195,-30.319
200780,195,-30.319
200790,195,-30.306
200800,195,-30.306
200810,195,-30.312
200820,195,-30.319
200830,195,-30.319
200840,195,-30.319
200850,195,-30.312
200860,195,-30.319
200870,195,-30.312
200880,195,-30.344
200890,195,-30.375
200900,195,-30.312
200910,195,-30.312
200920,195,-30.319
200930,195,-30.319
200940,195,-30.319
200950,195,-30.312
200960,195,-30.312
200970,195,-30.312
200980,195,-30.312
200990,195,-30.312
201000,195,-30.356
201010,195,-30.375
201020,195,-30.344
201030,195,-30.312
201040,195,-30.306
201050,195,-30.319
201060,195,-30.325
201070,195,-30.325
201080,195,-30.312
201090,195,-30.312
201100,195,-30.312
201110,195,-30.319
201120,195,-30.312
201130,195,-30.312
201140,195,-30.331
201150,195,-30.381
201160,195,-30.375
201170,195,-30.381
201180,195,-30.381
201190,195,-30.381
201200,195,-30.319
201210,195,-30.319
201220,195,-30.319
201230,195,-30.319
201240,195,-30.319
201250,195,-30.312
201260,195,-30.319
201270,195,-30.312
201280,195,-30.319
201290,195,-30.319
201300,195,-30.394
201310,195,-30.387
201320,195,-30.387
201330,195,-30.387
201340,195,-30.362
201350,195,-30.319
201360,195,-30.325
201370,195,-30.331
201380,195,-30.325
201390,195,-30.319
201400,195,-30.331
201410,195,-30.331
201420,195,-30.319
201430,195,-30.325
201440,195,-30.331
201450,195,-30.381
201460,195,-30.387
201470,195,-30.387
201480,195,-30.381
201490,195,-30.381
201500,195,-30.356
201510,195,-30.319
201520,195,-30.319
201530,195,-30.319
201540,195,-30.325
201550,195,-30.319
201560,195,-30.325
201570,195,-30.319
201580,195,-30.312
201590,195,-30.312
201600,195,-30.344
201610,195,-30.381
201620,195,-30.381
201630,195,-30.381
201640,195,-30.319
201650,195,-30.325
201660,195,-30.319
201670,195,-30.319
201680,195,-30.319
201690,195,-30.319
201700,195,-30.319
201710,195,-30.319
201720,195,-30.319
201730,195,-30.325
201740,195,-30.375
201750,195,-30.394
201760,195,-30.394
201770,195,-30.387
201780,195,-30.387
201790,195,-30.387
201800,195,-30.387
201810,195,-30.387
201820,195,-30.325
201830,195,-30.325
201840,195,-30.319
201850,195,-30.319
201860,195,-30.312
201870,195,-30.312
201880,195,-30.319
201890,195,-30.312
201900,195,-30.325
201910,195,-30.319
201920,195,-30.369
201930,195,-30.381
201940,195,-30.375
201950,195,-30.381
201960,195,-30.381
201970,195,-30.331
201980,195,-30.325
201990,195,-30.325
202000,195,-30.319
202010,200,-30.319
202020,200,-30.319
202030,200,-30.312
202040,200,-30.331
202050,200,-30.375
202060,200,-30.387
202070,200,-30.375
202080,200,-30.381
202090,200,-30.387
202100,200,-30.381
202110,200,-30.444
202120,200,-30.456
202130,200,-30.450
202140,200,-30.456
202150,200,-30.444
202160,200,-30.456
202170,200,-30.450
202180,200,-30.450
202190,200,-30.450
202200,200,-30.450
202210,200,-30.450
202220,200,-30.462
202230,200,-30.450
202240,200,-30.456
202250,200,-30.456
202260,200,-30.462
202270,200,-30.450
202280,200,-30.450
202290,200,-30.444
202300,200,-30.462
202310,200,-30.450
202320,200,-30.462
202330,200,-30.450
202340,200,-30.444
202350,200,-30.394
202360,200,-30.387
202370,200,-30.387
202380,200,-30.387
202390,200,-30.394
202400,200,-30.387
202410,200,-30.387
202420,200,-30.394
202430,200,-30.394
202440,200,-30.387
202450,200,-30.394
202460,200,-30.394
202470,200,-30.387
202480,200,-30.387
202490,200,-30.387
202500,200,-30.387
202510,200,-30.387
202520,200,-30.381
202530,200,-30.394
202540,200,-30.394
202550,200,-30.394
202560,200,-30.387
202570,200,-30.387
202580,200,-30.394
202590,200,-30.394
202600,200,-30.387
202610,200,-30.400
202620,200,-30.400
202630,200,-30.394
202640,200,-30.406
202650,200,-30.450
202660,200,-30.456
202670,200,-30.456
202680,200,-30.456
202690,200,-30.462
202700,200,-30.456
202710,200,-30.462
202720,200,-30.456
202730,200,-30.456
202740,200,-30.462
202750,200,-30.456
202760,200,-30.462
202770,200,-30.456
202780,200,-30.450
202790,200,-30.456
202800,200,-30.456
202810,200,-30.462
202820,200,-30.469
202830,200,-30.469
202840,200,-30.456
202850,200,-30.456
202860,200,-30.462
202870,200,-30.450
202880,200,-30.450
202890,200,-30.469
202900,200,-30.456
202910,200,-30.462
202920,200,-30.456
202930,200,-30.462
202940,200,-30.456
202950,200,-30.450
202960,200,-30.462
202970,200,-30.462
202980,200,-30.450
202990,200,-30.462
203000,200,-30.469
203010,200,-30.456
203020,200,-30.469
203030,200,-30.462
203040,200,-30.462
203050,200,-30.462
203060,200,-30.462
203070,200,-30.456
203080,200,-30.425
203090,200,-30.394
203100,200,-30.400
203110,200,-30.400
203120,200,-30.400
203130,200,-30.406
203140,200,-30.394
203150,200,-30.400
203160,200,-30.400
203170,200,-30.400
203180,200,-30.400
203190,200,-30.400
203200,200,-30.394
203210,200,-30.394
203220,200,-30.394
203230,200,-30.400
203240,200,-30.400
203250,200,-30.406
203260,200,-30.406
203270,200,-30.394
203280,200,-30.400
203290,200,-30.400
203300,200,-30.394
203310,200,-30.400
203320,200,-30.400
203330,200,-30.400
203340,200,-30.394
203350,200,-30.400
203360,200,-30.400
203370,200,-30.400
203380,200,-30.400
203390,200,-30.400
203400,200,-30.400
203410,200,-30.406
203420,200,-30.387
203430,200,-30.394
203440,200,-30.400
203450,200,-30.469
203460,200,-30.469
203470,200,-30.462
203480,200,-30.462
203490,200,-30.475
203500,200,-30.469
203510,200,-30.469
203520,200,-30.469
203530,200,-30.456
203540,200,-30.462
203550,200,-30.456
203560,200,-30.456
203570,200,-30.462
203580,200,-30.469
203590,200,-30.475
203600,200,-30.462
203610,200,-30.462
203620,200,-30.456
203630,200,-30.450
203640,200,-30.462
203650,200,-30.469
203660,200,-30.450
203670,200,-30.456
203680,200,-30.456
203690,200,-30.462
203700,200,-30.456
203710,200,-30.462
203720,200,-30.462
203730,200,-30.469
203740,200,-30.456
203750,200,-30.462
203760,200,-30.456
203770,200,-30.469
203780,200,-30.469
203790,200,-30.456
203800,200,-30.462
203810,200,-30.462
203820,200,-30.462
203830,200,-30.456
203840,200,-30.462
203850,200,-30.462
203860,200,-30.456
203870,200,-30.469
203880,200,-30.462
203890,200,-30.462
203900,200,-30.469
203910,200,-30.462
203920,200,-30.387
203930,200,-30.394
203940,200,-30.394
203950,200,-30.394
203960,200,-30.406
203970,200,-30.394
203980,200,-30.394
203990,200,-30.400
204000,200,-30.406
204010,200,-30.400
204020,200,-30.406
204030,200,-30.406
204040,200,-30.406
204050,200,-30.400
204060,200,-30.400
204070,200,-30.400
204080,200,-30.406
204090,200,-30.406
204100,200,-30.412
204110,200,-30.450
204120,200,-30.462
204130,200,-30.462
204140,200,-30.456
204150,200,-30.456
204160,200,-30.469
204170,200,-30.456
204180,200,-30.462
204190,200,-30.462
204200,200,-30.462
204210,200,-30.456
204220,200,-30.469
204230,200,-30.456
204240,200,-30.469
204250,200,-30.469
204260,200,-30.469
204270,200,-30.462
204280,200,-30.462
204290,200,-30.462
204300,200,-30.462
204310,200,-30.456
204320,200,-30.456
204330,200,-30.462
204340,200,-30.462
204350,200,-30.456
204360,200,-30.456
204370,200,-30.462
204380,200,-30.462
204390,200,-30.456
204400,200,-30.462
204410,200,-30.456
204420,200,-30.450
204430,200,-30.456
204440,200,-30.456
204450,200,-30.456
204460,200,-30.456
204470,200,-30.462
204480,200,-30.469
204490,200,-30.462
204500,200,-30.469
204510,200,-30.462
204520,200,-30.462
204530,200,-30.469
204540,200,-30.456
204550,200,-30.394
204560,200,-30.400
204570,200,-30.400
204580,200,-30.400
204590,200,-30.400
204600,200,-30.394
204610,200,-30.394
204620,200,-30.387
204630,200,-30.394
204640,200,-30.394
204650,200,-30.406
204660,200,-30.394
204670,200,-30.387
204680,200,-30.400
204690,200,-30.394
204700,200,-30.406
204710,200,-30.394
204720,200,-30.400
204730,200,-30.400
204740,200,-30.394
204750,200,-30.394
204760,200,-30.400
204770,200,-30.394
204780,200,-30.400
204790,200,-30.400
204800,200,-30.394
204810,200,-30.400
204820,200,-30.406
204830,200,-30.394
204840,200,-30.394
204850,200,-30.400
204860,200,-30.406
204870,200,-30.400
204880,200,-30.400
204890,200,-30.406
204900,200,-30.400
204910,200,-30.400
204920,200,-30.400
204930,200,-30.400
204940,200,-30.394
204950,200,-30.400
204960,200,-30.412
204970,200,-30.462
204980,200,-30.456
204990,200,-30.419
205000,200,-30.462
205010,200,-30.450
205020,200,-30.469
205030,200,-30.450
205040,200,-30.462
205050,200,-30.462
205060,200,-30.456
205070,200,-30.456
205080,200,-30.456
205090,200,-30.456
205100,200,-30.456
205110,200,-30.456
205120,200,-30.456
205130,200,-30.456
205140,200,-30.456
205150,200,-30.456
205160,200,-30.462
205170,200,-30.462
205180,200,-30.469
205190,200,-30.456
205200,200,-30.450
205210,200,-30.456
205220,200,-30.450
205230,200,-30.456
205240,200,-30.450
205250,200,-30.469
205260,200,-30.456
205270,200,-30.456
205280,200,-30.462
205290,200,-30.450
205300,200,-30.462
205310,200,-30.462
205320,200,-30.456
205330,200,-30.450
205340,200,-30.456
205350,200,-30.456
205360,200,-30.456
205370,200,-30.450
205380,200,-30.469
205390,200,-30.456
205400,200,-30.456
205410,200,-30.456
205420,200,-30.450
205430,200,-30.456
205440,200,-30.462
205450,200,-30.456
205460,200,-30.469
205470,200,-30.462
205480,200,-30.462
205490,200,-30.462
205500,200,-30.456
205510,200,-30.450
205520,200,-30.456
205530,200,-30.456
205540,200,-30.462
205550,200,-30.450
205560,200,-30.444
205570,200,-30.387
205580,200,-30.387
205590,200,-30.387
205600,200,-30.387
205610,200,-30.387
205620,200,-30.387
205630,200,-30.387
205640,200,-30.400
205650,200,-30.387
205660,200,-30.394
205670,200,-30.387
205680,200,-30.387
205690,200,-30.394
205700,200,-30.394
205710,200,-30.387
205720,200,-30.387
205730,200,-30.387
205740,200,-30.387
205750,200,-30.387
205760,200,-30.387
205770,200,-30.387
205780,200,-30.387
205790,200,-30.400
205800,200,-30.394
205810,200,-30.381
205820,200,-30.387
205830,200,-30.394
205840,200,-30.456
205850,200,-30.462
205860,200,-30.456
205870,200,-30.456
205880,200,-30.456
205890,200,-30.456
205900,200,-30.450
205910,200,-30.456
205920,200,-30.456
205930,200,-30.456
205940,200,-30.456
205950,200,-30.450
205960,200,-30.456
205970,200,-30.450
205980,200,-30.450
205990,200,-30.456
206000,200,-30.456
206010,200,-30.456
206020,200,-30.456
206030,200,-30.456
206040,200,-30.456
206050,200,-30.456
206060,200,-30.456
206070,200,-30.456
206080,200,-30.450
206090,200,-30.456
206100,200,-30.456
206110,200,-30.450
206120,200,-30.456
206130,200,-30.450
206140,200,-30.462
206150,200,-30.456
206160,200,-30.450
206170,200,-30.462
206180,200,-30.450
206190,200,-30.450
206200,200,-30.450
206210,200,-30.462
206220,200,-30.444
206230,200,-30.450
206240,200,-30.462
206250,200,-30.456
206260,200,-30.456
206270,200,-30.450
206280,200,-30.444
206290,200,-30.450
206300,200,-30.450
206310,200,-30.456
206320,200,-30.462
206330,200,-30.450
206340,200,-30.450
206350,200,-30.419
206360,200,-30.381
206370,200,-30.400
206380,200,-30.387
206390,200,-30.394
206400,200,-30.381
206410,200,-30.381
206420,200,-30.375
206430,200,-30.375
206440,200,-30.381
206450,200,-30.387
206460,200,-30.375
206470,200,-30.387
206480,200,-30.381
206490,200,-30.375
206500,200,-30.369
206510,200,-30.362
206520,200,-30.369
206530,200,-30.381
206540,200,-30.375
206550,200,-30.381
206560,200,-30.381
206570,200,-30.369
206580,200,-30.425
206590,200,-30.362
206600,200,-30.419
206610,200,-30.450
206620,200,-30.450
206630,200,-30.444
206640,200,-30.437
206650,200,-30.437
206660,200,-30.437
206670,200,-30.431
206680,200,-30.425
206690,200,-30.437
206700,200,-30.431
206710,200,-30.431
206720,200,-30.431
206730,200,-30.437
206740,200,-30.437
206750,200,-30.444
206760,200,-30.444
206770,200,-30.431
206780,200,-30.437
206790,200,-30.437
206800,200,-30.437
206810,200,-30.437
206820,200,-30.444
206830,200,-30.437
206840,200,-30.437
206850,200,-30.431
206860,200,-30.444
206870,200,-30.437
206880,200,-30.444
206890,200,-30.444
206900,200,-30.444
206910,200,-30.444
206920,200,-30.437
206930,200,-30.437
206940,200,-30.431
206950,200,-30.431
206960,200,-30.437
206970,200,-30.437
206980,200,-30.437
206990,200,-30.437
207000,200,-30.437
207010,205,-30.412
207020,205,-30.419
207030,205,-30.425
207040,205,-30.437
207050,205,-30.431
207060,205,-30.437
207070,205,-30.450
207080,205,-30.487
207090,205,-30.500
207100,205,-30.494
207110,205,-30.494
207120,205,-30.500
207130,205,-30.494
207140,205,-30.500
207150,205,-30.494
207160,205,-30.487
207170,205,-30.494
207180,205,-30.494
207190,205,-30.494
207200,205,-30.494
207210,205,-30.419
207220,205,-30.431
207230,205,-30.431
207240,205,-30.425
207250,205,-30.425
207260,205,-30.431
207270,205,-30.462
207280,205,-30.494
207290,205,-30.500
207300,205,-30.506
207310,205,-30.500
207320,205,-30.494
207330,205,-30.494
207340,205,-30.481
207350,205,-30.494
207360,205,-30.487
207370,205,-30.494
207380,205,-30.494
207390,205,-30.494
207400,205,-30.487
207410,205,-30.494
207420,205,-30.481
207430,205,-30.481
207440,205,-30.494
207450,205,-30.494
207460,205,-30.487
207470,205,-30.487
207480,205,-30.487
207490,205,-30.481
207500,205,-30.425
207510,205,-30.425
207520,205,-30.425
207530,205,-30.425
207540,205,-30.431
207550,205,-30.469
207560,205,-30.487
207570,205,-30.481
207580,205,-30.487
207590,205,-30.487
207600,205,-30.487
207610,205,-30.494
207620,205,-30.481
207630,205,-30.481
207640,205,-30.481
207650,205,-30.481
207660,205,-30.475
207670,205,-30.487
207680,205,-30.487
207690,205,-30.481
207700,205,-30.481
207710,205,-30.475
207720,205,-30.475
207730,205,-30.469
207740,205,-30.475
207750,205,-30.475
207760,205,-30.469
207770,205,-30.475
207780,205,-30.400
207790,205,-30.406
207800,205,-30.406
207810,205,-30.431
207820,205,-30.481
207830,205,-30.475
207840,205,-30.469
207850,205,-30.469
207860,205,-30.462
207870,205,-30.462
207880,205,-30.462
207890,205,-30.462
207900,205,-30.475
207910,205,-30.469
207920,205,-30.462
207930,205,-30.462
207940,205,-30.450
207950,205,-30.456
207960,205,-30.456
207970,205,-30.462
207980,205,-30.425
207990,205,-30.387
208000,205,-30.387
208010,205,-30.394
208020,205,-30.394
208030,205,-30.387
208040,205,-30.469
208050,205,-30.412
208060,205,-30.394
208070,205,-30.394
208080,205,-30.387
208090,205,-30.387
208100,205,-30.387
208110,205,-30.419
208120,205,-30.456
208130,205,-30.462
208140,205,-30.469
208150,205,-30.462
208160,205,-30.450
208170,205,-30.450
208180,205,-30.444
208190,205,-30.450
208200,205,-30.450
208210,205,-30.462
208220,205,-30.469
208230,205,-30.456
208240,205,-30.462
208250,205,-30.462
208260,205,-30.462
208270,205,-30.394
208280,205,-30.400
208290,205,-30.400
208300,205,-30.394
208310,205,-30.400
208320,205,-30.394
208330,205,-30.381
208340,205,-30.387
208350,205,-30.425
208360,205,-30.456
208370,205,-30.456
208380,205,-30.387
208390,205,-30.394
208400,205,-30.425
208410,205,-30.462
208420,205,-30.462
208430,205,-30.462
208440,205,-30.456
208450,205,-30.469
208460,205,-30.462
208470,205,-30.462
208480,205,-30.456
208490,205,-30.456
208500,205,-30.456
208510,205,-30.456
208520,205,-30.462
208530,205,-30.469
208540,205,-30.469
208550,205,-30.469
208560,205,-30.437
208570,205,-30.400
208580,205,-30.406
208590,205,-30.406
208600,205,-30.406
208610,205,-30.406
208620,205,-30.412
208630,205,-30.406
208640,205,-30.400
208650,205,-30.406
208660,205,-30.406
208670,205,-30.475
208680,205,-30.481
208690,205,-30.475
208700,205,-30.469
208710,205,-30.444
208720,205,-30.475
208730,205,-30.475
208740,205,-30.475
208750,205,-30.475
208760,205,-30.475
208770,205,-30.475
208780,205,-30.469
208790,205,-30.469
208800,205,-30.469
208810,205,-30.475
208820,205,-30.475
208830,205,-30.481
208840,205,-30.487
208850,205,-30.487
208860,205,-30.481
208870,205,-30.412
208880,205,-30.425
208890,205,-30.425
208900,205,-30.425
208910,205,-30.425
208920,205,-30.431
208930,205,-30.425
208940,205,-30.419
208950,205,-30.419
208960,205,-30.450
208970,205,-30.481
208980,205,-30.500
208990,205,-30.500
209000,205,-30.494
209010,205,-30.494
209020,205,-30.494
209030,205,-30.481
209040,205,-30.481
209050,205,-30.487
209060,205,-30.494
209070,205,-30.500
209080,205,-30.487
209090,205,-30.494
209100,205,-30.494
209110,205,-30.500
209120,205,-30.494
209130,205,-30.506
209140,205,-30.500
209150,205,-30.494
209160,205,-30.437
209170,205,-30.437
209180,205,-30.431
209190,205,-30.431
209200,205,-30.431
209210,205,-30.437
209220,205,-30.431
209230,205,-30.475
209240,205,-30.494
209250,205,-30.494
209260,205,-30.500
209270,205,-30.500
209280,205,-30.500
209290,205,-30.500
209300,205,-30.500
209310,205,-30.500
209320,205,-30.500
209330,205,-30.500
209340,205,-30.500
209350,205,-30.500
209360,205,-30.500
209370,205,-30.500
209380,205,-30.500
209390,205,-30.506
209400,205,-30.500
209410,205,-30.506
209420,205,-30.506
209430,205,-30.450
209440,205,-30.437
209450,205,-30.437
209460,205,-30.437
209470,205,-30.437
209480,205,-30.431
209490,205,-30.500
209500,205,-30.506
209510,205,-30.506
209520,205,-30.506
209530,205,-30.506
209540,205,-30.506
209550,205,-30.500
209560,205,-30.500
209570,205,-30.500
209580,205,-30.506
209590,205,-30.506
209600,205,-30.500
209610,205,-30.506
209620,205,-30.500
209630,205,-30.500
209640,205,-30.506
209650,205,-30.500
209660,205,-30.500
209670,205,-30.487
209680,205,-30.437
209690,205,-30.444
209700,205,-30.500
209710,205,-30.500
209720,205,-30.487
209730,205,-30.450
209740,205,-30.500
209750,205,-30.500
209760,205,-30.500
209770,205,-30.500
209780,205,-30.500
209790,205,-30.500
209800,205,-30.500
209810,205,-30.500
209820,205,-30.506
209830,205,-30.500
209840,205,-30.500
209850,205,-30.500
209860,205,-30.506
209870,205,-30.494
209880,205,-30.500
209890,205,-30.506
209900,205,-30.506
209910,205,-30.494
209920,205,-30.506
209930,205,-30.494
209940,205,-30.506
209950,205,-30.494
209960,205,-30.500
209970,205,-30.506
209980,205,-30.500
209990,205,-30.500
210000,205,-30.506
210010,205,-30.494
210020,205,-30.506
210030,205,-30.500
210040,205,-30.500
210050,205,-30.506
210060,205,-30.494
210070,205,-30.506
210080,205,-30.494
210090,205,-30.500
210100,205,-30.500
210110,205,-30.500
210120,205,-30.500
210130,205,-30.500
210140,205,-30.500
210150,205,-30.494
210160,205,-30.500
210170,205,-30.469
210180,205,-30.450
210190,205,-30.494
210200,205,-30.494
210210,205,-30.506
210220,205,-30.494
210230,205,-30.487
210240,205,-30.500
210250,205,-30.494
210260,205,-30.500
210270,205,-30.500
210280,205,-30.500
210290,205,-30.494
210300,205,-30.500
210310,205,-30.487
210320,205,-30.494
210330,205,-30.494
210340,205,-30.500
210350,205,-30.494
210360,205,-30.437
210370,205,-30.431
210380,205,-30.437
210390,205,-30.431
210400,205,-30.494
210410,205,-30.500
210420,205,-30.500
210430,205,-30.444
210440,205,-30.425
210450,205,-30.425
210460,205,-30.425
210470,205,-30.456
210480,205,-30.494
210490,205,-30.494
210500,205,-30.494
210510,205,-30.481
210520,205,-30.487
210530,205,-30.481
210540,205,-30.487
210550,205,-30.494
210560,205,-30.481
210570,205,-30.494
210580,205,-30.487
210590,205,-30.494
210600,205,-30.487
210610,205,-30.481
210620,205,-30.487
210630,205,-30.487
210640,205,-30.456
210650,205,-30.425
210660,205,-30.431
210670,205,-30.419
210680,205,-30.412
210690,205,-30.412
210700,205,-30.487
210710,205,-30.475
210720,205,-30.481
210730,205,-30.475
210740,205,-30.412
210750,205,-30.475
210760,205,-30.475
210770,205,-30.481
210780,205,-30.487
210790,205,-30.481
210800,205,-30.487
210810,205,-30.481
210820,205,-30.475
210830,205,-30.475
210840,205,-30.475
210850,205,-30.481
210860,205,-30.481
210870,205,-30.481
210880,205,-30.481
210890,205,-30.481
210900,205,-30.475
210910,205,-30.425
210920,205,-30.400
210930,205,-30.412
210940,205,-30.412
210950,205,-30.412
210960,205,-30.431
210970,205,-30.469
210980,205,-30.469
210990,205,-30.469
211000,205,-30.462
211010,205,-30.475
211020,205,-30.475
211030,205,-30.469
211040,205,-30.469
211050,205,-30.469
211060,205,-30.469
211070,205,-30.462
211080,205,-30.475
211090,205,-30.469
211100,205,-30.462
211110,205,-30.469
211120,205,-30.469
211130,205,-30.469
211140,205,-30.462
211150,205,-30.462
211160,205,-30.462
211170,205,-30.469
211180,205,-30.450
211190,205,-30.400
211200,205,-30.394
211210,205,-30.400
211220,205,-30.406
211230,205,-30.456
211240,205,-30.469
211250,205,-30.475
211260,205,-30.469
211270,205,-30.469
211280,205,-30.462
211290,205,-30.462
211300,205,-30.462
211310,205,-30.456
211320,205,-30.462
211330,205,-30.456
211340,205,-30.469
211350,205,-30.462
211360,205,-30.456
211370,205,-30.462
211380,205,-30.456
211390,205,-30.462
211400,205,-30.456
211410,205,-30.462
211420,205,-30.456
211430,205,-30.456
211440,205,-30.456
211450,205,-30.394
211460,205,-30.394
211470,205,-30.400
211480,205,-30.412
211490,205,-30.456
211500,205,-30.456
211510,205,-30.456
211520,205,-30.456
211530,205,-30.456
211540,205,-30.462
211550,205,-30.456
211560,205,-30.456
211570,205,-30.450
211580,205,-30.456
211590,205,-30.462
211600,205,-30.456
211610,205,-30.456
211620,205,-30.462
211630,205,-30.456
211640,205,-30.462
211650,205,-30.456
211660,205,-30.462
211670,205,-30.456
211680,205,-30.462
211690,205,-30.456
211700,205,-30.387
211710,205,-30.456
211720,205,-30.456
211730,205,-30.456
211740,205,-30.456
211750,205,-30.450
211760,205,-30.450
211770,205,-30.456
211780,205,-30.450
211790,205,-30.456
211800,205,-30.456
211810,205,-30.456
211820,205,-30.462
211830,205,-30.462
211840,205,-30.462
211850,205,-30.456
211860,205,-30.462
211870,205,-30.462
211880,205,-30.462
211890,205,-30.462
211900,205,-30.456
211910,205,-30.456
211920,205,-30.462
211930,205,-30.450
211940,205,-30.456
211950,205,-30.450
211960,205,-30.450
211970,205,-30.456
211980,205,-30.462
211990,205,-30.456
212000,205,-30.456
212010,210,-30.456
212020,210,-30.456
212030,210,-30.450
212040,210,-30.469
212050,210,-30.531
212060,210,-30.519
212070,210,-30.519
212080,210,-30.469
212090,210,-30.519
212100,210,-30.531
212110,210,-30.525
212120,210,-30.456
212130,210,-30.456
212140,210,-30.450
212150,210,-30.519
212160,210,-30.519
212170,210,-30.525
212180,210,-30.525
212190,210,-30.531
212200,210,-30.519
212210,210,-30.525
212220,210,-30.487
212230,210,-30.456
212240,210,-30.456
212250,210,-30.519
212260,210,-30.525
212270,210,-30.525
212280,210,-30.525
212290,210,-30.519
212300,210,-30.519
212310,210,-30.519
212320,210,-30.519
212330,210,-30.525
212340,210,-30.512
212350,210,-30.462
212360,210,-30.525
212370,210,-30.519
212380,210,-30.519
212390,210,-30.525
212400,210,-30.525
212410,210,-30.519
212420,210,-30.519
212430,210,-30.519
212440,210,-30.519
212450,210,-30.525
212460,210,-30.519
212470,210,-30.525
212480,210,-30.519
212490,210,-30.519
212500,210,-30.519
212510,210,-30.519
212520,210,-30.519
212530,210,-30.519
212540,210,-30.525
212550,210,-30.525
212560,210,-30.506
212570,210,-30.456
212580,210,-30.450
212590,210,-30.456
212600,210,-30.519
212610,210,-30.525
212620,210,-30.525
212630,210,-30.531
212640,210,-30.531
212650,210,-30.519
212660,210,-30.531
212670,210,-30.519
212680,210,-30.519
212690,210,-30.450
212700,210,-30.450
212710,210,-30.519
212720,210,-30.531
212730,210,-30.525
212740,210,-30.519
212750,210,-30.519
212760,210,-30.519
212770,210,-30.525
212780,210,-30.519
212790,210,-30.525
212800,210,-30.525
212810,210,-30.525
212820,210,-30.487
212830,210,-30.450
212840,210,-30.475
212850,210,-30.519
212860,210,-30.525
212870,210,-30.525
212880,210,-30.519
212890,210,-30.525
212900,210,-30.512
212910,210,-30.519
212920,210,-30.494
212930,210,-30.462
212940,210,-30.450
212950,210,-30.469
212960,210,-30.519
212970,210,-30.519
212980,210,-30.519
212990,210,-30.525
213000,210,-30.512
213010,210,-30.519
213020,210,-30.519
213030,210,-30.525
213040,210,-30.512
213050,210,-30.456
213060,210,-30.456
213070,210,-30.519
213080,210,-30.519
213090,210,-30.519
213100,210,-30.512
213110,210,-30.512
213120,210,-30.512
213130,210,-30.525
213140,210,-30.525
213150,210,-30.512
213160,210,-30.525
213170,210,-30.525
213180,210,-30.519
213190,210,-30.450
213200,210,-30.487
213210,210,-30.519
213220,210,-30.512
213230,210,-30.525
213240,210,-30.531
213250,210,-30.525
213260,210,-30.519
213270,210,-30.512
213280,210,-30.481
213290,210,-30.444
213300,210,-30.444
213310,210,-30.519
213320,210,-30.519
213330,210,-30.519
213340,210,-30.519
213350,210,-30.519
213360,210,-30.519
213370,210,-30.512
213380,210,-30.506
213390,210,-30.512
213400,210,-30.494
213410,210,-30.456
213420,210,-30.506
213430,210,-30.487
213440,210,-30.481
213450,210,-30.512
213460,210,-30.512
213470,210,-30.519
213480,210,-30.519
213490,210,-30.512
213500,210,-30.519
213510,210,-30.512
213520,210,-30.512
213530,210,-30.525
213540,210,-30.450
213550,210,-30.456
213560,210,-30.519
213570,210,-30.506
213580,210,-30.512
213590,210,-30.512
213600,210,-30.525
213610,210,-30.525
213620,210,-30.519
213630,210,-30.512
213640,210,-30.444
213650,210,-30.456
213660,210,-30.519
213670,210,-30.525
213680,210,-30.519
213690,210,-30.512
213700,210,-30.512
213710,210,-30.519
213720,210,-30.512
213730,210,-30.512
213740,210,-30.506
213750,210,-30.475
213760,210,-30.456
213770,210,-30.456
213780,210,-30.462
213790,210,-30.512
213800,210,-30.512
213810,210,-30.519
213820,210,-30.506
213830,210,-30.512
213840,210,-30.519
213850,210,-30.512
213860,210,-30.519
213870,210,-30.525
213880,210,-30.519
213890,210,-30.512
213900,210,-30.519
213910,210,-30.512
213920,210,-30.519
213930,210,-30.512
213940,210,-30.512
213950,210,-30.519
213960,210,-30.519
213970,210,-30.519
213980,210,-30.450
213990,210,-30.475
214000,210,-30.519
214010,210,-30.519
214020,210,-30.525
214030,210,-30.512
214040,210,-30.519
214050,210,-30.519
214060,210,-30.519
214070,210,-30.519
214080,210,-30.525
214090,210,-30.500
214100,210,-30.450
214110,210,-30.450
214120,210,-30.450
214130,210,-30.512
214140,210,-30.525
214150,210,-30.525
214160,210,-30.519
214170,210,-30.525
214180,210,-30.525
214190,210,-30.519
214200,210,-30.519
214210,210,-30.512
214220,210,-30.525
214230,210,-30.481
214240,210,-30.525
214250,210,-30.519
214260,210,-30.525
214270,210,-30.519
214280,210,-30.519
214290,210,-30.512
214300,210,-30.525
214310,210,-30.506
214320,210,-30.456
214330,210,-30.469
214340,210,-30.519
214350,210,-30.525
214360,210,-30.519
214370,210,-30.519
214380,210,-30.519
214390,210,-30.525
214400,210,-30.519
214410,210,-30.519
214420,210,-30.519
214430,210,-30.481
214440,210,-30.450
214450,210,-30.450
214460,210,-30.462
214470,210,-30.519
214480,210,-30.512
214490,210,-30.519
214500,210,-30.512
214510,210,-30.519
214520,210,-30.519
214530,210,-30.525
214540,210,-30.519
214550,210,-30.525
214560,210,-30.469
214570,210,-30.450
214580,210,-30.519
214590,210,-30.519
214600,210,-30.525
214610,210,-30.525
214620,210,-30.519
214630,210,-30.519
214640,210,-30.519
214650,210,-30.519
214660,210,-30.481
214670,210,-30.450
214680,210,-30.475
214690,210,-30.519
214700,210,-30.512
214710,210,-30.519
214720,210,-30.519
214730,210,-30.512
214740,210,-30.519
214750,210,-30.519
214760,210,-30.512
214770,210,-30.525
214780,210,-30.519
214790,210,-30.487
214800,210,-30.450
214810,210,-30.450
214820,210,-30.469
214830,210,-30.519
214840,210,-30.512
214850,210,-30.525
214860,210,-30.512
214870,210,-30.519
214880,210,-30.512
214890,210,-30.512
214900,210,-30.512
214910,210,-30.519
214920,210,-30.469
214930,210,-30.462
214940,210,-30.519
214950,210,-30.525
214960,210,-30.519
214970,210,-30.512
214980,210,-30.512
214990,210,-30.512
215000,210,-30.519
215010,210,-30.519
215020,210,-30.475
215030,210,-30.450
215040,210,-30.444
215050,210,-30.512
215060,210,-30.512
215070,210,-30.519
215080,210,-30.519
215090,210,-30.519
215100,210,-30.519
215110,210,-30.512
215120,210,-30.512
215130,210,-30.519
215140,210,-30.519
215150,210,-30.512
215160,210,-30.456
215170,210,-30.450
215180,210,-30.512
215190,210,-30.519
215200,210,-30.512
215210,210,-30.531
215220,210,-30.519
215230,210,-30.531
215240,210,-30.525
215250,210,-30.519
215260,210,-30.525
215270,210,-30.519
215280,210,-30.456
215290,210,-30.525
215300,210,-30.519
215310,210,-30.512
215320,210,-30.525
215330,210,-30.519
215340,210,-30.512
215350,210,-30.525
215360,210,-30.519
215370,210,-30.487
215380,210,-30.450
215390,210,-30.462
215400,210,-30.519
215410,210,-30.525
215420,210,-30.519
215430,210,-30.525
215440,210,-30.519
215450,210,-30.519
215460,210,-30.519
215470,210,-30.519
215480,210,-30.512
215490,210,-30.519
215500,210,-30.494
215510,210,-30.450
215520,210,-30.469
215530,210,-30.519
215540,210,-30.519
215550,210,-30.519
215560,210,-30.525
215570,210,-30.512
215580,210,-30.519
215590,210,-30.512
215600,210,-30.525
215610,210,-30.525
215620,210,-30.475
215630,210,-30.500
215640,210,-30.519
215650,210,-30.525
215660,210,-30.525
215670,210,-30.512
215680,210,-30.525
215690,210,-30.525
215700,210,-30.525
215710,210,-30.506
215720,210,-30.456
215730,210,-30.456
215740,210,-30.525
215750,210,-30.519
215760,210,-30.525
215770,210,-30.519
215780,210,-30.512
215790,210,-30.525
215800,210,-30.519
215810,210,-30.525
215820,210,-30.525
215830,210,-30.525
215840,210,-30.525
215850,210,-30.456
215860,210,-30.456
215870,210,-30.525
215880,210,-30.525
215890,210,-30.525
215900,210,-30.525
215910,210,-30.531
215920,210,-30.531
215930,210,-30.525
215940,210,-30.531
215950,210,-30.531
215960,210,-30.525
215970,210,-30.462
215980,210,-30.537
215990,210,-30.531
216000,210,-30.531
216010,210,-30.537
216020,210,-30.525
216030,210,-30.525
216040,210,-30.531
216050,210,-30.531
216060,210,-30.512
216070,210,-30.469
216080,210,-30.469
216090,210,-30.469
216100,210,-30.525
216110,210,-30.525
216120,210,-30.525
216130,210,-30.531
216140,210,-30.531
216150,210,-30.531
216160,210,-30.525
216170,210,-30.525
216180,210,-30.531
216190,210,-30.531
216200,210,-30.462
216210,210,-30.469
216220,210,-30.481
216230,210,-30.531
216240,210,-30.525
216250,210,-30.525
216260,210,-30.525
216270,210,-30.525
216280,210,-30.537
216290,210,-30.531
216300,210,-30.525
216310,210,-30.531
216320,210,-30.525
216330,210,-30.500
216340,210,-30.531
216350,210,-30.525
216360,210,-30.525
216370,210,-30.525
216380,210,-30.531
216390,210,-30.531
216400,210,-30.525
216410,210,-30.525
216420,210,-30.487
216430,210,-30.462
216440,210,-30.487
216450,210,-30.531
216460,210,-30.525
216470,210,-30.494
216480,210,-30.519
216490,210,-30.525
216500,210,-30.525
216510,210,-30.531
216520,210,-30.537
216530,210,-30.531
216540,210,-30.525
216550,210,-30.525
216560,210,-30.456
216570,210,-30.450
216580,210,-30.525
216590,210,-30.525
216600,210,-30.537
216610,210,-30.531
216620,210,-30.525
216630,210,-30.519
216640,210,-30.519
216650,210,-30.525
216660,210,-30.519
216670,210,-30.531
216680,210,-30.469
216690,210,-30.469
216700,210,-30.525
216710,210,-30.525
216720,210,-30.525
216730,210,-30.519
216740,210,-30.519
216750,210,-30.531
216760,210,-30.531
216770,210,-30.525
216780,210,-30.475
216790,210,-30.456
216800,210,-30.481
216810,210,-30.531
216820,210,-30.487
216830,210,-30.525
216840,210,-30.525
216850,210,-30.519
216860,210,-30.519
216870,210,-30.525
216880,210,-30.519
216890,210,-30.531
216900,210,-30.531
216910,210,-30.519
216920,210,-30.462
216930,210,-30.456
216940,210,-30.519
216950,210,-30.525
216960,210,-30.519
216970,210,-30.525
216980,210,-30.531
216990,210,-30.531
217000,210,-30.531
217010,215,-30.512
217020,215,-30.519
217030,215,-30.525
217040,215,-30.519
217050,215,-30.519
217060,215,-30.531
217070,215,-30.581
217080,215,-30.594
217090,215,-30.587
217100,215,-30.519
217110,215,-30.525
217120,215,-30.525
217130,215,-30.587
217140,215,-30.587
217150,215,-30.587
217160,215,-30.594
217170,215,-30.581
217180,215,-30.587
217190,215,-30.531
217200,215,-30.525
217210,215,-30.537
217220,215,-30.594
217230,215,-30.587
217240,215,-30.587
217250,215,-30.594
217260,215,-30.594
217270,215,-30.575
217280,215,-30.525
217290,215,-30.581
217300,215,-30.587
217310,215,-30.587
217320,215,-30.587
217330,215,-30.587
217340,215,-30.519
217350,215,-30.531
217360,215,-30.531
217370,215,-30.594
217380,215,-30.600
217390,215,-30.594
217400,215,-30.587
217410,215,-30.587
217420,215,-30.550
217430,215,-30.525
217440,215,-30.525
217450,215,-30.581
217460,215,-30.587
217470,215,-30.587
217480,215,-30.581
217490,215,-30.587
217500,215,-30.594
217510,215,-30.581
217520,215,-30.531
217530,215,-30.519
217540,215,-30.562
217550,215,-30.594
217560,215,-30.587
217570,215,-30.600
217580,215,-30.569
217590,215,-30.525
217600,215,-30.525
217610,215,-30.519
217620,215,-30.562
217630,215,-30.581
217640,215,-30.581
217650,215,-30.594
217660,215,-30.600
217670,215,-30.531
217680,215,-30.525
217690,215,-30.575
217700,215,-30.594
217710,215,-30.587
217720,215,-30.587
217730,215,-30.587
217740,215,-30.519
217750,215,-30.537
217760,215,-30.537
217770,215,-30.594
217780,215,-30.587
217790,215,-30.587
217800,215,-30.594
217810,215,-30.587
217820,215,-30.587
217830,215,-30.531
217840,215,-30.519
217850,215,-30.531
217860,215,-30.600
217870,215,-30.594
217880,215,-30.594
217890,215,-30.594
217900,215,-30.587
217910,215,-30.531
217920,215,-30.525
217930,215,-30.569
217940,215,-30.587
217950,215,-30.587
217960,215,-30.587
217970,215,-30.581
217980,215,-30.531
217990,215,-30.531
218000,215,-30.525
218010,215,-30.587
218020,215,-30.587
218030,215,-30.587
218040,215,-30.587
218050,215,-30.569
218060,215,-30.531
218070,215,-30.525
218080,215,-30.531
218090,215,-30.587
218100,215,-30.581
218110,215,-30.594
218120,215,-30.556
218130,215,-30.525
218140,215,-30.519
218150,215,-30.512
218160,215,-30.525
218170,215,-30.544
218180,215,-30.594
218190,215,-30.594
218200,215,-30.587
218210,215,-30.581
218220,215,-30.519
218230,215,-30.512
218240,215,-30.519
218250,215,-30.550
218260,215,-30.581
218270,215,-30.594
218280,215,-30.594
218290,215,-30.581
218300,215,-30.525
218310,215,-30.519
218320,215,-30.525
218330,215,-30.594
218340,215,-30.587
218350,215,-30.600
218360,215,-30.581
218370,215,-30.525
218380,215,-30.525
218390,215,-30.525
218400,215,-30.525
218410,215,-30.581
218420,215,-30.594
218430,215,-30.594
218440,215,-30.587
218450,215,-30.537
218460,215,-30.519
218470,215,-30.519
218480,215,-30.525
218490,215,-30.525
218500,215,-30.537
218510,215,-30.594
218520,215,-30.594
218530,215,-30.581
218540,215,-30.581
218550,215,-30.525
218560,215,-30.519
218570,215,-30.519
218580,215,-30.581
218590,215,-30.594
218600,215,-30.587
218610,215,-30.587
218620,215,-30.512
218630,215,-30.525
218640,215,-30.525
218650,215,-30.519
218660,215,-30.581
218670,215,-30.587
218680,215,-30.587
218690,215,-30.587
218700,215,-30.581
218710,215,-30.519
218720,215,-30.519
218730,215,-30.587
218740,215,-30.587
218750,215,-30.581
218760,215,-30.587
218770,215,-30.587
218780,215,-30.525
218790,215,-30.525
218800,215,-30.519
218810,215,-30.587
218820,215,-30.581
218830,215,-30.594
218840,215,-30.581
218850,215,-30.587
218860,215,-30.594
218870,215,-30.525
218880,215,-30.525
218890,215,-30.537
218900,215,-30.594
218910,215,-30.600
218920,215,-30.600
218930,215,-30.594
218940,215,-30.594
218950,215,-30.519
218960,215,-30.519
218970,215,-30.587
218980,215,-30.587
218990,215,-30.587
219000,215,-30.594
219010,215,-30.587
219020,215,-30.525
219030,215,-30.525
219040,215,-30.550
219050,215,-30.594
219060,215,-30.594
219070,215,-30.594
219080,215,-30.587
219090,215,-30.594
219100,215,-30.525
219110,215,-30.550
219120,215,-30.587
219130,215,-30.594
219140,215,-30.594
219150,215,-30.587
219160,215,-30.581
219170,215,-30.594
219180,215,-30.569
219190,215,-30.525
219200,215,-30.525
219210,215,-30.587
219220,215,-30.587
219230,215,-30.581
219240,215,-30.581
219250,215,-30.569
219260,215,-30.525
219270,215,-30.525
219280,215,-30.575
219290,215,-30.587
219300,215,-30.587
219310,215,-30.587
219320,215,-30.587
219330,215,-30.587
219340,215,-30.525
219350,215,-30.537
219360,215,-30.587
219370,215,-30.587
219380,215,-30.581
219390,215,-30.581
219400,215,-30.556
219410,215,-30.519
219420,215,-30.544
219430,215,-30.594
219440,215,-30.587
219450,215,-30.587
219460,215,-30.587
219470,215,-30.594
219480,215,-30.544
219490,215,-30.525
219500,215,-30.519
219510,215,-30.525
219520,215,-30.587
219530,215,-30.587
219540,215,-30.594
219550,215,-30.594
219560,215,-30.587
219570,215,-30.581
219580,215,-30.525
219590,215,-30.531
219600,215,-30.594
219610,215,-30.587
219620,215,-30.594
219630,215,-30.587
219640,215,-30.569
219650,215,-30.525
219660,215,-30.531
219670,215,-30.537
219680,215,-30.594
219690,215,-30.594
219700,215,-30.594
219710,215,-30.581
219720,215,-30.581
219730,215,-30.531
219740,215,-30.537
219750,215,-30.587
219760,215,-30.600
219770,215,-30.587
219780,215,-30.594
219790,215,-30.562
219800,215,-30.531
219810,215,-30.525
219820,215,-30.550
219830,215,-30.581
219840,215,-30.587
219850,215,-30.587
219860,215,-30.594
219870,215,-30.594
219880,215,-30.581
219890,215,-30.525
219900,215,-30.525
219910,215,-30.562
219920,215,-30.587
219930,215,-30.587
219940,215,-30.581
219950,215,-30.587
219960,215,-30.587
219970,215,-30.537
219980,215,-30.525
219990,215,-30.519
220000,215,-30.587
220010,215,-30.581
220020,215,-30.581
220030,215,-30.594
220040,215,-30.525
220050,215,-30.525
220060,215,-30.519
220070,215,-30.512
220080,215,-30.581
220090,215,-30.581
220100,215,-30.581
220110,215,-30.594
220120,215,-30.581
220130,215,-30.525
220140,215,-30.519
220150,215,-30.556
220160,215,-30.581
220170,215,-30.587
220180,215,-30.581
220190,215,-30.581
220200,215,-30.575
220210,215,-30.581
220220,215,-30.550
220230,215,-30.506
220240,215,-30.537
220250,215,-30.575
220260,215,-30.587
220270,215,-30.581
220280,215,-30.581
220290,215,-30.531
220300,215,-30.512
220310,215,-30.506
220320,215,-30.531
220330,215,-30.575
220340,215,-30.575
220350,215,-30.581
220360,215,-30.581
220370,215,-30.569
220380,215,-30.512
220390,215,-30.506
220400,215,-30.525
220410,215,-30.575
220420,215,-30.575
220430,215,-30.569
220440,215,-30.575
220450,215,-30.525
220460,215,-30.506
220470,215,-30.494
220480,215,-30.537
220490,215,-30.562
220500,215,-30.562
220510,215,-30.569
220520,215,-30.575
220530,215,-30.575
220540,215,-30.544
220550,215,-30.512
220560,215,-30.506
220570,215,-30.506
220580,215,-30.550
220590,215,-30.562
220600,215,-30.569
220610,215,-30.562
220620,215,-30.562
220630,215,-30.506
220640,215,-30.500
220650,215,-30.512
220660,215,-30.569
220670,215,-30.569
220680,215,-30.562
220690,215,-30.569
220700,215,-30.531
220710,215,-30.500
220720,215,-30.494
220730,215,-30.506
220740,215,-30.562
220750,215,-30.550
220760,215,-30.550
220770,215,-30.556
220780,215,-30.556
220790,215,-30.494
220800,215,-30.494
220810,215,-30.550
220820,215,-30.556
220830,215,-30.556
220840,215,-30.556
220850,215,-30.556
220860,215,-30.562
220870,215,-30.562
220880,215,-30.500
220890,215,-30.487
220900,215,-30.519
220910,215,-30.544
220920,215,-30.544
220930,215,-30.544
220940,215,-30.556
220950,215,-30.494
220960,215,-30.481
220970,215,-30.487
220980,215,-30.537
220990,215,-30.550
221000,215,-30.544
221010,215,-30.537
221020,215,-30.544
221030,215,-30.512
221040,215,-30.475
221050,215,-30.475
221060,215,-30.531
221070,215,-30.531
221080,215,-30.525
221090,215,-30.525
221100,215,-30.512
221110,215,-30.462
221120,215,-30.462
221130,215,-30.475
221140,215,-30.525
221150,215,-30.525
221160,215,-30.512
221170,215,-30.512
221180,215,-30.525
221190,215,-30.519
221200,215,-30.456
221210,215,-30.456
221220,215,-30.487
221230,215,-30.525
221240,215,-30.525
221250,215,-30.519
221260,215,-30.506
221270,215,-30.506
221280,215,-30.456
221290,215,-30.431
221300,215,-30.456
221310,215,-30.494
221320,215,-30.494
221330,215,-30.494
221340,215,-30.494
221350,215,-30.437
221360,215,-30.406
221370,215,-30.444
221380,215,-30.475
221390,215,-30.469
221400,215,-30.469
221410,215,-30.462
221420,215,-30.469
221430,215,-30.462
221440,215,-30.400
221450,215,-30.437
221460,215,-30.456
221470,215,-30.456
221480,215,-30.456
221490,215,-30.462
221500,215,-30.387
221510,215,-30.387
221520,215,-30.381
221530,215,-30.375
221540,215,-30.412
221550,215,-30.450
221560,215,-30.450
221570,215,-30.444
221580,215,-30.444
221590,215,-30.406
221600,215,-30.375
221610,215,-30.394
221620,215,-30.437
221630,215,-30.431
221640,215,-30.437
221650,215,-30.431
221660,215,-30.431
221670,215,-30.431
221680,215,-30.362
221690,215,-30.425
221700,215,-30.425
221710,215,-30.425
221720,215,-30.419
221730,215,-30.412
221740,215,-30.362
221750,215,-30.337
221760,215,-30.344
221770,215,-30.419
221780,215,-30.400
221790,215,-30.400
221800,215,-30.406
221810,215,-30.394
221820,215,-30.337
221830,215,-30.312
221840,215,-30.312
221850,215,-30.381
221860,215,-30.344
221870,215,-30.381
221880,215,-30.375
221890,215,-30.375
221900,215,-30.375
221910,215,-30.375
221920,215,-30.300
221930,215,-30.306
221940,215,-30.362
221950,215,-30.369
221960,215,-30.362
221970,215,-30.356
221980,215,-30.356
221990,215,-30.287
222000,215,-30.287
222010,220,-30.306
222020,220,-30.356
222030,220,-30.350
222040,220,-30.350
222050,220,-30.356
222060,220,-30.350
222070,220,-30.337
222080,220,-30.337
222090,220,-30.344
222100,220,-30.394
222110,220,-30.356
222120,220,-30.337
222130,220,-30.325
222140,220,-30.331
222150,220,-30.325
222160,220,-30.387
222170,220,-30.362
222180,220,-30.319
222190,220,-30.319
222200,220,-30.312
222210,220,-30.312
222220,220,-30.375
222230,220,-30.381
222240,220,-30.369
222250,220,-30.312
222260,220,-30.312
222270,220,-30.300
222280,220,-30.369
222290,220,-30.369
222300,220,-30.294
222310,220,-30.300
222320,220,-30.294
222330,220,-30.306
222340,220,-30.356
222350,220,-30.356
222360,220,-30.319
222370,220,-30.281
222380,220,-30.281
222390,220,-30.306
222400,220,-30.350
222410,220,-30.331
222420,220,-30.275
222430,220,-30.275
222440,220,-30.269
222450,220,-30.275
222460,220,-30.331
222470,220,-30.337
222480,220,-30.275
222490,220,-30.269
222500,220,-30.269
222510,220,-30.312
222520,220,-30.325
222530,220,-30.331
222540,220,-30.331
222550,220,-30.281
222560,220,-30.256
222570,220,-30.250
222580,220,-30.312
222590,220,-30.312
222600,220,-30.287
222610,220,-30.256
222620,220,-30.250
222630,220,-30.262
222640,220,-30.312
222650,220,-30.306
222660,220,-30.262
222670,220,-30.237
222680,220,-30.244
222690,220,-30.237
222700,220,-30.306
222710,220,-30.306
222720,220,-30.250
222730,220,-30.237
222740,220,-30.237
222750,220,-30.231
222760,220,-30.294
222770,220,-30.287
222780,220,-30.237
222790,220,-30.237
222800,220,-30.231
222810,220,-30.225
222820,220,-30.287
222830,220,-30.250
222840,220,-30.219
222850,220,-30.225
222860,220,-30.225
222870,220,-30.219
222880,220,-30.256
222890,220,-30.287
222900,220,-30.250
222910,220,-30.212
222920,220,-30.219
222930,220,-30.225
222940,220,-30.287
222950,220,-30.275
222960,220,-30.244
222970,220,-30.206
222980,220,-30.206
222990,220,-30.231
223000,220,-30.281
223010,220,-30.256
223020,220,-30.206
223030,220,-30.200
223040,220,-30.200
223050,220,-30.269
223060,220,-30.275
223070,220,-30.250
223080,220,-30.200
223090,220,-30.194
223100,220,-30.212
223110,220,-30.262
223120,220,-30.262
223130,220,-30.200
223140,220,-30.200
223150,220,-30.200
223160,220,-30.256
223170,220,-30.269
223180,220,-30.262
223190,220,-30.212
223200,220,-30.187
223210,220,-30.181
223220,220,-30.194
223230,220,-30.244
223240,220,-30.256
223250,220,-30.250
223260,220,-30.181
223270,220,-30.187
223280,220,-30.181
223290,220,-30.244
223300,220,-30.244
223310,220,-30.187
223320,220,-30.175
223330,220,-30.175
223340,220,-30.212
223350,220,-30.237
223360,220,-30.237
223370,220,-30.175
223380,220,-30.175
223390,220,-30.169
223400,220,-30.181
223410,220,-30.237
223420,220,-30.194
223430,220,-30.162
223440,220,-30.169
223450,220,-30.169
223460,220,-30.237
223470,220,-30.237
223480,220,-30.231
223490,220,-30.175
223500,220,-30.169
223510,220,-30.169
223520,220,-30.225
223530,220,-30.237
223540,220,-30.175
223550,220,-30.237
223560,220,-30.169
223570,220,-30.162
223580,220,-30.194
223590,220,-30.225
223600,220,-30.231
223610,220,-30.175
223620,220,-30.162
223630,220,-30.169
223640,220,-30.225
223650,220,-30.225
223660,220,-30.225
223670,220,-30.169
223680,220,-30.162
223690,220,-30.181
223700,220,-30.225
223710,220,-30.219
223720,220,-30.162
223730,220,-30.150
223740,220,-30.156
223750,220,-30.187
223760,220,-30.225
223770,220,-30.225
223780,220,-30.169
223790,220,-30.162
223800,220,-30.156
223810,220,-30.219
223820,220,-30.225
223830,220,-30.150
223840,220,-30.150
223850,220,-30.156
223860,220,-30.206
223870,220,-30.212
223880,220,-30.212
223890,220,-30.187
223900,220,-30.150
223910,220,-30.156
223920,220,-30.162
223930,220,-30.219
223940,220,-30.212
223950,220,-30.175
223960,220,-30.144
223970,220,-30.144
223980,220,-30.169
223990,220,-30.212
224000,220,-30.200
224010,220,-30.144
224020,220,-30.144
224030,220,-30.137
224040,220,-30.206
224050,220,-30.206
224060,220,-30.187
224070,220,-30.144
224080,220,-30.150
224090,220,-30.150
224100,220,-30.206
224110,220,-30.206
224120,220,-30.137
224130,220,-30.144
224140,220,-30.137
224150,220,-30.162
224160,220,-30.206
224170,220,-30.200
224180,220,-30.162
224190,220,-30.137
224200,220,-30.137
224210,220,-30.194
224220,220,-30.200
224230,220,-30.200
224240,220,-30.200
224250,220,-30.125
224260,220,-30.131
224270,220,-30.131
224280,220,-30.200
224290,220,-30.206
224300,220,-30.144
224310,220,-30.131
224320,220,-30.125
224330,220,-30.131
224340,220,-30.194
224350,220,-30.187
224360,220,-30.169
224370,220,-30.137
224380,220,-30.131
224390,220,-30.137
224400,220,-30.181
224410,220,-30.194
224420,220,-30.125
224430,220,-30.125
224440,220,-30.125
224450,220,-30.150
224460,220,-30.194
224470,220,-30.187
224480,220,-30.131
224490,220,-30.125
224500,220,-30.119
224510,220,-30.150
224520,220,-30.187
224530,220,-30.125
224540,220,-30.131
224550,220,-30.125
224560,220,-30.125
224570,220,-30.125
224580,220,-30.194
224590,220,-30.194
224600,220,-30.137
224610,220,-30.125
224620,220,-30.125
224630,220,-30.119
224640,220,-30.187
224650,220,-30.194
224660,220,-30.125
224670,220,-30.131
224680,220,-30.125
224690,220,-30.175
224700,220,-30.194
224710,220,-30.137
224720,220,-30.119
224730,220,-30.119
224740,220,-30.144
224750,220,-30.194
224760,220,-30.194
224770,220,-30.137
224780,220,-30.125
224790,220,-30.125
224800,220,-30.162
224810,220,-30.187
224820,220,-30.156
224830,220,-30.119
224840,220,-30.119
224850,220,-30.131
224860,220,-30.187
224870,220,-30.187
224880,220,-30.181
224890,220,-30.119
224900,220,-30.125
224910,220,-30.119
224920,220,-30.169
224930,220,-30.187
224940,220,-30.187
224950,220,-30.156
224960,220,-30.125
224970,220,-30.125
224980,220,-30.187
224990,220,-30.194
225000,220,-30.181
225010,220,-30.112
225020,220,-30.119
225030,220,-30.150
225040,220,-30.181
225050,220,-30.181
225060,220,-30.169
225070,220,-30.125
225080,220,-30.131
225090,220,-30.187
225100,220,-30.187
225110,220,-30.150
225120,220,-30.112
225130,220,-30.119
225140,220,-30.187
225150,220,-30.187
225160,220,-30.187
225170,220,-30.187
225180,220,-30.125
225190,220,-30.119
225200,220,-30.187
225210,220,-30.181
225220,220,-30.162
225230,220,-30.162
225240,220,-30.150
225250,220,-30.119
225260,220,-30.137
225270,220,-30.181
225280,220,-30.181
225290,220,-30.175
225300,220,-30.119
225310,220,-30.119
225320,220,-30.156
225330,220,-30.181
225340,220,-30.187
225350,220,-30.162
225360,220,-30.125
225370,220,-30.137
225380,220,-30.187
225390,220,-30.181
225400,220,-30.181
225410,220,-30.112
225420,220,-30.119
225430,220,-30.144
225440,220,-30.187
225450,220,-30.187
225460,220,-30.175
225470,220,-30.119
225480,220,-30.119
225490,220,-30.181
225500,220,-30.181
225510,220,-30.156
225520,220,-30.112
225530,220,-30.119
225540,220,-30.131
225550,220,-30.187
225560,220,-30.181
225570,220,-30.181
225580,220,-30.169
225590,220,-30.112
225600,220,-30.119
225610,220,-30.162
225620,220,-30.181
225630,220,-30.187
225640,220,-30.150
225650,220,-30.119
225660,220,-30.187
225670,220,-30.187
225680,220,-30.187
225690,220,-30.137
225700,220,-30.112
225710,220,-30.119
225720,220,-30.181
225730,220,-30.187
225740,220,-30.194
225750,220,-30.169
225760,220,-30.125
225770,220,-30.137
225780,220,-30.187
225790,220,-30.187
225800,220,-30.150
225810,220,-30.119
225820,220,-30.125
225830,220,-30.187
225840,220,-30.194
225850,220,-30.194
225860,220,-30.194
225870,220,-30.125
225880,220,-30.125
225890,220,-30.187
225900,220,-30.187
225910,220,-30.194
225920,220,-30.194
225930,220,-30.150
225940,220,-30.125
225950,220,-30.156
225960,220,-30.194
225970,220,-30.200
225980,220,-30.187
225990,220,-30.131
226000,220,-30.125
226010,220,-30.162
226020,220,-30.194
226030,220,-30.200
226040,220,-30.169
226050,220,-30.131
226060,220,-30.137
226070,220,-30.187
226080,220,-30.200
226090,220,-30.200
226100,220,-30.131
226110,220,-30.125
226120,220,-30.131
226130,220,-30.200
226140,220,-30.200
226150,220,-30.194
226160,220,-30.131
226170,220,-30.137
226180,220,-30.169
226190,220,-30.194
226200,220,-30.200
226210,220,-30.137
226220,220,-30.144
226230,220,-30.131
226240,220,-30.131
226250,220,-30.169
226260,220,-30.206
226270,220,-30.187
226280,220,-30.150
226290,220,-30.144
226300,220,-30.137
226310,220,-30.206
226320,220,-30.206
226330,220,-30.206
226340,220,-30.144
226350,220,-30.144
226360,220,-30.200
226370,220,-30.206
226380,220,-30.212
226390,220,-30.169
226400,220,-30.137
226410,220,-30.175
226420,220,-30.212
226430,220,-30.212
226440,220,-30.219
226450,220,-30.162
226460,220,-30.150
226470,220,-30.187
226480,220,-30.206
226490,220,-30.206
226500,220,-30.150
226510,220,-30.144
226520,220,-30.169
226530,220,-30.212
226540,220,-30.219
226550,220,-30.212
226560,220,-30.144
226570,220,-30.150
226580,220,-30.150
226590,220,-30.200
226600,220,-30.212
226610,220,-30.219
226620,220,-30.219
226630,220,-30.144
226640,220,-30.175
226650,220,-30.219
226660,220,-30.219
226670,220,-30.212
226680,220,-30.150
226690,220,-30.150
226700,220,-30.219
226710,220,-30.212
226720,220,-30.219
226730,220,-30.206
226740,220,-30.162
226750,220,-30.162
226760,220,-30.225
226770,220,-30.225
226780,220,-30.225
226790,220,-30.156
226800,220,-30.162
226810,220,-30.225
226820,220,-30.225
226830,220,-30.231
226840,220,-30.225
226850,220,-30.169
226860,220,-30.162
226870,220,-30.194
226880,220,-30.231
226890,220,-30.225
226900,220,-30.162
226910,220,-30.162
226920,220,-30.162
226930,220,-30.162
226940,220,-30.225
226950,220,-30.225
226960,220,-30.219
226970,220,-30.169
226980,220,-30.169
226990,220,-30.206
227000,220,-30.231
227010,225,-30.231
227020,225,-30.231
227030,225,-30.175
227040,225,-30.237
227050,225,-30.231
227060,225,-30.237
227070,225,-30.237
227080,225,-30.206
227090,225,-30.237
227100,225,-30.237
227110,225,-30.244
227120,225,-30.244
227130,225,-30.250
227140,225,-30.250
227150,225,-30.244
227160,225,-30.250
227170,225,-30.250
227180,225,-30.244
227190,225,-30.244
227200,225,-30.300
227210,225,-30.250
227220,225,-30.250
227230,225,-30.256
227240,225,-30.250
227250,225,-30.250
227260,225,-30.256
227270,225,-30.256
227280,225,-30.256
227290,225,-30.256
227300,225,-30.256
227310,225,-30.256
227320,225,-30.256
227330,225,-30.262
227340,225,-30.262
227350,225,-30.262
227360,225,-30.262
227370,225,-30.262
227380,225,-30.262
227390,225,-30.262
227400,225,-30.262
227410,225,-30.262
227420,225,-30.287
227430,225,-30.337
227440,225,-30.287
227450,225,-30.269
227460,225,-30.262
227470,225,-30.331
227480,225,-30.269
227490,225,-30.269
227500,225,-30.275
227510,225,-30.331
227520,225,-30.337
227530,225,-30.275
227540,225,-30.275
227550,225,-30.275
227560,225,-30.337
227570,225,-30.281
227580,225,-30.275
227590,225,-30.275
227600,225,-30.275
227610,225,-30.306
227620,225,-30.275
227630,225,-30.287
227640,225,-30.281
227650,225,-30.294
227660,225,-30.350
227670,225,-30.281
227680,225,-30.287
227690,225,-30.281
227700,225,-30.356
227710,225,-30.287
227720,225,-30.287
227730,225,-30.300
227740,225,-30.300
227750,225,-30.356
227760,225,-30.287
227770,225,-30.287
227780,225,-30.287
227790,225,-30.331
227800,225,-30.294
227810,225,-30.294
227820,225,-30.300
227830,225,-30.300
227840,225,-30.319
227850,225,-30.300
227860,225,-30.300
227870,225,-30.300
227880,225,-30.300
227890,225,-30.300
227900,225,-30.306
227910,225,-30.306
227920,225,-30.300
227930,225,-30.306
227940,225,-30.312
227950,225,-30.306
227960,225,-30.312
227970,225,-30.306
227980,225,-30.306
227990,225,-30.306
228000,225,-30.306
228010,225,-30.312
228020,225,-30.337
228030,225,-30.362
228040,225,-30.312
228050,225,-30.325
228060,225,-30.312
228070,225,-30.356
228080,225,-30.312
228090,225,-30.319
228100,225,-30.325
228110,225,-30.344
228120,225,-30.381
228130,225,-30.319
228140,225,-30.319
228150,225,-30.325
228160,225,-30.325
228170,225,-30.325
228180,225,-30.331
228190,225,-30.337
228200,225,-30.350
228210,225,-30.394
228220,225,-30.331
228230,225,-30.331
228240,225,-30.331
228250,225,-30.362
228260,225,-30.394
228270,225,-30.337
228280,225,-30.331
228290,225,-30.337
228300,225,-30.344
228310,225,-30.381
228320,225,-30.350
228330,225,-30.337
228340,225,-30.344
228350,225,-30.350
228360,225,-30.350
228370,225,-30.344
228380,225,-30.344
228390,225,-30.344
228400,225,-30.412
228410,225,-30.356
228420,225,-30.350
228430,225,-30.350
228440,225,-30.350
228450,225,-30.356
228460,225,-30.350
228470,225,-30.350
228480,225,-30.356
228490,225,-30.356
228500,225,-30.356
228510,225,-30.369
228520,225,-30.362
228530,225,-30.356
228540,225,-30.362
228550,225,-30.356
228560,225,-30.356
228570,225,-30.362
228580,225,-30.362
228590,225,-30.362
228600,225,-30.362
228610,225,-30.362
228620,225,-30.369
228630,225,-30.369
228640,225,-30.369
228650,225,-30.375
228660,225,-30.369
228670,225,-30.381
228680,225,-30.375
228690,225,-30.381
228700,225,-30.381
228710,225,-30.381
228720,225,-30.381
228730,225,-30.375
228740,225,-30.381
228750,225,-30.387
228760,225,-30.387
228770,225,-30.387
228780,225,-30.387
228790,225,-30.387
228800,225,-30.387
228810,225,-30.394
228820,225,-30.387
228830,225,-30.387
228840,225,-30.394
228850,225,-30.394
228860,225,-30.394
228870,225,-30.400
228880,225,-30.400
228890,225,-30.400
228900,225,-30.400
228910,225,-30.400
228920,225,-30.406
228930,225,-30.406
228940,225,-30.406
228950,225,-30.406
228960,225,-30.400
228970,225,-30.406
228980,225,-30.412
228990,225,-30.406
229000,225,-30.412
229010,225,-30.419
229020,225,-30.406
229030,225,-30.425
229040,225,-30.419
229050,225,-30.412
229060,225,-30.412
229070,225,-30.412
229080,225,-30.419
229090,225,-30.425
229100,225,-30.419
229110,225,-30.425
229120,225,-30.425
229130,225,-30.400
229140,225,-30.425
229150,225,-30.425
229160,225,-30.425
229170,225,-30.425
229180,225,-30.425
229190,225,-30.431
229200,225,-30.431
229210,225,-30.431
229220,225,-30.381
229230,225,-30.431
229240,225,-30.437
229250,225,-30.437
229260,225,-30.437
229270,225,-30.444
229280,225,-30.406
229290,225,-30.437
229300,225,-30.437
229310,225,-30.444
229320,225,-30.444
229330,225,-30.450
229340,225,-30.450
229350,225,-30.444
229360,225,-30.444
229370,225,-30.450
229380,225,-30.406
229390,225,-30.456
229400,225,-30.456
229410,225,-30.462
229420,225,-30.462
229430,225,-30.456
229440,225,-30.462
229450,225,-30.462
229460,225,-30.462
229470,225,-30.437
229480,225,-30.462
229490,225,-30.469
229500,225,-30.475
229510,225,-30.475
229520,225,-30.475
229530,225,-30.475
229540,225,-30.475
229550,225,-30.469
229560,225,-30.475
229570,225,-30.437
229580,225,-30.481
229590,225,-30.475
229600,225,-30.481
229610,225,-30.481
229620,225,-30.469
229630,225,-30.419
229640,225,-30.475
229650,225,-30.481
229660,225,-30.481
229670,225,-30.481
229680,225,-30.481
229690,225,-30.481
229700,225,-30.494
229710,225,-30.487
229720,225,-30.481
229730,225,-30.462
229740,225,-30.487
229750,225,-30.494
229760,225,-30.500
229770,225,-30.500
229780,225,-30.500
229790,225,-30.500
229800,225,-30.500
229810,225,-30.500
229820,225,-30.456
229830,225,-30.469
229840,225,-30.500
229850,225,-30.500
229860,225,-30.512
229870,225,-30.506
229880,225,-30.506
229890,225,-30.506
229900,225,-30.494
229910,225,-30.512
229920,225,-30.475
229930,225,-30.475
229940,225,-30.512
229950,225,-30.512
229960,225,-30.512
229970,225,-30.512
229980,225,-30.487
229990,225,-30.519
230000,225,-30.525
230010,225,-30.531
230020,225,-30.525
230030,225,-30.519
230040,225,-30.519
230050,225,-30.525
230060,225,-30.519
230070,225,-30.519
230080,225,-30.487
230090,225,-30.537
230100,225,-30.531
230110,225,-30.537
230120,225,-30.537
230130,225,-30.537
230140,225,-30.537
230150,225,-30.537
230160,225,-30.531
230170,225,-30.537
230180,225,-30.494
230190,225,-30.544
230200,225,-30.537
230210,225,-30.544
230220,225,-30.544
230230,225,-30.544
230240,225,-30.544
230250,225,-30.550
230260,225,-30.544
230270,225,-30.550
230280,225,-30.525
230290,225,-30.550
230300,225,-30.556
230310,225,-30.550
230320,225,-30.556
230330,225,-30.556
230340,225,-30.531
230350,225,-30.556
230360,225,-30.562
230370,225,-30.556
230380,225,-30.562
230390,225,-30.562
230400,225,-30.569
230410,225,-30.575
230420,225,-30.562
230430,225,-30.525
230440,225,-30.569
230450,225,-30.569
230460,225,-30.569
230470,225,-30.575
230480,225,-30.575
230490,225,-30.581
230500,225,-30.575
230510,225,-30.569
230520,225,-30.575
230530,225,-30.537
230540,225,-30.581
230550,225,-30.575
230560,225,-30.594
230570,225,-30.587
230580,225,-30.587
230590,225,-30.587
230600,225,-30.581
230610,225,-30.581
230620,225,-30.587
230630,225,-30.581
230640,225,-30.581
230650,225,-30.587
230660,225,-30.594
230670,225,-30.587
230680,225,-30.575
230690,225,-30.587
230700,225,-30.594
230710,225,-30.594
230720,225,-30.594
230730,225,-30.587
230740,225,-30.594
230750,225,-30.600
230760,225,-30.600
230770,225,-30.600
230780,225,-30.556
230790,225,-30.606
230800,225,-30.606
230810,225,-30.600
230820,225,-30.606
230830,225,-30.606
230840,225,-30.600
230850,225,-30.612
230860,225,-30.606
230870,225,-30.594
230880,225,-30.594
230890,225,-30.612
230900,225,-30.612
230910,225,-30.612
230920,225,-30.612
230930,225,-30.619
230940,225,-30.619
230950,225,-30.619
230960,225,-30.619
230970,225,-30.612
230980,225,-30.625
230990,225,-30.625
231000,225,-30.625
231010,225,-30.637
231020,225,-30.619
231030,225,-30.600
231040,225,-30.631
231050,225,-30.625
231060,225,-30.625
231070,225,-30.625
231080,225,-30.637
231090,225,-30.637
231100,225,-30.631
231110,225,-30.625
231120,225,-30.594
231130,225,-30.637
231140,225,-30.644
231150,225,-30.637
231160,225,-30.637
231170,225,-30.644
231180,225,-30.631
231190,225,-30.637
231200,225,-30.637
231210,225,-30.644
231220,225,-30.606
231230,225,-30.637
231240,225,-30.644
231250,225,-30.644
231260,225,-30.644
231270,225,-30.644
231280,225,-30.644
231290,225,-30.644
231300,225,-30.656
231310,225,-30.656
231320,225,-30.656
231330,225,-30.644
231340,225,-30.650
231350,225,-30.644
231360,225,-30.650
231370,225,-30.619
231380,225,-30.637
231390,225,-30.656
231400,225,-30.650
231410,225,-30.644
231420,225,-30.656
231430,225,-30.656
231440,225,-30.650
231450,225,-30.650
231460,225,-30.650
231470,225,-30.587
231480,225,-30.644
231490,225,-30.650
231500,225,-30.650
231510,225,-30.650
231520,225,-30.650
231530,225,-30.650
231540,225,-30.656
231550,225,-30.656
231560,225,-30.656
231570,225,-30.606
231580,225,-30.650
231590,225,-30.650
231600,225,-30.650
231610,225,-30.650
231620,225,-30.656
231630,225,-30.656
231640,225,-30.656
231650,225,-30.656
231660,225,-30.650
231670,225,-30.650
231680,225,-30.656
231690,225,-30.656
231700,225,-30.656
231710,225,-30.656
231720,225,-30.619
231730,225,-30.619
231740,225,-30.662
231750,225,-30.644
231760,225,-30.644
231770,225,-30.650
231780,225,-30.656
231790,225,-30.650
231800,225,-30.650
231810,225,-30.644
231820,225,-30.612
231830,225,-30.650
231840,225,-30.650
231850,225,-30.656
231860,225,-30.662
231870,225,-30.650
231880,225,-30.656
231890,225,-30.656
231900,225,-30.650
231910,225,-30.650
231920,225,-30.606
231930,225,-30.644
231940,225,-30.656
231950,225,-30.656
231960,225,-30.650
231970,225,-30.625
231980,225,-30.637
231990,225,-30.644
232000,225,-30.644
232010,230,-30.644
232020,230,-30.644
232030,230,-30.662
232040,230,-30.662
232050,230,-30.700
232060,230,-30.662
232070,230,-30.669
232080,230,-30.669
232090,230,-30.731
232100,230,-30.675
232110,230,-30.656
232120,230,-30.725
232130,230,-30.725
232140,230,-30.669
232150,230,-30.662
232160,230,-30.712
232170,230,-30.737
232180,230,-30.681
232190,230,-30.662
232200,230,-30.719
232210,230,-30.719
232220,230,-30.662
232230,230,-30.687
232240,230,-30.725
232250,230,-30.731
232260,230,-30.725
232270,230,-30.700
232280,230,-30.725
232290,230,-30.725
232300,230,-30.650
232310,230,-30.656
232320,230,-30.700
232330,230,-30.731
232340,230,-30.725
232350,230,-30.662
232360,230,-30.731
232370,230,-30.737
232380,230,-30.725
232390,230,-30.681
232400,230,-30.706
232410,230,-30.731
232420,230,-30.731
232430,230,-30.662
232440,230,-30.681
232450,230,-30.731
232460,230,-30.731
232470,230,-30.687
232480,230,-30.656
232490,230,-30.719
232500,230,-30.712
232510,230,-30.662
232520,230,-30.681
232530,230,-30.719
232540,230,-30.731
232550,230,-30.681
232560,230,-30.662
232570,230,-30.700
232580,230,-30.725
232590,230,-30.662
232600,230,-30.662
232610,230,-30.681
232620,230,-30.731
232630,230,-30.719
232640,230,-30.656
232650,230,-30.669
232660,230,-30.725
232670,230,-30.725
232680,230,-30.719
232690,230,-30.669
232700,230,-30.694
232710,230,-30.719
232720,230,-30.694
232730,230,-30.662
232740,230,-30.687
232750,230,-30.725
232760,230,-30.712
232770,230,-30.662
232780,230,-30.706
232790,230,-30.719
232800,230,-30.687
232810,230,-30.650
232820,230,-30.681
232830,230,-30.719
232840,230,-30.725
232850,230,-30.669
232860,230,-30.706
232870,230,-30.731
232880,230,-30.719
232890,230,-30.650
232900,230,-30.694
232910,230,-30.731
232920,230,-30.737
232930,230,-30.675
232940,230,-30.712
232950,230,-30.731
232960,230,-30.725
232970,230,-30.669
232980,230,-30.662
232990,230,-30.706
233000,230,-30.725
233010,230,-30.725
233020,230,-30.656
233030,230,-30.719
233040,230,-30.731
233050,230,-30.737
233060,230,-30.669
233070,230,-30.712
233080,230,-30.731
233090,230,-30.725
233100,230,-30.650
233110,230,-30.731
233120,230,-30.737
233130,230,-30.737
233140,230,-30.662
233150,230,-30.725
233160,230,-30.719
233170,230,-30.731
233180,230,-30.669
233190,230,-30.731
233200,230,-30.725
233210,230,-30.725
233220,230,-30.662
233230,230,-30.719
233240,230,-30.725
233250,230,-30.737
233260,230,-30.662
233270,230,-30.700
233280,230,-30.731
233290,230,-30.731
233300,230,-30.662
233310,230,-30.669
233320,230,-30.725
233330,230,-30.725
233340,230,-30.725
233350,230,-30.669
233360,230,-30.725
233370,230,-30.731
233380,230,-30.725
233390,230,-30.662
233400,230,-30.725
233410,230,-30.731
233420,230,-30.731
233430,230,-30.669
233440,230,-30.719
233450,230,-30.725
233460,230,-30.731
233470,230,-30.656
233480,230,-30.700
233490,230,-30.737
233500,230,-30.725
233510,230,-30.669
233520,230,-30.725
233530,230,-30.725
233540,230,-30.725
233550,230,-30.662
233560,230,-30.700
233570,230,-30.725
233580,230,-30.725
233590,230,-30.700
233600,230,-30.681
233610,230,-30.731
233620,230,-30.725
233630,230,-30.681
233640,230,-30.662
233650,230,-30.725
233660,230,-30.719
233670,230,-30.712
233680,230,-30.662
233690,230,-30.700
233700,230,-30.731
233710,230,-30.719
233720,230,-30.694
233730,230,-30.725
233740,230,-30.719
233750,230,-30.731
233760,230,-30.675
233770,230,-30.706
233780,230,-30.725
233790,230,-30.725
233800,230,-30.694
233810,230,-30.681
233820,230,-30.725
233830,230,-30.725
233840,230,-30.669
233850,230,-30.712
233860,230,-30.731
233870,230,-30.725
233880,230,-30.687
233890,230,-30.725
233900,230,-30.731
233910,230,-30.712
233920,230,-30.662
233930,230,-30.706
233940,230,-30.725
233950,230,-30.725
233960,230,-30.687
233970,230,-30.719
233980,230,-30.719
233990,230,-30.719
234000,230,-30.725
234010,230,-30.662
234020,230,-30.712
234030,230,-30.725
234040,230,-30.681
234050,230,-30.637
234060,230,-30.687
234070,230,-30.694
234080,230,-30.700
234090,230,-30.637
234100,230,-30.712
234110,230,-30.731
234120,230,-30.706
234130,230,-30.662
234140,230,-30.662
234150,230,-30.725
234160,230,-30.719
234170,230,-30.687
234180,230,-30.650
234190,230,-30.731
234200,230,-30.731
234210,230,-30.675
234220,230,-30.662
234230,230,-30.706
234240,230,-30.731
234250,230,-30.687
234260,230,-30.656
234270,230,-30.681
234280,230,-30.731
234290,230,-30.712
234300,230,-30.669
234310,230,-30.662
234320,230,-30.712
234330,230,-30.725
234340,230,-30.712
234350,230,-30.669
234360,230,-30.662
234370,230,-30.731
234380,230,-30.731
234390,230,-30.669
234400,230,-30.669
234410,230,-30.731
234420,230,-30.744
234430,230,-30.681
234440,230,-30.681
234450,230,-30.737
234460,230,-30.737
234470,230,-30.700
234480,230,-30.675
234490,230,-30.700
234500,230,-30.737
234510,230,-30.681
234520,230,-30.669
234530,230,-30.719
234540,230,-30.737
234550,230,-30.731
234560,230,-30.669
234570,230,-30.687
234580,230,-30.744
234590,230,-30.725
234600,230,-30.669
234610,230,-30.675
234620,230,-30.737
234630,230,-30.731
234640,230,-30.700
234650,230,-30.675
234660,230,-30.725
234670,230,-30.725
234680,230,-30.725
234690,230,-30.694
234700,230,-30.662
234710,230,-30.737
234720,230,-30.737
234730,230,-30.675
234740,230,-30.669
234750,230,-30.706
234760,230,-30.731
234770,230,-30.719
234780,230,-30.656
234790,230,-30.687
234800,230,-30.737
234810,230,-30.719
234820,230,-30.662
234830,230,-30.669
234840,230,-30.700
234850,230,-30.737
234860,230,-30.700
234870,230,-30.656
234880,230,-30.687
234890,230,-30.737
234900,230,-30.669
234910,230,-30.662
234920,230,-30.656
234930,230,-30.725
234940,230,-30.725
234950,230,-30.656
234960,230,-30.681
234970,230,-30.737
234980,230,-30.719
234990,230,-30.662
235000,230,-30.712
235010,230,-30.675
235020,230,-30.725
235030,230,-30.712
235040,230,-30.662
235050,230,-30.656
235060,230,-30.725
235070,230,-30.719
235080,230,-30.687
235090,230,-30.656
235100,230,-30.725
235110,230,-30.725
235120,230,-30.669
235130,230,-30.662
235140,230,-30.725
235150,230,-30.725
235160,230,-30.681
235170,230,-30.656
235180,230,-30.725
235190,230,-30.725
235200,230,-30.662
235210,230,-30.662
235220,230,-30.669
235230,230,-30.719
235240,230,-30.725
235250,230,-30.650
235260,230,-30.669
235270,230,-30.706
235280,230,-30.706
235290,230,-30.612
235300,230,-30.625
235310,230,-30.675
235320,230,-30.712
235330,230,-30.637
235340,230,-30.644
235350,230,-30.644
235360,230,-30.681
235370,230,-30.712
235380,230,-30.681
235390,230,-30.644
235400,230,-30.662
235410,230,-30.712
235420,230,-30.656
235430,230,-30.650
235440,230,-30.637
235450,230,-30.712
235460,230,-30.712
235470,230,-30.644
235480,230,-30.669
235490,230,-30.712
235500,230,-30.706
235510,230,-30.650
235520,230,-30.631
235530,230,-30.706
235540,230,-30.719
235550,230,-30.656
235560,230,-30.669
235570,230,-30.719
235580,230,-30.712
235590,230,-30.650
235600,230,-30.662
235610,230,-30.706
235620,230,-30.719
235630,230,-30.687
235640,230,-30.650
235650,230,-30.681
235660,230,-30.725
235670,230,-30.656
235680,230,-30.656
235690,230,-30.644
235700,230,-30.681
235710,230,-30.725
235720,230,-30.706
235730,230,-30.662
235740,230,-30.694
235750,230,-30.719
235760,230,-30.706
235770,230,-30.637
235780,230,-30.675
235790,230,-30.712
235800,230,-30.706
235810,230,-30.662
235820,230,-30.662
235830,230,-30.719
235840,230,-30.712
235850,230,-30.681
235860,230,-30.644
235870,230,-30.712
235880,230,-30.719
235890,230,-30.656
235900,230,-30.656
235910,230,-30.650
235920,230,-30.719
235930,230,-30.650
235940,230,-30.656
235950,230,-30.650
235960,230,-30.706
235970,230,-30.656
235980,230,-30.650
235990,230,-30.650
236000,230,-30.694
236010,230,-30.687
236020,230,-30.662
236030,230,-30.656
236040,230,-30.650
236050,230,-30.700
236060,230,-30.687
236070,230,-30.662
236080,230,-30.656
236090,230,-30.719
236100,230,-30.662
236110,230,-30.656
236120,230,-30.656
236130,230,-30.725
236140,230,-30.694
236150,230,-30.656
236160,230,-30.687
236170,230,-30.731
236180,230,-30.669
236190,230,-30.662
236200,230,-30.662
236210,230,-30.712
236220,230,-30.687
236230,230,-30.662
236240,230,-30.687
236250,230,-30.725
236260,230,-30.669
236270,230,-30.662
236280,230,-30.712
236290,230,-30.731
236300,230,-30.675
236310,230,-30.650
236320,230,-30.719
236330,230,-30.719
236340,230,-30.650
236350,230,-30.644
236360,230,-30.644
236370,230,-30.637
236380,230,-30.687
236390,230,-30.644
236400,230,-30.644
236410,230,-30.637
236420,230,-30.687
236430,230,-30.694
236440,230,-30.675
236450,230,-30.662
236460,230,-30.737
236470,230,-30.662
236480,230,-30.669
236490,230,-30.662
236500,230,-30.719
236510,230,-30.687
236520,230,-30.669
236530,230,-30.656
236540,230,-30.731
236550,230,-30.669
236560,230,-30.669
236570,230,-30.606
236580,230,-30.594
236590,230,-30.556
236600,230,-30.525
236610,230,-30.519
236620,230,-30.594
236630,230,-30.569
236640,230,-30.525
236650,230,-30.587
236660,230,-30.612
236670,230,-30.594
236680,230,-30.537
236690,230,-30.594
236700,230,-30.594
236710,230,-30.606
236720,230,-30.594
236730,230,-30.562
236740,230,-30.587
236750,230,-30.594
236760,230,-30.556
236770,230,-30.550
236780,230,-30.606
236790,230,-30.600
236800,230,-30.594
236810,230,-30.600
236820,230,-30.562
236830,230,-30.656
236840,230,-30.425
236850,230,-30.537
236860,230,-30.606
236870,230,-30.519
236880,230,-30.587
236890,230,-30.600
236900,230,-30.600
236910,230,-30.600
236920,230,-30.569
236930,230,-30.587
236940,230,-30.600
236950,230,-30.600
236960,230,-30.606
236970,230,-30.600
236980,230,-30.594
236990,230,-30.600
237000,230,-30.600
237010,235,-30.550
237020,235,-30.594
237030,235,-30.587
237040,235,-30.594
237050,235,-30.594
237060,235,-30.587
237070,235,-30.619
237080,235,-30.675
237090,235,-30.606
237100,235,-30.594
237110,235,-30.656
237120,235,-30.625
237130,235,-30.594
237140,235,-30.662
237150,235,-30.662
237160,235,-30.600
237170,235,-30.656
237180,235,-30.662
237190,235,-30.612
237200,235,-30.594
237210,235,-30.662
237220,235,-30.662
237230,235,-30.637
237240,235,-30.662
237250,235,-30.669
237260,235,-30.656
237270,235,-30.600
237280,235,-30.662
237290,235,-30.662
237300,235,-30.631
237310,235,-30.662
237320,235,-30.656
237330,235,-30.650
237340,235,-30.594
237350,235,-30.662
237360,235,-30.656
237370,235,-30.656
237380,235,-30.600
237390,235,-30.650
237400,235,-30.662
237410,235,-30.650
237420,235,-30.625
237430,235,-30.656
237440,235,-30.656
237450,235,-30.594
237460,235,-30.656
237470,235,-30.656
237480,235,-30.656
237490,235,-30.587
237500,235,-30.650
237510,235,-30.650
237520,235,-30.587
237530,235,-30.662
237540,235,-30.662
237550,235,-30.650
237560,235,-30.594
237570,235,-30.662
237580,235,-30.656
237590,235,-30.587
237600,235,-30.650
237610,235,-30.644
237620,235,-30.644
237630,235,-30.612
237640,235,-30.662
237650,235,-30.662
237660,235,-30.619
237670,235,-30.631
237680,235,-30.656
237690,235,-30.656
237700,235,-30.587
237710,235,-30.581
237720,235,-30.650
237730,235,-30.644
237740,235,-30.631
237750,235,-30.656
237760,235,-30.656
237770,235,-30.644
237780,235,-30.600
237790,235,-30.662
237800,235,-30.662
237810,235,-30.619
237820,235,-30.656
237830,235,-30.656
237840,235,-30.644
237850,235,-30.606
237860,235,-30.656
237870,235,-30.656
237880,235,-30.612
237890,235,-30.650
237900,235,-30.650
237910,235,-30.631
237920,235,-30.612
237930,235,-30.662
237940,235,-30.656
237950,235,-30.606
237960,235,-30.631
237970,235,-30.656
237980,235,-30.656
237990,235,-30.606
238000,235,-30.650
238010,235,-30.656
238020,235,-30.644
238030,235,-30.631
238040,235,-30.650
238050,235,-30.650
238060,235,-30.637
238070,235,-30.600
238080,235,-30.656
238090,235,-30.656
238100,235,-30.612
238110,235,-30.631
238120,235,-30.650
238130,235,-30.650
238140,235,-30.600
238150,235,-30.650
238160,235,-30.644
238170,235,-30.606
238180,235,-30.619
238190,235,-30.644
238200,235,-30.656
238210,235,-30.612
238220,235,-30.650
238230,235,-30.650
238240,235,-30.594
238250,235,-30.637
238260,235,-30.650
238270,235,-30.650
238280,235,-30.581
238290,235,-30.650
238300,235,-30.650
238310,235,-30.587
238320,235,-30.600
238330,235,-30.650
238340,235,-30.644
238350,235,-30.612
238360,235,-30.650
238370,235,-30.644
238380,235,-30.650
238390,235,-30.600
238400,235,-30.619
238410,235,-30.650
238420,235,-30.644
238430,235,-30.581
238440,235,-30.644
238450,235,-30.644
238460,235,-30.637
238470,235,-30.625
238480,235,-30.644
238490,235,-30.644
238500,235,-30.575
238510,235,-30.644
238520,235,-30.650
238530,235,-30.631
238540,235,-30.594
238550,235,-30.656
238560,235,-30.650
238570,235,-30.600
238580,235,-30.612
238590,235,-30.637
238600,235,-30.644
238610,235,-30.600
238620,235,-30.637
238630,235,-30.650
238640,235,-30.587
238650,235,-30.619
238660,235,-30.644
238670,235,-30.637
238680,235,-30.575
238690,235,-30.637
238700,235,-30.637
238710,235,-30.587
238720,235,-30.612
238730,235,-30.606
238740,235,-30.631
238750,235,-30.612
238760,235,-30.569
238770,235,-30.625
238780,235,-30.637
238790,235,-30.644
238800,235,-30.600
238810,235,-30.631
238820,235,-30.631
238830,235,-30.575
238840,235,-30.625
238850,235,-30.637
238860,235,-30.631
238870,235,-30.606
238880,235,-30.625
238890,235,-30.631
238900,235,-30.569
238910,235,-30.606
238920,235,-30.637
238930,235,-30.637
238940,235,-30.581
238950,235,-30.631
238960,235,-30.625
238970,235,-30.600
238980,235,-30.569
238990,235,-30.631
239000,235,-30.631
239010,235,-30.600
239020,235,-30.631
239030,235,-30.637
239040,235,-30.594
239050,235,-30.569
239060,235,-30.612
239070,235,-30.637
239080,235,-30.625
239090,235,-30.562
239100,235,-30.619
239110,235,-30.619
239120,235,-30.600
239130,235,-30.612
239140,235,-30.619
239150,235,-30.612
239160,235,-30.550
239170,235,-30.612
239180,235,-30.606
239190,235,-30.587
239200,235,-30.619
239210,235,-30.619
239220,235,-30.606
239230,235,-30.556
239240,235,-30.619
239250,235,-30.619
239260,235,-30.612
239270,235,-30.619
239280,235,-30.619
239290,235,-30.600
239300,235,-30.562
239310,235,-30.612
239320,235,-30.612
239330,235,-30.619
239340,235,-30.606
239350,235,-30.619
239360,235,-30.587
239370,235,-30.587
239380,235,-30.625
239390,235,-30.631
239400,235,-30.631
239410,235,-30.594
239420,235,-30.637
239430,235,-30.644
239440,235,-30.637
239450,235,-30.637
239460,235,-30.631
239470,235,-30.625
239480,235,-30.594
239490,235,-30.625
239500,235,-30.625
239510,235,-30.625
239520,235,-30.631
239530,235,-30.631
239540,235,-30.631
239550,235,-30.587
239560,235,-30.637
239570,235,-30.631
239580,235,-30.625
239590,235,-30.631
239600,235,-30.625
239610,235,-30.631
239620,235,-30.587
239630,235,-30.625
239640,235,-30.631
239650,235,-30.625
239660,235,-30.631
239670,235,-30.637
239680,235,-30.619
239690,235,-30.587
239700,235,-30.631
239710,235,-30.625
239720,235,-30.637
239730,235,-30.612
239740,235,-30.619
239750,235,-30.637
239760,235,-30.637
239770,235,-30.631
239780,235,-30.637
239790,235,-30.637
239800,235,-30.612
239810,235,-30.625
239820,235,-30.637
239830,235,-30.631
239840,235,-30.637
239850,235,-30.625
239860,235,-30.631
239870,235,-30.594
239880,235,-30.581
239890,235,-30.631
239900,235,-30.631
239910,235,-30.625
239920,235,-30.625
239930,235,-30.631
239940,235,-30.631
239950,235,-30.594
239960,235,-30.631
239970,235,-30.625
239980,235,-30.637
239990,235,-30.631
240000,235,-30.631
240010,235,-30.619
240020,235,-30.600
240030,235,-30.631
240040,235,-30.631
240050,235,-30.631
240060,235,-30.631
240070,235,-30.631
240080,235,-30.625
240090,235,-30.619
240100,235,-30.631
240110,235,-30.637
240120,235,-30.631
240130,235,-30.581
240140,235,-30.606
240150,235,-30.625
240160,235,-30.625
240170,235,-30.625
240180,235,-30.631
240190,235,-30.631
240200,235,-30.612
240210,235,-30.612
240220,235,-30.631
240230,235,-30.625
240240,235,-30.619
240250,235,-30.619
240260,235,-30.619
240270,235,-30.612
240280,235,-30.619
240290,235,-30.625
240300,235,-30.625
240310,235,-30.625
240320,235,-30.619
240330,235,-30.619
240340,235,-30.587
240350,235,-30.625
240360,235,-30.625
240370,235,-30.631
240380,235,-30.625
240390,235,-30.625
240400,235,-30.631
240410,235,-30.631
240420,235,-30.637
240430,235,-30.625
240440,235,-30.625
240450,235,-30.631
240460,235,-30.594
240470,235,-30.631
240480,235,-30.631
240490,235,-30.625
240500,235,-30.625
240510,235,-30.625
240520,235,-30.637
240530,235,-30.594
240540,235,-30.625
240550,235,-30.625
240560,235,-30.619
240570,235,-30.625
240580,235,-30.625
240590,235,-30.606
240600,235,-30.606
240610,235,-30.619
240620,235,-30.619
240630,235,-30.619
240640,235,-30.619
240650,235,-30.612
240660,235,-30.594
240670,235,-30.612
240680,235,-30.619
240690,235,-30.612
240700,235,-30.612
240710,235,-30.619
240720,235,-30.619
240730,235,-30.625
240740,235,-30.619
240750,235,-30.619
240760,235,-30.619
240770,235,-30.619
240780,235,-30.575
240790,235,-30.612
240800,235,-30.612
240810,235,-30.619
240820,235,-30.612
240830,235,-30.612
240840,235,-30.619
240850,235,-30.556
240860,235,-30.625
240870,235,-30.619
240880,235,-30.619
240890,235,-30.625
240900,235,-30.619
240910,235,-30.619
240920,235,-30.569
240930,235,-30.612
240940,235,-30.619
240950,235,-30.606
240960,235,-30.606
240970,235,-30.606
240980,235,-30.619
240990,235,-30.569
241000,235,-30.612
241010,235,-30.612
241020,235,-30.612
241030,235,-30.606
241040,235,-30.612
241050,235,-30.619
241060,235,-30.581
241070,235,-30.612
241080,235,-30.600
241090,235,-30.612
241100,235,-30.594
241110,235,-30.594
241120,235,-30.600
241130,235,-30.600
241140,235,-30.600
241150,235,-30.587
241160,235,-30.600
241170,235,-30.587
241180,235,-30.594
241190,235,-30.606
241200,235,-30.600
241210,235,-30.600
241220,235,-30.600
241230,235,-30.606
241240,235,-30.562
241250,235,-30.600
241260,235,-30.594
241270,235,-30.600
241280,235,-30.594
241290,235,-30.594
241300,235,-30.594
241310,235,-30.562
241320,235,-30.556
241330,235,-30.581
241340,235,-30.600
241350,235,-30.606
241360,235,-30.594
241370,235,-30.594
241380,235,-30.587
241390,235,-30.562
241400,235,-30.581
241410,235,-30.581
241420,235,-30.587
241430,235,-30.562
241440,235,-30.587
241450,235,-30.581
241460,235,-30.594
241470,235,-30.587
241480,235,-30.594
241490,235,-30.581
241500,235,-30.575
241510,235,-30.587
241520,235,-30.587
241530,235,-30.581
241540,235,-30.581
241550,235,-30.587
241560,235,-30.594
241570,235,-30.544
241580,235,-30.581
241590,235,-30.581
241600,235,-30.581
241610,235,-30.581
241620,235,-30.581
241630,235,-30.581
241640,235,-30.537
241650,235,-30.575
241660,235,-30.575
241670,235,-30.569
241680,235,-30.562
241690,235,-30.569
241700,235,-30.569
241710,235,-30.525
241720,235,-30.575
241730,235,-30.575
241740,235,-30.575
241750,235,-30.556
241760,235,-30.556
241770,235,-30.569
241780,235,-30.562
241790,235,-30.556
241800,235,-30.562
241810,235,-30.556
241820,235,-30.556
241830,235,-30.562
241840,235,-30.544
241850,235,-30.544
241860,235,-30.544
241870,235,-30.537
241880,235,-30.531
241890,235,-30.537
241900,235,-30.531
241910,235,-30.531
241920,235,-30.544
241930,235,-30.537
241940,235,-30.537
241950,235,-30.537
241960,235,-30.525
241970,235,-30.525
241980,235,-30.519
241990,235,-30.512
242000,235,-30.519
242010,240,-30.506
242020,240,-30.512
242030,240,-30.519
242040,240,-30.512
242050,240,-30.519
242060,240,-30.512
242070,240,-30.544
242080,240,-30.550
242090,240,-30.512
242100,240,-30.519
242110,240,-30.569
242120,240,-30.525
242130,240,-30.544
242140,240,-30.575
242150,240,-30.550
242160,240,-30.531
242170,240,-30.575
242180,240,-30.519
242190,240,-30.500
242200,240,-30.569
242210,240,-30.569
242220,240,-30.531
242230,240,-30.562
242240,240,-30.544
242250,240,-30.506
242260,240,-30.556
242270,240,-30.562
242280,240,-30.487
242290,240,-30.556
242300,240,-30.525
242310,240,-30.494
242320,240,-30.556
242330,240,-30.544
242340,240,-30.512
242350,240,-30.550
242360,240,-30.544
242370,240,-30.487
242380,240,-30.544
242390,240,-30.537
242400,240,-30.475
242410,240,-30.487
242420,240,-30.531
242430,240,-30.537
242440,240,-30.475
242450,240,-30.550
242460,240,-30.525
242470,240,-30.494
242480,240,-30.537
242490,240,-30.544
242500,240,-30.475
242510,240,-30.537
242520,240,-30.506
242530,240,-30.469
242540,240,-30.531
242550,240,-30.519
242560,240,-30.475
242570,240,-30.531
242580,240,-30.537
242590,240,-30.462
242600,240,-30.531
242610,240,-30.531
242620,240,-30.469
242630,240,-30.525
242640,240,-30.525
242650,240,-30.475
242660,240,-30.531
242670,240,-30.525
242680,240,-30.456
242690,240,-30.512
242700,240,-30.494
242710,240,-30.456
242720,240,-30.512
242730,240,-30.525
242740,240,-30.475
242750,240,-30.519
242760,240,-30.519
242770,240,-30.506
242780,240,-30.456
242790,240,-30.519
242800,240,-30.481
242810,240,-30.450
242820,240,-30.512
242830,240,-30.525
242840,240,-30.475
242850,240,-30.519
242860,240,-30.512
242870,240,-30.462
242880,240,-30.512
242890,240,-30.506
242900,240,-30.444
242910,240,-30.512
242920,240,-30.487
242930,240,-30.444
242940,240,-30.500
242950,240,-30.500
242960,240,-30.456
242970,240,-30.481
242980,240,-30.506
242990,240,-30.431
243000,240,-30.500
243010,240,-30.506
243020,240,-30.444
243030,240,-30.444
243040,240,-30.500
243050,240,-30.444
243060,240,-30.475
243070,240,-30.500
243080,240,-30.475
243090,240,-30.456
243100,240,-30.494
243110,240,-30.500
243120,240,-30.437
243130,240,-30.456
243140,240,-30.506
243150,240,-30.444
243160,240,-30.494
243170,240,-30.506
243180,240,-30.450
243190,240,-30.469
243200,240,-30.494
243210,240,-30.425
243220,240,-30.494
243230,240,-30.494
243240,240,-30.437
243250,240,-30.437
243260,240,-30.494
243270,240,-30.425
243280,240,-30.462
243290,240,-30.494
243300,240,-30.469
243310,240,-30.444
243320,240,-30.494
243330,240,-30.456
243340,240,-30.431
243350,240,-30.494
243360,240,-30.456
243370,240,-30.425
243380,240,-30.494
243390,240,-30.475
243400,240,-30.431
243410,240,-30.481
243420,240,-30.487
243430,240,-30.425
243440,240,-30.431
243450,240,-30.494
243460,240,-30.481
243470,240,-30.425
243480,240,-30.475
243490,240,-30.462
243500,240,-30.425
243510,240,-30.456
243520,240,-30.469
243530,240,-30.425
243540,240,-30.437
243550,240,-30.481
243560,240,-30.425
243570,240,-30.425
243580,240,-30.487
243590,240,-30.419
243600,240,-30.419
243610,240,-30.481
243620,240,-30.419
243630,240,-30.412
243640,240,-30.469
243650,240,-30.444
243660,240,-30.406
243670,240,-30.475
243680,240,-30.450
243690,240,-30.406
243700,240,-30.431
243710,240,-30.469
243720,240,-30.419
243730,240,-30.412
243740,240,-30.475
243750,240,-30.406
243760,240,-30.412
243770,240,-30.475
243780,240,-30.425
243790,240,-30.406
243800,240,-30.431
243810,240,-30.469
243820,240,-30.400
243830,240,-30.425
243840,240,-30.462
243850,240,-30.406
243860,240,-30.400
243870,240,-30.462
243880,240,-30.394
243890,240,-30.394
243900,240,-30.456
243910,240,-30.400
243920,240,-30.394
243930,240,-30.450
243940,240,-30.412
243950,240,-30.400
243960,240,-30.431
243970,240,-30.425
243980,240,-30.394
243990,240,-30.394
244000,240,-30.456
244010,240,-30.406
244020,240,-30.406
244030,240,-30.456
244040,240,-30.394
244050,240,-30.394
244060,240,-30.456
244070,240,-30.431
244080,240,-30.400
244090,240,-30.450
244100,240,-30.406
244110,240,-30.387
244120,240,-30.412
244130,240,-30.462
244140,240,-30.400
244150,240,-30.394
244160,240,-30.450
244170,240,-30.400
244180,240,-30.381
244190,240,-30.450
244200,240,-30.381
244210,240,-30.412
244220,240,-30.456
244230,240,-30.444
244240,240,-30.400
244250,240,-30.450
244260,240,-30.412
244270,240,-30.387
244280,240,-30.450
244290,240,-30.425
244300,240,-30.387
244310,240,-30.444
244320,240,-30.444
244330,240,-30.375
244340,240,-30.425
244350,240,-30.450
244360,240,-30.381
244370,240,-30.412
244380,240,-30.431
244390,240,-30.387
244400,240,-30.431
244410,240,-30.456
244420,240,-30.406
244430,240,-30.381
244440,240,-30.444
244450,240,-30.444
244460,240,-30.394
244470,240,-30.375
244480,240,-30.444
244490,240,-30.369
244500,240,-30.375
244510,240,-30.444
244520,240,-30.387
244530,240,-30.387
244540,240,-30.444
244550,240,-30.394
244560,240,-30.381
244570,240,-30.412
244580,240,-30.412
244590,240,-30.375
244600,240,-30.437
244610,240,-30.425
244620,240,-30.375
244630,240,-30.412
244640,240,-30.425
244650,240,-30.369
244660,240,-30.400
244670,240,-30.431
244680,240,-30.369
244690,240,-30.369
244700,240,-30.419
244710,240,-30.387
244720,240,-30.362
244730,240,-30.425
244740,240,-30.362
244750,240,-30.381
244760,240,-30.425
244770,240,-30.412
244780,240,-30.356
244790,240,-30.394
244800,240,-30.425
244810,240,-30.406
244820,240,-30.375
244830,240,-30.425
244840,240,-30.369
244850,240,-30.356
244860,240,-30.394
244870,240,-30.387
244880,240,-30.350
244890,240,-30.412
244900,240,-30.400
244910,240,-30.350
244920,240,-30.406
244930,240,-30.419
244940,240,-30.350
244950,240,-30.394
244960,240,-30.412
244970,240,-30.350
244980,240,-30.419
244990,240,-30.419
245000,240,-30.362
245010,240,-30.362
245020,240,-30.425
245030,240,-30.381
245040,240,-30.387
245050,240,-30.425
245060,240,-30.400
245070,240,-30.350
245080,240,-30.406
245090,240,-30.369
245100,240,-30.350
245110,240,-30.419
245120,240,-30.419
245130,240,-30.362
245140,240,-30.369
245150,240,-30.425
245160,240,-30.381
245170,240,-30.350
245180,240,-30.387
245190,240,-30.400
245200,240,-30.356
245210,240,-30.375
245220,240,-30.419
245230,240,-30.356
245240,240,-30.350
245250,240,-30.419
245260,240,-30.350
245270,240,-30.350
245280,240,-30.419
245290,240,-30.362
245300,240,-30.350
245310,240,-30.406
245320,240,-30.369
245330,240,-30.344
245340,240,-30.387
245350,240,-30.381
245360,240,-30.344
245370,240,-30.369
245380,240,-30.406
245390,240,-30.350
245400,240,-30.356
245410,240,-30.419
245420,240,-30.350
245430,240,-30.344
245440,240,-30.412
245450,240,-30.350
245460,240,-30.344
245470,240,-30.381
245480,240,-30.412
245490,240,-30.350
245500,240,-30.381
245510,240,-30.419
245520,240,-30.362
245530,240,-30.362
245540,240,-30.419
245550,240,-30.375
245560,240,-30.387
245570,240,-30.425
245580,240,-30.406
245590,240,-30.369
245600,240,-30.425
245610,240,-30.375
245620,240,-30.362
245630,240,-30.431
245640,240,-30.425
245650,240,-30.356
245660,240,-30.381
245670,240,-30.406
245680,240,-30.362
245690,240,-30.375
245700,240,-30.425
245710,240,-30.381
245720,240,-30.394
245730,240,-30.431
245740,240,-30.362
245750,240,-30.425
245760,240,-30.431
245770,240,-30.381
245780,240,-30.362
245790,240,-30.419
245800,240,-30.431
245810,240,-30.362
245820,240,-30.362
245830,240,-30.425
245840,240,-30.350
245850,240,-30.394
245860,240,-30.425
245870,240,-30.400
245880,240,-30.381
245890,240,-30.437
245900,240,-30.375
245910,240,-30.381
245920,240,-30.437
245930,240,-30.437
245940,240,-30.369
245950,240,-30.444
245960,240,-30.419
245970,240,-30.381
245980,240,-30.431
245990,240,-30.444
246000,240,-30.381
246010,240,-30.412
246020,240,-30.444
246030,240,-30.375
246040,240,-30.394
246050,240,-30.444
246060,240,-30.375
246070,240,-30.381
246080,240,-30.444
246090,240,-30.387
246100,240,-30.369
246110,240,-30.437
246120,240,-30.412
246130,240,-30.375
246140,240,-30.419
246150,240,-30.444
246160,240,-30.419
246170,240,-30.375
246180,240,-30.444
246190,240,-30.381
246200,240,-30.400
246210,240,-30.456
246220,240,-30.450
246230,240,-30.425
246240,240,-30.444
246250,240,-30.419
246260,240,-30.412
246270,240,-30.456
246280,240,-30.444
246290,240,-30.400
246300,240,-30.456
246310,240,-30.456
246320,240,-30.387
246330,240,-30.456
246340,240,-30.456
246350,240,-30.412
246360,240,-30.456
246370,240,-30.450
246380,240,-30.400
246390,240,-30.462
246400,240,-30.462
246410,240,-30.431
246420,240,-30.462
246430,240,-30.462
246440,240,-30.400
246450,240,-30.456
246460,240,-30.462
246470,240,-30.462
246480,240,-30.400
246490,240,-30.475
246500,240,-30.462
246510,240,-30.419
246520,240,-30.456
246530,240,-30.475
246540,240,-30.412
246550,240,-30.437
246560,240,-30.475
246570,240,-30.462
246580,240,-30.469
246590,240,-30.487
246600,240,-30.431
246610,240,-30.456
246620,240,-30.481
246630,240,-30.450
246640,240,-30.444
246650,240,-30.487
246660,240,-30.475
246670,240,-30.431
246680,240,-30.481
246690,240,-30.481
246700,240,-30.419
246710,240,-30.481
246720,240,-30.456
246730,240,-30.425
246740,240,-30.487
246750,240,-30.494
246760,240,-30.450
246770,240,-30.494
246780,240,-30.494
246790,240,-30.431
246800,240,-30.494
246810,240,-30.494
246820,240,-30.494
246830,240,-30.431
246840,240,-30.494
246850,240,-30.500
246860,240,-30.437
246870,240,-30.500
246880,240,-30.487
246890,240,-30.431
246900,240,-30.487
246910,240,-30.494
246920,240,-30.456
246930,240,-30.500
246940,240,-30.500
246950,240,-30.444
246960,240,-30.500
246970,240,-30.500
246980,240,-30.450
246990,240,-30.487
247000,240,-30.500
247010,245,-30.462
247020,245,-30.475
247030,245,-30.512
247040,245,-30.500
247050,245,-30.512
247060,245,-30.531
247070,245,-30.512
247080,245,-30.525
247090,245,-30.525
247100,245,-30.525
247110,245,-30.525
247120,245,-30.531
247130,245,-30.537
247140,245,-30.531
247150,245,-30.537
247160,245,-30.537
247170,245,-30.537
247180,245,-30.537
247190,245,-30.537
247200,245,-30.537
247210,245,-30.537
247220,245,-30.537
247230,245,-30.537
247240,245,-30.537
247250,245,-30.537
247260,245,-30.556
247270,245,-30.550
247280,245,-30.550
247290,245,-30.544
247300,245,-30.550
247310,245,-30.544
247320,245,-30.550
247330,245,-30.550
247340,245,-30.619
247350,245,-30.562
247360,245,-30.556
247370,245,-30.612
247380,245,-30.556
247390,245,-30.587
247400,245,-30.581
247410,245,-30.550
247420,245,-30.581
247430,245,-30.562
247440,245,-30.550
247450,245,-30.606
247460,245,-30.550
247470,245,-30.556
247480,245,-30.606
247490,245,-30.556
247500,245,-30.562
247510,245,-30.556
247520,245,-30.556
247530,245,-30.562
247540,245,-30.562
247550,245,-30.556
247560,245,-30.575
247570,245,-30.569
247580,245,-30.569
247590,245,-30.606
247600,245,-30.587
247610,245,-30.562
247620,245,-30.600
247630,245,-30.562
247640,245,-30.587
247650,245,-30.612
247660,245,-30.569
247670,245,-30.612
247680,245,-30.569
247690,245,-30.562
247700,245,-30.637
247710,245,-30.562
247720,245,-30.569
247730,245,-30.619
247740,245,-30.575
247750,245,-30.575
247760,245,-30.594
247770,245,-30.575
247780,245,-30.600
247790,245,-30.569
247800,245,-30.569
247810,245,-30.606
247820,245,-30.569
247830,245,-30.562
247840,245,-30.600
247850,245,-30.569
247860,245,-30.569
247870,245,-30.606
247880,245,-30.569
247890,245,-30.569
247900,245,-30.594
247910,245,-30.569
247920,245,-30.631
247930,245,-30.562
247940,245,-30.562
247950,245,-30.625
247960,245,-30.587
247970,245,-30.575
247980,245,-30.587
247990,245,-30.562
248000,245,-30.594
248010,245,-30.606
248020,245,-30.569
248030,245,-30.612
248040,245,-30.569
248050,245,-30.575
248060,245,-30.625
248070,245,-30.556
248080,245,-30.587
248090,245,-30.594
248100,245,-30.556
248110,245,-30.625
248120,245,-30.575
248130,245,-30.562
248140,245,-30.619
248150,245,-30.550
248160,245,-30.556
248170,245,-30.594
248180,245,-30.556
248190,245,-30.550
248200,245,-30.619
248210,245,-30.544
248220,245,-30.587
248230,245,-30.594
248240,245,-30.550
248250,245,-30.569
248260,245,-30.569
248270,245,-30.556
248280,245,-30.619
248290,245,-30.544
248300,245,-30.556
248310,245,-30.606
248320,245,-30.544
248330,245,-30.562
248340,245,-30.550
248350,245,-30.550
248360,245,-30.581
248370,245,-30.556
248380,245,-30.531
248390,245,-30.537
248400,245,-30.531
248410,245,-30.531
248420,245,-30.581
248430,245,-30.531
248440,245,-30.569
248450,245,-30.544
248460,245,-30.512
248470,245,-30.544
248480,245,-30.519
248490,245,-30.512
248500,245,-30.550
248510,245,-30.537
248520,245,-30.506
248530,245,-30.581
248540,245,-30.512
248550,245,-30.506
248560,245,-30.562
248570,245,-30.506
248580,245,-30.506
248590,245,-30.525
248600,245,-30.500
248610,245,-30.525
248620,245,-30.550
248630,245,-30.500
248640,245,-30.544
248650,245,-30.500
248660,245,-30.500
248670,245,-30.562
248680,245,-30.494
248690,245,-30.519
248700,245,-30.481
248710,245,-30.487
248720,245,-30.544
248730,245,-30.494
248740,245,-30.487
248750,245,-30.550
248760,245,-30.481
248770,245,-30.506
248780,245,-30.519
248790,245,-30.481
248800,245,-30.544
248810,245,-30.481
248820,245,-30.475
248830,245,-30.544
248840,245,-30.481
248850,245,-30.475
248860,245,-30.525
248870,245,-30.487
248880,245,-30.469
248890,245,-30.525
248900,245,-30.462
248910,245,-30.487
248920,245,-30.506
248930,245,-30.462
248940,245,-30.519
248950,245,-30.475
248960,245,-30.456
248970,245,-30.494
248980,245,-30.450
248990,245,-30.444
249000,245,-30.475
249010,245,-30.450
249020,245,-30.469
249030,245,-30.462
249040,245,-30.456
249050,245,-30.494
249060,245,-30.444
249070,245,-30.437
249080,245,-30.506
249090,245,-30.437
249100,245,-30.456
249110,245,-30.456
249120,245,-30.437
249130,245,-30.437
249140,245,-30.469
249150,245,-30.437
249160,245,-30.456
249170,245,-30.456
249180,245,-30.437
249190,245,-30.431
249200,245,-30.437
249210,245,-30.437
249220,245,-30.456
249230,245,-30.437
249240,245,-30.431
249250,245,-30.469
249260,245,-30.431
249270,245,-30.425
249280,245,-30.425
249290,245,-30.425
249300,245,-30.419
249310,245,-30.419
249320,245,-30.419
249330,245,-30.425
249340,245,-30.425
249350,245,-30.419
249360,245,-30.419
249370,245,-30.419
249380,245,-30.419
249390,245,-30.425
249400,245,-30.419
249410,245,-30.412
249420,245,-30.412
249430,245,-30.412
249440,245,-30.412
249450,245,-30.412
249460,245,-30.406
249470,245,-30.425
249480,245,-30.412
249490,245,-30.412
249500,245,-30.456
249510,245,-30.437
249520,245,-30.406
249530,245,-30.400
249540,245,-30.400
249550,245,-30.400
249560,245,-30.400
249570,245,-30.400
249580,245,-30.394
249590,245,-30.431
249600,245,-30.400
249610,245,-30.400
249620,245,-30.450
249630,245,-30.400
249640,245,-30.406
249650,245,-30.419
249660,245,-30.400
249670,245,-30.425
249680,245,-30.394
249690,245,-30.394
249700,245,-30.456
249710,245,-30.406
249720,245,-30.400
249730,245,-30.412
249740,245,-30.394
249750,245,-30.419
249760,245,-30.425
249770,245,-30.387
249780,245,-30.450
249790,245,-30.394
249800,245,-30.381
249810,245,-30.431
249820,245,-30.375
249830,245,-30.387
249840,245,-30.450
249850,245,-30.394
249860,245,-30.387
249870,245,-30.444
249880,245,-30.369
249890,245,-30.375
249900,245,-30.419
249910,245,-30.381
249920,245,-30.437
249930,245,-30.387
249940,245,-30.375
249950,245,-30.412
249960,245,-30.400
249970,245,-30.400
249980,245,-30.406
249990,245,-30.369
250000,245,-30.375
250010,245,-30.425
250020,245,-30.375
250030,245,-30.412
250040,245,-30.369
250050,245,-30.362
250060,245,-30.431
250070,245,-30.362
250080,245,-30.381
250090,245,-30.419
250100,245,-30.362
250110,245,-30.412
250120,245,-30.381
250130,245,-30.356
250140,245,-30.425
250150,245,-30.362
250160,245,-30.381
250170,245,-30.400
250180,245,-30.356
250190,245,-30.362
250200,245,-30.419
250210,245,-30.362
250220,245,-30.375
250230,245,-30.412
250240,245,-30.362
250250,245,-30.400
250260,245,-30.375
250270,245,-30.350
250280,245,-30.381
250290,245,-30.350
250300,245,-30.350
250310,245,-30.406
250320,245,-30.369
250330,245,-30.350
250340,245,-30.375
250350,245,-30.350
250360,245,-30.381
250370,245,-30.394
250380,245,-30.356
250390,245,-30.406
250400,245,-30.362
250410,245,-30.350
250420,245,-30.387
250430,245,-30.344
250440,245,-30.375
250450,245,-30.381
250460,245,-30.356
250470,245,-30.369
250480,245,-30.369
250490,245,-30.356
250500,245,-30.400
250510,245,-30.350
250520,245,-30.350
250530,245,-30.362
250540,245,-30.362
250550,245,-30.350
250560,245,-30.387
250570,245,-30.381
250580,245,-30.350
250590,245,-30.394
250600,245,-30.350
250610,245,-30.369
250620,245,-30.406
250630,245,-30.350
250640,245,-30.387
250650,245,-30.375
250660,245,-30.350
250670,245,-30.375
250680,245,-30.344
250690,245,-30.369
250700,245,-30.400
250710,245,-30.350
250720,245,-30.350
250730,245,-30.375
250740,245,-30.344
250750,245,-30.375
250760,245,-30.350
250770,245,-30.350
250780,245,-30.400
250790,245,-30.362
250800,245,-30.337
250810,245,-30.406
250820,245,-30.337
250830,245,-30.331
250840,245,-30.381
250850,245,-30.337
250860,245,-30.337
250870,245,-30.400
250880,245,-30.337
250890,245,-30.362
250900,245,-30.394
250910,245,-30.344
250920,245,-30.356
250930,245,-30.406
250940,245,-30.337
250950,245,-30.369
250960,245,-30.331
250970,245,-30.325
250980,245,-30.406
250990,245,-30.344
251000,245,-30.356
251010,245,-30.400
251020,245,-30.337
251030,245,-30.325
251040,245,-30.362
251050,245,-30.331
251060,245,-30.350
251070,245,-30.337
251080,245,-30.331
251090,245,-30.387
251100,245,-30.356
251110,245,-30.331
251120,245,-30.394
251130,245,-30.331
251140,245,-30.356
251150,245,-30.369
251160,245,-30.325
251170,245,-30.381
251180,245,-30.344
251190,245,-30.325
251200,245,-30.344
251210,245,-30.381
251220,245,-30.325
251230,245,-30.375
251240,245,-30.337
251250,245,-30.319
251260,245,-30.387
251270,245,-30.319
251280,245,-30.319
251290,245,-30.381
251300,245,-30.331
251310,245,-30.331
251320,245,-30.337
251330,245,-30.312
251340,245,-30.344
251350,245,-30.350
251360,245,-30.325
251370,245,-30.381
251380,245,-30.325
251390,245,-30.325
251400,245,-30.375
251410,245,-30.312
251420,245,-30.350
251430,245,-30.350
251440,245,-30.319
251450,245,-30.381
251460,245,-30.319
251470,245,-30.312
251480,245,-30.381
251490,245,-30.312
251500,245,-30.312
251510,245,-30.381
251520,245,-30.306
251530,245,-30.319
251540,245,-30.375
251550,245,-30.337
251560,245,-30.344
251570,245,-30.356
251580,245,-30.331
251590,245,-30.381
251600,245,-30.375
251610,245,-30.319
251620,245,-30.375
251630,245,-30.312
251640,245,-30.375
251650,245,-30.375
251660,245,-30.331
251670,245,-30.381
251680,245,-30.319
251690,245,-30.306
251700,245,-30.362
251710,245,-30.337
251720,245,-30.344
251730,245,-30.375
251740,245,-30.312
251750,245,-30.337
251760,245,-30.362
251770,245,-30.325
251780,245,-30.381
251790,245,-30.337
251800,245,-30.350
251810,245,-30.375
251820,245,-30.306
251830,245,-30.369
251840,245,-30.356
251850,245,-30.325
251860,245,-30.362
251870,245,-30.375
251880,245,-30.300
251890,245,-30.369
251900,245,-30.356
251910,245,-30.312
251920,245,-30.369
251930,245,-30.319
251940,245,-30.331
251950,245,-30.362
251960,245,-30.300
251970,245,-30.325
251980,245,-30.350
251990,245,-30.312
252000,245,-30.356
252010,250,-30.306
252020,250,-30.287
252030,250,-30.356
252040,250,-30.287
252050,250,-30.356
252060,250,-30.362
252070,250,-30.306
252080,250,-30.356
252090,250,-30.306
252100,250,-30.350
252110,250,-30.350
252120,250,-30.350
252130,250,-30.356
252140,250,-30.337
252150,250,-30.356
252160,250,-30.356
252170,250,-30.362
252180,250,-30.350
252190,250,-30.362
252200,250,-30.356
252210,250,-30.362
252220,250,-30.356
252230,250,-30.337
252240,250,-30.356
252250,250,-30.319
252260,250,-30.356
252270,250,-30.350
252280,250,-30.306
252290,250,-30.350
252300,250,-30.344
252310,250,-30.325
252320,250,-30.344
252330,250,-30.319
252340,250,-30.344
252350,250,-30.350
252360,250,-30.344
252370,250,-30.344
252380,250,-30.300
252390,250,-30.350
252400,250,-30.344
252410,250,-30.344
252420,250,-30.344
252430,250,-30.319
252440,250,-30.344
252450,250,-30.344
252460,250,-30.344
252470,250,-30.350
252480,250,-30.300
252490,250,-30.344
252500,250,-30.344
252510,250,-30.337
252520,250,-30.337
252530,250,-30.319
252540,250,-30.312
252550,250,-30.337
252560,250,-30.312
252570,250,-30.337
252580,250,-30.344
252590,250,-30.337
252600,250,-30.344
252610,250,-30.331
252620,250,-30.312
252630,250,-30.337
252640,250,-30.337
252650,250,-30.337
252660,250,-30.337
252670,250,-30.337
252680,250,-30.337
252690,250,-30.344
252700,250,-30.337
252710,250,-30.337
252720,250,-30.306
252730,250,-30.331
252740,250,-30.331
252750,250,-30.337
252760,250,-30.337
252770,250,-30.294
252780,250,-30.331
252790,250,-30.331
252800,250,-30.300
252810,250,-30.331
252820,250,-30.306
252830,250,-30.331
252840,250,-30.337
252850,250,-30.337
252860,250,-30.344
252870,250,-30.287
252880,250,-30.337
252890,250,-30.337
252900,250,-30.325
252910,250,-30.319
252920,250,-30.331
252930,250,-30.287
252940,250,-30.331
252950,250,-30.337
252960,250,-30.287
252970,250,-30.337
252980,250,-30.337
252990,250,-30.337
253000,250,-30.337
253010,250,-30.300
253020,250,-30.337
253030,250,-30.337
253040,250,-30.325
253050,250,-30.337
253060,250,-30.287
253070,250,-30.337
253080,250,-30.331
253090,250,-30.306
253100,250,-30.331
253110,250,-30.300
253120,250,-30.337
253130,250,-30.337
253140,250,-30.337
253150,250,-30.337
253160,250,-30.294
253170,250,-30.325
253180,250,-30.331
253190,250,-30.331
253200,250,-30.331
253210,250,-30.331
253220,250,-30.331
253230,250,-30.331
253240,250,-30.337
253250,250,-30.337
253260,250,-30.337
253270,250,-30.337
253280,250,-30.337
253290,250,-30.337
253300,250,-30.312
253310,250,-30.331
253320,250,-30.331
253330,250,-30.331
253340,250,-30.331
253350,250,-30.287
253360,250,-30.337
253370,250,-30.337
253380,250,-30.331
253390,250,-30.325
253400,250,-30.287
253410,250,-30.319
253420,250,-30.325
253430,250,-30.319
253440,250,-30.331
253450,250,-30.281
253460,250,-30.325
253470,250,-30.325
253480,250,-30.325
253490,250,-30.331
253500,250,-30.294
253510,250,-30.331
253520,250,-30.331
253530,250,-30.281
253540,250,-30.319
253550,250,-30.325
253560,250,-30.325
253570,250,-30.331
253580,250,-30.312
253590,250,-30.275
253600,250,-30.325
253610,250,-30.325
253620,250,-30.325
253630,250,-30.325
253640,250,-30.287
253650,250,-30.325
253660,250,-30.325
253670,250,-30.325
253680,250,-30.331
253690,250,-30.281
253700,250,-30.325
253710,250,-30.325
253720,250,-30.287
253730,250,-30.325
253740,250,-30.312
253750,250,-30.319
253760,250,-30.325
253770,250,-30.275
253780,250,-30.319
253790,250,-30.319
253800,250,-30.287
253810,250,-30.331
253820,250,-30.306
253830,250,-30.319
253840,250,-30.312
253850,250,-30.269
253860,250,-30.319
253870,250,-30.319
253880,250,-30.319
253890,250,-30.319
253900,250,-30.319
253910,250,-30.319
253920,250,-30.325
253930,250,-30.319
253940,250,-30.319
253950,250,-30.319
253960,250,-30.325
253970,250,-30.319
253980,250,-30.281
253990,250,-30.319
254000,250,-30.319
254010,250,-30.325
254020,250,-30.325
254030,250,-30.294
254040,250,-30.325
254050,250,-30.319
254060,250,-30.325
254070,250,-30.325
254080,250,-30.319
254090,250,-30.287
254100,250,-30.319
254110,250,-30.319
254120,250,-30.319
254130,250,-30.319
254140,250,-30.325
254150,250,-30.325
254160,250,-30.319
254170,250,-30.319
254180,250,-30.325
254190,250,-30.287
254200,250,-30.319
254210,250,-30.319
254220,250,-30.312
254230,250,-30.312
254240,250,-30.312
254250,250,-30.325
254260,250,-30.325
254270,250,-30.275
254280,250,-30.319
254290,250,-30.325
254300,250,-30.312
254310,250,-30.319
254320,250,-30.281
254330,250,-30.319
254340,250,-30.319
254350,250,-30.319
254360,250,-30.319
254370,250,-30.319
254380,250,-30.312
254390,250,-30.312
254400,250,-30.312
254410,250,-30.312
254420,250,-30.287
254430,250,-30.319
254440,250,-30.319
254450,250,-30.319
254460,250,-30.319
254470,250,-30.319
254480,250,-30.312
254490,250,-30.306
254500,250,-30.312
254510,250,-30.319
254520,250,-30.306
254530,250,-30.306
254540,250,-30.319
254550,250,-30.312
254560,250,-30.319
254570,250,-30.319
254580,250,-30.312
254590,250,-30.319
254600,250,-30.312
254610,250,-30.287
254620,250,-30.312
254630,250,-30.325
254640,250,-30.319
254650,250,-30.319
254660,250,-30.281
254670,250,-30.325
254680,250,-30.325
254690,250,-30.319
254700,250,-30.319
254710,250,-30.325
254720,250,-30.319
254730,250,-30.331
254740,250,-30.325
254750,250,-30.331
254760,250,-30.281
254770,250,-30.331
254780,250,-30.319
254790,250,-30.325
254800,250,-30.319
254810,250,-30.306
254820,250,-30.319
254830,250,-30.325
254840,250,-30.325
254850,250,-30.325
254860,250,-30.325
254870,250,-30.325
254880,250,-30.325
254890,250,-30.325
254900,250,-30.319
254910,250,-30.325
254920,250,-30.325
254930,250,-30.325
254940,250,-30.325
254950,250,-30.325
254960,250,-30.331
254970,250,-30.325
254980,250,-30.325
254990,250,-30.325
255000,250,-30.331
255010,250,-30.325
255020,250,-30.325
255030,250,-30.331
255040,250,-30.331
255050,250,-30.287
255060,250,-30.325
255070,250,-30.325
255080,250,-30.325
255090,250,-30.337
255100,250,-30.300
255110,250,-30.325
255120,250,-30.331
255130,250,-30.337
255140,250,-30.331
255150,250,-30.325
255160,250,-30.325
255170,250,-30.325
255180,250,-30.331
255190,250,-30.331
255200,250,-30.312
255210,250,-30.319
255220,250,-30.337
255230,250,-30.325
255240,250,-30.287
255250,250,-30.337
255260,250,-30.331
255270,250,-30.337
255280,250,-30.337
255290,250,-30.287
255300,250,-30.331
255310,250,-30.337
255320,250,-30.337
255330,250,-30.337
255340,250,-30.337
255350,250,-30.344
255360,250,-30.337
255370,250,-30.337
255380,250,-30.337
255390,250,-30.300
255400,250,-30.344
255410,250,-30.337
255420,250,-30.337
255430,250,-30.344
255440,250,-30.331
255450,250,-30.312
255460,250,-30.337
255470,250,-30.331
255480,250,-30.337
255490,250,-30.337
255500,250,-30.300
255510,250,-30.344
255520,250,-30.344
255530,250,-30.337
255540,250,-30.344
255550,250,-30.337
255560,250,-30.344
255570,250,-30.344
255580,250,-30.300
255590,250,-30.337
255600,250,-30.344
255610,250,-30.344
255620,250,-30.350
255630,250,-30.325
255640,250,-30.344
255650,250,-30.350
255660,250,-30.344
255670,250,-30.344
255680,250,-30.344
255690,250,-30.350
255700,250,-30.350
255710,250,-30.350
255720,250,-30.350
255730,250,-30.350
255740,250,-30.356
255750,250,-30.350
255760,250,-30.350
255770,250,-30.356
255780,250,-30.362
255790,250,-30.319
255800,250,-30.362
255810,250,-30.356
255820,250,-30.356
255830,250,-30.356
255840,250,-30.319
255850,250,-30.362
255860,250,-30.362
255870,250,-30.362
255880,250,-30.369
255890,250,-30.344
255900,250,-30.350
255910,250,-30.362
255920,250,-30.369
255930,250,-30.319
255940,250,-30.362
255950,250,-30.369
255960,250,-30.369
255970,250,-30.362
255980,250,-30.362
255990,250,-30.356
256000,250,-30.356
256010,250,-30.356
256020,250,-30.356
256030,250,-30.319
256040,250,-30.362
256050,250,-30.369
256060,250,-30.369
256070,250,-30.362
256080,250,-30.331
256090,250,-30.362
256100,250,-30.369
256110,250,-30.369
256120,250,-30.369
256130,250,-30.369
256140,250,-30.375
256150,250,-30.369
256160,250,-30.375
256170,250,-30.369
256180,250,-30.375
256190,250,-30.375
256200,250,-30.375
256210,250,-30.381
256220,250,-30.375
256230,250,-30.381
256240,250,-30.375
256250,250,-30.375
256260,250,-30.381
256270,250,-30.381
256280,250,-30.381
256290,250,-30.381
256300,250,-30.381
256310,250,-30.381
256320,250,-30.387
256330,250,-30.375
256340,250,-30.381
256350,250,-30.381
256360,250,-30.381
256370,250,-30.387
256380,250,-30.387
256390,250,-30.387
256400,250,-30.387
256410,250,-30.387
256420,250,-30.394
256430,250,-30.387
256440,250,-30.387
256450,250,-30.387
256460,250,-30.387
256470,250,-30.387
256480,250,-30.387
256490,250,-30.394
256500,250,-30.394
256510,250,-30.394
256520,250,-30.394
256530,250,-30.387
256540,250,-30.387
256550,250,-30.394
256560,250,-30.387
256570,250,-30.394
256580,250,-30.387
256590,250,-30.387
256600,250,-30.394
256610,250,-30.387
256620,250,-30.394
256630,250,-30.394
256640,250,-30.406
256650,250,-30.406
256660,250,-30.400
256670,250,-30.394
256680,250,-30.394
256690,250,-30.387
256700,250,-30.394
256710,250,-30.394
256720,250,-30.400
256730,250,-30.406
256740,250,-30.412
256750,250,-30.400
256760,250,-30.400
256770,250,-30.400
256780,250,-30.406
256790,250,-30.412
256800,250,-30.412
256810,250,-30.412
256820,250,-30.406
256830,250,-30.412
256840,250,-30.412
256850,250,-30.412
256860,250,-30.406
256870,250,-30.419
256880,250,-30.419
256890,250,-30.425
256900,250,-30.419
256910,250,-30.419
256920,250,-30.419
256930,250,-30.425
256940,250,-30.425
256950,250,-30.425
256960,250,-30.425
256970,250,-30.425
256980,250,-30.419
256990,250,-30.419
257000,250,-30.425
257010,255,-30.425
257020,255,-30.444
257030,255,-30.500
257040,255,-30.500
257050,255,-30.556
257060,255,-30.556
257070,255,-30.562
257080,255,-30.562
257090,255,-30.587
257100,255,-30.562
257110,255,-30.625
257120,255,-30.631
257130,255,-30.637
257140,255,-30.631
257150,255,-30.631
257160,255,-30.625
257170,255,-30.625
257180,255,-30.637
257190,255,-30.644
257200,255,-30.637
257210,255,-30.637
257220,255,-30.637
257230,255,-30.637
257240,255,-30.637
257250,255,-30.637
257260,255,-30.644
257270,255,-30.644
257280,255,-30.637
257290,255,-30.644
257300,255,-30.637
257310,255,-30.644
257320,255,-30.644
257330,255,-30.644
257340,255,-30.650
257350,255,-30.637
257360,255,-30.594
257370,255,-30.631
257380,255,-30.644
257390,255,-30.637
257400,255,-30.637
257410,255,-30.644
257420,255,-30.650
257430,255,-30.644
257440,255,-30.644
257450,255,-30.644
257460,255,-30.644
257470,255,-30.644
257480,255,-30.650
257490,255,-30.644
257500,255,-30.644
257510,255,-30.644
257520,255,-30.631
257530,255,-30.631
257540,255,-30.644
257550,255,-30.644
257560,255,-30.644
257570,255,-30.587
257580,255,-30.644
257590,255,-30.631
257600,255,-30.637
257610,255,-30.637
257620,255,-30.644
257630,255,-30.631
257640,255,-30.631
257650,255,-30.637
257660,255,-30.644
257670,255,-30.612
257680,255,-30.644
257690,255,-30.644
257700,255,-30.594
257710,255,-30.631
257720,255,-30.631
257730,255,-30.644
257740,255,-30.644
257750,255,-30.612
257760,255,-30.637
257770,255,-30.644
257780,255,-30.594
257790,255,-30.644
257800,255,-30.650
257810,255,-30.644
257820,255,-30.644
257830,255,-30.644
257840,255,-30.637
257850,255,-30.637
257860,255,-30.644
257870,255,-30.644
257880,255,-30.644
257890,255,-30.650
257900,255,-30.644
257910,255,-30.644
257920,255,-30.644
257930,255,-30.637
257940,255,-30.644
257950,255,-30.637
257960,255,-30.644
257970,255,-30.644
257980,255,-30.644
257990,255,-30.637
258000,255,-30.644
258010,255,-30.644
258020,255,-30.644
258030,255,-30.650
258040,255,-30.644
258050,255,-30.650
258060,255,-30.644
258070,255,-30.644
258080,255,-30.644
258090,255,-30.650
258100,255,-30.650
258110,255,-30.650
258120,255,-30.644
258130,255,-30.644
258140,255,-30.644
258150,255,-30.644
258160,255,-30.650
258170,255,-30.606
258180,255,-30.637
258190,255,-30.644
258200,255,-30.612
258210,255,-30.650
258220,255,-30.650
258230,255,-30.650
258240,255,-30.650
258250,255,-30.650
258260,255,-30.644
258270,255,-30.650
258280,255,-30.650
258290,255,-30.650
258300,255,-30.650
258310,255,-30.650
258320,255,-30.650
258330,255,-30.656
258340,255,-30.656
258350,255,-30.650
258360,255,-30.656
258370,255,-30.656
258380,255,-30.650
258390,255,-30.662
258400,255,-30.662
258410,255,-30.656
258420,255,-30.656
258430,255,-30.656
258440,255,-30.656
258450,255,-30.656
258460,255,-30.656
258470,255,-30.662
258480,255,-30.656
258490,255,-30.662
258500,255,-30.662
258510,255,-30.656
258520,255,-30.650
258530,255,-30.650
258540,255,-30.656
258550,255,-30.656
258560,255,-30.650
258570,255,-30.650
258580,255,-30.656
258590,255,-30.650
258600,255,-30.650
258610,255,-30.656
258620,255,-30.662
258630,255,-30.656
258640,255,-30.656
258650,255,-30.662
258660,255,-30.656
258670,255,-30.656
258680,255,-30.656
258690,255,-30.662
258700,255,-30.662
258710,255,-30.662
258720,255,-30.662
258730,255,-30.662
258740,255,-30.662
258750,255,-30.662
258760,255,-30.662
258770,255,-30.662
258780,255,-30.662
258790,255,-30.662
258800,255,-30.662
258810,255,-30.662
258820,255,-30.662
258830,255,-30.631
258840,255,-30.662
258850,255,-30.662
258860,255,-30.644
258870,255,-30.662
258880,255,-30.669
258890,255,-30.669
258900,255,-30.662
258910,255,-30.669
258920,255,-30.675
258930,255,-30.669
258940,255,-30.675
258950,255,-30.675
258960,255,-30.669
258970,255,-30.675
258980,255,-30.675
258990,255,-30.681
259000,255,-30.637
259010,255,-30.681
259020,255,-30.681
259030,255,-30.681
259040,255,-30.675
259050,255,-30.669
259060,255,-30.675
259070,255,-30.675
259080,255,-30.681
259090,255,-30.675
259100,255,-30.681
259110,255,-30.637
259120,255,-30.681
259130,255,-30.681
259140,255,-30.675
259150,255,-30.675
259160,255,-30.675
259170,255,-30.687
259180,255,-30.687
259190,255,-30.681
259200,255,-30.681
259210,255,-30.681
259220,255,-30.681
259230,255,-30.681
259240,255,-30.687
259250,255,-30.687
259260,255,-30.687
259270,255,-30.681
259280,255,-30.681
259290,255,-30.681
259300,255,-30.700
259310,255,-30.687
259320,255,-30.687
259330,255,-30.687
259340,255,-30.681
259350,255,-30.681
259360,255,-30.675
259370,255,-30.681
259380,255,-30.694
259390,255,-30.687
259400,255,-30.694
259410,255,-30.694
259420,255,-30.687
259430,255,-30.687
259440,255,-30.681
259450,255,-30.656
259460,255,-30.687
259470,255,-30.694
259480,255,-30.681
259490,255,-30.675
259500,255,-30.687
259510,255,-30.694
259520,255,-30.656
259530,255,-30.694
259540,255,-30.687
259550,255,-30.694
259560,255,-30.694
259570,255,-30.700
259580,255,-30.700
259590,255,-30.700
259600,255,-30.700
259610,255,-30.700
259620,255,-30.706
259630,255,-30.712
259640,255,-30.706
259650,255,-30.706
259660,255,-30.706
259670,255,-30.706
259680,255,-30.712
259690,255,-30.719
259700,255,-30.719
259710,255,-30.719
259720,255,-30.712
259730,255,-30.706
259740,255,-30.712
259750,255,-30.712
259760,255,-30.706
259770,255,-30.712
259780,255,-30.712
259790,255,-30.719
259800,255,-30.725
259810,255,-30.719
259820,255,-30.719
259830,255,-30.687
259840,255,-30.725
259850,255,-30.731
259860,255,-30.731
259870,255,-30.725
259880,255,-30.731
259890,255,-30.725
259900,255,-30.725
259910,255,-30.731
259920,255,-30.725
259930,255,-30.731
259940,255,-30.731
259950,255,-30.719
259960,255,-30.725
259970,255,-30.725
259980,255,-30.731
259990,255,-30.725
260000,255,-30.737
260010,255,-30.725
260020,255,-30.731
260030,255,-30.725
260040,255,-30.725
260050,255,-30.731
260060,255,-30.725
260070,255,-30.731
260080,255,-30.737
260090,255,-30.737
260100,255,-30.737
260110,255,-30.725
260120,255,-30.731
260130,255,-30.725
260140,255,-30.725
260150,255,-30.731
260160,255,-30.731
260170,255,-30.737
260180,255,-30.737
260190,255,-30.731
260200,255,-30.737
260210,255,-30.731
260220,255,-30.737
260230,255,-30.737
260240,255,-30.737
260250,255,-30.731
260260,255,-30.737
260270,255,-30.737
260280,255,-30.744
260290,255,-30.737
260300,255,-30.744
260310,255,-30.744
260320,255,-30.750
260330,255,-30.737
260340,255,-30.737
260350,255,-30.731
260360,255,-30.737
260370,255,-30.750
260380,255,-30.750
260390,255,-30.750
260400,255,-30.750
260410,255,-30.750
260420,255,-30.750
260430,255,-30.750
260440,255,-30.756
260450,255,-30.750
260460,255,-30.762
260470,255,-30.756
260480,255,-30.756
260490,255,-30.756
260500,255,-30.756
260510,255,-30.756
260520,255,-30.756
260530,255,-30.750
260540,255,-30.756
260550,255,-30.762
260560,255,-30.756
260570,255,-30.762
260580,255,-30.762
260590,255,-30.762
260600,255,-30.762
260610,255,-30.762
260620,255,-30.762
260630,255,-30.756
260640,255,-30.762
260650,255,-30.762
260660,255,-30.762
260670,255,-30.769
260680,255,-30.769
260690,255,-30.762
260700,255,-30.769
260710,255,-30.762
260720,255,-30.762
260730,255,-30.769
260740,255,-30.769
260750,255,-30.775
260760,255,-30.775
260770,255,-30.775
260780,255,-30.775
260790,255,-30.775
260800,255,-30.775
260810,255,-30.775
260820,255,-30.775
260830,255,-30.775
260840,255,-30.787
260850,255,-30.781
260860,255,-30.787
260870,255,-30.781
260880,255,-30.781
260890,255,-30.781
260900,255,-30.781
260910,255,-30.781
260920,255,-30.781
260930,255,-30.781
260940,255,-30.787
260950,255,-30.787
260960,255,-30.781
260970,255,-30.781
260980,255,-30.787
260990,255,-30.787
261000,255,-30.787
261010,255,-30.781
261020,255,-30.787
261030,255,-30.787
261040,255,-30.787
261050,255,-30.787
261060,255,-30.794
261070,255,-30.787
261080,255,-30.787
261090,255,-30.787
261100,255,-30.781
261110,255,-30.781
261120,255,-30.781
261130,255,-30.781
261140,255,-30.787
261150,255,-30.787
261160,255,-30.787
261170,255,-30.794
261180,255,-30.787
261190,255,-30.787
261200,255,-30.781
261210,255,-30.787
261220,255,-30.781
261230,255,-30.794
261240,255,-30.794
261250,255,-30.794
261260,255,-30.800
261270,255,-30.794
261280,255,-30.787
261290,255,-30.794
261300,255,-30.794
261310,255,-30.787
261320,255,-30.787
261330,255,-30.794
261340,255,-30.787
261350,255,-30.787
261360,255,-30.787
261370,255,-30.794
261380,255,-30.787
261390,255,-30.794
261400,255,-30.794
261410,255,-30.787
261420,255,-30.787
261430,255,-30.787
261440,255,-30.787
261450,255,-30.787
261460,255,-30.787
261470,255,-30.787
261480,255,-30.794
261490,255,-30.787
261500,255,-30.787
261510,255,-30.794
261520,255,-30.781
261530,255,-30.787
261540,255,-30.781
261550,255,-30.787
261560,255,-30.787
261570,255,-30.781
261580,255,-30.781
261590,255,-30.781
261600,255,-30.787
261610,255,-30.787
261620,255,-30.787
261630,255,-30.775
261640,255,-30.787
261650,255,-30.781
261660,255,-30.781
261670,255,-30.781
261680,255,-30.787
261690,255,-30.787
261700,255,-30.787
261710,255,-30.787
261720,255,-30.787
261730,255,-30.781
261740,255,-30.781
261750,255,-30.781
261760,255,-30.781
261770,255,-30.781
261780,255,-30.787
261790,255,-30.775
261800,255,-30.781
261810,255,-30.775
261820,255,-30.775
261830,255,-30.775
261840,255,-30.775
261850,255,-30.781
261860,255,-30.775
261870,255,-30.775
261880,255,-30.775
261890,255,-30.775
261900,255,-30.775
261910,255,-30.775
261920,255,-30.781
261930,255,-30.781
261940,255,-30.775
261950,255,-30.769
261960,255,-30.775
261970,255,-30.769
261980,255,-30.781
261990,255,-30.769
262000,255,-30.769
262010,0,-30.800
262020,0,-30.687
262030,0,-30.494
262040,0,-30.187
262050,0,-29.775
262060,0,-29.281
262070,0,-28.669
262080,0,-27.956
262090,0,-26.919
262100,0,-26.125
262110,0,-24.819
262120,0,-23.644
262130,0,-22.150
262140,0,-21.387
262150,0,-20.562
262160,0,-19.825
262170,0,-19.131
262180,0,-18.400
262190,0,-17.731
262200,0,-17.031
262210,0,-16.400
262220,0,-15.775
262230,0,-15.225
262240,0,-14.637
262250,0,-14.131
262260,0,-13.563
262270,0,-13.062
262280,0,-12.544
262290,0,-12.037
262300,0,-11.550
262310,0,-11.169
262320,0,-10.706
262330,0,-10.250
262340,0,-9.869
262350,0,-9.431
262360,0,-9.075
262370,0,-8.762
262380,0,-8.400
262390,0,-8.081
262400,0,-7.744
262410,0,-7.425
262420,0,-7.094
262430,0,-6.787
262440,0,-6.519
262450,0,-6.231
262460,0,-5.987
262470,0,-5.731
262480,0,-5.475
262490,0,-5.225
262500,0,-4.962
262510,0,-4.719
262520,0,-4.531
262530,0,-4.294
262540,0,-4.106
262550,0,-3.919
262560,0,-3.737
262570,0,-3.544
262580,0,-3.375
262590,0,-3.194
262600,0,-3.025
262610,0,-2.837
262620,0,-2.713
262630,0,-2.550
262640,0,-2.394
262650,0,-2.269
262660,0,-2.100
262670,0,-1.969
262680,0,-1.850
262690,0,-1.675
262700,0,-1.525
262710,0,-1.400
262720,0,-1.262
262730,0,-1.144
262740,0,-1.012
262750,0,-0.887
262760,0,-0.706
262770,0,-0.587
262780,0,-0.381
262790,0,-0.081
262800,0,0.169
262810,0,0.281
262820,0,0.331
262830,0,0.319
262840,0,0.325
262850,0,0.325
262860,0,0.331
262870,0,0.338
262880,0,0.338
262890,0,0.331
262900,0,0.331
262910,0,0.331
262920,0,0.344
262930,0,0.338
262940,0,0.344
262950,0,0.344
262960,0,0.350
262970,0,0.363
262980,0,0.356
262990,0,0.356
263000,0,0.356
263010,0,0.350
263020,0,0.356
263030,0,0.350
263040,0,0.344
263050,0,0.356
263060,0,0.350
263070,0,0.356
263080,0,0.363
263090,0,0.356
263100,0,0.363
263110,0,0.363
263120,0,0.369
263130,0,0.369
263140,0,0.363
263150,0,0.375
263160,0,0.375
263170,0,0.381
263180,0,0.388
263190,0,0.381
263200,0,0.388
263210,0,0.388
263220,0,0.394
263230,0,0.394
263240,0,0.394
263250,0,0.394
263260,0,0.394
263270,0,0.388
263280,0,0.394
263290,0,0.400
263300,0,0.388
263310,0,0.400
263320,0,0.413
263330,0,0.406
263340,0,0.419
263350,0,0.413
263360,0,0.419
263370,0,0.413
263380,0,0.406
263390,0,0.425
263400,0,0.406
263410,0,0.419
263420,0,0.419
263430,0,0.419
263440,0,0.419
263450,0,0.419
263460,0,0.425
263470,0,0.425
263480,0,0.431
263490,0,0.425
263500,0,0.425
263510,0,0.438
263520,0,0.431
263530,0,0.431
263540,0,0.431
263550,0,0.431
263560,0,0.431
263570,0,0.438
263580,0,0.431
263590,0,0.444
263600,0,0.444
263610,0,0.438
263620,0,0.438
263630,0,0.431
263640,0,0.444
263650,0,0.438
263660,0,0.444
263670,0,0.438
263680,0,0.431
263690,0,0.438
263700,0,0.431
263710,0,0.438
263720,0,0.438
263730,0,0.438
263740,0,0.444
263750,0,0.444
263760,0,0.444
263770,0,0.450
263780,0,0.450
263790,0,0.444
263800,0,0.444
263810,0,0.444
263820,0,0.444
263830,0,0.450
263840,0,0.456
263850,0,0.444
263860,0,0.456
263870,0,0.456
263880,0,0.463
263890,0,0.456
263900,0,0.456
263910,0,0.456
263920,0,0.463
263930,0,0.456
263940,0,0.463
263950,0,0.463
263960,0,0.469
263970,0,0.469
263980,0,0.469
263990,0,0.463
264000,0,0.469
